{"type":"FeatureCollection","attribution":"(c) OpenStreetMap contributors, ODbL 1.0","generator":"tools/build_vectors.py","region":{"west":-75.8,"east":-74.7,"south":39.7,"north":40.55},"features":[{"type":"Feature","properties":{"n":"Wharton State Forest","area":60268691},"geometry":{"type":"Polygon","coordinates":[[[-74.69,39.7768],[-74.82325,39.72382],[-74.82753,39.72495],[-74.8269,39.72653],[-74.83065,39.72751],[-74.82987,39.72928],[-74.83429,39.73051],[-74.83386,39.73142],[-74.8399,39.73401],[-74.84362,39.73174],[-74.84679,39.73554],[-74.84456,39.73723],[-74.83188,39.73837],[-74.83451,39.74079],[-74.84252,39.73795],[-74.84361,39.73883],[-74.85033,39.73732],[-74.85281,39.73772],[-74.85668,39.7359],[-74.85741,39.7368],[-74.85469,39.73813],[-74.85591,39.73962],[-74.85328,39.74091],[-74.85748,39.74214],[-74.86084,39.74049],[-74.8618,39.74165],[-74.85952,39.74278],[-74.86148,39.74336],[-74.85138,39.75906],[-74.82741,39.7498],[-74.82268,39.75721],[-74.82844,39.78875],[-74.82954,39.78878],[-74.82966,39.7876],[-74.82804,39.78604],[-74.832,39.7864],[-74.83178,39.79042],[-74.83268,39.78646],[-74.83878,39.7862],[-74.84094,39.78808],[-74.8473,39.78763],[-74.84719,39.78911],[-74.85543,39.78738],[-74.85568,39.78872],[-74.84101,39.79297],[-74.82829,39.79252],[-74.82752,39.79582],[-74.82947,39.79946],[-74.83632,39.80699],[-74.83948,39.80822],[-74.84594,39.8057],[-74.84909,39.80752],[-74.84837,39.80256],[-74.84624,39.80267],[-74.84624,39.79908],[-74.85175,39.79319],[-74.85539,39.79222],[-74.85328,39.80798],[-74.84972,39.81214],[-74.85334,39.8136],[-74.84947,39.81784],[-74.84494,39.81838],[-74.84315,39.82044],[-74.83805,39.82054],[-74.83575,39.82368],[-74.81641,39.82654],[-74.81984,39.81868],[-74.80442,39.81997],[-74.80432,39.81813],[-74.802,39.81554],[-74.80428,39.81056],[-74.79974,39.81169],[-74.79914,39.81018],[-74.80996,39.80592],[-74.81572,39.80684],[-74.81673,39.80919],[-74.81897,39.80842],[-74.81276,39.80195],[-74.81088,39.80148],[-74.81223,39.79965],[-74.80463,39.79714],[-74.80393,39.79838],[-74.78809,39.80508],[-74.79296,39.81048],[-74.78905,39.81269],[-74.78599,39.80877],[-74.78767,39.8078],[-74.78319,39.80032],[-74.78547,39.79772],[-74.78005,39.79534],[-74.78197,39.79423],[-74.78688,39.79443],[-74.78725,39.79576],[-74.78907,39.79411],[-74.78864,39.79304],[-74.78189,39.79042],[-74.77332,39.7809],[-74.77153,39.78185],[-74.76996,39.7813],[-74.76951,39.78324],[-74.76519,39.7832],[-74.76255,39.78506],[-74.75537,39.7788],[-74.75672,39.77767],[-74.75391,39.77522],[-74.74928,39.7793],[-74.74119,39.76608],[-74.73368,39.76091],[-74.72817,39.75429],[-74.72685,39.75509],[-74.72417,39.75473],[-74.71973,39.7517],[-74.71337,39.75732],[-74.7229,39.76286],[-74.72709,39.75932],[-74.73359,39.76278],[-74.73245,39.76308],[-74.73348,39.76562],[-74.73149,39.76579],[-74.72932,39.76329],[-74.72452,39.76514],[-74.72117,39.76275],[-74.7197,39.76706],[-74.71576,39.76606],[-74.71399,39.77006],[-74.71174,39.7697],[-74.71071,39.7791],[-74.71197,39.78358],[-74.70794,39.78071],[-74.70957,39.77921],[-74.70838,39.77868],[-74.70505,39.78225],[-74.70369,39.78214],[-74.70318,39.78633],[-74.69997,39.78647],[-74.69917,39.78889],[-74.69962,39.79135],[-74.70556,39.79159],[-74.7022,39.79319],[-74.69991,39.79292],[-74.70031,39.7948],[-74.69863,39.79238],[-74.69521,39.79284],[-74.69,39.79636],[-74.69,39.80208],[-74.6931,39.80378],[-74.69165,39.80461],[-74.70052,39.80769],[-74.69999,39.80899],[-74.69,39.80658],[-74.69,39.7768]]]}},{"type":"Feature","properties":{"n":"Pinelands National Reserve","area":47810269},"geometry":{"type":"Polygon","coordinates":[[[-74.69,39.9668],[-74.94526,39.89595],[-74.92665,39.89413],[-74.90209,39.89527],[-74.88279,39.89492],[-74.82967,39.90276],[-74.82527,39.90534],[-74.81898,39.90609],[-74.79304,39.90112],[-74.78457,39.89725],[-74.75325,39.88894],[-74.7423,39.88797],[-74.74019,39.90359],[-74.74437,39.95204],[-74.73536,39.96985],[-74.6965,39.96823],[-74.69829,39.96682],[-74.69,39.96648],[-74.69,39.9668]]]}},{"type":"Feature","properties":{"n":"Pinelands National Reserve","area":29174188},"geometry":{"type":"Polygon","coordinates":[[[-74.94948,39.71676],[-74.95033,39.71906],[-74.94805,39.72593],[-74.9533,39.74218],[-74.9539,39.74644],[-74.95228,39.74918],[-74.9541,39.75127],[-74.95478,39.75628],[-74.94919,39.76528],[-74.948,39.77366],[-74.94556,39.77646],[-74.93653,39.77936],[-74.93423,39.77926],[-74.92895,39.77638],[-74.91731,39.77722],[-74.9158,39.78186],[-74.92278,39.78668],[-74.9188,39.79135],[-74.91995,39.79324],[-74.91799,39.79487],[-74.9196,39.7958],[-74.91655,39.79641],[-74.91586,39.7979],[-74.91227,39.7978],[-74.91237,39.79855],[-74.91085,39.79868],[-74.90784,39.79416],[-74.90397,39.79497],[-74.93075,39.88591],[-74.94094,39.89248],[-74.94417,39.89306],[-74.94526,39.89595],[-74.94948,39.71676]]]}},{"type":"Feature","properties":{"n":"French Creek State Park","area":28414442},"geometry":{"type":"Polygon","coordinates":[[[-75.79897,40.1849],[-75.80073,40.1866],[-75.79851,40.18751],[-75.80195,40.19295],[-75.81,40.18968],[-75.81,40.21584],[-75.79837,40.21886],[-75.79991,40.22233],[-75.8046,40.22097],[-75.80373,40.21871],[-75.80953,40.21965],[-75.80941,40.22504],[-75.80389,40.2253],[-75.80184,40.22667],[-75.8031,40.22749],[-75.80191,40.22864],[-75.80605,40.23106],[-75.8046,40.23455],[-75.80482,40.23252],[-75.80362,40.23218],[-75.80272,40.23322],[-75.80103,40.23263],[-75.80184,40.23171],[-75.79984,40.23115],[-75.79898,40.23192],[-75.80088,40.23246],[-75.80028,40.233],[-75.79856,40.23229],[-75.79393,40.23695],[-75.79272,40.2365],[-75.79526,40.23865],[-75.79371,40.24021],[-75.7929,40.24677],[-75.79035,40.24944],[-75.7853,40.24992],[-75.7783,40.25653],[-75.77479,40.2539],[-75.78143,40.2475],[-75.77896,40.24522],[-75.78231,40.24144],[-75.77994,40.24053],[-75.77779,40.24152],[-75.77221,40.2363],[-75.77248,40.23392],[-75.76925,40.2337],[-75.76992,40.23737],[-75.7673,40.23499],[-75.76596,40.23612],[-75.7591,40.23157],[-75.76217,40.22748],[-75.76146,40.22704],[-75.75867,40.23124],[-75.75505,40.23339],[-75.75067,40.2308],[-75.74765,40.23288],[-75.74605,40.23178],[-75.74497,40.23231],[-75.74507,40.23141],[-75.74228,40.23193],[-75.73752,40.22919],[-75.7376,40.22783],[-75.73587,40.2268],[-75.73721,40.22607],[-75.73305,40.22363],[-75.73412,40.22356],[-75.72522,40.21813],[-75.73224,40.21759],[-75.73623,40.20916],[-75.73589,40.2059],[-75.73401,40.20649],[-75.73572,40.20429],[-75.73561,40.20234],[-75.73945,40.19986],[-75.73794,40.19663],[-75.74134,40.19604],[-75.74127,40.19473],[-75.74706,40.19507],[-75.74933,40.19615],[-75.74995,40.20379],[-75.75353,40.20366],[-75.75508,40.20683],[-75.79897,40.1849]]]}},{"type":"Feature","properties":{"n":"Nockamixon State Park","area":21447752},"geometry":{"type":"Polygon","coordinates":[[[-75.20841,40.48135],[-75.20966,40.48004],[-75.20794,40.47894],[-75.20677,40.48055],[-75.20467,40.48028],[-75.19749,40.48654],[-75.20454,40.49112],[-75.20481,40.49274],[-75.20151,40.49448],[-75.20319,40.49583],[-75.20175,40.49613],[-75.2066,40.50376],[-75.20002,40.49792],[-75.1978,40.49987],[-75.1969,40.49907],[-75.19402,40.50048],[-75.18871,40.49692],[-75.19041,40.4954],[-75.18886,40.49428],[-75.19031,40.49301],[-75.18745,40.49131],[-75.18603,40.49251],[-75.18315,40.49076],[-75.18537,40.48874],[-75.18271,40.4871],[-75.18516,40.48488],[-75.17636,40.47906],[-75.17881,40.47678],[-75.17474,40.47258],[-75.17642,40.47151],[-75.17455,40.47006],[-75.18049,40.46452],[-75.18122,40.46516],[-75.18571,40.46355],[-75.18588,40.46447],[-75.18906,40.46447],[-75.18968,40.46272],[-75.19058,40.46341],[-75.19212,40.46227],[-75.19367,40.46352],[-75.19472,40.46301],[-75.19725,40.46547],[-75.20194,40.46114],[-75.20458,40.46326],[-75.20926,40.46082],[-75.21407,40.46353],[-75.21899,40.45802],[-75.22062,40.459],[-75.22253,40.45727],[-75.22104,40.45611],[-75.22289,40.45653],[-75.2342,40.4463],[-75.23297,40.44534],[-75.23449,40.44311],[-75.23324,40.44238],[-75.23726,40.43854],[-75.23928,40.4398],[-75.24042,40.43889],[-75.23935,40.43822],[-75.24644,40.43143],[-75.24678,40.42956],[-75.25042,40.42725],[-75.25266,40.42769],[-75.25354,40.42637],[-75.25559,40.42796],[-75.27057,40.41493],[-75.27275,40.41182],[-75.27189,40.41517],[-75.26372,40.42393],[-75.26566,40.42518],[-75.26432,40.42663],[-75.27208,40.43119],[-75.26824,40.43188],[-75.27012,40.43892],[-75.27508,40.43823],[-75.27591,40.43991],[-75.27819,40.43902],[-75.28009,40.44362],[-75.27929,40.44536],[-75.27835,40.4442],[-75.27561,40.44427],[-75.27638,40.44646],[-75.27026,40.44801],[-75.27205,40.4455],[-75.26921,40.44668],[-75.26497,40.44125],[-75.26642,40.44024],[-75.26459,40.43851],[-75.25923,40.4425],[-75.25723,40.44129],[-75.25379,40.44334],[-75.25391,40.44724],[-75.2508,40.45065],[-75.25272,40.45191],[-75.25065,40.45448],[-75.25223,40.45546],[-75.25098,40.45688],[-75.24858,40.45577],[-75.24796,40.45644],[-75.24795,40.4581],[-75.24943,40.45878],[-75.24852,40.46122],[-75.24579,40.46062],[-75.24065,40.465],[-75.24253,40.46713],[-75.23973,40.46588],[-75.23587,40.47051],[-75.23169,40.46786],[-75.2272,40.47228],[-75.22617,40.47504],[-75.22805,40.47898],[-75.2258,40.47952],[-75.22749,40.48157],[-75.22414,40.48242],[-75.22487,40.48411],[-75.22357,40.48432],[-75.22281,40.47662],[-75.21743,40.4761],[-75.21488,40.47644],[-75.21521,40.48024],[-75.21226,40.48065],[-75.21113,40.48309],[-75.20841,40.48135]]]}},{"type":"Feature","properties":{"n":"Batsto Natural Area","area":15894322},"geometry":{"type":"Polygon","coordinates":[[[-74.69,39.69464],[-74.69755,39.69941],[-74.7011,39.703],[-74.71047,39.70747],[-74.71494,39.70904],[-74.72127,39.70952],[-74.73124,39.71348],[-74.73275,39.71504],[-74.73968,39.7172],[-74.73818,39.7192],[-74.73544,39.71808],[-74.73376,39.72027],[-74.73648,39.72155],[-74.72815,39.73293],[-74.72711,39.73634],[-74.70065,39.74685],[-74.70537,39.75213],[-74.69469,39.7557],[-74.69269,39.76252],[-74.69,39.76482],[-74.69,39.69464]]]}},{"type":"Feature","properties":{"n":"White Clay Creek State Park","area":13569376},"geometry":{"type":"Polygon","coordinates":[[[-75.76028,39.74744],[-75.75884,39.74625],[-75.75781,39.74669],[-75.75833,39.74882],[-75.75413,39.74823],[-75.75334,39.74928],[-75.75457,39.74984],[-75.7522,39.75172],[-75.75162,39.74767],[-75.75269,39.74732],[-75.75052,39.7445],[-75.7481,39.74526],[-75.74728,39.74339],[-75.74493,39.74365],[-75.74671,39.74171],[-75.74619,39.7372],[-75.74221,39.73724],[-75.74168,39.73348],[-75.7387,39.73265],[-75.73524,39.73289],[-75.72675,39.74033],[-75.72501,39.7393],[-75.7291,39.72302],[-75.73277,39.71939],[-75.73491,39.72049],[-75.7387,39.71874],[-75.73787,39.71669],[-75.74098,39.71577],[-75.74299,39.71671],[-75.74375,39.71946],[-75.75322,39.7225],[-75.75388,39.72361],[-75.75881,39.72282],[-75.7579,39.72126],[-75.75373,39.72039],[-75.75298,39.71926],[-75.75674,39.71877],[-75.75671,39.71659],[-75.75029,39.71763],[-75.74806,39.71547],[-75.7586,39.71536],[-75.75622,39.71507],[-75.75507,39.71193],[-75.75229,39.71222],[-75.74965,39.71082],[-75.75313,39.70993],[-75.75733,39.70714],[-75.75445,39.70294],[-75.75266,39.70268],[-75.75405,39.69428],[-75.75025,39.69372],[-75.75245,39.69294],[-75.75143,39.69216],[-75.75361,39.69044],[-75.75652,39.69333],[-75.7548,39.69961],[-75.76671,39.69841],[-75.76812,39.69978],[-75.76224,39.70038],[-75.76033,39.70161],[-75.76065,39.70244],[-75.75603,39.70366],[-75.75767,39.70616],[-75.7608,39.70658],[-75.76026,39.70482],[-75.77013,39.703],[-75.77258,39.70533],[-75.77057,39.7063],[-75.77224,39.70565],[-75.77341,39.70629],[-75.77469,39.71016],[-75.7774,39.70967],[-75.78374,39.7171],[-75.78212,39.71814],[-75.78496,39.72115],[-75.78305,39.7222],[-75.76028,39.74744]]]}},{"type":"Feature","properties":{"n":"Evansburg State Park","area":13324054},"geometry":{"type":"Polygon","coordinates":[[[-75.43648,40.15867],[-75.43412,40.16104],[-75.42832,40.15844],[-75.42332,40.16472],[-75.42661,40.16629],[-75.42498,40.16843],[-75.42265,40.16733],[-75.42034,40.16968],[-75.41968,40.16874],[-75.41788,40.17069],[-75.41679,40.17012],[-75.41589,40.1724],[-75.41493,40.17207],[-75.41724,40.17333],[-75.41405,40.17651],[-75.41217,40.17663],[-75.40858,40.1801],[-75.40719,40.17941],[-75.4101,40.18114],[-75.40725,40.18384],[-75.4044,40.18217],[-75.39849,40.18813],[-75.3966,40.18863],[-75.39513,40.18773],[-75.39336,40.18944],[-75.39663,40.1909],[-75.391,40.1956],[-75.38541,40.19639],[-75.38334,40.20312],[-75.38021,40.20175],[-75.37294,40.20785],[-75.36935,40.20716],[-75.37098,40.20892],[-75.37543,40.21006],[-75.37654,40.21188],[-75.385,40.20999],[-75.38456,40.21323],[-75.37858,40.21753],[-75.37998,40.21841],[-75.37749,40.22151],[-75.37874,40.22225],[-75.36399,40.22866],[-75.36629,40.22989],[-75.36807,40.22907],[-75.36929,40.22991],[-75.3725,40.22762],[-75.37512,40.22692],[-75.37712,40.22774],[-75.37872,40.22676],[-75.37883,40.23141],[-75.37647,40.23387],[-75.37782,40.23616],[-75.38361,40.22973],[-75.38262,40.22846],[-75.38586,40.22619],[-75.38693,40.22137],[-75.395,40.22213],[-75.39561,40.22064],[-75.39364,40.21907],[-75.39268,40.22022],[-75.38929,40.21912],[-75.39437,40.21639],[-75.39225,40.21504],[-75.39424,40.2132],[-75.39144,40.21195],[-75.39473,40.2075],[-75.39639,40.20723],[-75.39634,40.20578],[-75.39919,40.20725],[-75.40364,40.20412],[-75.40179,40.20327],[-75.40286,40.20216],[-75.40404,40.20313],[-75.40878,40.19861],[-75.41001,40.19927],[-75.41117,40.19814],[-75.41394,40.19791],[-75.41476,40.19476],[-75.41907,40.19561],[-75.42253,40.19218],[-75.42231,40.19078],[-75.41906,40.18878],[-75.4196,40.18815],[-75.42071,40.18888],[-75.42292,40.18671],[-75.42151,40.18583],[-75.42341,40.18399],[-75.42627,40.18564],[-75.42786,40.18385],[-75.42803,40.18102],[-75.42573,40.18124],[-75.42662,40.17927],[-75.42739,40.1786],[-75.42846,40.17919],[-75.43034,40.17744],[-75.43161,40.1782],[-75.43484,40.17686],[-75.43613,40.17593],[-75.43302,40.17401],[-75.43504,40.17255],[-75.43716,40.17267],[-75.43716,40.1716],[-75.44015,40.17038],[-75.44383,40.1667],[-75.44505,40.16737],[-75.44668,40.16573],[-75.44438,40.16451],[-75.44695,40.16343],[-75.4459,40.16108],[-75.44294,40.15759],[-75.44034,40.15756],[-75.43979,40.15537],[-75.43648,40.15867]]]}},{"type":"Feature","properties":{"n":"Green Lane Park","area":12783358},"geometry":{"type":"Polygon","coordinates":[[[-75.48091,40.33435],[-75.47992,40.33051],[-75.47681,40.327],[-75.48124,40.32414],[-75.48509,40.32593],[-75.48735,40.32599],[-75.48905,40.32442],[-75.49092,40.32564],[-75.48795,40.32838],[-75.49159,40.32994],[-75.49456,40.32863],[-75.4961,40.33149],[-75.49598,40.33018],[-75.49741,40.33017],[-75.4968,40.32841],[-75.49823,40.33052],[-75.49834,40.32862],[-75.50428,40.32822],[-75.50471,40.32927],[-75.50711,40.32914],[-75.50734,40.32804],[-75.50952,40.32888],[-75.51025,40.3305],[-75.5079,40.33291],[-75.50501,40.33228],[-75.50347,40.3364],[-75.5058,40.33662],[-75.5049,40.33819],[-75.50338,40.33744],[-75.50166,40.33926],[-75.49948,40.33857],[-75.49981,40.33318],[-75.49577,40.33302],[-75.49248,40.33594],[-75.49768,40.3363],[-75.49801,40.33793],[-75.4915,40.33746],[-75.49069,40.33962],[-75.48904,40.33915],[-75.48745,40.34065],[-75.49214,40.34207],[-75.49304,40.34138],[-75.50048,40.34669],[-75.50591,40.34902],[-75.50385,40.3513],[-75.51119,40.35689],[-75.51232,40.35733],[-75.5142,40.35541],[-75.51879,40.35723],[-75.51779,40.35992],[-75.51253,40.36172],[-75.51245,40.3649],[-75.51106,40.36524],[-75.51225,40.36781],[-75.51541,40.36644],[-75.51521,40.36553],[-75.51951,40.36619],[-75.5186,40.36723],[-75.52128,40.37013],[-75.51966,40.37234],[-75.52294,40.37485],[-75.52037,40.37761],[-75.52334,40.37922],[-75.52238,40.38409],[-75.52398,40.38431],[-75.52299,40.38675],[-75.5172,40.38589],[-75.51657,40.38676],[-75.51618,40.39038],[-75.51774,40.39092],[-75.51797,40.39375],[-75.51142,40.39394],[-75.51035,40.39276],[-75.51022,40.38589],[-75.50729,40.38447],[-75.50424,40.3864],[-75.50437,40.39066],[-75.50309,40.38955],[-75.50326,40.38508],[-75.50174,40.38429],[-75.49857,40.38734],[-75.49344,40.38431],[-75.49716,40.38227],[-75.4948,40.38118],[-75.49811,40.37892],[-75.49713,40.37806],[-75.4936,40.3783],[-75.49494,40.37751],[-75.49349,40.3766],[-75.4908,40.37874],[-75.48794,40.37483],[-75.49012,40.37391],[-75.49048,40.37219],[-75.4925,40.37179],[-75.49079,40.37162],[-75.49132,40.37108],[-75.49577,40.36982],[-75.49636,40.37079],[-75.49789,40.36919],[-75.49892,40.37185],[-75.50116,40.37191],[-75.50681,40.3686],[-75.50286,40.36744],[-75.50476,40.3671],[-75.50227,40.36469],[-75.50503,40.36178],[-75.50418,40.36065],[-75.50956,40.36046],[-75.50392,40.35975],[-75.50151,40.36162],[-75.49498,40.36082],[-75.4959,40.35992],[-75.49453,40.35813],[-75.49679,40.35597],[-75.49402,40.35414],[-75.49172,40.35621],[-75.49358,40.35699],[-75.49298,40.35757],[-75.48808,40.35765],[-75.48669,40.35904],[-75.48405,40.35748],[-75.48217,40.35792],[-75.48263,40.35375],[-75.48122,40.35158],[-75.48555,40.35109],[-75.48346,40.34959],[-75.48431,40.34862],[-75.48051,40.34779],[-75.48298,40.34767],[-75.48301,40.34652],[-75.48208,40.34495],[-75.47826,40.34427],[-75.47949,40.34302],[-75.47782,40.34055],[-75.47313,40.34081],[-75.4742,40.33935],[-75.4724,40.34053],[-75.47354,40.33963],[-75.47311,40.33659],[-75.48069,40.33466],[-75.48091,40.33435]]]}},{"type":"Feature","properties":{"n":"Wharton State Forest","area":12718359},"geometry":{"type":"Polygon","coordinates":[[[-74.75803,39.69],[-74.77959,39.69],[-74.77883,39.69316],[-74.78536,39.69],[-74.79108,39.69],[-74.79241,39.69085],[-74.79333,39.69],[-74.82129,39.69],[-74.82108,39.69146],[-74.82326,39.69217],[-74.82481,39.69089],[-74.82428,39.69252],[-74.82503,39.69096],[-74.82664,39.69145],[-74.82585,39.69307],[-74.82855,39.69397],[-74.8294,39.69228],[-74.83227,39.69193],[-74.83216,39.69505],[-74.8426,39.69614],[-74.8438,39.6983],[-74.84489,39.69813],[-74.84451,39.69929],[-74.84274,39.69961],[-74.84441,39.70713],[-74.84175,39.708],[-74.84289,39.71284],[-74.83726,39.71354],[-74.83794,39.71644],[-74.83007,39.71446],[-74.83085,39.71254],[-74.8333,39.71242],[-74.83314,39.71072],[-74.83078,39.71083],[-74.83051,39.70821],[-74.83626,39.70881],[-74.83512,39.70444],[-74.81428,39.70069],[-74.81576,39.70613],[-74.81958,39.70746],[-74.82346,39.70728],[-74.82353,39.7081],[-74.81986,39.70829],[-74.8202,39.71301],[-74.82462,39.71279],[-74.82723,39.71722],[-74.82325,39.72382],[-74.75803,39.69]]]}},{"type":"Feature","properties":{"n":"Delaware and Raritan Canal State Park","area":11997488},"geometry":{"type":"Polygon","coordinates":[[[-75.06297,40.51444],[-75.06025,40.4796],[-75.06252,40.46861],[-75.06839,40.45669],[-75.06094,40.43138],[-75.06029,40.42394],[-75.05621,40.4189],[-75.04454,40.41593],[-75.03393,40.41089],[-75.03472,40.41054],[-75.06297,40.51444]]]}},{"type":"Feature","properties":{"n":"Sourland Mountain Preserve","area":10477585},"geometry":{"type":"Polygon","coordinates":[[[-74.73399,40.44382],[-74.71748,40.44532],[-74.71534,40.44401],[-74.71639,40.44194],[-74.71104,40.44606],[-74.70977,40.44507],[-74.70331,40.44567],[-74.70353,40.44696],[-74.70922,40.44562],[-74.71037,40.44629],[-74.70967,40.44764],[-74.7126,40.44736],[-74.7133,40.446],[-74.71548,40.44737],[-74.71866,40.44749],[-74.71997,40.4469],[-74.7197,40.44543],[-74.72745,40.44459],[-74.72457,40.45375],[-74.72709,40.45984],[-74.71646,40.46221],[-74.707,40.45822],[-74.70961,40.45316],[-74.70173,40.45097],[-74.70001,40.452],[-74.69,40.45132],[-74.69,40.46589],[-74.69086,40.46582],[-74.69151,40.46964],[-74.6929,40.46923],[-74.69415,40.47164],[-74.69195,40.47319],[-74.69304,40.4758],[-74.69783,40.47576],[-74.69705,40.47795],[-74.6936,40.47726],[-74.69377,40.4797],[-74.69692,40.47957],[-74.69642,40.48384],[-74.69363,40.48322],[-74.69632,40.4842],[-74.69609,40.48543],[-74.69315,40.48445],[-74.69423,40.48546],[-74.69316,40.48993],[-74.69473,40.49072],[-74.69318,40.49282],[-74.69766,40.49296],[-74.70023,40.49115],[-74.7001,40.49182],[-74.70098,40.49122],[-74.70324,40.4924],[-74.70366,40.4939],[-74.70537,40.49349],[-74.70255,40.49513],[-74.70029,40.49513],[-74.6998,40.4963],[-74.70046,40.49815],[-74.70455,40.49693],[-74.70487,40.49973],[-74.71133,40.49912],[-74.71216,40.50003],[-74.71031,40.49692],[-74.71255,40.49623],[-74.71435,40.49846],[-74.71786,40.49878],[-74.71675,40.49691],[-74.71955,40.49605],[-74.71699,40.49492],[-74.7188,40.49428],[-74.71511,40.49558],[-74.71167,40.48907],[-74.71544,40.48824],[-74.7131,40.48588],[-74.71471,40.48445],[-74.7138,40.48474],[-74.71295,40.48315],[-74.71113,40.48382],[-74.71062,40.48074],[-74.71165,40.4804],[-74.70999,40.47721],[-74.71399,40.47609],[-74.71522,40.47661],[-74.71309,40.4716],[-74.71586,40.47093],[-74.71583,40.47009],[-74.71238,40.47013],[-74.71568,40.46936],[-74.7153,40.468],[-74.71651,40.46766],[-74.71835,40.47138],[-74.71998,40.47073],[-74.72066,40.47169],[-74.72418,40.46998],[-74.72534,40.47142],[-74.72511,40.46953],[-74.72696,40.47085],[-74.72833,40.47032],[-74.72752,40.46875],[-74.72996,40.46796],[-74.73065,40.46942],[-74.73156,40.46912],[-74.73038,40.4677],[-74.73176,40.46687],[-74.72503,40.45379],[-74.73177,40.45039],[-74.73073,40.44618],[-74.73191,40.44539],[-74.7323,40.44612],[-74.73362,40.44441],[-74.73399,40.44382]]]}},{"type":"Feature","properties":{"n":"Ridley Creek State Park","area":10467026},"geometry":{"type":"Polygon","coordinates":[[[-75.4281,39.95648],[-75.43164,39.95841],[-75.43423,39.96253],[-75.44142,39.9673],[-75.44665,39.97254],[-75.45106,39.96983],[-75.45325,39.97302],[-75.45517,39.97269],[-75.45544,39.9737],[-75.46154,39.97263],[-75.45831,39.96829],[-75.45946,39.96786],[-75.45821,39.96615],[-75.45701,39.96662],[-75.45478,39.96375],[-75.46485,39.96356],[-75.46866,39.95994],[-75.4715,39.95922],[-75.47081,39.95203],[-75.46563,39.95514],[-75.45757,39.94918],[-75.46132,39.94689],[-75.45849,39.94175],[-75.46099,39.94043],[-75.45227,39.93417],[-75.45103,39.93372],[-75.43981,39.93871],[-75.43786,39.93554],[-75.43557,39.93625],[-75.43226,39.94226],[-75.42633,39.94488],[-75.42065,39.94266],[-75.41975,39.93981],[-75.42132,39.93754],[-75.41671,39.93478],[-75.4183,39.93336],[-75.41675,39.93245],[-75.41468,39.93559],[-75.4176,39.9387],[-75.41667,39.93944],[-75.41773,39.94083],[-75.41726,39.94587],[-75.42334,39.94891],[-75.42841,39.94915],[-75.42914,39.95102],[-75.43145,39.95158],[-75.4281,39.95648]]]}},{"type":"Feature","properties":{"n":"State Game Lands Number 157","area":8383270},"geometry":{"type":"Polygon","coordinates":[[[-75.23818,40.51243],[-75.2367,40.51299],[-75.23426,40.5116],[-75.23291,40.51282],[-75.23194,40.51215],[-75.23337,40.51081],[-75.23132,40.50958],[-75.22883,40.5127],[-75.22804,40.51216],[-75.22971,40.51073],[-75.22745,40.50927],[-75.22582,40.51067],[-75.22461,40.50984],[-75.22336,40.5109],[-75.22585,40.5082],[-75.22433,40.50712],[-75.22035,40.51047],[-75.22121,40.50712],[-75.21811,40.50919],[-75.22322,40.50449],[-75.22218,40.50378],[-75.21982,40.50509],[-75.22109,40.50311],[-75.21641,40.50742],[-75.21511,40.50604],[-75.21741,40.50384],[-75.21503,40.50233],[-75.21612,40.50166],[-75.21426,40.50047],[-75.21289,40.5017],[-75.21187,40.50084],[-75.21028,40.5014],[-75.20854,40.49955],[-75.20938,40.49827],[-75.20657,40.49569],[-75.2089,40.49407],[-75.20635,40.49232],[-75.20686,40.49172],[-75.21017,40.49359],[-75.21,40.49462],[-75.21183,40.49287],[-75.20742,40.49119],[-75.20851,40.49029],[-75.2112,40.49118],[-75.21222,40.48904],[-75.21011,40.48856],[-75.21091,40.48631],[-75.20685,40.4838],[-75.20841,40.48135],[-75.21113,40.48309],[-75.21226,40.48065],[-75.22347,40.48068],[-75.22402,40.48567],[-75.22161,40.48674],[-75.22085,40.48502],[-75.21844,40.48765],[-75.2194,40.48898],[-75.22468,40.48634],[-75.22414,40.48242],[-75.22899,40.48113],[-75.2282,40.48253],[-75.23132,40.48594],[-75.23281,40.48574],[-75.23153,40.48468],[-75.23241,40.48414],[-75.23425,40.48526],[-75.23659,40.48384],[-75.23856,40.48624],[-75.24022,40.48536],[-75.24175,40.48822],[-75.24597,40.48808],[-75.24526,40.49264],[-75.24394,40.49396],[-75.24946,40.49475],[-75.24913,40.49212],[-75.25088,40.49236],[-75.25012,40.48992],[-75.25239,40.48936],[-75.2522,40.48687],[-75.25425,40.48844],[-75.25308,40.48645],[-75.25395,40.48596],[-75.25554,40.48724],[-75.25387,40.49284],[-75.25221,40.4926],[-75.25315,40.49819],[-75.24218,40.49691],[-75.24293,40.50096],[-75.24489,40.50215],[-75.24092,40.50578],[-75.2378,40.50627],[-75.24155,40.50981],[-75.23606,40.50801],[-75.2397,40.51011],[-75.23692,40.51051],[-75.2408,40.51271],[-75.23722,40.51328],[-75.23818,40.51243]]]}},{"type":"Feature","properties":{"n":"Twin Bridges Rural Historic District","area":8248741},"geometry":{"type":"Polygon","coordinates":[[[-75.60258,39.85647],[-75.60186,39.85554],[-75.60203,39.85737],[-75.60036,39.85949],[-75.59871,39.85942],[-75.59779,39.85781],[-75.5926,39.85987],[-75.58696,39.86018],[-75.58533,39.86114],[-75.58201,39.85673],[-75.58052,39.85773],[-75.57806,39.85468],[-75.57962,39.85379],[-75.57698,39.85058],[-75.57883,39.85055],[-75.57744,39.84921],[-75.58292,39.84465],[-75.58578,39.84662],[-75.58667,39.84431],[-75.58923,39.84305],[-75.5935,39.83768],[-75.6049,39.83635],[-75.60613,39.8374],[-75.61221,39.83505],[-75.61451,39.83599],[-75.61471,39.83722],[-75.61812,39.83573],[-75.61842,39.83955],[-75.61512,39.83981],[-75.61579,39.84403],[-75.62539,39.84349],[-75.62544,39.84611],[-75.62822,39.84684],[-75.62696,39.84815],[-75.62744,39.85083],[-75.62913,39.85066],[-75.62966,39.85628],[-75.62253,39.85793],[-75.62105,39.85717],[-75.62132,39.85608],[-75.61652,39.85595],[-75.61477,39.8575],[-75.60964,39.85824],[-75.60298,39.85694],[-75.60258,39.85647]]]}},{"type":"Feature","properties":{"n":"Valley Forge National Historical Park","area":7193283},"geometry":{"type":"Polygon","coordinates":[[[-75.46274,40.09227],[-75.46043,40.08858],[-75.46993,40.08614],[-75.46457,40.07921],[-75.4516,40.08094],[-75.44583,40.08281],[-75.44584,40.08359],[-75.44508,40.08256],[-75.42996,40.08647],[-75.4335,40.09124],[-75.41864,40.09715],[-75.41989,40.09975],[-75.41832,40.09882],[-75.4188,40.10016],[-75.41601,40.10226],[-75.42011,40.10344],[-75.42171,40.11208],[-75.46274,40.09227]]]}},{"type":"Feature","properties":{"n":"Marsh Creek State Park","area":7024913},"geometry":{"type":"Polygon","coordinates":[[[-75.72374,40.07707],[-75.71978,40.07946],[-75.71345,40.07403],[-75.70964,40.07686],[-75.70817,40.07617],[-75.70978,40.07252],[-75.71046,40.07315],[-75.71244,40.07106],[-75.72007,40.06775],[-75.71714,40.06942],[-75.71286,40.06481],[-75.70917,40.06743],[-75.70474,40.06594],[-75.7101,40.06391],[-75.7107,40.06263],[-75.7071,40.05782],[-75.71586,40.04858],[-75.71868,40.04915],[-75.72078,40.0511],[-75.71956,40.05316],[-75.72728,40.05475],[-75.72832,40.05708],[-75.73307,40.05867],[-75.73327,40.06104],[-75.725,40.06106],[-75.73362,40.06112],[-75.7349,40.06287],[-75.72941,40.06501],[-75.73502,40.06298],[-75.73637,40.06514],[-75.74147,40.06482],[-75.74206,40.0658],[-75.74221,40.06477],[-75.7432,40.06571],[-75.74215,40.06433],[-75.74805,40.07388],[-75.74329,40.06777],[-75.74755,40.07424],[-75.74513,40.07608],[-75.74854,40.07961],[-75.74786,40.08141],[-75.74397,40.08302],[-75.7406,40.07622],[-75.73009,40.06888],[-75.73741,40.07412],[-75.73108,40.08014],[-75.73171,40.08135],[-75.72751,40.08311],[-75.72816,40.08485],[-75.72266,40.08344],[-75.72741,40.07869],[-75.72384,40.07709],[-75.72374,40.07707]]]}},{"type":"Feature","properties":{"n":"Tyler State Park","area":6768097},"geometry":{"type":"Polygon","coordinates":[[[-74.96227,40.22098],[-74.96086,40.22019],[-74.96512,40.21997],[-74.96976,40.22455],[-74.97447,40.22169],[-74.97289,40.21958],[-74.97806,40.21937],[-74.97865,40.22131],[-74.98041,40.22127],[-74.98064,40.21924],[-74.9894,40.21884],[-74.99138,40.22465],[-74.98909,40.22553],[-74.99353,40.22978],[-74.99234,40.23033],[-74.99355,40.23193],[-74.9896,40.23387],[-74.99154,40.2366],[-74.98754,40.23548],[-74.98633,40.23604],[-74.98715,40.23737],[-74.9856,40.23801],[-74.98657,40.23984],[-74.99001,40.24141],[-74.98801,40.24228],[-74.98637,40.24487],[-74.98722,40.24735],[-74.97967,40.24718],[-74.97864,40.24908],[-74.97665,40.24889],[-74.96878,40.24412],[-74.97208,40.2409],[-74.97005,40.24073],[-74.96988,40.23904],[-74.97117,40.23588],[-74.974,40.23338],[-74.96605,40.23326],[-74.96629,40.23463],[-74.95742,40.23716],[-74.95787,40.2331],[-74.95186,40.23364],[-74.95033,40.2325],[-74.95009,40.22966],[-74.95398,40.22954],[-74.95421,40.22783],[-74.95254,40.22788],[-74.95116,40.22593],[-74.96347,40.22426],[-74.96527,40.22175],[-74.9628,40.22102],[-74.96227,40.22098]]]}},{"type":"Feature","properties":{"n":"Worth-Jefferis Rural Historic District","area":6602077},"geometry":{"type":"Polygon","coordinates":[[[-75.63509,39.93926],[-75.64202,39.94868],[-75.64799,39.95405],[-75.65477,39.95342],[-75.6553,39.95421],[-75.67367,39.94554],[-75.67271,39.94438],[-75.67439,39.94295],[-75.67648,39.94277],[-75.67678,39.94363],[-75.68068,39.94182],[-75.68175,39.93833],[-75.67716,39.93944],[-75.67649,39.93452],[-75.67512,39.93345],[-75.66786,39.93443],[-75.6652,39.93239],[-75.66304,39.92856],[-75.65827,39.9309],[-75.65493,39.92792],[-75.65454,39.93122],[-75.65197,39.93411],[-75.64937,39.93502],[-75.64752,39.93278],[-75.64609,39.93276],[-75.64482,39.93421],[-75.64335,39.93366],[-75.63612,39.93499],[-75.63502,39.93913],[-75.63509,39.93926]]]}},{"type":"Feature","properties":{"n":"Lower Delaware National Wild and Scenic River","area":6163371},"geometry":{"type":"Polygon","coordinates":[[[-75.14661,40.48087],[-75.14767,40.4781],[-75.14426,40.47616],[-75.1424,40.47267],[-75.13764,40.47169],[-75.13437,40.46862],[-75.13073,40.46756],[-75.12825,40.46352],[-75.12445,40.46577],[-75.12133,40.47005],[-75.11797,40.46696],[-75.11371,40.46855],[-75.11018,40.46779],[-75.10929,40.46835],[-75.10992,40.47208],[-75.10478,40.47131],[-75.10195,40.47672],[-75.09739,40.47577],[-75.09663,40.47819],[-75.09256,40.47862],[-75.09201,40.48125],[-75.08787,40.48097],[-75.08517,40.4853],[-75.08177,40.48448],[-75.07882,40.48718],[-75.07446,40.48592],[-75.06827,40.48621],[-75.14661,40.48087]]]}},{"type":"Feature","properties":{"n":"Peace Valley Park","area":6018625},"geometry":{"type":"Polygon","coordinates":[[[-75.16143,40.34927],[-75.15978,40.35119],[-75.15838,40.35031],[-75.15912,40.34805],[-75.15791,40.34721],[-75.16138,40.34755],[-75.15872,40.34594],[-75.16373,40.34119],[-75.16229,40.34028],[-75.16564,40.33693],[-75.1644,40.33622],[-75.17016,40.33055],[-75.17525,40.32684],[-75.17732,40.32724],[-75.17875,40.32633],[-75.18288,40.32738],[-75.19545,40.31554],[-75.20202,40.31382],[-75.20549,40.3103],[-75.20804,40.31389],[-75.21446,40.31834],[-75.21444,40.31976],[-75.21117,40.32178],[-75.20997,40.32108],[-75.20162,40.32874],[-75.19946,40.32874],[-75.19511,40.33332],[-75.18841,40.3307],[-75.17809,40.34054],[-75.17666,40.33973],[-75.17412,40.34208],[-75.17555,40.34298],[-75.17237,40.34585],[-75.16865,40.34427],[-75.16591,40.34689],[-75.16509,40.34639],[-75.16257,40.34961],[-75.16143,40.34927]]]}},{"type":"Feature","properties":{"n":"Rancocas State Park","area":5962751},"geometry":{"type":"Polygon","coordinates":[[[-74.86187,39.99354],[-74.86374,39.99433],[-74.86422,39.99622],[-74.86307,39.99711],[-74.84103,40.00762],[-74.83936,40.00732],[-74.8391,40.0057],[-74.83645,40.00571],[-74.83544,40.00806],[-74.83302,40.00754],[-74.82612,40.00586],[-74.82644,40.00513],[-74.82559,40.00568],[-74.81689,40.00351],[-74.81735,40.00222],[-74.8159,40.00194],[-74.8228,39.99464],[-74.82505,39.99471],[-74.82741,39.99735],[-74.83152,39.99509],[-74.83352,39.99789],[-74.83527,39.99413],[-74.83356,39.99482],[-74.83415,39.99232],[-74.83108,39.99156],[-74.83137,39.99079],[-74.83278,39.99112],[-74.83382,39.98962],[-74.83754,39.99068],[-74.83774,39.9899],[-74.83396,39.98923],[-74.83225,39.9879],[-74.83355,39.98636],[-74.83158,39.98589],[-74.83185,39.98296],[-74.83441,39.98264],[-74.83596,39.9842],[-74.83732,39.98306],[-74.839,39.98598],[-74.844,39.98576],[-74.84691,39.989],[-74.85221,39.98648],[-74.85215,39.98299],[-74.85451,39.98193],[-74.85601,39.98508],[-74.85724,39.98514],[-74.85809,39.99223],[-74.85716,39.99469],[-74.85912,39.99334],[-74.8613,39.99437],[-74.86187,39.99354]]]}},{"type":"Feature","properties":{"n":"Rancocas State Park","area":5962751},"geometry":{"type":"Polygon","coordinates":[[[-74.86187,39.99354],[-74.86374,39.99433],[-74.86422,39.99622],[-74.86307,39.99711],[-74.84103,40.00762],[-74.83936,40.00732],[-74.8391,40.0057],[-74.83645,40.00571],[-74.83544,40.00806],[-74.83302,40.00754],[-74.82612,40.00586],[-74.82644,40.00513],[-74.82559,40.00568],[-74.81689,40.00351],[-74.81735,40.00222],[-74.8159,40.00194],[-74.8228,39.99464],[-74.82505,39.99471],[-74.82741,39.99735],[-74.83152,39.99509],[-74.83352,39.99789],[-74.83527,39.99413],[-74.83356,39.99482],[-74.83415,39.99232],[-74.83108,39.99156],[-74.83137,39.99079],[-74.83278,39.99112],[-74.83382,39.98962],[-74.83754,39.99068],[-74.83774,39.9899],[-74.83396,39.98923],[-74.83225,39.9879],[-74.83355,39.98636],[-74.83158,39.98589],[-74.83185,39.98296],[-74.83441,39.98264],[-74.83596,39.9842],[-74.83732,39.98306],[-74.839,39.98598],[-74.844,39.98576],[-74.84691,39.989],[-74.85221,39.98648],[-74.85215,39.98299],[-74.85451,39.98193],[-74.85601,39.98508],[-74.85724,39.98514],[-74.85809,39.99223],[-74.85716,39.99469],[-74.85912,39.99334],[-74.8613,39.99437],[-74.86187,39.99354]]]}},{"type":"Feature","properties":{"n":"Lower Delaware National Wild and Scenic River","area":5886526},"geometry":{"type":"Polygon","coordinates":[[[-75.06797,40.48494],[-75.07843,40.48706],[-75.08178,40.48436],[-75.08521,40.48511],[-75.08769,40.48091],[-75.09161,40.48133],[-75.09233,40.47862],[-75.09573,40.47784],[-75.09763,40.47542],[-75.10167,40.47678],[-75.10496,40.47097],[-75.10993,40.47192],[-75.10973,40.46741],[-75.11359,40.46844],[-75.11828,40.46684],[-75.12155,40.46992],[-75.12458,40.46543],[-75.12836,40.46339],[-75.13094,40.46749],[-75.13459,40.46865],[-75.13764,40.47163],[-75.14288,40.47274],[-75.14439,40.47593],[-75.14773,40.47808],[-75.14671,40.4809],[-75.06797,40.48494]]]}},{"type":"Feature","properties":{"n":"Ted Stiles Preserve at Baldpate Mountain","area":5435489},"geometry":{"type":"Polygon","coordinates":[[[-74.86009,40.33218],[-74.86294,40.32821],[-74.86465,40.32113],[-74.8666,40.3217],[-74.86612,40.3193],[-74.86724,40.31932],[-74.86902,40.32344],[-74.87119,40.32167],[-74.87168,40.32298],[-74.87353,40.32315],[-74.87382,40.32092],[-74.87818,40.31972],[-74.88102,40.3223],[-74.88359,40.31976],[-74.88921,40.32286],[-74.89159,40.32203],[-74.88754,40.31992],[-74.88559,40.31721],[-74.89438,40.31814],[-74.89506,40.31622],[-74.89648,40.3167],[-74.89517,40.32033],[-74.8969,40.32084],[-74.89897,40.31888],[-74.90325,40.32033],[-74.90483,40.3186],[-74.90143,40.31721],[-74.9033,40.31719],[-74.90582,40.31786],[-74.90499,40.31984],[-74.90897,40.32132],[-74.90542,40.3242],[-74.91034,40.33093],[-74.90695,40.33241],[-74.9038,40.32748],[-74.89868,40.32918],[-74.90007,40.33046],[-74.89678,40.33188],[-74.89975,40.3346],[-74.89762,40.33597],[-74.89189,40.33668],[-74.89099,40.33441],[-74.88576,40.33453],[-74.88567,40.33326],[-74.87891,40.33495],[-74.87717,40.33649],[-74.8756,40.33152],[-74.87092,40.33075],[-74.8712,40.33269],[-74.86807,40.33221],[-74.86727,40.33041],[-74.86608,40.33235],[-74.86146,40.332],[-74.86009,40.33218]]]}},{"type":"Feature","properties":{"n":"Pennypack Park","area":5433774},"geometry":{"type":"Polygon","coordinates":[[[-75.04372,40.07738],[-75.04001,40.07261],[-75.04169,40.07057],[-75.04038,40.06869],[-75.04133,40.06655],[-75.03979,40.06836],[-75.03453,40.06534],[-75.03383,40.06391],[-75.03396,40.05775],[-75.03587,40.05765],[-75.03447,40.05705],[-75.03639,40.05414],[-75.03589,40.05138],[-75.03861,40.05222],[-75.0334,40.04939],[-75.03594,40.05096],[-75.03258,40.0526],[-75.02634,40.04981],[-75.02654,40.05065],[-75.02294,40.05245],[-75.02499,40.05334],[-75.02356,40.05533],[-75.01749,40.0515],[-75.01725,40.04895],[-75.01958,40.04665],[-75.01842,40.04424],[-75.02025,40.04359],[-75.01982,40.03816],[-75.02146,40.03729],[-75.02161,40.03416],[-75.01791,40.03351],[-75.02102,40.03176],[-75.02352,40.03389],[-75.02354,40.03606],[-75.022,40.03686],[-75.02354,40.03622],[-75.02351,40.0389],[-75.02204,40.0396],[-75.02167,40.04403],[-75.02011,40.04594],[-75.0216,40.04875],[-75.02351,40.0493],[-75.03138,40.04805],[-75.03208,40.0488],[-75.03172,40.04573],[-75.03459,40.04436],[-75.0395,40.04594],[-75.0412,40.04775],[-75.04517,40.04665],[-75.04504,40.04882],[-75.04186,40.05016],[-75.04073,40.05252],[-75.03946,40.05282],[-75.0384,40.05836],[-75.03689,40.05819],[-75.03838,40.05866],[-75.03837,40.06168],[-75.04122,40.0653],[-75.04459,40.06497],[-75.04819,40.0669],[-75.04933,40.06572],[-75.05104,40.06663],[-75.05085,40.06817],[-75.0477,40.0674],[-75.04736,40.07084],[-75.04502,40.0703],[-75.04417,40.0725],[-75.04587,40.07492],[-75.04471,40.07633],[-75.0461,40.07523],[-75.04936,40.07667],[-75.05587,40.07337],[-75.05519,40.07588],[-75.05606,40.07319],[-75.05856,40.0714],[-75.06011,40.07171],[-75.05782,40.07417],[-75.05834,40.07487],[-75.06558,40.07029],[-75.06917,40.07156],[-75.06942,40.07291],[-75.06639,40.07742],[-75.06833,40.08019],[-75.06027,40.08578],[-75.06253,40.08442],[-75.06743,40.08485],[-75.07419,40.08722],[-75.06617,40.0923],[-75.06389,40.09054],[-75.05778,40.08995],[-75.05981,40.0863],[-75.05693,40.08946],[-75.05498,40.08101],[-75.05258,40.07966],[-75.05468,40.07643],[-75.05158,40.08055],[-75.05084,40.08011],[-75.04752,40.08249],[-75.04442,40.07884],[-75.04427,40.07686],[-75.04377,40.07739],[-75.04372,40.07738]]]}},{"type":"Feature","properties":{"n":"White Clay Creek Preserve","area":5077766},"geometry":{"type":"Polygon","coordinates":[[[-75.75447,39.75563],[-75.75717,39.76306],[-75.76038,39.76188],[-75.76569,39.76378],[-75.75948,39.7682],[-75.76057,39.76961],[-75.76218,39.76794],[-75.76575,39.77173],[-75.7679,39.77166],[-75.76914,39.77392],[-75.76976,39.7688],[-75.7669,39.76885],[-75.76653,39.76769],[-75.77724,39.7569],[-75.78349,39.75719],[-75.78201,39.76174],[-75.78626,39.7653],[-75.78461,39.76238],[-75.78615,39.7622],[-75.78548,39.75801],[-75.78733,39.75618],[-75.78307,39.75486],[-75.78376,39.75097],[-75.78202,39.75204],[-75.77805,39.75067],[-75.77631,39.74755],[-75.77706,39.74645],[-75.78047,39.74576],[-75.78052,39.7435],[-75.78265,39.74282],[-75.78268,39.74182],[-75.77723,39.74253],[-75.77752,39.74457],[-75.77378,39.74479],[-75.77225,39.74301],[-75.77615,39.73827],[-75.77408,39.73951],[-75.7709,39.7374],[-75.76695,39.73643],[-75.75447,39.75563]]]}},{"type":"Feature","properties":{"n":"ChesLen Preserve","area":5046832},"geometry":{"type":"Polygon","coordinates":[[[-75.71963,39.93945],[-75.72325,39.93968],[-75.72289,39.93805],[-75.72379,39.93793],[-75.72417,39.93955],[-75.72665,39.93909],[-75.72906,39.93706],[-75.73614,39.93461],[-75.73588,39.93213],[-75.7337,39.93246],[-75.73025,39.9309],[-75.72922,39.9274],[-75.73087,39.92561],[-75.73031,39.9206],[-75.73493,39.91978],[-75.73472,39.91395],[-75.73303,39.91381],[-75.73304,39.9114],[-75.73613,39.91121],[-75.73353,39.90384],[-75.72508,39.90289],[-75.72243,39.9098],[-75.72763,39.90914],[-75.72789,39.9119],[-75.7265,39.91615],[-75.72353,39.91811],[-75.71824,39.91036],[-75.7104,39.91339],[-75.71235,39.91959],[-75.71486,39.92005],[-75.71262,39.92076],[-75.71437,39.92147],[-75.7151,39.92353],[-75.71361,39.92592],[-75.7164,39.92951],[-75.71418,39.93095],[-75.71897,39.93656],[-75.71963,39.93945]]]}},{"type":"Feature","properties":{"n":"Musser Scout Reservation","area":4849625},"geometry":{"type":"Polygon","coordinates":[[[-75.4467,40.34237],[-75.44878,40.3433],[-75.4503,40.34162],[-75.45462,40.34408],[-75.44832,40.34974],[-75.44845,40.35173],[-75.44719,40.35151],[-75.44307,40.35807],[-75.43909,40.35742],[-75.43596,40.36071],[-75.43383,40.35942],[-75.43126,40.36234],[-75.43519,40.36485],[-75.43252,40.3683],[-75.4361,40.36928],[-75.43686,40.37166],[-75.43605,40.37133],[-75.433,40.37392],[-75.43116,40.37188],[-75.42481,40.36962],[-75.42482,40.36803],[-75.41381,40.36475],[-75.41176,40.36228],[-75.41493,40.35855],[-75.41959,40.35848],[-75.42079,40.35746],[-75.42585,40.36134],[-75.42949,40.35893],[-75.43096,40.35588],[-75.42847,40.35274],[-75.42989,40.35109],[-75.42889,40.34929],[-75.43567,40.3436],[-75.43299,40.34328],[-75.43349,40.34211],[-75.43526,40.34134],[-75.44065,40.34267],[-75.44869,40.33658],[-75.45025,40.33769],[-75.44565,40.34163],[-75.4467,40.34237]]]}},{"type":"Feature","properties":{"n":"First State National Historical Park","area":4630913},"geometry":{"type":"Polygon","coordinates":[[[-75.55793,39.84739],[-75.55215,39.83934],[-75.5573,39.83307],[-75.55852,39.83361],[-75.5566,39.83265],[-75.55742,39.83164],[-75.55646,39.83134],[-75.55817,39.82749],[-75.55518,39.82675],[-75.55853,39.82666],[-75.55791,39.82583],[-75.56037,39.82543],[-75.55837,39.82253],[-75.55611,39.82348],[-75.5545,39.82209],[-75.55914,39.81768],[-75.55448,39.81642],[-75.5538,39.81825],[-75.5497,39.81703],[-75.54892,39.81763],[-75.54972,39.8153],[-75.55342,39.81504],[-75.5571,39.81266],[-75.55665,39.80975],[-75.55828,39.80986],[-75.55752,39.81358],[-75.56409,39.81982],[-75.56291,39.82073],[-75.56504,39.82244],[-75.56845,39.82069],[-75.57098,39.82384],[-75.57212,39.823],[-75.57166,39.82135],[-75.57383,39.82078],[-75.57514,39.82181],[-75.57567,39.82393],[-75.57291,39.8304],[-75.57754,39.83519],[-75.57636,39.83546],[-75.57513,39.83412],[-75.57326,39.83834],[-75.56898,39.84201],[-75.57052,39.84374],[-75.56304,39.84789],[-75.56193,39.84643],[-75.55834,39.84792],[-75.55793,39.84739]]]}},{"type":"Feature","properties":{"n":"Lower Delaware National Wild and Scenic River","area":4131700},"geometry":{"type":"Polygon","coordinates":[[[-74.94399,40.35381],[-74.944,40.34666],[-74.93903,40.33836],[-74.93075,40.33273],[-74.92605,40.33106],[-74.91209,40.31968],[-74.9061,40.31719],[-74.89784,40.3164],[-74.89143,40.3139],[-74.94399,40.35381]]]}},{"type":"Feature","properties":{"n":"Delaware and Raritan Canal State Park","area":4131700},"geometry":{"type":"Polygon","coordinates":[[[-74.94399,40.35381],[-74.944,40.34666],[-74.93903,40.33836],[-74.93075,40.33273],[-74.92605,40.33106],[-74.91209,40.31968],[-74.9061,40.31719],[-74.89784,40.3164],[-74.89143,40.3139],[-74.94399,40.35381]]]}},{"type":"Feature","properties":{"n":"West Fairmount Park","area":4129557},"geometry":{"type":"Polygon","coordinates":[[[-75.22421,39.98155],[-75.20375,39.97429],[-75.19931,39.97478],[-75.19957,39.97595],[-75.19895,39.97486],[-75.1992,39.97614],[-75.19864,39.97489],[-75.19868,39.97603],[-75.19808,39.97495],[-75.19478,39.97528],[-75.19817,39.97709],[-75.19575,39.97656],[-75.19192,39.96938],[-75.18406,39.96425],[-75.19139,39.9693],[-75.19462,39.97615],[-75.20218,39.97942],[-75.20485,39.98231],[-75.20507,39.98615],[-75.19552,39.99501],[-75.19227,40.00141],[-75.19335,40.00642],[-75.20221,40.00936],[-75.19376,40.00641],[-75.19301,40.00443],[-75.19514,39.99805],[-75.19834,39.99368],[-75.20494,39.98949],[-75.20512,39.98686],[-75.20576,39.98863],[-75.20698,39.98692],[-75.20879,39.98667],[-75.20624,39.98999],[-75.19853,39.99492],[-75.19628,39.99799],[-75.19524,40.00329],[-75.19962,40.0066],[-75.19876,40.007],[-75.19424,40.00577],[-75.19559,40.00544],[-75.1947,40.00436],[-75.19395,40.00548],[-75.19454,40.00106],[-75.19656,39.99638],[-75.20227,39.99136],[-75.19883,39.99348],[-75.19511,39.99876],[-75.19334,40.00437],[-75.19394,40.00589],[-75.2019,40.00739],[-75.20018,40.00593],[-75.20201,40.00467],[-75.22421,39.98155]]]}},{"type":"Feature","properties":{"n":"Longwood Gardens","area":4056050},"geometry":{"type":"Polygon","coordinates":[[[-75.69328,39.87692],[-75.69229,39.86788],[-75.69146,39.86883],[-75.6901,39.86812],[-75.68142,39.86928],[-75.6801,39.86562],[-75.67652,39.86609],[-75.67491,39.86536],[-75.67349,39.86621],[-75.67406,39.86893],[-75.67179,39.86911],[-75.66838,39.86492],[-75.66622,39.86594],[-75.66349,39.86242],[-75.65697,39.86595],[-75.6593,39.86855],[-75.65572,39.86885],[-75.6576,39.87003],[-75.65796,39.87175],[-75.65638,39.87234],[-75.65252,39.86854],[-75.65033,39.86981],[-75.6573,39.87303],[-75.66335,39.88184],[-75.67167,39.87901],[-75.68148,39.87817],[-75.6815,39.87744],[-75.68279,39.87804],[-75.69328,39.87692]]]}},{"type":"Feature","properties":{"n":"Sourland Mountain Preserve","area":3886486},"geometry":{"type":"Polygon","coordinates":[[[-74.76122,40.47391],[-74.76301,40.47266],[-74.75956,40.46634],[-74.76122,40.46554],[-74.76498,40.47156],[-74.76833,40.47035],[-74.76418,40.46199],[-74.76731,40.45971],[-74.75837,40.44316],[-74.75952,40.44282],[-74.75862,40.44104],[-74.75742,40.4414],[-74.75392,40.43493],[-74.75109,40.43629],[-74.75311,40.44025],[-74.75169,40.44099],[-74.75062,40.43898],[-74.74867,40.43973],[-74.74686,40.43751],[-74.74943,40.43626],[-74.7481,40.4342],[-74.74526,40.4361],[-74.74622,40.43753],[-74.74398,40.4401],[-74.74675,40.44166],[-74.74693,40.44306],[-74.74568,40.4435],[-74.74968,40.44392],[-74.75333,40.44259],[-74.75438,40.44446],[-74.75625,40.44393],[-74.75798,40.44832],[-74.75594,40.44882],[-74.75537,40.44619],[-74.75303,40.446],[-74.75397,40.45016],[-74.74779,40.45552],[-74.74808,40.46144],[-74.74915,40.4635],[-74.75139,40.46339],[-74.75533,40.47122],[-74.75106,40.47271],[-74.7572,40.471],[-74.75649,40.46958],[-74.75864,40.46896],[-74.76122,40.47391]]]}},{"type":"Feature","properties":{"n":"Winterthur Museum and Gardens","area":3835846},"geometry":{"type":"Polygon","coordinates":[[[-75.58925,39.79908],[-75.58977,39.79768],[-75.59802,39.79866],[-75.60684,39.79513],[-75.61091,39.79501],[-75.61232,39.7983],[-75.61098,39.79907],[-75.61115,39.7973],[-75.60842,39.7981],[-75.61346,39.80948],[-75.6111,39.81067],[-75.60527,39.81948],[-75.59803,39.82017],[-75.59622,39.81288],[-75.58756,39.80674],[-75.58875,39.80042],[-75.58925,39.79908]]]}},{"type":"Feature","properties":{"n":"Laurels Preserve","area":3757130},"geometry":{"type":"Polygon","coordinates":[[[-75.79707,39.91181],[-75.79436,39.91267],[-75.79703,39.91715],[-75.79375,39.91806],[-75.79068,39.91664],[-75.78981,39.91752],[-75.78401,39.91649],[-75.7824,39.91816],[-75.78239,39.91555],[-75.77745,39.91589],[-75.77263,39.91851],[-75.77811,39.9184],[-75.78101,39.91931],[-75.77663,39.92838],[-75.776,39.92761],[-75.77503,39.92836],[-75.77912,39.93151],[-75.78376,39.93236],[-75.78388,39.93456],[-75.78611,39.93556],[-75.79247,39.92982],[-75.79646,39.93339],[-75.79366,39.93063],[-75.79774,39.92715],[-75.79921,39.92792],[-75.79941,39.92992],[-75.79687,39.93338],[-75.79875,39.93254],[-75.79948,39.93053],[-75.8011,39.93076],[-75.80318,39.92685],[-75.80231,39.92608],[-75.80537,39.92262],[-75.80415,39.92203],[-75.80597,39.92007],[-75.80532,39.91792],[-75.80161,39.91629],[-75.80048,39.9147],[-75.79749,39.91449],[-75.79743,39.91179],[-75.79707,39.91181]]]}},{"type":"Feature","properties":{"n":"Watershed Reserve","area":3744128},"geometry":{"type":"Polygon","coordinates":[[[-74.77472,40.38249],[-74.77195,40.38032],[-74.76565,40.3816],[-74.7653,40.38018],[-74.76884,40.37705],[-74.76879,40.37618],[-74.76587,40.37505],[-74.7679,40.37024],[-74.76338,40.36901],[-74.76641,40.36691],[-74.76062,40.3657],[-74.7631,40.36332],[-74.76179,40.36309],[-74.76272,40.3611],[-74.75859,40.35976],[-74.75619,40.35768],[-74.75728,40.35559],[-74.7615,40.35672],[-74.7627,40.35562],[-74.76288,40.35022],[-74.76455,40.34948],[-74.77319,40.34981],[-74.77903,40.34691],[-74.78038,40.34781],[-74.77944,40.34938],[-74.77688,40.35042],[-74.77613,40.34943],[-74.77482,40.34997],[-74.77616,40.35179],[-74.78431,40.35213],[-74.78645,40.35423],[-74.78664,40.35679],[-74.76992,40.36104],[-74.77034,40.36459],[-74.77439,40.36805],[-74.77612,40.36782],[-74.77664,40.36866],[-74.7749,40.37091],[-74.7759,40.37108],[-74.7693,40.37684],[-74.77502,40.37907],[-74.77693,40.38146],[-74.77593,40.38049],[-74.77388,40.38145],[-74.77472,40.38249]]]}},{"type":"Feature","properties":{"n":"State Game Lands Number 43","area":3740945},"geometry":{"type":"Polygon","coordinates":[[[-75.76737,40.18837],[-75.76623,40.18895],[-75.76769,40.19031],[-75.76418,40.19268],[-75.76326,40.18217],[-75.76558,40.18169],[-75.76342,40.17681],[-75.76509,40.17642],[-75.76265,40.1705],[-75.76742,40.16931],[-75.76719,40.1659],[-75.77051,40.16516],[-75.77,40.1631],[-75.77198,40.16419],[-75.77272,40.16318],[-75.77533,40.16387],[-75.77286,40.16601],[-75.77366,40.17032],[-75.78248,40.16945],[-75.77919,40.17462],[-75.78276,40.17637],[-75.78208,40.17844],[-75.7789,40.17991],[-75.78432,40.18607],[-75.78009,40.1864],[-75.78195,40.18979],[-75.77795,40.19141],[-75.77393,40.19099],[-75.76737,40.18837]]]}},{"type":"Feature","properties":{"n":"Delaware Canal State Park","area":3646974},"geometry":{"type":"Polygon","coordinates":[[[-75.09687,40.56],[-75.08226,40.54652],[-75.07454,40.537],[-75.07292,40.53151],[-75.07476,40.5084],[-75.07136,40.4999],[-75.06889,40.48743],[-75.0699,40.46816],[-75.0744,40.45703],[-75.06442,40.42148],[-75.0578,40.41591],[-75.04682,40.41311],[-75.04303,40.40927],[-75.03205,40.40394],[-75.02248,40.4028],[-75.00647,40.4066],[-74.99683,40.40465],[-74.98759,40.40482],[-74.97769,40.40075],[-74.96794,40.39345],[-74.96454,40.39007],[-74.95802,40.37941],[-74.95268,40.36354],[-74.94887,40.35734],[-74.94697,40.345],[-74.93806,40.33216],[-74.92987,40.32854],[-74.91635,40.31944],[-74.90116,40.31314],[-74.8907,40.30706],[-74.89513,40.30147],[-74.89354,40.30064],[-74.88939,40.30479],[-74.88755,40.3048],[-74.88463,40.30227],[-74.88012,40.29649],[-74.87498,40.28674],[-74.86698,40.28221],[-74.86424,40.27929],[-74.86049,40.26896],[-74.85428,40.26062],[-74.85639,40.25937],[-74.85558,40.25749],[-74.8544,40.25577],[-74.85154,40.25603],[-74.85342,40.25457],[-74.85276,40.25318],[-74.84962,40.25335],[-74.84258,40.24609],[-74.80725,40.22257],[-74.80103,40.22043],[-74.79328,40.22162],[-74.78233,40.21951],[-74.7776,40.2156],[-74.77735,40.20427],[-74.78728,40.18206],[-74.77706,40.20389],[-74.77675,40.2142],[-74.77806,40.21652],[-74.78175,40.21947],[-74.78653,40.22085],[-74.79492,40.2259],[-74.80099,40.22407],[-74.80673,40.22607],[-74.8101,40.22615],[-74.8425,40.24634],[-74.8505,40.25503],[-74.8601,40.26898],[-74.86421,40.27968],[-74.87552,40.288],[-74.87184,40.28943],[-74.87397,40.29173],[-74.877,40.28993],[-74.87966,40.29624],[-74.88416,40.30201],[-74.88117,40.30379],[-74.89095,40.31109],[-74.89404,40.30906],[-74.90291,40.31401],[-74.90209,40.31466],[-74.90724,40.31544],[-74.91461,40.31884],[-74.92941,40.32859],[-74.93757,40.33232],[-74.94687,40.34547],[-74.94797,40.35804],[-74.94833,40.35523],[-74.95257,40.36375],[-74.95781,40.37956],[-74.96755,40.39351],[-74.97745,40.40083],[-74.98853,40.40544],[-74.99679,40.40488],[-75.0039,40.40706],[-75.02213,40.40305],[-75.032,40.4041],[-75.04294,40.40936],[-75.0468,40.41328],[-75.058,40.41621],[-75.06431,40.4217],[-75.0739,40.45581],[-75.06968,40.46825],[-75.06859,40.48708],[-75.07023,40.49766],[-75.07438,40.50832],[-75.0737,40.52076],[-75.07261,40.52932],[-75.06732,40.52955],[-75.06838,40.53901],[-75.07024,40.54199],[-75.07486,40.53792],[-75.084,40.54926],[-75.09659,40.56],[-75.09687,40.56]]]}},{"type":"Feature","properties":{"n":"Washington Crossing State Park","area":3616608},"geometry":{"type":"Polygon","coordinates":[[[-74.86705,40.29585],[-74.85368,40.30807],[-74.84865,40.30931],[-74.8528,40.31866],[-74.86759,40.31901],[-74.87089,40.31571],[-74.876,40.31341],[-74.87991,40.31022],[-74.88092,40.30877],[-74.8752,40.30576],[-74.8715,40.30942],[-74.86867,40.30744],[-74.87164,40.30329],[-74.87112,40.30264],[-74.86923,40.30329],[-74.86822,40.30228],[-74.87003,40.30113],[-74.86804,40.29901],[-74.86887,40.29867],[-74.87124,40.30125],[-74.87228,40.30058],[-74.86705,40.29585]]]}},{"type":"Feature","properties":{"n":"Brandywine Creek State Park","area":3566170},"geometry":{"type":"Polygon","coordinates":[[[-75.57769,39.79898],[-75.57513,39.79898],[-75.57602,39.79756],[-75.57354,39.79689],[-75.57248,39.79981],[-75.56889,39.79855],[-75.56559,39.80009],[-75.56506,39.80529],[-75.55661,39.80927],[-75.55826,39.80988],[-75.55752,39.81359],[-75.56421,39.81988],[-75.56303,39.82077],[-75.56509,39.82241],[-75.56851,39.82066],[-75.57104,39.8239],[-75.57207,39.82299],[-75.57154,39.82114],[-75.57353,39.82047],[-75.56999,39.81685],[-75.57645,39.81109],[-75.58108,39.80912],[-75.58755,39.80308],[-75.5855,39.80123],[-75.57797,39.79917],[-75.57769,39.79898]]]}},{"type":"Feature","properties":{"n":"Delaware and Raritan Canal State Park","area":3292823},"geometry":{"type":"Polygon","coordinates":[[[-74.94399,40.35381],[-74.94578,40.36541],[-74.94289,40.3583],[-74.94335,40.34723],[-74.94028,40.34216],[-74.92654,40.33379],[-74.92472,40.32986],[-74.91253,40.32057],[-74.9043,40.31721],[-74.89605,40.31639],[-74.89124,40.31461],[-74.89143,40.3139],[-74.94399,40.35381]]]}},{"type":"Feature","properties":{"n":"State Game Lands Number 43","area":3205960},"geometry":{"type":"Polygon","coordinates":[[[-75.79264,40.18456],[-75.7926,40.17932],[-75.78823,40.181],[-75.79139,40.1761],[-75.78771,40.17472],[-75.78491,40.17564],[-75.78434,40.17692],[-75.78487,40.17393],[-75.7899,40.17261],[-75.79079,40.17383],[-75.79461,40.17228],[-75.79936,40.17193],[-75.79901,40.17033],[-75.796,40.16921],[-75.79468,40.16724],[-75.79214,40.16747],[-75.79141,40.16558],[-75.80055,40.16524],[-75.80315,40.16075],[-75.80445,40.16545],[-75.80681,40.16426],[-75.81,40.16465],[-75.81,40.18162],[-75.80466,40.18474],[-75.80315,40.18262],[-75.79897,40.1849],[-75.79264,40.18456]]]}},{"type":"Feature","properties":{"n":"French Creek State Park","area":3004882},"geometry":{"type":"Polygon","coordinates":[[[-75.75508,40.20683],[-75.75608,40.21107],[-75.76091,40.21123],[-75.76447,40.21967],[-75.76964,40.21915],[-75.77143,40.21783],[-75.77534,40.21718],[-75.77625,40.21661],[-75.7738,40.21085],[-75.77749,40.20814],[-75.77741,40.20487],[-75.77656,40.20134],[-75.77457,40.20098],[-75.77545,40.19707],[-75.7744,40.19478],[-75.75508,40.20683]]]}},{"type":"Feature","properties":{"n":"Hopewell Furnace National Historic Site","area":3004882},"geometry":{"type":"Polygon","coordinates":[[[-75.75508,40.20683],[-75.75608,40.21107],[-75.76091,40.21123],[-75.76447,40.21967],[-75.76964,40.21915],[-75.77143,40.21783],[-75.77534,40.21718],[-75.77625,40.21661],[-75.7738,40.21085],[-75.77749,40.20814],[-75.77741,40.20487],[-75.77656,40.20134],[-75.77457,40.20098],[-75.77545,40.19707],[-75.7744,40.19478],[-75.75508,40.20683]]]}},{"type":"Feature","properties":{"n":"Norristown Farm Park","area":2912794},"geometry":{"type":"Polygon","coordinates":[[[-75.36297,40.13831],[-75.34966,40.15131],[-75.34821,40.15092],[-75.34771,40.15202],[-75.34767,40.15128],[-75.34023,40.15006],[-75.34031,40.14934],[-75.33559,40.1491],[-75.33611,40.1481],[-75.33365,40.14665],[-75.33506,40.14513],[-75.33408,40.14454],[-75.33865,40.14189],[-75.3338,40.13906],[-75.33654,40.13672],[-75.33923,40.13623],[-75.34014,40.13384],[-75.34235,40.13548],[-75.34438,40.13489],[-75.34612,40.13627],[-75.34731,40.13533],[-75.35089,40.13631],[-75.35148,40.13759],[-75.35293,40.13719],[-75.35577,40.1389],[-75.35393,40.14014],[-75.35528,40.14111],[-75.3569,40.13958],[-75.35533,40.13851],[-75.35898,40.1359],[-75.36297,40.13831]]]}},{"type":"Feature","properties":{"n":"Crow's Nest Preserve","area":2912454},"geometry":{"type":"Polygon","coordinates":[[[-75.75877,40.2028],[-75.7595,40.20119],[-75.75764,40.2002],[-75.75892,40.19864],[-75.75812,40.1979],[-75.76138,40.19576],[-75.76215,40.19676],[-75.76352,40.19594],[-75.76403,40.19523],[-75.76258,40.19419],[-75.76511,40.19352],[-75.76322,40.18221],[-75.76557,40.18172],[-75.76427,40.18035],[-75.76344,40.17664],[-75.76497,40.17629],[-75.76299,40.17124],[-75.76028,40.17269],[-75.75206,40.17171],[-75.7518,40.17741],[-75.75239,40.1783],[-75.75436,40.17806],[-75.75462,40.18013],[-75.7546,40.18175],[-75.75284,40.18189],[-75.75267,40.18553],[-75.75721,40.18575],[-75.75761,40.18698],[-75.75565,40.1874],[-75.75571,40.18617],[-75.75049,40.1866],[-75.75064,40.19082],[-75.75502,40.18898],[-75.7573,40.18957],[-75.75676,40.19126],[-75.75148,40.19258],[-75.7517,40.19586],[-75.74926,40.19554],[-75.74943,40.19776],[-75.75229,40.19765],[-75.75297,40.19986],[-75.75543,40.19906],[-75.75604,40.20227],[-75.75877,40.2028]]]}},{"type":"Feature","properties":{"n":"State Game Lands Number 56","area":2854266},"geometry":{"type":"Polygon","coordinates":[[[-75.14497,40.56],[-75.1427,40.55746],[-75.14579,40.55702],[-75.1453,40.55458],[-75.14308,40.5547],[-75.14295,40.55328],[-75.13868,40.55356],[-75.13842,40.55202],[-75.14207,40.55179],[-75.1436,40.54451],[-75.14569,40.54331],[-75.14288,40.5403],[-75.14494,40.53925],[-75.14707,40.54128],[-75.15778,40.54012],[-75.15852,40.54425],[-75.16169,40.54619],[-75.16429,40.54588],[-75.16447,40.54804],[-75.15753,40.54973],[-75.15977,40.55412],[-75.15814,40.55667],[-75.15022,40.56],[-75.14497,40.56]]]}},{"type":"Feature","properties":{"n":"Lower Delaware National Wild and Scenic River","area":2697679},"geometry":{"type":"Polygon","coordinates":[[[-75.06167,40.4214],[-75.06684,40.42336],[-75.07271,40.42818],[-75.07483,40.43353],[-75.07971,40.43529],[-75.08331,40.44212],[-75.08682,40.44169],[-75.0915,40.43736],[-75.09539,40.44071],[-75.0984,40.44105],[-75.09933,40.43939],[-75.09496,40.43704],[-75.09513,40.43451],[-75.09955,40.4367],[-75.10324,40.43651],[-75.10684,40.43517],[-75.1088,40.43233],[-75.11958,40.43435],[-75.12331,40.43822],[-75.12534,40.43835],[-75.06167,40.4214]]]}},{"type":"Feature","properties":{"n":"Lower Delaware National Wild and Scenic River","area":2667576},"geometry":{"type":"Polygon","coordinates":[[[-75.12499,40.43793],[-75.12332,40.43799],[-75.11978,40.43421],[-75.10897,40.43204],[-75.10666,40.43503],[-75.1031,40.43622],[-75.09927,40.43632],[-75.09588,40.43414],[-75.09482,40.43452],[-75.09447,40.4369],[-75.09909,40.43938],[-75.09838,40.44083],[-75.09599,40.44082],[-75.09133,40.4372],[-75.08695,40.4414],[-75.08387,40.44197],[-75.08156,40.43968],[-75.07988,40.43516],[-75.07496,40.43348],[-75.07243,40.42772],[-75.06708,40.42324],[-75.06142,40.42104],[-75.12499,40.43793]]]}},{"type":"Feature","properties":{"n":"State Game Lands Number 56","area":2626177},"geometry":{"type":"Polygon","coordinates":[[[-75.10386,40.52991],[-75.1021,40.5298],[-75.10123,40.52675],[-75.09893,40.52553],[-75.09879,40.52224],[-75.09555,40.52048],[-75.09776,40.51919],[-75.09645,40.51566],[-75.098,40.51455],[-75.09783,40.5126],[-75.10023,40.51335],[-75.10059,40.51251],[-75.09792,40.51159],[-75.09734,40.50919],[-75.10084,40.50732],[-75.10128,40.50834],[-75.10563,40.50985],[-75.10816,40.50742],[-75.11421,40.51051],[-75.11104,40.5107],[-75.11078,40.5115],[-75.11514,40.51567],[-75.11855,40.51385],[-75.11729,40.51704],[-75.1095,40.51627],[-75.10803,40.51766],[-75.10973,40.51869],[-75.10429,40.51986],[-75.1151,40.52536],[-75.11597,40.52696],[-75.10426,40.52994],[-75.10386,40.52991]]]}},{"type":"Feature","properties":{"n":"John Heinz National Wildlife Refuge","area":2598778},"geometry":{"type":"Polygon","coordinates":[[[-75.25096,39.8852],[-75.25823,39.87823],[-75.27383,39.87278],[-75.27215,39.87622],[-75.28645,39.87648],[-75.29395,39.87413],[-75.29544,39.87526],[-75.28828,39.8805],[-75.2831,39.88142],[-75.27602,39.88036],[-75.27501,39.87694],[-75.27276,39.87644],[-75.27051,39.87892],[-75.26786,39.87937],[-75.26755,39.88235],[-75.26551,39.88453],[-75.26269,39.88548],[-75.26444,39.88621],[-75.26478,39.88779],[-75.26197,39.88861],[-75.26159,39.89154],[-75.25786,39.89328],[-75.25514,39.8986],[-75.2538,39.89797],[-75.25522,39.89638],[-75.25419,39.89584],[-75.2562,39.89107],[-75.2534,39.88647],[-75.25096,39.8852]]]}},{"type":"Feature","properties":{"n":"Tyler Arboretum","area":2591358},"geometry":{"type":"Polygon","coordinates":[[[-75.4326,39.94004],[-75.43652,39.93591],[-75.43786,39.93554],[-75.43981,39.93871],[-75.44591,39.93595],[-75.43895,39.93267],[-75.43731,39.92936],[-75.4409,39.92573],[-75.43847,39.9233],[-75.43648,39.92485],[-75.4356,39.9239],[-75.43765,39.9226],[-75.43507,39.92305],[-75.43286,39.92706],[-75.43079,39.9259],[-75.42829,39.92856],[-75.42922,39.92932],[-75.42807,39.92874],[-75.42437,39.93226],[-75.42127,39.93096],[-75.41671,39.93478],[-75.42132,39.93754],[-75.42032,39.93841],[-75.42215,39.93984],[-75.42107,39.94165],[-75.42383,39.94234],[-75.42356,39.94393],[-75.42633,39.94488],[-75.43226,39.94226],[-75.43246,39.94095],[-75.4326,39.94004]]]}},{"type":"Feature","properties":{"n":"Coventry Woods Park","area":2566750},"geometry":{"type":"Polygon","coordinates":[[[-75.70723,40.21591],[-75.70659,40.21431],[-75.70281,40.21382],[-75.70253,40.21131],[-75.70159,40.21259],[-75.69979,40.21266],[-75.70064,40.20777],[-75.70353,40.20732],[-75.70342,40.20666],[-75.7002,40.20677],[-75.70574,40.2055],[-75.70566,40.20217],[-75.71012,40.20102],[-75.70853,40.20035],[-75.70909,40.1991],[-75.71223,40.1994],[-75.71244,40.19816],[-75.70971,40.19764],[-75.70982,40.1965],[-75.71489,40.19332],[-75.7185,40.19558],[-75.71522,40.19715],[-75.71764,40.20133],[-75.71946,40.20136],[-75.71873,40.20334],[-75.71745,40.20225],[-75.71648,40.20342],[-75.71717,40.20482],[-75.71933,40.20451],[-75.72061,40.20839],[-75.72222,40.21001],[-75.72401,40.20968],[-75.72496,40.21247],[-75.72169,40.2127],[-75.72178,40.21403],[-75.71646,40.21365],[-75.7163,40.2157],[-75.7139,40.21503],[-75.71079,40.21586],[-75.71004,40.2151],[-75.71396,40.21348],[-75.71425,40.21071],[-75.71039,40.21044],[-75.71003,40.21571],[-75.70724,40.21599],[-75.70723,40.21591]]]}},{"type":"Feature","properties":{"n":"Bryn Coed Preserve","area":2520063},"geometry":{"type":"Polygon","coordinates":[[[-75.62879,40.12805],[-75.62395,40.13448],[-75.6184,40.13035],[-75.6161,40.12671],[-75.61397,40.1275],[-75.61471,40.12917],[-75.61123,40.131],[-75.60894,40.12939],[-75.60677,40.13042],[-75.60563,40.12987],[-75.60464,40.12818],[-75.60548,40.12733],[-75.60192,40.12532],[-75.60395,40.1245],[-75.60658,40.12623],[-75.60868,40.12557],[-75.60767,40.1207],[-75.61187,40.12245],[-75.61249,40.12056],[-75.6051,40.11481],[-75.60892,40.11419],[-75.6099,40.116],[-75.61362,40.11551],[-75.6136,40.11623],[-75.61672,40.11442],[-75.61585,40.11309],[-75.61697,40.11281],[-75.6209,40.11532],[-75.61945,40.11615],[-75.6209,40.11707],[-75.62199,40.11597],[-75.61973,40.11458],[-75.62153,40.11264],[-75.62512,40.11333],[-75.62825,40.11229],[-75.63321,40.11502],[-75.62987,40.11839],[-75.63107,40.1191],[-75.62993,40.12022],[-75.63263,40.12177],[-75.62987,40.12327],[-75.62808,40.12215],[-75.62915,40.12128],[-75.62429,40.11889],[-75.62325,40.12102],[-75.62043,40.12026],[-75.62111,40.11879],[-75.62009,40.11789],[-75.6145,40.11812],[-75.61439,40.12058],[-75.61764,40.12261],[-75.62038,40.12292],[-75.62047,40.1248],[-75.61785,40.12545],[-75.61868,40.1296],[-75.6213,40.13048],[-75.62469,40.12914],[-75.62581,40.13139],[-75.62646,40.12875],[-75.62768,40.12857],[-75.62665,40.12798],[-75.62703,40.12644],[-75.62969,40.12615],[-75.62879,40.12792],[-75.62879,40.12805]]]}},{"type":"Feature","properties":{"n":"East Fairmount Park","area":2487534},"geometry":{"type":"Polygon","coordinates":[[[-75.18172,39.96757],[-75.1802,39.96758],[-75.18567,39.97217],[-75.18727,39.97499],[-75.19153,39.97544],[-75.18955,39.97567],[-75.18944,39.97687],[-75.18733,39.97514],[-75.18853,39.97681],[-75.19119,39.97738],[-75.18991,39.97738],[-75.1893,39.97902],[-75.18627,39.99271],[-75.18773,39.99655],[-75.19072,39.99777],[-75.19005,40.00238],[-75.19135,40.00652],[-75.18991,40.00704],[-75.19906,40.01004],[-75.19902,40.01084],[-75.19995,40.01035],[-75.20025,40.01129],[-75.20444,40.01156],[-75.20721,40.01497],[-75.20785,40.01344],[-75.20425,40.01126],[-75.19226,40.00705],[-75.19044,40.00228],[-75.19235,39.99496],[-75.20305,39.98511],[-75.20319,39.98332],[-75.19296,39.97637],[-75.18973,39.96975],[-75.18598,39.96904],[-75.1846,39.96755],[-75.18168,39.96754],[-75.18172,39.96757]]]}},{"type":"Feature","properties":{"n":"Stroud Preserve","area":2283606},"geometry":{"type":"Polygon","coordinates":[[[-75.65737,39.95327],[-75.65574,39.95114],[-75.65306,39.95204],[-75.65243,39.95128],[-75.64937,39.95285],[-75.65443,39.95643],[-75.65535,39.95877],[-75.65381,39.95803],[-75.64778,39.95964],[-75.64728,39.9583],[-75.64555,39.95872],[-75.64492,39.95719],[-75.64359,39.9575],[-75.64423,39.95901],[-75.64193,39.95958],[-75.64211,39.95716],[-75.64064,39.95531],[-75.64746,39.95313],[-75.64383,39.95026],[-75.6508,39.94567],[-75.64932,39.94388],[-75.65076,39.94322],[-75.65059,39.9416],[-75.65893,39.94169],[-75.66144,39.94477],[-75.66407,39.94533],[-75.66925,39.94918],[-75.662,39.95311],[-75.6622,39.95576],[-75.66119,39.95258],[-75.65737,39.95327]]]}},{"type":"Feature","properties":{"n":"Lower Delaware National Wild and Scenic River","area":2279504},"geometry":{"type":"Polygon","coordinates":[[[-75.14671,40.4809],[-75.14934,40.48391],[-75.14922,40.48697],[-75.15587,40.48703],[-75.15851,40.48987],[-75.16394,40.49108],[-75.16586,40.49515],[-75.16518,40.49789],[-75.16124,40.50049],[-75.15878,40.504],[-75.15722,40.51106],[-75.15319,40.51312],[-75.15546,40.51651],[-75.14671,40.4809]]]}},{"type":"Feature","properties":{"n":"Lower Delaware National Wild and Scenic River","area":2264932},"geometry":{"type":"Polygon","coordinates":[[[-75.15542,40.51654],[-75.15311,40.51307],[-75.15732,40.51076],[-75.15873,40.50401],[-75.16119,40.50042],[-75.16521,40.49776],[-75.16571,40.49488],[-75.16392,40.49119],[-75.15847,40.48989],[-75.15592,40.48715],[-75.14899,40.48687],[-75.14927,40.48394],[-75.14663,40.48092],[-75.15542,40.51654]]]}},{"type":"Feature","properties":{"n":"Lower Delaware National Wild and Scenic River","area":2256368},"geometry":{"type":"Polygon","coordinates":[[[-75.06167,40.4214],[-75.06325,40.42438],[-75.06453,40.43353],[-75.06968,40.44235],[-75.07344,40.45464],[-75.07013,40.46451],[-75.06797,40.48494],[-75.06167,40.4214]]]}},{"type":"Feature","properties":{"n":"Lake Towhee Park","area":2233745},"geometry":{"type":"Polygon","coordinates":[[[-75.27168,40.48611],[-75.26139,40.48791],[-75.26068,40.48299],[-75.25894,40.48309],[-75.25804,40.47732],[-75.25716,40.47688],[-75.25495,40.47953],[-75.25389,40.47892],[-75.25232,40.47985],[-75.25116,40.4784],[-75.25321,40.47219],[-75.25201,40.47114],[-75.25382,40.46998],[-75.25516,40.47249],[-75.25916,40.46874],[-75.25951,40.47088],[-75.26239,40.47166],[-75.26352,40.47064],[-75.26488,40.471],[-75.26474,40.47263],[-75.26581,40.47073],[-75.2705,40.47145],[-75.27162,40.47231],[-75.27188,40.47788],[-75.26934,40.47895],[-75.27076,40.48315],[-75.26986,40.48384],[-75.27088,40.4836],[-75.27168,40.48611]]]}},{"type":"Feature","properties":{"n":"Mercer Meadows County Park - Pole Farm District","area":2165238},"geometry":{"type":"Polygon","coordinates":[[[-74.73593,40.3122],[-74.74655,40.30799],[-74.7456,40.3067],[-74.75093,40.30332],[-74.75286,40.30561],[-74.75071,40.30683],[-74.75296,40.30893],[-74.75033,40.31524],[-74.74659,40.31759],[-74.75151,40.32249],[-74.75253,40.32539],[-74.74209,40.32668],[-74.73538,40.3143],[-74.73591,40.31233],[-74.73593,40.3122]]]}},{"type":"Feature","properties":{"n":"White Clay Creek State Park","area":2148476},"geometry":{"type":"Polygon","coordinates":[[[-75.71162,39.71209],[-75.71117,39.71103],[-75.70374,39.71146],[-75.70444,39.71079],[-75.70118,39.70805],[-75.69852,39.7098],[-75.70035,39.71142],[-75.69519,39.71343],[-75.69347,39.70618],[-75.69109,39.70512],[-75.69595,39.70242],[-75.70115,39.70431],[-75.70437,39.69966],[-75.70678,39.69889],[-75.71106,39.70268],[-75.71263,39.70128],[-75.71483,39.70149],[-75.71543,39.7046],[-75.71436,39.7056],[-75.71676,39.70771],[-75.71853,39.71393],[-75.71457,39.71376],[-75.71164,39.71229],[-75.71162,39.71209]]]}},{"type":"Feature","properties":{"n":"Mercer Meadows County Park - Rosedale Park District","area":1971263},"geometry":{"type":"Polygon","coordinates":[[[-74.74322,40.32661],[-74.74002,40.32982],[-74.74347,40.33802],[-74.74836,40.33513],[-74.75067,40.33542],[-74.75125,40.33908],[-74.75889,40.3381],[-74.75856,40.33653],[-74.7606,40.33543],[-74.76044,40.32756],[-74.75823,40.32827],[-74.75761,40.32658],[-74.75983,40.3255],[-74.7591,40.32364],[-74.75559,40.32482],[-74.75594,40.32551],[-74.75387,40.32528],[-74.74974,40.32685],[-74.74807,40.32613],[-74.74322,40.32661]]]}},{"type":"Feature","properties":{"n":"Churchville Park","area":1964307},"geometry":{"type":"Polygon","coordinates":[[[-75.00523,40.19453],[-75.00196,40.19459],[-75.00169,40.19257],[-74.9988,40.19226],[-74.99836,40.1896],[-74.99271,40.19135],[-74.99167,40.186],[-74.99384,40.18591],[-74.99412,40.18199],[-74.99154,40.18204],[-74.99124,40.17889],[-74.98871,40.1793],[-74.98884,40.17421],[-74.98986,40.17346],[-74.99194,40.17503],[-74.99764,40.1728],[-75.00022,40.18037],[-75.00226,40.1829],[-75.00445,40.18188],[-75.0074,40.18691],[-75.00682,40.18971],[-75.00389,40.19006],[-75.00365,40.1925],[-75.00665,40.19366],[-75.00523,40.19453]]]}},{"type":"Feature","properties":{"n":"Daniel Boone Homestead","area":1877317},"geometry":{"type":"Polygon","coordinates":[[[-75.79573,40.28619],[-75.79433,40.29165],[-75.79098,40.29264],[-75.78843,40.29966],[-75.79651,40.30472],[-75.79939,40.29579],[-75.81,40.29566],[-75.81,40.28904],[-75.8003,40.28812],[-75.80071,40.28686],[-75.79839,40.28654],[-75.79573,40.28619]]]}},{"type":"Feature","properties":{"n":"Wharton State Forest","area":1821242},"geometry":{"type":"Polygon","coordinates":[[[-74.85643,39.80315],[-74.85632,39.79708],[-74.86087,39.79613],[-74.8597,39.79304],[-74.86194,39.7925],[-74.86096,39.79004],[-74.85911,39.78969],[-74.85984,39.78745],[-74.86562,39.78515],[-74.87213,39.78414],[-74.87425,39.78971],[-74.86723,39.79188],[-74.86687,39.79275],[-74.87049,39.80228],[-74.86379,39.8038],[-74.86297,39.80164],[-74.85643,39.80315]]]}},{"type":"Feature","properties":{"n":"Sourland Mountain Preserve","area":1777100},"geometry":{"type":"Polygon","coordinates":[[[-74.73411,40.4622],[-74.7355,40.46174],[-74.73552,40.46046],[-74.73223,40.45661],[-74.73792,40.45436],[-74.73909,40.45437],[-74.74208,40.45929],[-74.74066,40.45974],[-74.74123,40.46094],[-74.74658,40.45969],[-74.74611,40.45805],[-74.74135,40.4579],[-74.74015,40.45592],[-74.74237,40.45523],[-74.7428,40.45606],[-74.74439,40.45388],[-74.74365,40.4525],[-74.74548,40.4516],[-74.7443,40.44949],[-74.74606,40.4488],[-74.7456,40.44757],[-74.74742,40.44542],[-74.74626,40.44506],[-74.74662,40.44651],[-74.74444,40.4472],[-74.74245,40.44678],[-74.74289,40.44506],[-74.74606,40.44424],[-74.74464,40.44338],[-74.74315,40.44435],[-74.74191,40.44369],[-74.74296,40.44129],[-74.73743,40.44376],[-74.73594,40.44249],[-74.73403,40.44397],[-74.73671,40.44738],[-74.73494,40.44858],[-74.73419,40.44713],[-74.73182,40.44805],[-74.7322,40.44988],[-74.7358,40.44977],[-74.73648,40.45112],[-74.73096,40.45281],[-74.73176,40.45412],[-74.72989,40.45541],[-74.72921,40.45398],[-74.72773,40.45488],[-74.7271,40.45365],[-74.7265,40.45439],[-74.72609,40.45574],[-74.72771,40.4555],[-74.72791,40.45631],[-74.72631,40.45654],[-74.72767,40.45982],[-74.72865,40.4606],[-74.72983,40.45964],[-74.7308,40.46208],[-74.73356,40.46116],[-74.73411,40.4622]]]}},{"type":"Feature","properties":{"n":"Glassboro Wildlife Management Area","area":1776932},"geometry":{"type":"Polygon","coordinates":[[[-75.07959,39.69],[-75.09652,39.69345],[-75.09804,39.69631],[-75.09517,39.6976],[-75.09995,39.69778],[-75.09498,39.69773],[-75.08902,39.70038],[-75.08761,39.6983],[-75.08405,39.70016],[-75.08514,39.6971],[-75.0619,39.69278],[-75.06199,39.69038],[-75.06691,39.69],[-75.06833,39.69144],[-75.06993,39.69],[-75.07959,39.69]]]}},{"type":"Feature","properties":{"n":null,"area":1736598},"geometry":{"type":"Polygon","coordinates":[[[-74.72576,40.34348],[-74.72147,40.33756],[-74.72267,40.3359],[-74.72134,40.33585],[-74.72059,40.33428],[-74.72321,40.33462],[-74.72337,40.33339],[-74.7271,40.33332],[-74.72972,40.3378],[-74.7325,40.33886],[-74.73474,40.3372],[-74.73292,40.3362],[-74.73104,40.33733],[-74.73109,40.33554],[-74.73003,40.33544],[-74.73316,40.33572],[-74.73256,40.3337],[-74.73387,40.33319],[-74.73516,40.33473],[-74.73848,40.3345],[-74.73956,40.33516],[-74.7391,40.33663],[-74.74285,40.33779],[-74.74262,40.33617],[-74.74644,40.33461],[-74.74672,40.33209],[-74.74537,40.33301],[-74.74525,40.33199],[-74.74663,40.33076],[-74.74511,40.33004],[-74.74608,40.32751],[-74.74762,40.32955],[-74.74892,40.32938],[-74.74701,40.33269],[-74.74738,40.33423],[-74.75265,40.33211],[-74.75536,40.33388],[-74.76047,40.33206],[-74.76454,40.33296],[-74.75979,40.33309],[-74.75869,40.33811],[-74.75706,40.33829],[-74.75691,40.3349],[-74.75537,40.33509],[-74.75438,40.33757],[-74.75324,40.33671],[-74.75087,40.33766],[-74.74993,40.33503],[-74.74796,40.33669],[-74.74884,40.33909],[-74.74515,40.33911],[-74.74466,40.34042],[-74.73585,40.34284],[-74.74154,40.34094],[-74.74075,40.33951],[-74.73769,40.34066],[-74.73849,40.33889],[-74.73541,40.33997],[-74.73497,40.34122],[-74.73038,40.33966],[-74.72629,40.34317],[-74.72576,40.34348]]]}},{"type":"Feature","properties":{"n":"Alexauken Creek Wildlife Management Area","area":1704012},"geometry":{"type":"Polygon","coordinates":[[[-74.88069,40.40746],[-74.88124,40.40495],[-74.87696,40.40644],[-74.87909,40.40469],[-74.87989,40.40199],[-74.8779,40.40285],[-74.87795,40.40186],[-74.86756,40.39995],[-74.86903,40.3973],[-74.87092,40.39758],[-74.86942,40.39684],[-74.86995,40.39622],[-74.87719,40.39834],[-74.87911,40.39499],[-74.88054,40.39717],[-74.87935,40.39744],[-74.87968,40.3983],[-74.88226,40.39771],[-74.87917,40.39496],[-74.88368,40.39635],[-74.88185,40.39913],[-74.88467,40.39925],[-74.89209,40.3969],[-74.89456,40.39786],[-74.89435,40.39914],[-74.89249,40.3987],[-74.8918,40.39981],[-74.89525,40.40668],[-74.89156,40.40752],[-74.89102,40.4039],[-74.88449,40.40589],[-74.88502,40.40994],[-74.88311,40.41019],[-74.88146,40.41223],[-74.88069,40.40746]]]}},{"type":"Feature","properties":{"n":"Saint Michael's Farm Preserve","area":1684983},"geometry":{"type":"Polygon","coordinates":[[[-74.755,40.38372],[-74.75166,40.38464],[-74.75269,40.38734],[-74.7461,40.38929],[-74.74574,40.38815],[-74.74041,40.39062],[-74.73773,40.38713],[-74.74125,40.38577],[-74.74055,40.38447],[-74.73906,40.38417],[-74.73627,40.3858],[-74.73509,40.38779],[-74.73292,40.38469],[-74.74,40.38253],[-74.7397,40.38166],[-74.74148,40.38116],[-74.74,40.37788],[-74.74406,40.37679],[-74.74229,40.37473],[-74.74614,40.37327],[-74.74943,40.37881],[-74.75211,40.37788],[-74.7545,40.38286],[-74.755,40.38372]]]}},{"type":"Feature","properties":{"n":"Schuykill Center for Environmental Education","area":1667629},"geometry":{"type":"Polygon","coordinates":[[[-75.24858,40.06337],[-75.25418,40.06058],[-75.25798,40.06145],[-75.26079,40.0595],[-75.26057,40.05762],[-75.2624,40.05592],[-75.2537,40.04904],[-75.24715,40.05362],[-75.24478,40.0516],[-75.24213,40.05321],[-75.24388,40.05462],[-75.24159,40.05756],[-75.24833,40.06314],[-75.24858,40.06337]]]}},{"type":"Feature","properties":{"n":"Tohickon Valley Park","area":1666358},"geometry":{"type":"Polygon","coordinates":[[[-75.07378,40.42709],[-75.0747,40.42782],[-75.07374,40.4298],[-75.07454,40.42935],[-75.07686,40.43099],[-75.07586,40.43202],[-75.077,40.43263],[-75.07995,40.43055],[-75.07794,40.43256],[-75.08175,40.43482],[-75.08047,40.43609],[-75.0829,40.44173],[-75.08687,40.4415],[-75.09162,40.43732],[-75.09893,40.44236],[-75.09249,40.44532],[-75.07918,40.44871],[-75.07867,40.44453],[-75.0808,40.44466],[-75.08015,40.44315],[-75.0786,40.44373],[-75.07377,40.43423],[-75.07549,40.43406],[-75.07464,40.43256],[-75.07286,40.43274],[-75.07112,40.42921],[-75.07378,40.42709]]]}},{"type":"Feature","properties":{"n":"Warwick County Park","area":1665762},"geometry":{"type":"Polygon","coordinates":[[[-75.69685,40.17216],[-75.70033,40.17148],[-75.69797,40.17099],[-75.70041,40.17105],[-75.70068,40.16975],[-75.70245,40.16983],[-75.70302,40.1671],[-75.70484,40.16653],[-75.7073,40.16756],[-75.71346,40.16721],[-75.72196,40.16453],[-75.72164,40.1663],[-75.72304,40.16599],[-75.72583,40.17185],[-75.71892,40.17289],[-75.71858,40.17464],[-75.71454,40.17533],[-75.71185,40.17355],[-75.70722,40.17399],[-75.70287,40.17314],[-75.70255,40.17437],[-75.69652,40.17361],[-75.6968,40.17221],[-75.69685,40.17216]]]}},{"type":"Feature","properties":{"n":"Monocacy Hill Recreation Area","area":1582466},"geometry":{"type":"Polygon","coordinates":[[[-75.75279,40.27999],[-75.75556,40.28132],[-75.75522,40.28276],[-75.76389,40.2816],[-75.76672,40.28227],[-75.76962,40.28048],[-75.77213,40.27406],[-75.75524,40.27085],[-75.75185,40.27827],[-75.75279,40.27999]]]}},{"type":"Feature","properties":{"n":"Lockatong Wildlife Management Area","area":1562312},"geometry":{"type":"Polygon","coordinates":[[[-75.00817,40.44496],[-75.00595,40.44637],[-75.00467,40.44559],[-75.00585,40.44486],[-75.00523,40.44428],[-75.00386,40.44513],[-75.00103,40.44452],[-75.00646,40.44162],[-75.00765,40.44283],[-75.01051,40.44253],[-75.01053,40.44001],[-75.00753,40.44077],[-75.00761,40.43997],[-75.01901,40.43546],[-75.02171,40.43639],[-75.02308,40.43885],[-75.02948,40.43799],[-75.03019,40.43882],[-75.0229,40.43977],[-75.02496,40.44108],[-75.02324,40.44332],[-75.02791,40.44267],[-75.02798,40.44355],[-75.02591,40.44369],[-75.02627,40.44519],[-75.02082,40.44488],[-75.00878,40.44887],[-75.00783,40.44766],[-75.00997,40.44694],[-75.00817,40.44496]]]}},{"type":"Feature","properties":{"n":"State Game Lands Number 43","area":1495194},"geometry":{"type":"Polygon","coordinates":[[[-75.73918,40.18893],[-75.73502,40.18886],[-75.73371,40.18206],[-75.73141,40.18105],[-75.73235,40.17968],[-75.73214,40.17771],[-75.73055,40.17648],[-75.73082,40.17447],[-75.73556,40.17386],[-75.73881,40.1717],[-75.74367,40.17193],[-75.74538,40.17668],[-75.75147,40.17587],[-75.74544,40.17694],[-75.74677,40.17789],[-75.74507,40.181],[-75.74111,40.18133],[-75.74127,40.18242],[-75.73887,40.18261],[-75.74013,40.19021],[-75.73915,40.18909],[-75.73918,40.18893]]]}},{"type":"Feature","properties":{"n":"Ardens Historic District","area":1458297},"geometry":{"type":"Polygon","coordinates":[[[-75.49004,39.8148],[-75.49235,39.81528],[-75.49247,39.81634],[-75.48893,39.81511],[-75.48721,39.81562],[-75.48598,39.81349],[-75.48422,39.815],[-75.48073,39.81358],[-75.47855,39.80923],[-75.47446,39.80738],[-75.47311,39.80497],[-75.47665,39.80508],[-75.47983,39.80355],[-75.48213,39.80512],[-75.4856,39.80239],[-75.49022,39.80744],[-75.49182,39.80665],[-75.49552,39.81139],[-75.49012,39.81473],[-75.49004,39.8148]]]}},{"type":"Feature","properties":{"n":"State Game Lands Number 196","area":1449752},"geometry":{"type":"Polygon","coordinates":[[[-75.35519,40.38582],[-75.35688,40.38198],[-75.35847,40.38064],[-75.36092,40.38143],[-75.36369,40.37849],[-75.35726,40.37454],[-75.36634,40.36604],[-75.36808,40.36704],[-75.36864,40.3718],[-75.36571,40.37947],[-75.3636,40.38159],[-75.3661,40.38366],[-75.36216,40.38575],[-75.35724,40.39054],[-75.355,40.39078],[-75.35272,40.38951],[-75.35508,40.38695],[-75.35519,40.38582]]]}},{"type":"Feature","properties":{"n":"Templin Woods Preserve","area":1440675},"geometry":{"type":"Polygon","coordinates":[[[-75.76174,40.12908],[-75.76232,40.13084],[-75.75622,40.13447],[-75.75448,40.13494],[-75.75426,40.13306],[-75.74175,40.13746],[-75.74007,40.13565],[-75.73861,40.13614],[-75.73821,40.13935],[-75.73762,40.13855],[-75.73624,40.13987],[-75.73424,40.13525],[-75.73306,40.1353],[-75.73682,40.13405],[-75.73718,40.13464],[-75.744,40.13071],[-75.74574,40.13174],[-75.74937,40.12983],[-75.74593,40.12493],[-75.76174,40.12908]]]}},{"type":"Feature","properties":{"n":"Maidenhead Meadows Park","area":1438867},"geometry":{"type":"Polygon","coordinates":[[[-74.69,40.30029],[-74.69789,40.2853],[-74.70185,40.29356],[-74.70731,40.29308],[-74.70429,40.29525],[-74.70482,40.29615],[-74.70259,40.29573],[-74.70347,40.29782],[-74.69956,40.30261],[-74.69586,40.30071],[-74.6978,40.30473],[-74.69612,40.30679],[-74.69478,40.30394],[-74.69192,40.30485],[-74.69,40.30381],[-74.69,40.30029]]]}},{"type":"Feature","properties":{"n":"Franklin Delano Roosevelt Park","area":1413364},"geometry":{"type":"Polygon","coordinates":[[[-75.18752,39.90717],[-75.1743,39.90537],[-75.17566,39.89864],[-75.18791,39.89671],[-75.19164,39.89773],[-75.1926,39.89866],[-75.19115,39.90666],[-75.18757,39.90715],[-75.18752,39.90717]]]}},{"type":"Feature","properties":{"n":"Fair Hill Natural Resource Management Area","area":1358286},"geometry":{"type":"Polygon","coordinates":[[[-75.81,39.72216],[-75.80431,39.72217],[-75.80302,39.718],[-75.79932,39.71727],[-75.79901,39.71578],[-75.80023,39.71186],[-75.80575,39.71079],[-75.80496,39.70737],[-75.80635,39.70398],[-75.80434,39.7035],[-75.80375,39.701],[-75.81,39.70119],[-75.81,39.72216]]]}},{"type":"Feature","properties":{"n":"Crystal Lake Park","area":1349360},"geometry":{"type":"Polygon","coordinates":[[[-74.73067,40.1156],[-74.73285,40.11644],[-74.73111,40.11996],[-74.7395,40.1255],[-74.74782,40.12087],[-74.73998,40.11127],[-74.73479,40.11263],[-74.73081,40.11554],[-74.73067,40.1156]]]}},{"type":"Feature","properties":{"n":"State Game Lands Number 234","area":1346579},"geometry":{"type":"Polygon","coordinates":[[[-75.50378,40.25818],[-75.50302,40.25734],[-75.50455,40.25752],[-75.50398,40.25529],[-75.50521,40.25485],[-75.50312,40.25189],[-75.50818,40.24966],[-75.50634,40.24853],[-75.50914,40.24445],[-75.51649,40.24685],[-75.51569,40.24796],[-75.51837,40.24769],[-75.51749,40.25032],[-75.51207,40.25397],[-75.51629,40.25496],[-75.51248,40.26118],[-75.50834,40.26096],[-75.51143,40.25719],[-75.50934,40.2566],[-75.50696,40.25701],[-75.50593,40.25849],[-75.5069,40.25906],[-75.50424,40.26187],[-75.50308,40.26123],[-75.50356,40.25915],[-75.50378,40.25818]]]}},{"type":"Feature","properties":{"n":"South Mountain Preserve","area":1325671},"geometry":{"type":"Polygon","coordinates":[[[-75.4831,40.54798],[-75.48195,40.54962],[-75.47974,40.54826],[-75.47651,40.54965],[-75.47962,40.55401],[-75.47742,40.5542],[-75.47766,40.5531],[-75.47112,40.55187],[-75.4703,40.55286],[-75.46761,40.55183],[-75.46868,40.55075],[-75.46682,40.54963],[-75.46804,40.54833],[-75.46718,40.5478],[-75.46361,40.55036],[-75.46482,40.54836],[-75.46386,40.54781],[-75.46242,40.54936],[-75.45962,40.54796],[-75.46089,40.54656],[-75.45765,40.54479],[-75.46035,40.54117],[-75.46608,40.54526],[-75.46724,40.54391],[-75.46869,40.5448],[-75.4734,40.54366],[-75.4831,40.54798]]]}},{"type":"Feature","properties":{"n":"Bellevue State Park","area":1294467},"geometry":{"type":"Polygon","coordinates":[[[-75.48996,39.77701],[-75.49712,39.78102],[-75.49511,39.78266],[-75.49514,39.78403],[-75.49794,39.78417],[-75.50606,39.77871],[-75.50669,39.77537],[-75.50227,39.77277],[-75.50101,39.77374],[-75.49757,39.77212],[-75.49062,39.77686],[-75.48325,39.77268],[-75.48159,39.77507],[-75.48567,39.77764],[-75.48613,39.7795],[-75.48952,39.7773],[-75.48996,39.77701]]]}},{"type":"Feature","properties":{"n":"Dark Hollow","area":1269970},"geometry":{"type":"Polygon","coordinates":[[[-75.06986,40.26784],[-75.06866,40.26863],[-75.06443,40.26503],[-75.06182,40.26767],[-75.06407,40.2697],[-75.06266,40.27115],[-75.05875,40.27077],[-75.05799,40.27248],[-75.0567,40.27253],[-75.05659,40.27145],[-75.05368,40.27181],[-75.05026,40.27034],[-75.05099,40.26921],[-75.05003,40.26872],[-75.05133,40.26769],[-75.05038,40.2669],[-75.05142,40.2676],[-75.05308,40.26651],[-75.05597,40.26109],[-75.05811,40.26182],[-75.06035,40.26067],[-75.05835,40.25756],[-75.06037,40.25675],[-75.06985,40.26774],[-75.06986,40.26784]]]}},{"type":"Feature","properties":{"n":"Core Creek Park","area":1265367},"geometry":{"type":"Polygon","coordinates":[[[-74.92136,40.20813],[-74.92024,40.20189],[-74.92503,40.20091],[-74.92476,40.1996],[-74.92638,40.19887],[-74.92588,40.19777],[-74.92378,40.19812],[-74.9228,40.19545],[-74.92841,40.19363],[-74.92653,40.19069],[-74.92483,40.19193],[-74.91709,40.19372],[-74.91162,40.19315],[-74.90878,40.19394],[-74.90924,40.19586],[-74.91457,40.1949],[-74.91544,40.1972],[-74.91107,40.198],[-74.91168,40.20043],[-74.90938,40.20107],[-74.90995,40.20186],[-74.91388,40.20052],[-74.91474,40.19837],[-74.91755,40.19814],[-74.91823,40.19613],[-74.92167,40.19861],[-74.91621,40.20162],[-74.91518,40.20325],[-74.91864,40.2087],[-74.91544,40.20774],[-74.91248,40.21],[-74.92123,40.20816],[-74.92136,40.20813]]]}},{"type":"Feature","properties":{"n":"Sourland Mountain Preserve","area":1235364},"geometry":{"type":"Polygon","coordinates":[[[-74.69263,40.44597],[-74.6926,40.44662],[-74.69641,40.44626],[-74.69712,40.44493],[-74.69593,40.44333],[-74.69785,40.44354],[-74.6995,40.44597],[-74.70866,40.44503],[-74.70796,40.44293],[-74.70918,40.44143],[-74.70991,40.44465],[-74.71164,40.44365],[-74.71184,40.44116],[-74.71464,40.44089],[-74.71481,40.43746],[-74.6941,40.43957],[-74.69089,40.44613],[-74.69282,40.44552],[-74.69263,40.44597]]]}},{"type":"Feature","properties":{"n":"Sourland Mountain Preserve","area":1216117},"geometry":{"type":"Polygon","coordinates":[[[-74.72607,40.49203],[-74.72816,40.4914],[-74.72538,40.48581],[-74.7283,40.48495],[-74.72294,40.47416],[-74.72045,40.47504],[-74.71984,40.47364],[-74.72014,40.47512],[-74.7186,40.47548],[-74.71963,40.47683],[-74.71773,40.47866],[-74.71698,40.47727],[-74.71597,40.47766],[-74.71677,40.47918],[-74.71469,40.47978],[-74.71756,40.47942],[-74.71824,40.48069],[-74.71451,40.48219],[-74.71492,40.48292],[-74.71844,40.48214],[-74.71497,40.48311],[-74.7156,40.48682],[-74.72016,40.48546],[-74.72303,40.49117],[-74.72561,40.49106],[-74.72607,40.49203]]]}},{"type":"Feature","properties":{"n":"Springton Manor Farm","area":1207374},"geometry":{"type":"Polygon","coordinates":[[[-75.77115,40.06675],[-75.78165,40.06452],[-75.78321,40.07383],[-75.78023,40.07714],[-75.77572,40.07778],[-75.7717,40.07626],[-75.77117,40.06719],[-75.77115,40.06675]]]}},{"type":"Feature","properties":{"n":"Alapocas Run State Park","area":1180160},"geometry":{"type":"Polygon","coordinates":[[[-75.54613,39.77747],[-75.55012,39.77925],[-75.54916,39.77741],[-75.55382,39.77617],[-75.55437,39.77484],[-75.55687,39.77531],[-75.55887,39.77291],[-75.56386,39.77484],[-75.56491,39.77779],[-75.56437,39.77673],[-75.56714,39.77203],[-75.56864,39.773],[-75.57053,39.77119],[-75.56526,39.76913],[-75.5594,39.76872],[-75.55687,39.76595],[-75.55547,39.76827],[-75.55673,39.76939],[-75.54963,39.77413],[-75.54521,39.77248],[-75.54487,39.77115],[-75.5448,39.77624],[-75.54586,39.77736],[-75.54613,39.77747]]]}},{"type":"Feature","properties":{"n":null,"area":1179326},"geometry":{"type":"Polygon","coordinates":[[[-75.76303,40.11568],[-75.77459,40.12104],[-75.77352,40.1215],[-75.77548,40.12269],[-75.7784,40.12272],[-75.78357,40.12512],[-75.77798,40.1255],[-75.77839,40.12856],[-75.77002,40.12984],[-75.77266,40.13485],[-75.77145,40.13533],[-75.76303,40.11568]]]}},{"type":"Feature","properties":{"n":"Great Marsh Institute","area":1179326},"geometry":{"type":"Polygon","coordinates":[[[-75.76303,40.11568],[-75.77459,40.12104],[-75.77352,40.1215],[-75.77548,40.12269],[-75.7784,40.12272],[-75.78357,40.12512],[-75.77798,40.1255],[-75.77839,40.12856],[-75.77002,40.12984],[-75.77266,40.13485],[-75.77145,40.13533],[-75.76303,40.11568]]]}},{"type":"Feature","properties":{"n":"Fort Washington State Park","area":1168317},"geometry":{"type":"Polygon","coordinates":[[[-75.22549,40.11775],[-75.23145,40.11387],[-75.23855,40.11762],[-75.24495,40.11872],[-75.24746,40.11822],[-75.2502,40.11943],[-75.24694,40.1198],[-75.246,40.12092],[-75.22999,40.12217],[-75.2273,40.12043],[-75.22519,40.12058],[-75.22609,40.12115],[-75.22204,40.12518],[-75.21913,40.12155],[-75.22549,40.11775]]]}},{"type":"Feature","properties":{"n":"5 Mile Woods","area":1163849},"geometry":{"type":"Polygon","coordinates":[[[-74.8487,40.20497],[-74.85255,40.20342],[-74.85451,40.20121],[-74.85696,40.20085],[-74.85666,40.19939],[-74.85859,40.19916],[-74.85889,40.20065],[-74.86225,40.19986],[-74.86145,40.1957],[-74.86267,40.19571],[-74.86336,40.19437],[-74.84345,40.19439],[-74.84386,40.19737],[-74.84737,40.19705],[-74.8487,40.20497]]]}},{"type":"Feature","properties":{"n":"Exton Park","area":1147664},"geometry":{"type":"Polygon","coordinates":[[[-75.60072,40.04421],[-75.60187,40.04799],[-75.60503,40.04652],[-75.62287,40.0433],[-75.61849,40.04004],[-75.61741,40.04051],[-75.61677,40.0399],[-75.61792,40.03927],[-75.6157,40.03774],[-75.60545,40.04108],[-75.59839,40.04094],[-75.60039,40.04348],[-75.60072,40.04421]]]}},{"type":"Feature","properties":{"n":"Mount Rose Preserve","area":1134878},"geometry":{"type":"Polygon","coordinates":[[[-74.7374,40.36836],[-74.74524,40.3638],[-74.75029,40.35702],[-74.74737,40.35517],[-74.74224,40.35856],[-74.74131,40.35695],[-74.74564,40.35401],[-74.74485,40.35348],[-74.74088,40.35619],[-74.7405,40.35552],[-74.73353,40.36106],[-74.7373,40.36828],[-74.7374,40.36836]]]}},{"type":"Feature","properties":{"n":"Hunterdon County Sourland Mountain Preserve","area":1126825},"geometry":{"type":"Polygon","coordinates":[[[-74.78698,40.41934],[-74.78902,40.42295],[-74.78435,40.42335],[-74.78566,40.42766],[-74.77558,40.43018],[-74.77514,40.42828],[-74.77194,40.42827],[-74.77153,40.42304],[-74.77357,40.42271],[-74.77328,40.42104],[-74.78698,40.41934]]]}},{"type":"Feature","properties":{"n":"Lower Delaware National Wild and Scenic River","area":1119565},"geometry":{"type":"Polygon","coordinates":[[[-75.0637,40.46711],[-75.06924,40.45619],[-75.06501,40.44625],[-75.06016,40.42252],[-75.0637,40.46711]]]}},{"type":"Feature","properties":{"n":"Delaware and Raritan Canal State Park","area":1119565},"geometry":{"type":"Polygon","coordinates":[[[-75.0637,40.46711],[-75.06924,40.45619],[-75.06501,40.44625],[-75.06016,40.42252],[-75.0637,40.46711]]]}},{"type":"Feature","properties":{"n":"Delaware and Raritan Canal State Park","area":1108856},"geometry":{"type":"Polygon","coordinates":[[[-75.07804,40.54938],[-75.07619,40.5506],[-75.08523,40.55791],[-75.07865,40.5527],[-75.07568,40.55376],[-75.07236,40.54971],[-75.07129,40.5505],[-75.07055,40.54984],[-75.07285,40.54832],[-75.067,40.5429],[-75.06578,40.53921],[-75.0636,40.53964],[-75.06321,40.53703],[-75.0652,40.53663],[-75.06294,40.52637],[-75.06366,40.5281],[-75.07804,40.54938]]]}},{"type":"Feature","properties":{"n":"Mill Hill Preservation Area","area":1092066},"geometry":{"type":"Polygon","coordinates":[[[-75.51532,40.43517],[-75.50982,40.43189],[-75.51367,40.42866],[-75.50737,40.42625],[-75.51138,40.4245],[-75.5131,40.42544],[-75.51406,40.42427],[-75.51532,40.42508],[-75.51382,40.42258],[-75.51928,40.42247],[-75.52251,40.42435],[-75.52348,40.42663],[-75.52532,40.42512],[-75.52634,40.42659],[-75.52129,40.43099],[-75.51749,40.43255],[-75.51532,40.43517]]]}},{"type":"Feature","properties":{"n":"Washington Crossing Historic Park","area":1080382},"geometry":{"type":"Polygon","coordinates":[[[-74.93085,40.32899],[-74.93448,40.32803],[-74.93207,40.32659],[-74.94359,40.32092],[-74.94627,40.32491],[-74.9473,40.32467],[-74.94893,40.32837],[-74.94263,40.33086],[-74.94305,40.3332],[-74.93981,40.33279],[-74.94272,40.33787],[-74.93776,40.33192],[-74.93203,40.32961],[-74.93085,40.32899]]]}},{"type":"Feature","properties":{"n":"Mercer Meadows County Park - Farm History District","area":1077382},"geometry":{"type":"Polygon","coordinates":[[[-74.75307,40.309],[-74.75568,40.31163],[-74.75617,40.31104],[-74.76057,40.31819],[-74.75919,40.32016],[-74.75988,40.32222],[-74.75855,40.32342],[-74.75252,40.32537],[-74.74865,40.31932],[-74.75291,40.30909],[-74.75307,40.309]]]}},{"type":"Feature","properties":{"n":"Ceres Park & Nature Preserve","area":1072360},"geometry":{"type":"Polygon","coordinates":[[[-75.15637,39.75884],[-75.15742,39.75881],[-75.15631,39.75834],[-75.15834,39.75499],[-75.1566,39.75532],[-75.15351,39.75378],[-75.15206,39.75525],[-75.15108,39.7533],[-75.14943,39.75431],[-75.14872,39.75158],[-75.15107,39.75216],[-75.15259,39.74911],[-75.14966,39.74894],[-75.15105,39.74966],[-75.14921,39.75061],[-75.1463,39.74837],[-75.14799,39.74803],[-75.14745,39.7471],[-75.1456,39.74714],[-75.14639,39.74628],[-75.14718,39.74676],[-75.14611,39.7452],[-75.15084,39.73468],[-75.15191,39.73603],[-75.15147,39.73789],[-75.15016,39.73751],[-75.149,39.74121],[-75.14951,39.74578],[-75.15262,39.74727],[-75.15698,39.74638],[-75.15969,39.74467],[-75.16143,39.74543],[-75.1591,39.74722],[-75.16029,39.74858],[-75.15891,39.75267],[-75.16044,39.75703],[-75.16166,39.75693],[-75.16039,39.75881],[-75.15807,39.75759],[-75.15699,39.75957],[-75.15616,39.75901],[-75.15637,39.75884]]]}},{"type":"Feature","properties":{"n":"Woody's Woods","area":1040853},"geometry":{"type":"Polygon","coordinates":[[[-75.68998,40.19654],[-75.68973,40.19578],[-75.68833,40.19671],[-75.68652,40.19204],[-75.68359,40.19531],[-75.68144,40.19409],[-75.67928,40.19662],[-75.67835,40.19521],[-75.68003,40.19329],[-75.67814,40.19491],[-75.67557,40.19152],[-75.68278,40.18566],[-75.67999,40.18445],[-75.67993,40.18353],[-75.68544,40.18561],[-75.68672,40.18436],[-75.68771,40.18524],[-75.68927,40.18372],[-75.69117,40.18425],[-75.68968,40.18591],[-75.69119,40.1867],[-75.68814,40.19018],[-75.68954,40.1907],[-75.68998,40.1965],[-75.68998,40.19654]]]}},{"type":"Feature","properties":{"n":"South Branch Greenway","area":1031072},"geometry":{"type":"Polygon","coordinates":[[[-74.74739,40.50328],[-74.74792,40.50491],[-74.75513,40.50713],[-74.76123,40.50522],[-74.76056,40.50343],[-74.76269,40.50283],[-74.75969,40.49715],[-74.75582,40.49829],[-74.75485,40.49644],[-74.74797,40.49837],[-74.75029,40.50263],[-74.74902,40.50342],[-74.74246,40.50183],[-74.74734,40.50315],[-74.74739,40.50328]]]}},{"type":"Feature","properties":{"n":"Wharton State Forest","area":1022559},"geometry":{"type":"Polygon","coordinates":[[[-74.71437,39.78063],[-74.71508,39.77958],[-74.71675,39.78025],[-74.71765,39.77891],[-74.71931,39.77958],[-74.72472,39.77191],[-74.72841,39.77489],[-74.72694,39.77766],[-74.72961,39.77884],[-74.72906,39.77962],[-74.73243,39.77796],[-74.73516,39.78017],[-74.73185,39.78212],[-74.73462,39.78467],[-74.73353,39.78537],[-74.73037,39.78246],[-74.72753,39.7831],[-74.72499,39.78215],[-74.72531,39.78091],[-74.72335,39.78424],[-74.71437,39.78063]]]}},{"type":"Feature","properties":{"n":"Dark Hollow","area":1003120},"geometry":{"type":"Polygon","coordinates":[[[-75.09212,40.27372],[-75.09318,40.27155],[-75.0946,40.27199],[-75.09375,40.2736],[-75.09863,40.27493],[-75.09695,40.27625],[-75.09885,40.27641],[-75.112,40.26844],[-75.11466,40.2682],[-75.11676,40.26931],[-75.12097,40.26756],[-75.12482,40.27069],[-75.12649,40.2763],[-75.12593,40.27686],[-75.12196,40.2698],[-75.11859,40.27018],[-75.1162,40.27199],[-75.10888,40.2728],[-75.10377,40.27709],[-75.0984,40.27833],[-75.09972,40.28257],[-75.09878,40.28336],[-75.0948,40.27689],[-75.09489,40.275],[-75.09197,40.27383],[-75.09212,40.27372]]]}},{"type":"Feature","properties":{"n":"Lockatong Wildlife Management Area","area":991211},"geometry":{"type":"Polygon","coordinates":[[[-75.00425,40.50497],[-75.00393,40.5041],[-75.00138,40.50432],[-75.00035,40.50166],[-75.00161,40.50081],[-75.00015,40.50113],[-74.9998,40.49952],[-75.00218,40.49879],[-75.00204,40.49769],[-75.00046,40.49759],[-75.00202,40.49756],[-75.00186,40.49632],[-75.00028,40.49622],[-75.00269,40.49605],[-75.00154,40.49388],[-75.00006,40.49441],[-75.0,40.4928],[-75.00541,40.49325],[-75.00544,40.49467],[-75.01073,40.49625],[-75.00982,40.49893],[-75.00787,40.49991],[-75.00845,40.50118],[-75.01128,40.50033],[-75.01168,40.50337],[-75.01324,40.50321],[-75.01217,40.50407],[-75.01332,40.50581],[-75.01008,40.50535],[-75.00906,40.50619],[-75.00615,40.50388],[-75.00487,40.50591],[-75.00425,40.50497]]]}},{"type":"Feature","properties":{"n":"Souderton - Harleysville Game, Fish and Forestry Association","area":991085},"geometry":{"type":"Polygon","coordinates":[[[-75.40731,40.35453],[-75.4049,40.35316],[-75.4039,40.35419],[-75.39761,40.34987],[-75.39934,40.3505],[-75.40028,40.34978],[-75.39853,40.34895],[-75.39927,40.34824],[-75.40347,40.34991],[-75.40408,40.34922],[-75.40046,40.34707],[-75.40176,40.34564],[-75.40447,40.34718],[-75.40707,40.34422],[-75.40867,40.3454],[-75.41306,40.34311],[-75.41158,40.34467],[-75.41376,40.34574],[-75.41448,40.3451],[-75.41586,40.34725],[-75.41196,40.35209],[-75.41036,40.35175],[-75.40996,40.3536],[-75.40733,40.35307],[-75.40741,40.35453],[-75.40731,40.35453]]]}},{"type":"Feature","properties":{"n":"John A. Roebling Memorial Park","area":985129},"geometry":{"type":"Polygon","coordinates":[[[-74.73617,40.19663],[-74.73142,40.19563],[-74.72731,40.19134],[-74.72828,40.19107],[-74.72921,40.19267],[-74.73026,40.19197],[-74.72957,40.19074],[-74.74324,40.18658],[-74.74619,40.18864],[-74.74597,40.19179],[-74.74268,40.19194],[-74.74032,40.19521],[-74.73616,40.19666],[-74.73617,40.19663]]]}},{"type":"Feature","properties":{"n":"Neshaminy State Park","area":975342},"geometry":{"type":"Polygon","coordinates":[[[-74.92357,40.07823],[-74.91107,40.0843],[-74.90958,40.0742],[-74.91129,40.07326],[-74.91663,40.07325],[-74.92126,40.07529],[-74.92357,40.07823]]]}},{"type":"Feature","properties":{"n":"Auburn Valley State Park","area":963344},"geometry":{"type":"Polygon","coordinates":[[[-75.69238,39.80786],[-75.68431,39.80774],[-75.68424,39.80658],[-75.68055,39.80614],[-75.68012,39.80689],[-75.67942,39.80527],[-75.67738,39.80504],[-75.67735,39.80601],[-75.67583,39.80608],[-75.67677,39.80714],[-75.67413,39.80636],[-75.67178,39.80827],[-75.6689,39.80834],[-75.67316,39.81004],[-75.67292,39.80801],[-75.67533,39.80781],[-75.67823,39.80902],[-75.67513,39.81104],[-75.67364,39.81009],[-75.67246,39.81164],[-75.67499,39.81211],[-75.67525,39.81424],[-75.67245,39.81488],[-75.67373,39.81698],[-75.68994,39.80919],[-75.69238,39.80786]]]}},{"type":"Feature","properties":{"n":"Warminster Community Park","area":962930},"geometry":{"type":"Polygon","coordinates":[[[-75.07578,40.19474],[-75.07663,40.19381],[-75.07527,40.19299],[-75.07001,40.19692],[-75.06784,40.1956],[-75.06523,40.19815],[-75.06191,40.19842],[-75.05876,40.19674],[-75.05796,40.19763],[-75.04862,40.19892],[-75.04752,40.20019],[-75.05729,40.20584],[-75.06082,40.20204],[-75.06683,40.20164],[-75.06623,40.19833],[-75.06813,40.19644],[-75.07007,40.19761],[-75.07375,40.19477],[-75.07508,40.19549],[-75.07578,40.19474]]]}},{"type":"Feature","properties":{"n":"Mercer Meadows County Park - Equestrian District","area":953472},"geometry":{"type":"Polygon","coordinates":[[[-74.7613,40.32744],[-74.77074,40.31987],[-74.77208,40.32088],[-74.77536,40.31954],[-74.77877,40.31523],[-74.78072,40.31611],[-74.7872,40.31497],[-74.78809,40.31579],[-74.78451,40.31644],[-74.78447,40.31869],[-74.77943,40.31884],[-74.76968,40.32717],[-74.76898,40.32886],[-74.76538,40.32857],[-74.7613,40.32744]]]}},{"type":"Feature","properties":{"n":"Wharton State Forest","area":952009},"geometry":{"type":"Polygon","coordinates":[[[-74.86285,39.81243],[-74.86193,39.81184],[-74.87474,39.80286],[-74.8745,39.80463],[-74.8768,39.80732],[-74.87451,39.80736],[-74.87286,39.80954],[-74.86958,39.81112],[-74.87493,39.81353],[-74.86985,39.8201],[-74.86918,39.81797],[-74.86277,39.81247],[-74.86285,39.81243]]]}},{"type":"Feature","properties":{"n":"Silver Lake Park","area":947622},"geometry":{"type":"Polygon","coordinates":[[[-74.85704,40.10878],[-74.8549,40.11097],[-74.85426,40.1149],[-74.85864,40.11601],[-74.85724,40.1174],[-74.85874,40.11904],[-74.86411,40.11871],[-74.86392,40.11554],[-74.8617,40.11539],[-74.86387,40.11527],[-74.8627,40.11175],[-74.8647,40.10494],[-74.86339,40.1024],[-74.85979,40.10574],[-74.85896,40.10822],[-74.8578,40.10815],[-74.8587,40.10886],[-74.85704,40.10878]]]}},{"type":"Feature","properties":{"n":"Paradise Farm Easement","area":924048},"geometry":{"type":"Polygon","coordinates":[[[-75.6732,39.99863],[-75.67413,40.00053],[-75.67545,40.00037],[-75.67492,39.9986],[-75.67826,39.99891],[-75.67843,40.00012],[-75.67964,40.00002],[-75.67966,39.99707],[-75.67832,39.99708],[-75.67461,39.99403],[-75.67988,39.9922],[-75.67784,39.98684],[-75.67579,39.98778],[-75.67251,39.98422],[-75.67048,39.98535],[-75.66933,39.98413],[-75.66645,39.98561],[-75.667,39.98652],[-75.66589,39.98618],[-75.66593,39.98785],[-75.66722,39.98755],[-75.66807,39.98852],[-75.66664,39.98885],[-75.66686,39.98995],[-75.67252,39.98897],[-75.67067,39.99294],[-75.67457,39.99631],[-75.6732,39.99863]]]}},{"type":"Feature","properties":{"n":"Harmony Hill Nature Area","area":923863},"geometry":{"type":"Polygon","coordinates":[[[-75.67895,39.98997],[-75.67927,39.99093],[-75.68598,39.99017],[-75.68763,39.9923],[-75.69109,39.99056],[-75.68737,39.98197],[-75.68286,39.97604],[-75.68191,39.97663],[-75.68357,39.9778],[-75.67983,39.97993],[-75.68075,39.98081],[-75.6793,39.98161],[-75.68174,39.98615],[-75.6788,39.98943],[-75.67895,39.98997]]]}},{"type":"Feature","properties":{"n":"Exton Park","area":913859},"geometry":{"type":"Polygon","coordinates":[[[-75.59817,40.05005],[-75.60119,40.05415],[-75.60355,40.0535],[-75.60256,40.05203],[-75.60677,40.05009],[-75.60811,40.05206],[-75.61328,40.05061],[-75.61136,40.04922],[-75.61375,40.04801],[-75.61493,40.0476],[-75.61731,40.04924],[-75.62296,40.04695],[-75.62254,40.04574],[-75.62752,40.04515],[-75.62302,40.04342],[-75.61904,40.04485],[-75.60629,40.04653],[-75.60694,40.04767],[-75.6055,40.04823],[-75.60443,40.04699],[-75.60327,40.0478],[-75.6039,40.04843],[-75.59901,40.04973],[-75.59817,40.05005]]]}},{"type":"Feature","properties":{"n":"Tacony Creek Park","area":909317},"geometry":{"type":"Polygon","coordinates":[[[-75.1031,40.02108],[-75.1048,40.02361],[-75.11059,40.02236],[-75.11135,40.02563],[-75.11276,40.02636],[-75.10913,40.03289],[-75.11399,40.03914],[-75.10702,40.04917],[-75.1079,40.05078],[-75.10866,40.04906],[-75.10969,40.0495],[-75.11226,40.04741],[-75.11318,40.04293],[-75.11663,40.03938],[-75.11495,40.038],[-75.11393,40.03547],[-75.11475,40.03447],[-75.11189,40.03064],[-75.11436,40.02743],[-75.1133,40.02359],[-75.11165,40.02256],[-75.11248,40.02173],[-75.10756,40.02069],[-75.10667,40.01968],[-75.10826,40.01948],[-75.1089,40.01643],[-75.10696,40.01648],[-75.10728,40.01802],[-75.10479,40.02052],[-75.10375,40.02078],[-75.10457,40.01919],[-75.10165,40.019],[-75.10134,40.0209],[-75.10314,40.02076],[-75.1031,40.02108]]]}},{"type":"Feature","properties":{"n":"Carousel Park and Equestrian Center","area":906079},"geometry":{"type":"Polygon","coordinates":[[[-75.69097,39.72879],[-75.68853,39.72568],[-75.68233,39.7264],[-75.68059,39.72536],[-75.67793,39.72628],[-75.67823,39.72751],[-75.67491,39.7296],[-75.67604,39.73099],[-75.67813,39.73015],[-75.6791,39.73283],[-75.68381,39.73572],[-75.68956,39.73115],[-75.69097,39.72879]]]}},{"type":"Feature","properties":{"n":"Falls Township Community Park","area":899317},"geometry":{"type":"Polygon","coordinates":[[[-74.80879,40.15769],[-74.8073,40.15763],[-74.80574,40.16056],[-74.80049,40.16394],[-74.80313,40.16514],[-74.80245,40.16573],[-74.80506,40.16702],[-74.80436,40.16746],[-74.80933,40.17188],[-74.81136,40.17162],[-74.81178,40.1695],[-74.8117,40.15801],[-74.81009,40.15766],[-74.80879,40.15769]]]}},{"type":"Feature","properties":{"n":"Templin Woods Preserve","area":885482},"geometry":{"type":"Polygon","coordinates":[[[-75.74593,40.12493],[-75.73615,40.12858],[-75.73679,40.13206],[-75.73413,40.13228],[-75.73381,40.1346],[-75.73017,40.13188],[-75.7361,40.12828],[-75.73465,40.12588],[-75.74137,40.1231],[-75.74114,40.12141],[-75.75291,40.11961],[-75.75703,40.12097],[-75.74593,40.12493]]]}},{"type":"Feature","properties":{"n":"Delco Woods","area":855838},"geometry":{"type":"Polygon","coordinates":[[[-75.35065,39.95016],[-75.35423,39.95762],[-75.34828,39.95946],[-75.33864,39.95489],[-75.33913,39.95308],[-75.34224,39.95067],[-75.34434,39.95231],[-75.35044,39.94974],[-75.35065,39.95016]]]}},{"type":"Feature","properties":{"n":"Kugler Woods Preserve","area":851666},"geometry":{"type":"Polygon","coordinates":[[[-75.05379,40.4345],[-75.05264,40.42967],[-75.04993,40.43],[-75.04976,40.42882],[-75.0475,40.4297],[-75.04985,40.42873],[-75.05003,40.4299],[-75.05274,40.42957],[-75.05286,40.43051],[-75.05881,40.42965],[-75.05791,40.42386],[-75.05015,40.42445],[-75.05796,40.42205],[-75.05203,40.42251],[-75.05283,40.41928],[-75.05165,40.41793],[-75.0565,40.42084],[-75.0573,40.42023],[-75.05887,40.4222],[-75.06175,40.43616],[-75.05994,40.43636],[-75.06014,40.43754],[-75.05377,40.43809],[-75.05344,40.43453],[-75.05379,40.4345]]]}},{"type":"Feature","properties":{"n":"Delaware and Raritan Canal State Park","area":851666},"geometry":{"type":"Polygon","coordinates":[[[-75.05379,40.4345],[-75.05264,40.42967],[-75.04993,40.43],[-75.04976,40.42882],[-75.0475,40.4297],[-75.04985,40.42873],[-75.05003,40.4299],[-75.05274,40.42957],[-75.05286,40.43051],[-75.05881,40.42965],[-75.05791,40.42386],[-75.05015,40.42445],[-75.05796,40.42205],[-75.05203,40.42251],[-75.05283,40.41928],[-75.05165,40.41793],[-75.0565,40.42084],[-75.0573,40.42023],[-75.05887,40.4222],[-75.06175,40.43616],[-75.05994,40.43636],[-75.06014,40.43754],[-75.05377,40.43809],[-75.05344,40.43453],[-75.05379,40.4345]]]}},{"type":"Feature","properties":{"n":"Benjamin Rush State Park","area":850599},"geometry":{"type":"Polygon","coordinates":[[[-74.98681,40.11242],[-74.98748,40.11405],[-74.97994,40.11959],[-74.97277,40.11984],[-74.96938,40.11688],[-74.96512,40.11866],[-74.96387,40.11754],[-74.96806,40.11679],[-74.97591,40.11153],[-74.97949,40.11313],[-74.98177,40.11164],[-74.98267,40.11246],[-74.98077,40.1136],[-74.98373,40.11591],[-74.98669,40.11392],[-74.98598,40.11297],[-74.98681,40.11242]]]}},{"type":"Feature","properties":{"n":"Lorimer Park","area":850547},"geometry":{"type":"Polygon","coordinates":[[[-75.07332,40.09597],[-75.07162,40.09519],[-75.0688,40.09606],[-75.06788,40.09876],[-75.07172,40.10237],[-75.0683,40.10397],[-75.06664,40.10297],[-75.06513,40.10449],[-75.06797,40.10584],[-75.06734,40.10536],[-75.06885,40.1043],[-75.07113,40.10486],[-75.07188,40.10594],[-75.06904,40.10694],[-75.07249,40.10713],[-75.07263,40.108],[-75.07136,40.10834],[-75.07162,40.10971],[-75.06915,40.11226],[-75.07002,40.11166],[-75.07222,40.11308],[-75.07429,40.1066],[-75.07248,40.10222],[-75.07281,40.0996],[-75.07457,40.09676],[-75.08065,40.09237],[-75.08165,40.0863],[-75.07932,40.08683],[-75.07938,40.09213],[-75.07377,40.09409],[-75.07207,40.09163],[-75.07112,40.09256],[-75.07334,40.09595],[-75.07332,40.09597]]]}},{"type":"Feature","properties":{"n":"Brandywine Powder Mills District","area":848523},"geometry":{"type":"Polygon","coordinates":[[[-75.5782,39.77414],[-75.57904,39.77586],[-75.57721,39.77729],[-75.57827,39.77799],[-75.57354,39.77998],[-75.57534,39.78158],[-75.57358,39.78262],[-75.57742,39.78397],[-75.58094,39.78201],[-75.58255,39.78279],[-75.58151,39.78331],[-75.5847,39.788],[-75.57786,39.79011],[-75.57569,39.78762],[-75.57593,39.78676],[-75.57755,39.78702],[-75.57729,39.7847],[-75.57123,39.78276],[-75.57062,39.78076],[-75.56853,39.78046],[-75.57138,39.77807],[-75.57038,39.77717],[-75.57864,39.77329],[-75.5782,39.77414]]]}},{"type":"Feature","properties":{"n":"Gwynedd Preserve","area":843905},"geometry":{"type":"Polygon","coordinates":[[[-75.27573,40.19953],[-75.27262,40.203],[-75.26888,40.19838],[-75.26985,40.19737],[-75.27303,40.19858],[-75.27255,40.1994],[-75.27472,40.20055],[-75.27649,40.19856],[-75.27407,40.19728],[-75.27337,40.19843],[-75.26822,40.19647],[-75.27652,40.18802],[-75.27674,40.1908],[-75.28117,40.19052],[-75.28354,40.19288],[-75.28061,40.19407],[-75.2775,40.19755],[-75.27573,40.19953]]]}},{"type":"Feature","properties":{"n":"Eleutherian Mills","area":841690},"geometry":{"type":"Polygon","coordinates":[[[-75.5777,39.78724],[-75.57729,39.7847],[-75.57087,39.78254],[-75.57062,39.78076],[-75.56853,39.78046],[-75.56812,39.77784],[-75.56639,39.77742],[-75.56772,39.7758],[-75.57197,39.77616],[-75.57565,39.77412],[-75.57752,39.77174],[-75.57672,39.76933],[-75.57915,39.76975],[-75.58009,39.77133],[-75.57775,39.77406],[-75.57906,39.77476],[-75.57721,39.77729],[-75.57827,39.77799],[-75.57702,39.77907],[-75.57359,39.77884],[-75.57171,39.78108],[-75.57747,39.78353],[-75.58094,39.78201],[-75.58255,39.78279],[-75.58151,39.78331],[-75.58341,39.78718],[-75.57909,39.78837],[-75.57795,39.78749],[-75.5777,39.78724]]]}},{"type":"Feature","properties":{"n":"Lower Delaware National Wild and Scenic River","area":827833},"geometry":{"type":"Polygon","coordinates":[[[-74.95575,40.38238],[-74.96485,40.398],[-74.96893,40.40071],[-74.9787,40.40388],[-74.95575,40.38238]]]}},{"type":"Feature","properties":{"n":"Delaware and Raritan Canal State Park","area":827833},"geometry":{"type":"Polygon","coordinates":[[[-74.95575,40.38238],[-74.96485,40.398],[-74.96893,40.40071],[-74.9787,40.40388],[-74.95575,40.38238]]]}},{"type":"Feature","properties":{"n":"Overbrook Farms Historic District","area":820899},"geometry":{"type":"Polygon","coordinates":[[[-75.25845,39.98549],[-75.2552,39.98166],[-75.23952,39.98878],[-75.24152,39.99129],[-75.24281,39.99068],[-75.24571,39.99209],[-75.25612,39.98722],[-75.25845,39.98549]]]}},{"type":"Feature","properties":{"n":"West Philadelphia Streetcar Suburb Historic District","area":813753},"geometry":{"type":"Polygon","coordinates":[[[-75.22109,39.95127],[-75.22651,39.95159],[-75.22665,39.95089],[-75.22308,39.94958],[-75.22483,39.94876],[-75.22021,39.94744],[-75.22129,39.9467],[-75.21889,39.94423],[-75.21665,39.94442],[-75.21504,39.94339],[-75.21093,39.94417],[-75.20969,39.9465],[-75.20862,39.9456],[-75.20893,39.94719],[-75.20671,39.94721],[-75.20645,39.94859],[-75.20462,39.94878],[-75.22109,39.95127]]]}},{"type":"Feature","properties":{"n":"Delaware and Raritan Canal State Park","area":783403},"geometry":{"type":"Polygon","coordinates":[[[-74.97837,40.4044],[-74.97349,40.40285],[-74.97732,40.40525],[-74.96627,40.40096],[-74.96311,40.39727],[-74.95966,40.38962],[-74.95453,40.38369],[-74.97837,40.4044]]]}},{"type":"Feature","properties":{"n":"Delaware and Raritan Canal State Park","area":767994},"geometry":{"type":"Polygon","coordinates":[[[-75.03159,40.41184],[-75.0326,40.41327],[-75.03421,40.41237],[-75.03863,40.41371],[-75.03797,40.41632],[-75.02943,40.41752],[-75.02987,40.42125],[-75.0236,40.42166],[-75.02471,40.41371],[-75.0311,40.41209],[-75.03159,40.41184]]]}},{"type":"Feature","properties":{"n":"Brandywine Park and Kentmere Parkway","area":765031},"geometry":{"type":"Polygon","coordinates":[[[-75.54466,39.74984],[-75.54382,39.75113],[-75.54681,39.752],[-75.54753,39.75316],[-75.54579,39.75385],[-75.55216,39.76171],[-75.55729,39.76077],[-75.55746,39.76343],[-75.55911,39.76229],[-75.56196,39.76279],[-75.56742,39.76575],[-75.56712,39.76365],[-75.56503,39.76462],[-75.56209,39.76224],[-75.56084,39.76259],[-75.55865,39.76054],[-75.55967,39.76002],[-75.55362,39.75456],[-75.55284,39.75508],[-75.55083,39.7537],[-75.54855,39.75086],[-75.545,39.7499],[-75.54466,39.74984]]]}},{"type":"Feature","properties":{"n":"Bradford Reservoir Recreation Area","area":755080},"geometry":{"type":"Polygon","coordinates":[[[-75.15949,40.2252],[-75.16164,40.22666],[-75.1602,40.22784],[-75.16124,40.22916],[-75.16592,40.23089],[-75.1649,40.23265],[-75.16667,40.23327],[-75.16562,40.23584],[-75.16655,40.23647],[-75.16427,40.23685],[-75.1596,40.23239],[-75.15616,40.23184],[-75.15106,40.22778],[-75.15441,40.22447],[-75.15893,40.22568],[-75.15949,40.2252]]]}},{"type":"Feature","properties":{"n":"Auburn Valley State Park Oversee Property","area":754312},"geometry":{"type":"Polygon","coordinates":[[[-75.66548,39.80365],[-75.6674,39.80824],[-75.66633,39.80614],[-75.66324,39.80767],[-75.66405,39.80853],[-75.66186,39.80962],[-75.663,39.81058],[-75.66334,39.81487],[-75.65825,39.81825],[-75.65677,39.81573],[-75.66046,39.81293],[-75.66017,39.81146],[-75.65795,39.812],[-75.65696,39.81038],[-75.65983,39.80832],[-75.6571,39.8063],[-75.65478,39.80987],[-75.65381,39.80936],[-75.66134,39.80274],[-75.66072,39.80179],[-75.66279,39.80326],[-75.66397,39.80298],[-75.66548,39.80365]]]}},{"type":"Feature","properties":{"n":"Exton Park","area":753929},"geometry":{"type":"Polygon","coordinates":[[[-75.60351,40.04061],[-75.60565,40.0409],[-75.60828,40.03925],[-75.60866,40.03984],[-75.61499,40.03772],[-75.6125,40.03419],[-75.60669,40.03377],[-75.5979,40.03714],[-75.59948,40.04084],[-75.60317,40.04023],[-75.60351,40.04061]]]}},{"type":"Feature","properties":{"n":"Cobbs Creek Park","area":753001},"geometry":{"type":"Polygon","coordinates":[[[-75.26039,39.97215],[-75.26748,39.96632],[-75.27054,39.9686],[-75.27532,39.96938],[-75.28034,39.97483],[-75.27563,39.97721],[-75.27151,39.97215],[-75.26952,39.97309],[-75.26529,39.97],[-75.25982,39.97429],[-75.25869,39.97356],[-75.25974,39.97269],[-75.26039,39.97215]]]}},{"type":"Feature","properties":{"n":"Meng Preserve","area":749921},"geometry":{"type":"Polygon","coordinates":[[[-75.48619,40.26433],[-75.48724,40.26117],[-75.48865,40.26197],[-75.48948,40.26044],[-75.49266,40.2614],[-75.4926,40.26016],[-75.49286,40.26138],[-75.49472,40.26132],[-75.49952,40.25815],[-75.50123,40.25988],[-75.50356,40.25915],[-75.50308,40.26156],[-75.49891,40.26475],[-75.49789,40.26383],[-75.49536,40.26464],[-75.49708,40.26646],[-75.49457,40.26466],[-75.49182,40.26779],[-75.48704,40.26673],[-75.48835,40.26555],[-75.48619,40.26433]]]}},{"type":"Feature","properties":{"n":"Wescott Preserve","area":741673},"geometry":{"type":"Polygon","coordinates":[[[-75.02,40.42995],[-75.01924,40.42807],[-75.01759,40.42867],[-75.01689,40.42722],[-75.01857,40.42662],[-75.01776,40.42333],[-75.00962,40.42684],[-75.00846,40.42564],[-75.01241,40.4229],[-75.01462,40.42267],[-75.01436,40.41987],[-75.00985,40.42153],[-75.00972,40.41946],[-75.0037,40.4225],[-75.00662,40.42337],[-75.00934,40.43002],[-75.01594,40.42824],[-75.01727,40.43114],[-75.01959,40.43021],[-75.02,40.42995]]]}},{"type":"Feature","properties":{"n":"Petty's Island Preserve","area":732421},"geometry":{"type":"Polygon","coordinates":[[[-75.11725,39.96297],[-75.11554,39.96167],[-75.10564,39.96049],[-75.09809,39.96627],[-75.0893,39.97078],[-75.11725,39.96297]]]}},{"type":"Feature","properties":{"n":"Carson Road Woods","area":730649},"geometry":{"type":"Polygon","coordinates":[[[-74.70383,40.33656],[-74.70385,40.33502],[-74.7026,40.33537],[-74.70204,40.33452],[-74.70566,40.33358],[-74.70465,40.3267],[-74.71003,40.32701],[-74.70895,40.32734],[-74.70933,40.32945],[-74.71097,40.32927],[-74.71143,40.33022],[-74.70955,40.33068],[-74.70972,40.33163],[-74.71283,40.33122],[-74.71243,40.33025],[-74.71458,40.32971],[-74.71646,40.33448],[-74.71448,40.33565],[-74.70942,40.33626],[-74.70887,40.33539],[-74.70787,40.33589],[-74.70771,40.33459],[-74.70648,40.335],[-74.70751,40.33679],[-74.70646,40.33692],[-74.70644,40.33596],[-74.70413,40.33711],[-74.70383,40.33656]]]}},{"type":"Feature","properties":{"n":"Okehocking Preserve","area":710974},"geometry":{"type":"Polygon","coordinates":[[[-75.48864,39.96594],[-75.48859,39.9652],[-75.48717,39.96543],[-75.47506,39.96951],[-75.47635,39.9713],[-75.47746,39.97105],[-75.47765,39.97495],[-75.48363,39.97204],[-75.48485,39.97286],[-75.48982,39.96929],[-75.48903,39.96655],[-75.48864,39.96594]]]}},{"type":"Feature","properties":{"n":"South County Park","area":701758},"geometry":{"type":"Polygon","coordinates":[[[-74.86889,40.42077],[-74.86812,40.41736],[-74.86205,40.41798],[-74.86453,40.41769],[-74.8638,40.41343],[-74.86753,40.41291],[-74.86743,40.4122],[-74.87602,40.41236],[-74.87672,40.41684],[-74.86993,40.42037],[-74.86889,40.42077]]]}},{"type":"Feature","properties":{"n":"Cedar Ridge Preserve","area":686547},"geometry":{"type":"Polygon","coordinates":[[[-74.78979,40.39538],[-74.78751,40.39228],[-74.79405,40.38943],[-74.79204,40.38697],[-74.79402,40.38658],[-74.7962,40.38944],[-74.79845,40.3885],[-74.79758,40.38595],[-74.79846,40.38578],[-74.79979,40.38974],[-74.80246,40.38786],[-74.80308,40.39113],[-74.7996,40.39382],[-74.79717,40.39486],[-74.79651,40.39379],[-74.79429,40.39512],[-74.79231,40.39325],[-74.79089,40.39466],[-74.78979,40.39538]]]}},{"type":"Feature","properties":{"n":"Alexauken Creek Wildlife Management Area","area":683034},"geometry":{"type":"Polygon","coordinates":[[[-74.85925,40.39087],[-74.86128,40.39095],[-74.85943,40.39101],[-74.85825,40.3966],[-74.86593,40.40168],[-74.86567,40.40244],[-74.86472,40.40193],[-74.8649,40.40041],[-74.86179,40.39896],[-74.8572,40.40341],[-74.85554,40.40236],[-74.85729,40.401],[-74.85641,40.40019],[-74.85474,40.40182],[-74.85405,40.40137],[-74.85767,40.39654],[-74.85346,40.40097],[-74.8526,40.40044],[-74.85613,40.39388],[-74.85305,40.39305],[-74.85252,40.39175],[-74.85371,40.39174],[-74.85202,40.3882],[-74.85382,40.38791],[-74.85925,40.39087]]]}},{"type":"Feature","properties":{"n":"Woolsey Park","area":678982},"geometry":{"type":"Polygon","coordinates":[[[-74.82232,40.31767],[-74.82287,40.3153],[-74.81829,40.31578],[-74.81787,40.31345],[-74.81978,40.31278],[-74.81904,40.30843],[-74.82526,40.3078],[-74.82569,40.30965],[-74.82728,40.30944],[-74.82812,40.31708],[-74.82631,40.31727],[-74.82232,40.31767]]]}},{"type":"Feature","properties":{"n":"Windlestrae Park","area":678263},"geometry":{"type":"Polygon","coordinates":[[[-75.21457,40.23817],[-75.20817,40.23399],[-75.2031,40.23905],[-75.20579,40.24105],[-75.20581,40.2427],[-75.21241,40.24709],[-75.21129,40.24129],[-75.2129,40.23976],[-75.21457,40.23817]]]}},{"type":"Feature","properties":{"n":"Sunrise Mill","area":675866},"geometry":{"type":"Polygon","coordinates":[[[-75.5079,40.2717],[-75.52023,40.27114],[-75.52819,40.27338],[-75.53764,40.27425],[-75.53578,40.27585],[-75.52929,40.27425],[-75.51757,40.27515],[-75.51588,40.27442],[-75.51587,40.27526],[-75.51264,40.27435],[-75.51253,40.27505],[-75.50876,40.27361],[-75.5079,40.2717]]]}},{"type":"Feature","properties":{"n":"Clayton County Park","area":665413},"geometry":{"type":"Polygon","coordinates":[[[-75.49481,39.85594],[-75.49077,39.85852],[-75.49009,39.85797],[-75.48514,39.86023],[-75.48103,39.86022],[-75.48755,39.86379],[-75.49257,39.86199],[-75.4955,39.86399],[-75.50016,39.86109],[-75.49745,39.85843],[-75.4955,39.85838],[-75.49662,39.85769],[-75.49492,39.85592],[-75.49481,39.85594]]]}},{"type":"Feature","properties":{"n":"Rockland Historic District","area":665325},"geometry":{"type":"Polygon","coordinates":[[[-75.57748,39.80018],[-75.58164,39.79362],[-75.57114,39.79061],[-75.57067,39.80004],[-75.57326,39.8001],[-75.57748,39.80018]]]}},{"type":"Feature","properties":{"n":"Berlin Park","area":664263},"geometry":{"type":"Polygon","coordinates":[[[-74.94532,39.7828],[-74.94187,39.78578],[-74.94215,39.78975],[-74.93754,39.79373],[-74.93869,39.79639],[-74.93673,39.79896],[-74.93595,39.79264],[-74.93769,39.78286],[-74.94115,39.77946],[-74.9452,39.78271],[-74.94532,39.7828]]]}},{"type":"Feature","properties":{"n":"Pennypacker Mills","area":662922},"geometry":{"type":"Polygon","coordinates":[[[-75.46123,40.25501],[-75.46276,40.25868],[-75.45521,40.26021],[-75.45292,40.25891],[-75.4548,40.25862],[-75.45329,40.25535],[-75.45422,40.25496],[-75.45099,40.25045],[-75.45318,40.25022],[-75.45556,40.25195],[-75.45631,40.25006],[-75.45804,40.25008],[-75.45851,40.25149],[-75.4592,40.25092],[-75.46124,40.252],[-75.45979,40.25285],[-75.46111,40.25481],[-75.46123,40.25501]]]}},{"type":"Feature","properties":{"n":"Freedom Park","area":647405},"geometry":{"type":"Polygon","coordinates":[[[-74.83181,39.8985],[-74.83838,39.89218],[-74.83203,39.89075],[-74.82827,39.89257],[-74.82613,39.89126],[-74.82367,39.89615],[-74.82755,39.89646],[-74.8282,39.89838],[-74.831,39.8986],[-74.83181,39.8985]]]}},{"type":"Feature","properties":{"n":"Oakbourne Park","area":643863},"geometry":{"type":"Polygon","coordinates":[[[-75.56704,39.93822],[-75.56395,39.93959],[-75.56458,39.94044],[-75.57039,39.94142],[-75.56894,39.94052],[-75.57106,39.9395],[-75.57013,39.93834],[-75.5716,39.9377],[-75.57383,39.9403],[-75.58048,39.93812],[-75.5806,39.93602],[-75.57872,39.93596],[-75.57763,39.93739],[-75.576,39.93627],[-75.57464,39.93143],[-75.566,39.93684],[-75.56704,39.93822]]]}},{"type":"Feature","properties":{"n":"State Game Lands Number 234","area":638424},"geometry":{"type":"Polygon","coordinates":[[[-75.56299,40.2013],[-75.56336,40.1998],[-75.57169,40.19871],[-75.57401,40.20424],[-75.57139,40.20501],[-75.57249,40.20655],[-75.56915,40.2085],[-75.56564,40.20684],[-75.563,40.20133],[-75.56299,40.2013]]]}},{"type":"Feature","properties":{"n":"Village of Arden","area":631574},"geometry":{"type":"Polygon","coordinates":[[[-75.49552,39.81139],[-75.49182,39.80665],[-75.48012,39.81272],[-75.48413,39.81499],[-75.48582,39.81346],[-75.48713,39.81488],[-75.48894,39.81435],[-75.48975,39.81507],[-75.49523,39.81156],[-75.49552,39.81139]]]}},{"type":"Feature","properties":{"n":"John James Audubon Center at Mill Grove","area":630943},"geometry":{"type":"Polygon","coordinates":[[[-75.44075,40.13264],[-75.4403,40.13146],[-75.44179,40.12982],[-75.43954,40.12834],[-75.44098,40.12607],[-75.43685,40.12347],[-75.44903,40.11747],[-75.45141,40.11969],[-75.44548,40.12255],[-75.44372,40.12626],[-75.44381,40.13198],[-75.44299,40.13366],[-75.44165,40.13311],[-75.44075,40.13264]]]}},{"type":"Feature","properties":{"n":"Delaware and Raritan Canal State Park","area":630799},"geometry":{"type":"Polygon","coordinates":[[[-74.94835,40.38608],[-74.94843,40.38423],[-74.95171,40.38282],[-74.95415,40.38402],[-74.95749,40.38725],[-74.95393,40.38941],[-74.95592,40.39195],[-74.95004,40.39347],[-74.94739,40.38721],[-74.94826,40.3862],[-74.94835,40.38608]]]}},{"type":"Feature","properties":{"n":"Tohickon Valley Park","area":626685},"geometry":{"type":"Polygon","coordinates":[[[-75.10005,40.43653],[-75.10635,40.43536],[-75.10893,40.43215],[-75.11131,40.43284],[-75.11178,40.43479],[-75.11518,40.43783],[-75.11345,40.43941],[-75.11118,40.43668],[-75.10939,40.43739],[-75.11025,40.43883],[-75.10641,40.44056],[-75.10364,40.43896],[-75.10081,40.4417],[-75.098,40.43883],[-75.10089,40.4372],[-75.10005,40.43653]]]}},{"type":"Feature","properties":{"n":"Valley Forge National Historical Park","area":617784},"geometry":{"type":"Polygon","coordinates":[[[-75.47073,40.11469],[-75.46785,40.11376],[-75.46897,40.11151],[-75.46226,40.1108],[-75.4615,40.11335],[-75.45516,40.11359],[-75.4522,40.11526],[-75.45028,40.11315],[-75.4468,40.11491],[-75.445,40.11422],[-75.44451,40.11549],[-75.44578,40.11697],[-75.44418,40.11792],[-75.44621,40.1195],[-75.43959,40.12202],[-75.43421,40.1187],[-75.43206,40.12043],[-75.42773,40.11903],[-75.42698,40.11761],[-75.42936,40.11521],[-75.42529,40.11586],[-75.42248,40.11468],[-75.47073,40.11469]]]}},{"type":"Feature","properties":{"n":"State Game Lands Number 56","area":616483},"geometry":{"type":"Polygon","coordinates":[[[-75.14516,40.51987],[-75.14267,40.51878],[-75.14416,40.51916],[-75.1466,40.51667],[-75.14362,40.5148],[-75.14923,40.50954],[-75.1508,40.51152],[-75.1514,40.51088],[-75.15663,40.5139],[-75.1499,40.51857],[-75.14791,40.51745],[-75.14696,40.51903],[-75.14516,40.51987]]]}},{"type":"Feature","properties":{"n":"Central Perkiomen Valley","area":611945},"geometry":{"type":"Polygon","coordinates":[[[-75.45233,40.22497],[-75.45319,40.22485],[-75.45213,40.23002],[-75.45578,40.24089],[-75.4559,40.24228],[-75.45382,40.24277],[-75.45109,40.23822],[-75.44985,40.23831],[-75.44835,40.23657],[-75.44886,40.23458],[-75.45048,40.23367],[-75.44778,40.22768],[-75.45215,40.22725],[-75.45236,40.22619],[-75.45233,40.22497]]]}},{"type":"Feature","properties":{"n":"Banning Park","area":605678},"geometry":{"type":"Polygon","coordinates":[[[-75.59956,39.71886],[-75.59388,39.72285],[-75.58721,39.72215],[-75.58642,39.71816],[-75.59545,39.71513],[-75.59956,39.71886]]]}},{"type":"Feature","properties":{"n":"Wissahickon Valley Park","area":602282},"geometry":{"type":"Polygon","coordinates":[[[-75.23298,40.0836],[-75.23987,40.0768],[-75.23891,40.07619],[-75.24131,40.07539],[-75.23675,40.07447],[-75.23903,40.07251],[-75.22603,40.07909],[-75.23298,40.0836]]]}},{"type":"Feature","properties":{"n":"Andorra Natural Area","area":602282},"geometry":{"type":"Polygon","coordinates":[[[-75.23298,40.0836],[-75.23987,40.0768],[-75.23891,40.07619],[-75.24131,40.07539],[-75.23675,40.07447],[-75.23903,40.07251],[-75.22603,40.07909],[-75.23298,40.0836]]]}},{"type":"Feature","properties":{"n":"Frenchtown Preserve","area":600537},"geometry":{"type":"Polygon","coordinates":[[[-75.04896,40.52261],[-75.04748,40.52195],[-75.04713,40.51955],[-75.04939,40.51936],[-75.04937,40.51831],[-75.06006,40.51749],[-75.06153,40.51834],[-75.05907,40.52336],[-75.0564,40.52385],[-75.05646,40.52307],[-75.05572,40.52382],[-75.04904,40.52263],[-75.04896,40.52261]]]}},{"type":"Feature","properties":{"n":"Delaware and Raritan Canal State Park","area":600537},"geometry":{"type":"Polygon","coordinates":[[[-75.04896,40.52261],[-75.04748,40.52195],[-75.04713,40.51955],[-75.04939,40.51936],[-75.04937,40.51831],[-75.06006,40.51749],[-75.06153,40.51834],[-75.05907,40.52336],[-75.0564,40.52385],[-75.05646,40.52307],[-75.05572,40.52382],[-75.04904,40.52263],[-75.04896,40.52261]]]}},{"type":"Feature","properties":{"n":"White's Mill Open Space","area":596531},"geometry":{"type":"Polygon","coordinates":[[[-75.40872,40.36187],[-75.40696,40.36141],[-75.40629,40.35876],[-75.40469,40.35776],[-75.40377,40.3586],[-75.40201,40.35747],[-75.40016,40.35976],[-75.39869,40.35981],[-75.3963,40.35878],[-75.39623,40.35779],[-75.39803,40.35871],[-75.39882,40.35795],[-75.39712,40.35692],[-75.39829,40.35577],[-75.40144,40.35663],[-75.4021,40.35493],[-75.40283,40.35538],[-75.4049,40.35316],[-75.4075,40.35454],[-75.40739,40.3531],[-75.41092,40.35417],[-75.41263,40.35277],[-75.4156,40.35557],[-75.40994,40.35539],[-75.4106,40.35779],[-75.40701,40.35934],[-75.40976,40.36086],[-75.40892,40.36178],[-75.40872,40.36187]]]}},{"type":"Feature","properties":{"n":"Woosamonsa Ridge Preserve","area":595579},"geometry":{"type":"Polygon","coordinates":[[[-74.83607,40.34071],[-74.83456,40.33963],[-74.83153,40.34079],[-74.8308,40.34026],[-74.83316,40.34232],[-74.83277,40.34366],[-74.83052,40.34515],[-74.83162,40.34623],[-74.82793,40.34862],[-74.8321,40.35113],[-74.84087,40.34949],[-74.84212,40.35086],[-74.84096,40.34934],[-74.83523,40.34695],[-74.83826,40.34602],[-74.83723,40.34264],[-74.83587,40.34315],[-74.83456,40.34204],[-74.83607,40.34071]]]}},{"type":"Feature","properties":{"n":"Giving Pond Recreation Area","area":594691},"geometry":{"type":"Polygon","coordinates":[[[-75.06732,40.52955],[-75.07261,40.52932],[-75.07486,40.53792],[-75.07024,40.54199],[-75.06838,40.53901],[-75.06741,40.53024],[-75.06732,40.52955]]]}},{"type":"Feature","properties":{"n":"John Heinz National Wildlife Refuge","area":585716},"geometry":{"type":"Polygon","coordinates":[[[-75.26636,39.88389],[-75.27018,39.88086],[-75.27175,39.88169],[-75.27337,39.88032],[-75.27512,39.88095],[-75.27367,39.88232],[-75.27533,39.88098],[-75.28012,39.8813],[-75.277,39.88369],[-75.27513,39.88371],[-75.27616,39.88515],[-75.26958,39.8879],[-75.26531,39.88716],[-75.26628,39.88396],[-75.26636,39.88389]]]}},{"type":"Feature","properties":{"n":"Pinelands National Reserve","area":583224},"geometry":{"type":"Polygon","coordinates":[[[-74.94436,39.69],[-74.96431,39.69],[-74.94293,39.69317],[-74.94007,39.69667],[-74.94086,39.70084],[-74.94292,39.70275],[-74.93944,39.70411],[-74.94457,39.71059],[-74.94983,39.71344],[-74.95056,39.71492],[-74.94948,39.71676],[-74.94436,39.69]]]}},{"type":"Feature","properties":{"n":"Blueberry Hill","area":580779},"geometry":{"type":"Polygon","coordinates":[[[-74.95636,39.83045],[-74.96019,39.83391],[-74.96204,39.83378],[-74.96263,39.832],[-74.96414,39.83313],[-74.96555,39.82596],[-74.953,39.82588],[-74.95554,39.82738],[-74.95676,39.83004],[-74.95636,39.83045]]]}},{"type":"Feature","properties":{"n":"John A. Roebling Memorial Park","area":568051},"geometry":{"type":"Polygon","coordinates":[[[-74.72196,40.18774],[-74.72814,40.18462],[-74.73327,40.185],[-74.73363,40.18709],[-74.73849,40.18755],[-74.72567,40.19135],[-74.72656,40.19007],[-74.72472,40.18904],[-74.72164,40.19063],[-74.72016,40.18999],[-74.72171,40.18796],[-74.72196,40.18774]]]}},{"type":"Feature","properties":{"n":"Delaware and Raritan Canal State Park","area":564616},"geometry":{"type":"Polygon","coordinates":[[[-74.69,40.30029],[-74.69281,40.29368],[-74.6926,40.29263],[-74.69065,40.29281],[-74.69059,40.29004],[-74.69198,40.28986],[-74.69199,40.28808],[-74.69501,40.28723],[-74.69483,40.28577],[-74.69697,40.28546],[-74.69892,40.28131],[-74.70445,40.27679],[-74.70605,40.28131],[-74.70065,40.28414],[-74.69872,40.28366],[-74.69776,40.28532],[-74.69,40.30029]]]}},{"type":"Feature","properties":{"n":"State Game Lands Number 139","area":556566},"geometry":{"type":"Polygon","coordinates":[[[-75.30647,40.40494],[-75.30514,40.40474],[-75.30625,40.40408],[-75.30412,40.4014],[-75.30693,40.39876],[-75.3034,40.39705],[-75.31048,40.39078],[-75.31235,40.39198],[-75.3081,40.39556],[-75.30979,40.39637],[-75.30846,40.39768],[-75.30686,40.39688],[-75.30715,40.39892],[-75.30915,40.40014],[-75.31084,40.39867],[-75.31439,40.40166],[-75.31348,40.40254],[-75.3111,40.40194],[-75.30697,40.40573],[-75.30647,40.40494]]]}},{"type":"Feature","properties":{"n":"Woodfield Reservation","area":548155},"geometry":{"type":"Polygon","coordinates":[[[-74.69789,40.37225],[-74.70116,40.37139],[-74.70339,40.36894],[-74.70575,40.37043],[-74.70601,40.36618],[-74.70963,40.36716],[-74.71278,40.36575],[-74.70714,40.36418],[-74.70252,40.36466],[-74.70085,40.36294],[-74.69877,40.36439],[-74.70126,40.36716],[-74.69508,40.3683],[-74.6978,40.37045],[-74.69681,40.3708],[-74.69789,40.37225]]]}},{"type":"Feature","properties":{"n":"Fulshaw Craeg Preserve","area":545193},"geometry":{"type":"Polygon","coordinates":[[[-75.41817,40.33813],[-75.42019,40.3384],[-75.42325,40.33652],[-75.4228,40.33573],[-75.42462,40.33451],[-75.42305,40.33359],[-75.42384,40.33073],[-75.42798,40.33893],[-75.42248,40.34185],[-75.42129,40.34499],[-75.41657,40.34247],[-75.4196,40.33948],[-75.41813,40.33825],[-75.41817,40.33813]]]}},{"type":"Feature","properties":{"n":"Wharton State Forest","area":543206},"geometry":{"type":"Polygon","coordinates":[[[-74.73233,39.80682],[-74.73943,39.80659],[-74.73917,39.80959],[-74.72474,39.81013],[-74.72455,39.80853],[-74.72025,39.80751],[-74.72231,39.80376],[-74.72396,39.8034],[-74.72439,39.80715],[-74.73242,39.80665],[-74.73233,39.80682]]]}},{"type":"Feature","properties":{"n":null,"area":542455},"geometry":{"type":"Polygon","coordinates":[[[-75.22289,40.13242],[-75.22013,40.12775],[-75.22013,40.12415],[-75.22141,40.12321],[-75.21849,40.12109],[-75.21974,40.12028],[-75.21896,40.11696],[-75.22113,40.11398],[-75.2169,40.10992],[-75.21465,40.11134],[-75.21631,40.11093],[-75.21723,40.11323],[-75.2179,40.11237],[-75.21867,40.11317],[-75.21696,40.11565],[-75.21492,40.11511],[-75.21538,40.11771],[-75.21659,40.11809],[-75.21608,40.12012],[-75.2173,40.12216],[-75.21962,40.12364],[-75.21848,40.12388],[-75.21849,40.12864],[-75.21958,40.13114],[-75.22167,40.1324],[-75.22203,40.13531],[-75.22296,40.13294],[-75.22289,40.13242]]]}},{"type":"Feature","properties":{"n":"Penllyn Woods and Park","area":539094},"geometry":{"type":"Polygon","coordinates":[[[-75.25336,40.18049],[-75.24788,40.17415],[-75.24938,40.17233],[-75.25087,40.1743],[-75.2543,40.17201],[-75.25386,40.17266],[-75.25746,40.17374],[-75.25677,40.17444],[-75.25814,40.17456],[-75.25805,40.17537],[-75.25923,40.17473],[-75.25803,40.17661],[-75.26028,40.17692],[-75.25991,40.17812],[-75.2576,40.17824],[-75.25668,40.18087],[-75.25426,40.17954],[-75.25336,40.18049]]]}},{"type":"Feature","properties":{"n":"Delaware and Raritan Canal State Park","area":538602},"geometry":{"type":"Polygon","coordinates":[[[-74.88603,40.31709],[-74.88145,40.31754],[-74.87816,40.31627],[-74.88419,40.31118],[-74.89399,40.3158],[-74.8907,40.31732],[-74.88603,40.31709]]]}},{"type":"Feature","properties":{"n":"Fiddler's Creek Preserve","area":538602},"geometry":{"type":"Polygon","coordinates":[[[-74.88603,40.31709],[-74.88145,40.31754],[-74.87816,40.31627],[-74.88419,40.31118],[-74.89399,40.3158],[-74.8907,40.31732],[-74.88603,40.31709]]]}},{"type":"Feature","properties":{"n":"Robert B. Gordon Natural Area","area":537455},"geometry":{"type":"Polygon","coordinates":[[[-75.60115,39.93498],[-75.60768,39.93291],[-75.60676,39.93118],[-75.60273,39.93162],[-75.60247,39.93317],[-75.59773,39.93538],[-75.58972,39.93746],[-75.59131,39.93891],[-75.59108,39.94101],[-75.59291,39.94038],[-75.5934,39.94172],[-75.59615,39.94047],[-75.59823,39.94316],[-75.59842,39.93697],[-75.60005,39.93549],[-75.60115,39.93498]]]}},{"type":"Feature","properties":{"n":"Morris Park","area":528693},"geometry":{"type":"Polygon","coordinates":[[[-75.25978,39.98062],[-75.26026,39.98221],[-75.25891,39.98287],[-75.25856,39.98544],[-75.25512,39.98132],[-75.25599,39.97818],[-75.25501,39.97279],[-75.25981,39.9745],[-75.26094,39.97734],[-75.26782,39.98071],[-75.26559,39.98169],[-75.26108,39.97837],[-75.25961,39.98005],[-75.25978,39.98062]]]}},{"type":"Feature","properties":{"n":"Cobbs Creek Park","area":521739},"geometry":{"type":"Polygon","coordinates":[[[-75.25891,39.96564],[-75.26063,39.9663],[-75.26518,39.96522],[-75.26725,39.96618],[-75.25821,39.97364],[-75.25488,39.97256],[-75.25432,39.96989],[-75.25891,39.96564]]]}},{"type":"Feature","properties":{"n":"Taylor Wildlife Preserve","area":520666},"geometry":{"type":"Polygon","coordinates":[[[-74.99069,40.02989],[-74.99321,40.02718],[-74.99467,40.02679],[-74.9954,40.02761],[-74.99583,40.02505],[-74.99799,40.02573],[-74.99922,40.02329],[-74.99952,40.02436],[-75.00145,40.0227],[-74.99787,40.0211],[-74.99596,40.02263],[-74.99447,40.02193],[-74.99435,40.02287],[-74.99035,40.0248],[-74.98943,40.0241],[-74.98737,40.02536],[-74.98803,40.02601],[-74.98548,40.02661],[-74.98862,40.02913],[-74.99069,40.02989]]]}},{"type":"Feature","properties":{"n":"Delaware and Raritan Canal State Park","area":518814},"geometry":{"type":"Polygon","coordinates":[[[-74.86612,40.2959],[-74.85434,40.28],[-74.85209,40.2726],[-74.84685,40.2642],[-74.84592,40.25969],[-74.86612,40.2959]]]}},{"type":"Feature","properties":{"n":"Tinicum Park","area":513994},"geometry":{"type":"Polygon","coordinates":[[[-75.07405,40.51372],[-75.06932,40.51402],[-75.06974,40.51102],[-75.0668,40.50498],[-75.07299,40.5041],[-75.07416,40.51207],[-75.07405,40.51372]]]}},{"type":"Feature","properties":{"n":"Newlin Grist Mill Park","area":513237},"geometry":{"type":"Polygon","coordinates":[[[-75.51286,39.88103],[-75.51177,39.88064],[-75.51158,39.88188],[-75.51024,39.88135],[-75.50786,39.88247],[-75.50895,39.88388],[-75.50518,39.88573],[-75.50577,39.88908],[-75.50427,39.88884],[-75.50271,39.89062],[-75.50389,39.89175],[-75.51164,39.88892],[-75.51103,39.88738],[-75.51527,39.88389],[-75.51394,39.88175],[-75.51322,39.88266],[-75.51269,39.88201],[-75.51286,39.88103]]]}},{"type":"Feature","properties":{"n":"Central Park","area":511985},"geometry":{"type":"Polygon","coordinates":[[[-75.14556,40.28819],[-75.13577,40.28241],[-75.13181,40.28592],[-75.13305,40.28769],[-75.13513,40.28742],[-75.14061,40.29101],[-75.1437,40.28997],[-75.14556,40.28819]]]}},{"type":"Feature","properties":{"n":"Smedley Preserve","area":502577},"geometry":{"type":"Polygon","coordinates":[[[-75.78212,39.84927],[-75.78268,39.84819],[-75.78326,39.84923],[-75.7847,39.84861],[-75.78448,39.84558],[-75.77463,39.84568],[-75.77471,39.84904],[-75.76906,39.84724],[-75.76824,39.84608],[-75.76634,39.84643],[-75.76699,39.84844],[-75.76902,39.84807],[-75.77016,39.85021],[-75.78077,39.84921],[-75.78212,39.84927]]]}},{"type":"Feature","properties":{"n":"Willisbrook Preserve","area":500325},"geometry":{"type":"Polygon","coordinates":[[[-75.52488,40.00841],[-75.5234,40.00622],[-75.52546,40.00526],[-75.52392,40.00342],[-75.5183,40.00507],[-75.51994,40.0078],[-75.5192,40.00825],[-75.52317,40.00743],[-75.524,40.00881],[-75.51887,40.01008],[-75.51766,40.01156],[-75.51824,40.01214],[-75.51949,40.0111],[-75.52146,40.0137],[-75.52505,40.01272],[-75.52722,40.01175],[-75.52621,40.01045],[-75.52684,40.00862],[-75.53243,40.0065],[-75.52497,40.00839],[-75.52488,40.00841]]]}},{"type":"Feature","properties":{"n":"Main Day Use Area","area":499884},"geometry":{"type":"Polygon","coordinates":[[[-75.78165,40.19831],[-75.77759,40.20073],[-75.77705,40.20184],[-75.77874,40.20198],[-75.77805,40.20305],[-75.78937,40.19822],[-75.78944,40.20081],[-75.7947,40.19823],[-75.79223,40.19708],[-75.78951,40.19752],[-75.78836,40.19591],[-75.78603,40.19535],[-75.78167,40.19814],[-75.78165,40.19831]]]}},{"type":"Feature","properties":{"n":"Pennypack Ecological Restoration Trust","area":496670},"geometry":{"type":"Polygon","coordinates":[[[-75.07443,40.15151],[-75.07114,40.14693],[-75.07376,40.14638],[-75.07643,40.14864],[-75.07404,40.1505],[-75.07468,40.15145],[-75.0771,40.1477],[-75.07547,40.14319],[-75.07437,40.1442],[-75.07327,40.14369],[-75.07259,40.14053],[-75.06932,40.14271],[-75.07046,40.14423],[-75.06841,40.14421],[-75.06946,40.14509],[-75.06802,40.14488],[-75.0672,40.14662],[-75.06926,40.14819],[-75.06824,40.14919],[-75.07439,40.15155],[-75.07443,40.15151]]]}},{"type":"Feature","properties":{"n":"Great Marsh","area":496526},"geometry":{"type":"Polygon","coordinates":[[[-75.7912,40.13652],[-75.78986,40.13339],[-75.79275,40.13331],[-75.79948,40.13844],[-75.79921,40.14107],[-75.79108,40.14183],[-75.79138,40.13788],[-75.7912,40.13652]]]}},{"type":"Feature","properties":{"n":"Natural Lands Diabase Preserve (Not Open to Public)","area":493079},"geometry":{"type":"Polygon","coordinates":[[[-74.95867,40.3058],[-74.96348,40.30026],[-74.96615,40.3018],[-74.9658,40.30468],[-74.97001,40.30754],[-74.9669,40.31064],[-74.96224,40.30787],[-74.96473,40.30809],[-74.96578,40.30659],[-74.96381,40.30567],[-74.9639,40.30721],[-74.96205,40.30775],[-74.95867,40.3058]]]}},{"type":"Feature","properties":{"n":"Pennington Park","area":484058},"geometry":{"type":"Polygon","coordinates":[[[-74.92624,40.03702],[-74.93176,40.0337],[-74.93359,40.03518],[-74.93261,40.03585],[-74.93351,40.03676],[-74.93813,40.03822],[-74.93668,40.0398],[-74.93857,40.04049],[-74.93526,40.04273],[-74.92844,40.03841],[-74.92624,40.03702]]]}},{"type":"Feature","properties":{"n":"State Game Lands Number 315","area":482573},"geometry":{"type":"Polygon","coordinates":[[[-75.68356,40.43946],[-75.68299,40.43855],[-75.68498,40.43703],[-75.69276,40.43567],[-75.68231,40.44493],[-75.67896,40.44098],[-75.68356,40.43946]]]}},{"type":"Feature","properties":{"n":"Skillman Park","area":481999},"geometry":{"type":"Polygon","coordinates":[[[-74.70217,40.41459],[-74.70227,40.41046],[-74.69518,40.41178],[-74.69515,40.41286],[-74.69299,40.4135],[-74.69,40.41282],[-74.69,40.41735],[-74.69216,40.41809],[-74.6945,40.41753],[-74.69707,40.41505],[-74.69861,40.41492],[-74.70217,40.41459]]]}},{"type":"Feature","properties":{"n":"Delaware and Raritan Canal State Park","area":481204},"geometry":{"type":"Polygon","coordinates":[[[-75.03387,40.41007],[-75.02978,40.40575],[-75.02529,40.40478],[-75.01424,40.40754],[-75.03387,40.41007]]]}},{"type":"Feature","properties":{"n":"Mount Rose Preserve","area":478504},"geometry":{"type":"Polygon","coordinates":[[[-74.73657,40.3673],[-74.72578,40.36576],[-74.72803,40.36372],[-74.72551,40.36158],[-74.72472,40.35855],[-74.72824,40.3552],[-74.73044,40.35484],[-74.73092,40.35604],[-74.72788,40.35645],[-74.72875,40.3577],[-74.7262,40.3584],[-74.72677,40.36197],[-74.73169,40.36082],[-74.73081,40.35901],[-74.73186,40.35796],[-74.73434,40.36289],[-74.73137,40.36261],[-74.73295,40.36568],[-74.73538,40.36495],[-74.73657,40.3673]]]}},{"type":"Feature","properties":{"n":"Black Rock Sanctuary","area":478445},"geometry":{"type":"Polygon","coordinates":[[[-75.50734,40.15234],[-75.50688,40.14868],[-75.5014,40.15441],[-75.50188,40.15773],[-75.50527,40.15956],[-75.50857,40.1595],[-75.51042,40.15819],[-75.50737,40.15753],[-75.50691,40.15653],[-75.50817,40.15603],[-75.50635,40.15499],[-75.50734,40.15302],[-75.50734,40.15234]]]}},{"type":"Feature","properties":{"n":"Delaware and Raritan Canal State Park","area":474673},"geometry":{"type":"Polygon","coordinates":[[[-74.72107,40.17701],[-74.71499,40.16066],[-74.71484,40.15783],[-74.71808,40.15222],[-74.71718,40.15486],[-74.71856,40.16603],[-74.72198,40.17273],[-74.72008,40.17059],[-74.72191,40.17445],[-74.72095,40.17368],[-74.72144,40.17746],[-74.72107,40.17701]]]}},{"type":"Feature","properties":{"n":"Henry Clay Village Historic District","area":473342},"geometry":{"type":"Polygon","coordinates":[[[-75.586,39.76814],[-75.58724,39.7701],[-75.58246,39.77042],[-75.58214,39.77193],[-75.58017,39.77149],[-75.57892,39.77248],[-75.57924,39.77057],[-75.57617,39.7675],[-75.57976,39.76368],[-75.58098,39.76434],[-75.5829,39.763],[-75.58437,39.76359],[-75.58166,39.76484],[-75.58558,39.76783],[-75.586,39.76814]]]}},{"type":"Feature","properties":{"n":"Clover Hill Park","area":469995},"geometry":{"type":"Polygon","coordinates":[[[-74.79487,40.49778],[-74.80227,40.49724],[-74.80585,40.49961],[-74.80256,40.50247],[-74.79296,40.5013],[-74.79157,40.50019],[-74.79487,40.49778]]]}},{"type":"Feature","properties":{"n":"Delaware and Raritan Canal State Park","area":462932},"geometry":{"type":"Polygon","coordinates":[[[-75.04532,40.41994],[-75.04711,40.41869],[-75.04834,40.41915],[-75.04918,40.41826],[-75.04833,40.4174],[-75.05147,40.4179],[-75.05266,40.41931],[-75.05163,40.42312],[-75.0494,40.42451],[-75.04931,40.42323],[-75.03958,40.42391],[-75.03938,40.42258],[-75.04438,40.42036],[-75.04532,40.41994]]]}},{"type":"Feature","properties":{"n":"State Game Lands Number 315","area":462235},"geometry":{"type":"Polygon","coordinates":[[[-75.61047,40.42961],[-75.60761,40.43201],[-75.60553,40.43216],[-75.60453,40.43142],[-75.60725,40.42938],[-75.606,40.42883],[-75.60488,40.42979],[-75.59834,40.42704],[-75.59961,40.42507],[-75.60409,40.42632],[-75.60555,40.42348],[-75.60704,40.42436],[-75.60777,40.42347],[-75.61028,40.42435],[-75.60816,40.42822],[-75.61047,40.42961]]]}},{"type":"Feature","properties":{"n":"Pennypack Ecological Restoration Trust","area":461398},"geometry":{"type":"Polygon","coordinates":[[[-75.07492,40.13034],[-75.07301,40.13215],[-75.07524,40.13598],[-75.07557,40.13987],[-75.07966,40.13902],[-75.08116,40.13753],[-75.07965,40.13663],[-75.08123,40.13502],[-75.08275,40.13591],[-75.08341,40.13525],[-75.07561,40.13073],[-75.07492,40.13034]]]}},{"type":"Feature","properties":{"n":"Rose Tree Park","area":457860},"geometry":{"type":"Polygon","coordinates":[[[-75.39001,39.93915],[-75.38974,39.93786],[-75.3929,39.93759],[-75.39659,39.94318],[-75.38968,39.94575],[-75.38681,39.94357],[-75.39001,39.93925],[-75.39001,39.93915]]]}},{"type":"Feature","properties":{"n":"Birmingham Hill Preserve","area":457483},"geometry":{"type":"Polygon","coordinates":[[[-75.60002,39.90271],[-75.59407,39.90518],[-75.59095,39.9033],[-75.59185,39.898],[-75.59443,39.89629],[-75.59593,39.89724],[-75.60002,39.90271]]]}},{"type":"Feature","properties":{"n":"Binky Lee Preserve","area":456537},"geometry":{"type":"Polygon","coordinates":[[[-75.59632,40.10251],[-75.59918,40.09923],[-75.59658,40.09779],[-75.59981,40.09444],[-75.60724,40.09813],[-75.60319,40.10123],[-75.59993,40.09965],[-75.59926,40.10085],[-75.60048,40.10152],[-75.60268,40.10117],[-75.59931,40.1032],[-75.59661,40.10262],[-75.59632,40.10251]]]}},{"type":"Feature","properties":{"n":"Camp Olympic Park","area":452098},"geometry":{"type":"Polygon","coordinates":[[[-75.52948,40.5423],[-75.51916,40.53791],[-75.51538,40.5352],[-75.51726,40.53444],[-75.52018,40.53592],[-75.52206,40.53428],[-75.52487,40.53466],[-75.52747,40.53655],[-75.52921,40.54139],[-75.52948,40.5423]]]}},{"type":"Feature","properties":{"n":"Tall Pines State Preserve","area":447210},"geometry":{"type":"Polygon","coordinates":[[[-75.14452,39.77822],[-75.14681,39.77681],[-75.1444,39.77392],[-75.1366,39.7733],[-75.13724,39.77569],[-75.13866,39.77567],[-75.13906,39.77664],[-75.13754,39.7785],[-75.13902,39.77881],[-75.13819,39.7807],[-75.14224,39.78174],[-75.14377,39.77867],[-75.14452,39.77822]]]}},{"type":"Feature","properties":{"n":"Tall Pines State Preserve","area":447210},"geometry":{"type":"Polygon","coordinates":[[[-75.14452,39.77822],[-75.14681,39.77681],[-75.1444,39.77392],[-75.1366,39.7733],[-75.13724,39.77569],[-75.13866,39.77567],[-75.13906,39.77664],[-75.13754,39.7785],[-75.13902,39.77881],[-75.13819,39.7807],[-75.14224,39.78174],[-75.14377,39.77867],[-75.14452,39.77822]]]}},{"type":"Feature","properties":{"n":"Sanatoga Memorial Park","area":446975},"geometry":{"type":"Polygon","coordinates":[[[-75.58671,40.24244],[-75.59097,40.23895],[-75.58762,40.23356],[-75.58407,40.23504],[-75.58207,40.23953],[-75.58609,40.24042],[-75.58608,40.24239],[-75.58671,40.24244]]]}},{"type":"Feature","properties":{"n":"Valley Garden Park","area":446245},"geometry":{"type":"Polygon","coordinates":[[[-75.61682,39.79047],[-75.61254,39.78883],[-75.61306,39.78369],[-75.61627,39.77889],[-75.6174,39.78036],[-75.61741,39.78632],[-75.61973,39.78747],[-75.61922,39.78839],[-75.61682,39.79047]]]}},{"type":"Feature","properties":{"n":"Wissahickon Valley Park","area":445777},"geometry":{"type":"Polygon","coordinates":[[[-75.21901,40.06788],[-75.22076,40.06937],[-75.21996,40.06993],[-75.22241,40.07111],[-75.22188,40.07283],[-75.21589,40.07282],[-75.21534,40.07338],[-75.21744,40.07478],[-75.21548,40.07715],[-75.21843,40.07586],[-75.22226,40.0783],[-75.22129,40.07944],[-75.22307,40.07855],[-75.22515,40.07932],[-75.22419,40.07995],[-75.22705,40.08266],[-75.22703,40.08418],[-75.23048,40.08595],[-75.21901,40.06788]]]}},{"type":"Feature","properties":{"n":"Delaware and Raritan Canal State Park","area":443170},"geometry":{"type":"Polygon","coordinates":[[[-75.06323,40.53981],[-75.06777,40.5469],[-75.06634,40.54723],[-75.06395,40.54453],[-75.06026,40.54478],[-75.06011,40.54603],[-75.05952,40.54544],[-75.05826,40.53788],[-75.06261,40.53715],[-75.06342,40.53975],[-75.06323,40.53981]]]}},{"type":"Feature","properties":{"n":"Willingboro Lakes Park","area":441552},"geometry":{"type":"Polygon","coordinates":[[[-74.92644,40.03185],[-74.91745,40.03749],[-74.91518,40.03708],[-74.9138,40.03383],[-74.91605,40.03423],[-74.92066,40.02876],[-74.9229,40.03069],[-74.92682,40.03151],[-74.92644,40.03185]]]}},{"type":"Feature","properties":{"n":"Timber Top Farm","area":440897},"geometry":{"type":"Polygon","coordinates":[[[-75.63707,39.96747],[-75.63766,39.96581],[-75.6408,39.96615],[-75.63882,39.96286],[-75.63973,39.96023],[-75.64162,39.95975],[-75.64652,39.96698],[-75.64443,39.96749],[-75.6449,39.9685],[-75.63759,39.96756],[-75.63707,39.96747]]]}},{"type":"Feature","properties":{"n":"Cobbs Creek Park","area":436563},"geometry":{"type":"Polygon","coordinates":[[[-75.24103,39.94362],[-75.23404,39.93741],[-75.23777,39.93328],[-75.24013,39.93366],[-75.24263,39.93237],[-75.24362,39.92963],[-75.24555,39.93074],[-75.24395,39.93452],[-75.23822,39.93322],[-75.23486,39.93675],[-75.23586,39.93842],[-75.24058,39.93783],[-75.24251,39.94105],[-75.24442,39.94196],[-75.24631,39.94133],[-75.24725,39.94327],[-75.2425,39.94282],[-75.24103,39.94362]]]}},{"type":"Feature","properties":{"n":"Wickecheoke Preserve","area":433836},"geometry":{"type":"Polygon","coordinates":[[[-74.97233,40.46673],[-74.97107,40.46525],[-74.97323,40.46393],[-74.96914,40.46397],[-74.96745,40.46156],[-74.96659,40.45752],[-74.96835,40.456],[-74.97213,40.45566],[-74.96994,40.45883],[-74.97138,40.46027],[-74.97728,40.45679],[-74.97851,40.45905],[-74.97073,40.46108],[-74.97125,40.46294],[-74.97384,40.46292],[-74.97297,40.46643],[-74.97233,40.46673]]]}},{"type":"Feature","properties":{"n":"Sourland Mountain Preserve","area":433814},"geometry":{"type":"Polygon","coordinates":[[[-74.69294,40.4861],[-74.69349,40.47762],[-74.69243,40.47741],[-74.69321,40.47665],[-74.69174,40.47305],[-74.69,40.47408],[-74.69229,40.47185],[-74.69,40.46603],[-74.69,40.48508],[-74.69187,40.48574],[-74.69294,40.4861]]]}},{"type":"Feature","properties":{"n":"Horseshoe Bend Park","area":433183},"geometry":{"type":"Polygon","coordinates":[[[-75.04515,40.50544],[-75.04518,40.50707],[-75.04205,40.50736],[-75.04141,40.50585],[-75.04389,40.50598],[-75.04349,40.50345],[-75.04056,40.50405],[-75.03961,40.50245],[-75.0426,40.50139],[-75.04227,40.49985],[-75.03759,40.49914],[-75.03789,40.49708],[-75.03968,40.49719],[-75.03938,40.49528],[-75.04385,40.49496],[-75.04515,40.50544]]]}},{"type":"Feature","properties":{"n":"State Game Lands Number 56","area":430329},"geometry":{"type":"Polygon","coordinates":[[[-75.1178,40.53032],[-75.11709,40.52695],[-75.12083,40.52362],[-75.12312,40.52677],[-75.12452,40.52623],[-75.12691,40.528],[-75.12137,40.53232],[-75.1178,40.53032]]]}},{"type":"Feature","properties":{"n":"Rancocas State Park","area":430184},"geometry":{"type":"Polygon","coordinates":[[[-74.85673,39.99366],[-74.85467,39.99412],[-74.85394,39.99231],[-74.84879,39.99093],[-74.85257,39.98883],[-74.85206,39.98314],[-74.854,39.98209],[-74.85592,39.98563],[-74.85741,39.98551],[-74.85669,39.98869],[-74.85506,39.98872],[-74.85532,39.99066],[-74.85656,39.99112],[-74.85673,39.99366]]]}},{"type":"Feature","properties":{"n":"River Islands Natural Area","area":429956},"geometry":{"type":"Polygon","coordinates":[[[-75.00024,40.40875],[-74.99803,40.40999],[-74.99561,40.40989],[-74.99141,40.40877],[-74.9878,40.40635],[-74.99751,40.40555],[-75.00272,40.40741],[-75.00084,40.40842],[-75.00024,40.40875]]]}},{"type":"Feature","properties":{"n":"Delaware Canal State Park","area":429956},"geometry":{"type":"Polygon","coordinates":[[[-75.00024,40.40875],[-74.99803,40.40999],[-74.99561,40.40989],[-74.99141,40.40877],[-74.9878,40.40635],[-74.99751,40.40555],[-75.00272,40.40741],[-75.00084,40.40842],[-75.00024,40.40875]]]}},{"type":"Feature","properties":{"n":"William M. Redd, Jr. Park","area":428813},"geometry":{"type":"Polygon","coordinates":[[[-75.73937,39.70208],[-75.74041,39.69908],[-75.7431,39.69782],[-75.74625,39.69929],[-75.74572,39.70194],[-75.74704,39.70235],[-75.74638,39.70357],[-75.74409,39.7013],[-75.74268,39.70515],[-75.74101,39.70568],[-75.74132,39.71227],[-75.73952,39.71334],[-75.73708,39.70982],[-75.74001,39.70853],[-75.73895,39.70731],[-75.73954,39.70535],[-75.73766,39.70454],[-75.74181,39.70284],[-75.74206,39.70208],[-75.74018,39.70162],[-75.73937,39.70208]]]}},{"type":"Feature","properties":{"n":"White Clay Creek Preserve","area":428749},"geometry":{"type":"Polygon","coordinates":[[[-75.76254,39.74394],[-75.7649,39.74365],[-75.76716,39.74645],[-75.76156,39.75262],[-75.76285,39.75314],[-75.76223,39.75385],[-75.76023,39.75336],[-75.75966,39.75189],[-75.75682,39.75244],[-75.76254,39.74394]]]}},{"type":"Feature","properties":{"n":"Anson B. Nixon Park","area":428291},"geometry":{"type":"Polygon","coordinates":[[[-75.71219,39.85624],[-75.71018,39.84888],[-75.70762,39.84919],[-75.70779,39.85012],[-75.70378,39.85324],[-75.70362,39.85666],[-75.71098,39.85627],[-75.71219,39.85624]]]}},{"type":"Feature","properties":{"n":"Delaware and Raritan Canal State Park","area":428186},"geometry":{"type":"Polygon","coordinates":[[[-74.73598,40.24331],[-74.73054,40.24871],[-74.72417,40.25042],[-74.72042,40.25304],[-74.71577,40.26128],[-74.71482,40.26666],[-74.71375,40.26752],[-74.71257,40.26616],[-74.71079,40.26759],[-74.7097,40.26652],[-74.71153,40.26404],[-74.71457,40.26302],[-74.71409,40.26115],[-74.71699,40.25725],[-74.71681,40.25429],[-74.7191,40.24942],[-74.72133,40.25157],[-74.72969,40.24791],[-74.736,40.2433],[-74.73598,40.24331]]]}},{"type":"Feature","properties":{"n":"Milford Township Park","area":427972},"geometry":{"type":"Polygon","coordinates":[[[-75.39622,40.42815],[-75.39739,40.42926],[-75.39723,40.43258],[-75.39545,40.43283],[-75.39464,40.43635],[-75.39187,40.43599],[-75.3885,40.43253],[-75.39034,40.42994],[-75.39237,40.42967],[-75.3917,40.4291],[-75.39592,40.42801],[-75.39622,40.42815]]]}},{"type":"Feature","properties":{"n":"Cadwalader Park","area":427498},"geometry":{"type":"Polygon","coordinates":[[[-74.79325,40.24213],[-74.78537,40.2371],[-74.79106,40.23254],[-74.79281,40.2334],[-74.79213,40.23532],[-74.79552,40.23658],[-74.7935,40.24151],[-74.79325,40.24213]]]}},{"type":"Feature","properties":{"n":"State Game Lands Number 56","area":426043},"geometry":{"type":"Polygon","coordinates":[[[-75.13511,40.54222],[-75.13411,40.54121],[-75.13305,40.54178],[-75.13132,40.53983],[-75.13472,40.53615],[-75.13728,40.53839],[-75.14483,40.535],[-75.14555,40.53581],[-75.14294,40.53717],[-75.14421,40.53842],[-75.14257,40.53997],[-75.13869,40.54208],[-75.13675,40.53981],[-75.13533,40.54057],[-75.13619,40.5417],[-75.13511,40.54222]]]}},{"type":"Feature","properties":{"n":null,"area":425343},"geometry":{"type":"Polygon","coordinates":[[[-75.77145,40.13533],[-75.76772,40.13677],[-75.76867,40.13749],[-75.76651,40.13832],[-75.76369,40.13866],[-75.7634,40.13669],[-75.75917,40.13698],[-75.7595,40.13885],[-75.7532,40.1396],[-75.75454,40.13864],[-75.75448,40.13494],[-75.77145,40.13533]]]}},{"type":"Feature","properties":{"n":"Delcastle Recreation Park","area":425126},"geometry":{"type":"Polygon","coordinates":[[[-75.65983,39.74893],[-75.65549,39.74785],[-75.65306,39.74606],[-75.65679,39.74056],[-75.66172,39.73944],[-75.65971,39.7453],[-75.65989,39.74889],[-75.65983,39.74893]]]}},{"type":"Feature","properties":{"n":"Mill Creek Valley Park","area":424114},"geometry":{"type":"Polygon","coordinates":[[[-75.25152,40.04099],[-75.25399,40.03771],[-75.2555,40.03853],[-75.25341,40.0408],[-75.2552,40.04198],[-75.26007,40.03987],[-75.26123,40.03859],[-75.2603,40.03751],[-75.26416,40.03348],[-75.26236,40.03175],[-75.2631,40.03107],[-75.26636,40.03345],[-75.26888,40.03328],[-75.26422,40.03483],[-75.26347,40.03961],[-75.26021,40.04202],[-75.25986,40.04359],[-75.25742,40.04465],[-75.25223,40.04154],[-75.25152,40.04099]]]}},{"type":"Feature","properties":{"n":"Pennypack on the Delaware","area":422140},"geometry":{"type":"Polygon","coordinates":[[[-75.01948,40.02773],[-75.01558,40.02341],[-75.01614,40.02559],[-75.01406,40.02527],[-75.01477,40.02663],[-75.01329,40.02586],[-75.00568,40.03057],[-75.00744,40.0343],[-75.0085,40.03231],[-75.01044,40.03312],[-75.00919,40.03401],[-75.01068,40.03336],[-75.00787,40.03499],[-75.01078,40.03441],[-75.01159,40.03147],[-75.01582,40.0284],[-75.01511,40.02763],[-75.01662,40.026],[-75.0194,40.02762],[-75.01948,40.02773]]]}},{"type":"Feature","properties":{"n":"Willow Lake Farm","area":421163},"geometry":{"type":"Polygon","coordinates":[[[-75.24056,40.14271],[-75.23931,40.14202],[-75.23532,40.14496],[-75.2313,40.14234],[-75.23467,40.13891],[-75.23694,40.14031],[-75.24061,40.13658],[-75.24295,40.13818],[-75.24201,40.13916],[-75.2432,40.13994],[-75.24132,40.1419],[-75.24056,40.14271]]]}},{"type":"Feature","properties":{"n":"Powelton Village Historic District","area":419714},"geometry":{"type":"Polygon","coordinates":[[[-75.1994,39.96237],[-75.18808,39.96384],[-75.18765,39.95999],[-75.18948,39.95993],[-75.18923,39.95835],[-75.19081,39.95842],[-75.1899,39.95732],[-75.19167,39.9581],[-75.19305,39.95749],[-75.19861,39.96129],[-75.2,39.96111],[-75.19927,39.96168],[-75.1994,39.96237]]]}},{"type":"Feature","properties":{"n":"Tamanend Park","area":417220},"geometry":{"type":"Polygon","coordinates":[[[-75.03444,40.18418],[-75.03304,40.18197],[-75.02848,40.18301],[-75.02495,40.18136],[-75.03503,40.17639],[-75.03659,40.1821],[-75.03444,40.18418]]]}},{"type":"Feature","properties":{"n":"Peter Wentz Farmstead","area":416763},"geometry":{"type":"Polygon","coordinates":[[[-75.33776,40.19536],[-75.34096,40.19794],[-75.33645,40.20266],[-75.33556,40.20185],[-75.33287,40.20313],[-75.32937,40.19844],[-75.33441,40.19697],[-75.33824,40.1981],[-75.33776,40.19536]]]}},{"type":"Feature","properties":{"n":"Pennypack Ecological Restoration Trust","area":415324},"geometry":{"type":"Polygon","coordinates":[[[-75.08082,40.13803],[-75.08274,40.1361],[-75.0856,40.13771],[-75.08479,40.13847],[-75.08649,40.13939],[-75.08447,40.14141],[-75.08538,40.14095],[-75.08635,40.14326],[-75.08239,40.1442],[-75.07976,40.14307],[-75.07942,40.14049],[-75.07682,40.14155],[-75.07561,40.13997],[-75.07975,40.13912],[-75.08082,40.13803]]]}},{"type":"Feature","properties":{"n":"Playwicki Farm Park","area":412509},"geometry":{"type":"Polygon","coordinates":[[[-74.97252,40.17022],[-74.96632,40.17385],[-74.96485,40.16919],[-74.96552,40.16729],[-74.96808,40.16665],[-74.97593,40.1674],[-74.97318,40.16976],[-74.97252,40.17022]]]}},{"type":"Feature","properties":{"n":"Wissahickon Valley Park","area":410630},"geometry":{"type":"Polygon","coordinates":[[[-75.2046,40.05451],[-75.19938,40.05518],[-75.20168,40.05616],[-75.20011,40.05637],[-75.20113,40.05733],[-75.20018,40.05919],[-75.19548,40.05803],[-75.19988,40.06294],[-75.18933,40.07318],[-75.20062,40.06411],[-75.20325,40.05609],[-75.21031,40.05342],[-75.2046,40.05451]]]}},{"type":"Feature","properties":{"n":"Uplands Reserve","area":410061},"geometry":{"type":"Polygon","coordinates":[[[-74.88152,40.51579],[-74.88396,40.51942],[-74.88415,40.5227],[-74.87749,40.52322],[-74.87679,40.51888],[-74.87772,40.51642],[-74.88125,40.51583],[-74.88152,40.51579]]]}},{"type":"Feature","properties":{"n":"Washington Crossing Historic Park","area":408084},"geometry":{"type":"Polygon","coordinates":[[[-74.87325,40.29559],[-74.8771,40.29333],[-74.87512,40.29118],[-74.87707,40.29005],[-74.8823,40.3001],[-74.8794,40.30231],[-74.87325,40.29559]]]}},{"type":"Feature","properties":{"n":"White Clay Creek Preserve","area":407852},"geometry":{"type":"Polygon","coordinates":[[[-75.77045,39.72964],[-75.77097,39.73286],[-75.77109,39.73159],[-75.77338,39.7309],[-75.77404,39.73288],[-75.7743,39.73119],[-75.77598,39.731],[-75.77537,39.72909],[-75.77769,39.72942],[-75.78094,39.72854],[-75.78077,39.7276],[-75.78392,39.72739],[-75.78408,39.72542],[-75.79125,39.72447],[-75.79107,39.72352],[-75.78953,39.72366],[-75.7908,39.72219],[-75.77045,39.72964]]]}},{"type":"Feature","properties":{"n":"Central Perkiomen Valley Park","area":407202},"geometry":{"type":"Polygon","coordinates":[[[-75.45014,40.21763],[-75.44971,40.21626],[-75.44707,40.21678],[-75.44709,40.22559],[-75.45249,40.22478],[-75.4512,40.22067],[-75.4535,40.21914],[-75.45327,40.21741],[-75.45014,40.21763]]]}},{"type":"Feature","properties":{"n":"Lower Delaware National Wild and Scenic River","area":403797},"geometry":{"type":"Polygon","coordinates":[[[-74.90209,40.31466],[-74.90724,40.31544],[-74.91639,40.31973],[-74.92971,40.32987],[-74.90209,40.31466]]]}},{"type":"Feature","properties":{"n":"Peevy Road Open Space","area":403363},"geometry":{"type":"Polygon","coordinates":[[[-75.52813,40.40708],[-75.53289,40.40948],[-75.5291,40.41321],[-75.5295,40.41403],[-75.52608,40.41497],[-75.52235,40.41365],[-75.52813,40.40708]]]}},{"type":"Feature","properties":{"n":"Fulshaw Craeg Preserve","area":403006},"geometry":{"type":"Polygon","coordinates":[[[-75.42079,40.35746],[-75.42558,40.36114],[-75.42668,40.35571],[-75.42978,40.35421],[-75.42771,40.35236],[-75.42685,40.35302],[-75.42407,40.35146],[-75.42273,40.35241],[-75.42419,40.3536],[-75.42331,40.35428],[-75.42083,40.3523],[-75.41744,40.3539],[-75.42118,40.35354],[-75.42363,40.3555],[-75.42088,40.35735],[-75.42079,40.35746]]]}},{"type":"Feature","properties":{"n":"Horseshoe Bend Park","area":402946},"geometry":{"type":"Polygon","coordinates":[[[-75.05152,40.48821],[-75.05899,40.48766],[-75.06009,40.48838],[-75.05918,40.48906],[-75.05968,40.49268],[-75.05328,40.49317],[-75.05347,40.49091],[-75.05521,40.49055],[-75.05251,40.48873],[-75.05097,40.49041],[-75.05162,40.4913],[-75.05338,40.49093],[-75.05378,40.49231],[-75.05147,40.49331],[-75.04931,40.4908],[-75.04902,40.48839],[-75.05152,40.48821]]]}},{"type":"Feature","properties":{"n":"Delaware and Raritan Canal State Park","area":402946},"geometry":{"type":"Polygon","coordinates":[[[-75.05152,40.48821],[-75.05899,40.48766],[-75.06009,40.48838],[-75.05918,40.48906],[-75.05968,40.49268],[-75.05328,40.49317],[-75.05347,40.49091],[-75.05521,40.49055],[-75.05251,40.48873],[-75.05097,40.49041],[-75.05162,40.4913],[-75.05338,40.49093],[-75.05378,40.49231],[-75.05147,40.49331],[-75.04931,40.4908],[-75.04902,40.48839],[-75.05152,40.48821]]]}},{"type":"Feature","properties":{"n":"Cooper River Park","area":397517},"geometry":{"type":"Polygon","coordinates":[[[-75.08359,39.9279],[-75.08595,39.93051],[-75.08622,39.93318],[-75.08642,39.92699],[-75.08251,39.92712],[-75.07773,39.92577],[-75.07393,39.92665],[-75.06776,39.92614],[-75.0648,39.92764],[-75.0647,39.92685],[-75.06181,39.92693],[-75.0645,39.92755],[-75.06371,39.9284],[-75.06102,39.92678],[-75.05691,39.92626],[-75.05542,39.92403],[-75.04656,39.92245],[-75.04242,39.91809],[-75.04236,39.91939],[-75.04608,39.92279],[-75.06312,39.92899],[-75.07766,39.92641],[-75.08348,39.92794],[-75.08359,39.9279]]]}},{"type":"Feature","properties":{"n":"Lower Delaware National Wild and Scenic River","area":396260},"geometry":{"type":"Polygon","coordinates":[[[-75.12723,40.53516],[-75.12755,40.532],[-75.13012,40.52763],[-75.13352,40.52504],[-75.13451,40.51951],[-75.1388,40.51781],[-75.13733,40.50917],[-75.14012,40.50606],[-75.13804,40.502],[-75.1398,40.49826],[-75.13904,40.4951],[-75.14305,40.49286],[-75.1447,40.48662],[-75.14404,40.48354],[-75.14663,40.48092],[-75.12723,40.53516]]]}},{"type":"Feature","properties":{"n":"Delaware and Raritan Canal State Park","area":395185},"geometry":{"type":"Polygon","coordinates":[[[-75.05684,40.49794],[-75.06127,40.49743],[-75.06204,40.50212],[-75.05783,40.50222],[-75.05818,40.5068],[-75.05686,40.50744],[-75.05644,40.50483],[-75.05282,40.50511],[-75.05684,40.49794]]]}},{"type":"Feature","properties":{"n":"Cooley Preserve","area":395185},"geometry":{"type":"Polygon","coordinates":[[[-75.05684,40.49794],[-75.06127,40.49743],[-75.06204,40.50212],[-75.05783,40.50222],[-75.05818,40.5068],[-75.05686,40.50744],[-75.05644,40.50483],[-75.05282,40.50511],[-75.05684,40.49794]]]}},{"type":"Feature","properties":{"n":"Alverthorpe Park","area":394829},"geometry":{"type":"Polygon","coordinates":[[[-75.1056,40.08955],[-75.11285,40.08605],[-75.11394,40.08835],[-75.11614,40.08733],[-75.11688,40.08816],[-75.11645,40.09081],[-75.11311,40.09153],[-75.11149,40.09309],[-75.10559,40.08961],[-75.1056,40.08955]]]}},{"type":"Feature","properties":{"n":"Parkside Historic District","area":392739},"geometry":{"type":"Polygon","coordinates":[[[-75.21326,39.97759],[-75.21208,39.97341],[-75.20285,39.97112],[-75.19922,39.97252],[-75.19958,39.97451],[-75.20451,39.97435],[-75.21326,39.97759]]]}},{"type":"Feature","properties":{"n":"Wissahickon Valley Park","area":391980},"geometry":{"type":"Polygon","coordinates":[[[-75.21801,40.0427],[-75.21015,40.03754],[-75.20903,40.03578],[-75.2102,40.0354],[-75.20931,40.03374],[-75.20858,40.03479],[-75.20763,40.03173],[-75.2055,40.03257],[-75.20338,40.02967],[-75.20029,40.03158],[-75.20516,40.02821],[-75.20289,40.02583],[-75.19869,40.02614],[-75.19687,40.0252],[-75.19933,40.02598],[-75.20315,40.02469],[-75.21801,40.0427]]]}},{"type":"Feature","properties":{"n":null,"area":391466},"geometry":{"type":"Polygon","coordinates":[[[-75.03325,40.51662],[-75.03287,40.5141],[-75.03732,40.51309],[-75.03794,40.51129],[-75.03943,40.51109],[-75.03919,40.50895],[-75.04235,40.50862],[-75.04517,40.51095],[-75.04315,40.51052],[-75.04052,40.51598],[-75.03325,40.51662]]]}},{"type":"Feature","properties":{"n":"Brandywine Park","area":390887},"geometry":{"type":"Polygon","coordinates":[[[-75.54595,39.75406],[-75.5523,39.76183],[-75.55668,39.76054],[-75.54765,39.75186],[-75.54395,39.75059],[-75.54747,39.75303],[-75.54581,39.75388],[-75.54595,39.75406]]]}},{"type":"Feature","properties":{"n":"Sourland Mountain Preserve","area":388872},"geometry":{"type":"Polygon","coordinates":[[[-74.69,40.45086],[-74.6981,40.4511],[-74.69865,40.44738],[-74.70099,40.44718],[-74.70178,40.44584],[-74.69172,40.44681],[-74.69182,40.44747],[-74.69057,40.44692],[-74.69,40.44958],[-74.69,40.45086]]]}},{"type":"Feature","properties":{"n":"McKaig Nature Education Center","area":386981},"geometry":{"type":"Polygon","coordinates":[[[-75.38313,40.06652],[-75.38512,40.06652],[-75.3858,40.06827],[-75.38494,40.07111],[-75.38577,40.0726],[-75.38419,40.0733],[-75.38495,40.07574],[-75.38201,40.07219],[-75.38025,40.07321],[-75.37733,40.06849],[-75.38068,40.06813],[-75.3826,40.06676],[-75.38313,40.06652]]]}},{"type":"Feature","properties":{"n":"Stafford's Woods Disc Golf Course","area":386595},"geometry":{"type":"Polygon","coordinates":[[[-74.96597,39.86278],[-74.96409,39.8597],[-74.96574,39.85928],[-74.96703,39.86019],[-74.96799,39.85655],[-74.96678,39.85671],[-74.96622,39.8586],[-74.9662,39.85766],[-74.9637,39.85725],[-74.96402,39.85543],[-74.96654,39.85677],[-74.9654,39.85515],[-74.96837,39.85417],[-74.96877,39.85305],[-74.97263,39.85389],[-74.97194,39.85525],[-74.96957,39.85409],[-74.9687,39.85536],[-74.97106,39.8567],[-74.97057,39.86067],[-74.97328,39.86081],[-74.96684,39.86257],[-74.96597,39.86278]]]}},{"type":"Feature","properties":{"n":"Skunk Hollow","area":386112},"geometry":{"type":"Polygon","coordinates":[[[-75.39471,40.0155],[-75.38981,40.01109],[-75.38668,40.01285],[-75.39186,40.01934],[-75.39628,40.01751],[-75.39471,40.0155]]]}},{"type":"Feature","properties":{"n":"Turk Park","area":386065},"geometry":{"type":"Polygon","coordinates":[[[-75.14154,40.27327],[-75.14004,40.27468],[-75.13858,40.27417],[-75.13935,40.27283],[-75.13435,40.27185],[-75.14049,40.26568],[-75.14287,40.26654],[-75.14087,40.26882],[-75.14382,40.27105],[-75.14154,40.27327]]]}},{"type":"Feature","properties":{"n":"Wissahickon Valley Park","area":385624},"geometry":{"type":"Polygon","coordinates":[[[-75.23196,40.05467],[-75.21839,40.04851],[-75.21779,40.04353],[-75.21973,40.04302],[-75.21801,40.0427],[-75.23196,40.05467]]]}},{"type":"Feature","properties":{"n":"Independence Park","area":385457},"geometry":{"type":"Polygon","coordinates":[[[-75.56629,40.18909],[-75.56287,40.18997],[-75.5624,40.18876],[-75.55992,40.18935],[-75.55872,40.18826],[-75.55287,40.18845],[-75.55173,40.18595],[-75.5654,40.18567],[-75.5663,40.18902],[-75.56629,40.18909]]]}},{"type":"Feature","properties":{"n":"Cobbs Creek Park","area":383125},"geometry":{"type":"Polygon","coordinates":[[[-75.25432,39.96989],[-75.25058,39.9694],[-75.25119,39.96641],[-75.24723,39.96589],[-75.24691,39.96285],[-75.25172,39.96536],[-75.2588,39.96312],[-75.25891,39.96564],[-75.25432,39.96989]]]}},{"type":"Feature","properties":{"n":"Delaware and Raritan Canal State Park","area":380919},"geometry":{"type":"Polygon","coordinates":[[[-75.03463,40.41045],[-75.03388,40.41085],[-75.02834,40.40659],[-75.02297,40.40557],[-75.00193,40.41177],[-74.99465,40.41168],[-74.98643,40.40931],[-74.98648,40.41156],[-74.98499,40.40868],[-74.97964,40.4061],[-75.03463,40.41045]]]}},{"type":"Feature","properties":{"n":"Dark Hollow","area":379722},"geometry":{"type":"Polygon","coordinates":[[[-75.08279,40.27398],[-75.08379,40.27557],[-75.0887,40.27445],[-75.08848,40.27379],[-75.0893,40.27453],[-75.08836,40.27557],[-75.0847,40.27588],[-75.08507,40.27765],[-75.08399,40.27834],[-75.08308,40.27642],[-75.08185,40.27675],[-75.07741,40.27445],[-75.07686,40.2754],[-75.07463,40.27404],[-75.0748,40.27111],[-75.07699,40.26897],[-75.08217,40.27366],[-75.08279,40.27398]]]}},{"type":"Feature","properties":{"n":"Delaware and Raritan Canal State Park","area":379350},"geometry":{"type":"Polygon","coordinates":[[[-74.97468,40.40681],[-74.97289,40.40809],[-74.97377,40.40832],[-74.97231,40.41042],[-74.96974,40.40903],[-74.96638,40.41139],[-74.96533,40.40922],[-74.96702,40.40809],[-74.96501,40.40698],[-74.9648,40.40559],[-74.96775,40.40678],[-74.97132,40.40379],[-74.97035,40.40295],[-74.97275,40.40422],[-74.97223,40.40532],[-74.97357,40.40471],[-74.97546,40.40568],[-74.97468,40.40681]]]}},{"type":"Feature","properties":{"n":"Twining Valley Park","area":376585},"geometry":{"type":"Polygon","coordinates":[[[-75.15894,40.13707],[-75.15397,40.14144],[-75.15301,40.14083],[-75.14728,40.14367],[-75.1503,40.14571],[-75.15255,40.14509],[-75.16059,40.1409],[-75.15932,40.14001],[-75.1615,40.13783],[-75.15987,40.13771],[-75.15894,40.13707]]]}},{"type":"Feature","properties":{"n":"Cobbs Creek Park","area":374141},"geometry":{"type":"Polygon","coordinates":[[[-75.24928,39.94708],[-75.24616,39.94643],[-75.24675,39.94361],[-75.25153,39.94918],[-75.25276,39.94907],[-75.25341,39.95109],[-75.24909,39.95654],[-75.25094,39.95914],[-75.24718,39.9626],[-75.24943,39.94721],[-75.24928,39.94708]]]}},{"type":"Feature","properties":{"n":"Starr Farm Park","area":373220},"geometry":{"type":"Polygon","coordinates":[[[-75.67205,39.98143],[-75.6698,39.97924],[-75.66548,39.98031],[-75.66469,39.97919],[-75.66959,39.97858],[-75.66943,39.97492],[-75.66588,39.97509],[-75.66251,39.97708],[-75.66302,39.98187],[-75.66854,39.98158],[-75.66983,39.98266],[-75.67183,39.98154],[-75.67205,39.98143]]]}},{"type":"Feature","properties":{"n":"Fort Washington State Park","area":370816},"geometry":{"type":"Polygon","coordinates":[[[-75.2221,40.10901],[-75.22728,40.10376],[-75.23094,40.10241],[-75.22948,40.10152],[-75.22762,40.09616],[-75.22961,40.10185],[-75.21905,40.1071],[-75.21791,40.10647],[-75.21775,40.10861],[-75.21649,40.109],[-75.21915,40.11287],[-75.22151,40.10951],[-75.2221,40.10901]]]}},{"type":"Feature","properties":{"n":"Mike Merdinger Memorial Trails","area":369296},"geometry":{"type":"Polygon","coordinates":[[[-74.69,40.50885],[-74.69275,40.50846],[-74.69607,40.51206],[-74.69677,40.51461],[-74.70242,40.51439],[-74.70215,40.51137],[-74.69724,40.51025],[-74.6903,40.50481],[-74.69,40.50572],[-74.69245,40.50672],[-74.69139,40.5083],[-74.69,40.50788],[-74.69,40.50885]]]}},{"type":"Feature","properties":{"n":"French Creek State Park","area":369145},"geometry":{"type":"Polygon","coordinates":[[[-75.7744,40.19478],[-75.78198,40.19166],[-75.78752,40.19269],[-75.78683,40.19492],[-75.79007,40.19381],[-75.79371,40.19145],[-75.78575,40.18517],[-75.78702,40.18506],[-75.78758,40.18302],[-75.78942,40.18332],[-75.79033,40.18495],[-75.79264,40.18456],[-75.7744,40.19478]]]}},{"type":"Feature","properties":{"n":"Dark Hollow","area":367711},"geometry":{"type":"Polygon","coordinates":[[[-75.07428,40.27075],[-75.07225,40.27068],[-75.07065,40.26696],[-75.06399,40.26038],[-75.07141,40.26091],[-75.06991,40.26254],[-75.07094,40.26514],[-75.07531,40.26665],[-75.07537,40.26844],[-75.07666,40.26865],[-75.07428,40.27075]]]}},{"type":"Feature","properties":{"n":"Laurel Acres Park","area":367439},"geometry":{"type":"Polygon","coordinates":[[[-74.91974,39.93066],[-74.92374,39.92561],[-74.92588,39.92887],[-74.93215,39.92909],[-74.93329,39.93123],[-74.93222,39.93232],[-74.92204,39.93091],[-74.91974,39.93066]]]}},{"type":"Feature","properties":{"n":"South County Park Fairgrounds","area":363945},"geometry":{"type":"Polygon","coordinates":[[[-74.88367,40.411],[-74.88382,40.41222],[-74.8878,40.41106],[-74.88838,40.41527],[-74.87827,40.41724],[-74.88291,40.41145],[-74.88367,40.411]]]}},{"type":"Feature","properties":{"n":"Pennypack Ecological Restoration Trust","area":363302},"geometry":{"type":"Polygon","coordinates":[[[-75.08272,40.15688],[-75.08235,40.1584],[-75.08418,40.1587],[-75.0856,40.15787],[-75.08481,40.15838],[-75.0908,40.15809],[-75.09203,40.15755],[-75.0916,40.15639],[-75.09391,40.1569],[-75.09225,40.1531],[-75.09064,40.15464],[-75.08899,40.15322],[-75.0897,40.15527],[-75.08435,40.15559],[-75.08244,40.1546],[-75.08067,40.15637],[-75.08276,40.15676],[-75.08272,40.15688]]]}},{"type":"Feature","properties":{"n":"Camp Upland Park","area":362694},"geometry":{"type":"Polygon","coordinates":[[[-75.38597,39.85299],[-75.38848,39.85237],[-75.38542,39.85169],[-75.38682,39.84969],[-75.39473,39.8508],[-75.39157,39.85153],[-75.38925,39.85837],[-75.38749,39.85755],[-75.388,39.8565],[-75.38541,39.85659],[-75.38545,39.85377],[-75.38597,39.85299]]]}},{"type":"Feature","properties":{"n":"Rolling Hill Park","area":362627},"geometry":{"type":"Polygon","coordinates":[[[-75.27102,40.03993],[-75.27148,40.04092],[-75.26616,40.04331],[-75.2639,40.04051],[-75.2644,40.0348],[-75.26609,40.0342],[-75.27043,40.04021],[-75.27102,40.03993]]]}},{"type":"Feature","properties":{"n":"Alapocas Run State Park","area":359700},"geometry":{"type":"Polygon","coordinates":[[[-75.54408,39.77479],[-75.5366,39.77497],[-75.53746,39.77876],[-75.53605,39.77893],[-75.53649,39.7812],[-75.5413,39.78064],[-75.54415,39.77524],[-75.54408,39.77479]]]}},{"type":"Feature","properties":{"n":"Omick Woods at the Rocktown Preserve","area":358599},"geometry":{"type":"Polygon","coordinates":[[[-74.85577,40.41003],[-74.85638,40.40949],[-74.8587,40.41216],[-74.85897,40.41441],[-74.86077,40.41478],[-74.85899,40.41456],[-74.85905,40.41531],[-74.86016,40.41553],[-74.85357,40.41568],[-74.85113,40.41089],[-74.85477,40.40877],[-74.85577,40.41003]]]}},{"type":"Feature","properties":{"n":"Chester Park","area":358440},"geometry":{"type":"Polygon","coordinates":[[[-75.37342,39.86554],[-75.37234,39.8651],[-75.37274,39.86752],[-75.3702,39.86775],[-75.3684,39.87043],[-75.37322,39.87254],[-75.36909,39.87301],[-75.37553,39.87583],[-75.37809,39.87514],[-75.37437,39.87175],[-75.37372,39.86743],[-75.37342,39.86554]]]}},{"type":"Feature","properties":{"n":"Wilson Farm Park","area":357965},"geometry":{"type":"Polygon","coordinates":[[[-75.44871,40.07053],[-75.44814,40.06977],[-75.45397,40.06749],[-75.4576,40.07245],[-75.45191,40.07487],[-75.44876,40.07059],[-75.44871,40.07053]]]}},{"type":"Feature","properties":{"n":"West Philadelphia Streetcar Suburb Historic District","area":355042},"geometry":{"type":"Polygon","coordinates":[[[-75.20419,39.95254],[-75.20377,39.95593],[-75.20236,39.95576],[-75.20214,39.95682],[-75.20449,39.95705],[-75.205,39.95587],[-75.20778,39.95624],[-75.20763,39.95702],[-75.20837,39.9563],[-75.21128,39.95666],[-75.21149,39.95397],[-75.21358,39.95538],[-75.21394,39.95361],[-75.21544,39.95415],[-75.21614,39.95287],[-75.20419,39.95254]]]}},{"type":"Feature","properties":{"n":null,"area":354800},"geometry":{"type":"Polygon","coordinates":[[[-75.0324,40.22149],[-75.02866,40.22024],[-75.02171,40.22658],[-75.02151,40.22799],[-75.02417,40.22942],[-75.03029,40.22347],[-75.0324,40.22149]]]}},{"type":"Feature","properties":{"n":"Lower Delaware National Wild and Scenic River","area":353309},"geometry":{"type":"Polygon","coordinates":[[[-75.14661,40.48087],[-75.14395,40.48351],[-75.14461,40.48674],[-75.14295,40.49278],[-75.13893,40.49512],[-75.13966,40.49828],[-75.13796,40.50208],[-75.14006,40.50597],[-75.13727,40.50918],[-75.13875,40.5178],[-75.13443,40.51954],[-75.13347,40.52503],[-75.13008,40.52756],[-75.12885,40.53122],[-75.12751,40.53191],[-75.12723,40.53516],[-75.14661,40.48087]]]}},{"type":"Feature","properties":{"n":"George Lorimer Preserve","area":351900},"geometry":{"type":"Polygon","coordinates":[[[-75.49158,40.06812],[-75.49096,40.06733],[-75.48865,40.06749],[-75.48584,40.06949],[-75.4837,40.06844],[-75.48514,40.07095],[-75.48397,40.07219],[-75.48661,40.0759],[-75.48941,40.07463],[-75.48811,40.07276],[-75.49167,40.07131],[-75.48979,40.06887],[-75.49158,40.06812]]]}},{"type":"Feature","properties":{"n":"Neshaminy State Park","area":348864},"geometry":{"type":"Polygon","coordinates":[[[-74.90873,40.07421],[-74.90626,40.07358],[-74.90061,40.07579],[-74.90223,40.08023],[-74.90588,40.08008],[-74.90887,40.07774],[-74.90865,40.0744],[-74.90873,40.07421]]]}},{"type":"Feature","properties":{"n":"South Branch Greenway","area":348364},"geometry":{"type":"Polygon","coordinates":[[[-74.72739,40.50491],[-74.72573,40.50638],[-74.7269,40.50858],[-74.72796,40.50811],[-74.72809,40.50512],[-74.73083,40.50437],[-74.73167,40.50646],[-74.73715,40.50534],[-74.73724,40.50424],[-74.73852,40.50442],[-74.7382,40.50551],[-74.74094,40.50594],[-74.73929,40.50431],[-74.74135,40.50467],[-74.7422,40.5021],[-74.73721,40.50222],[-74.72782,40.50454],[-74.72739,40.50491]]]}},{"type":"Feature","properties":{"n":"Morris Arboretum","area":348275},"geometry":{"type":"Polygon","coordinates":[[[-75.22441,40.08871],[-75.2232,40.08804],[-75.22421,40.08438],[-75.22242,40.08371],[-75.21711,40.08622],[-75.21857,40.08695],[-75.21751,40.08822],[-75.22265,40.09026],[-75.22136,40.09152],[-75.22361,40.09282],[-75.2276,40.08881],[-75.22461,40.08871],[-75.22441,40.08871]]]}},{"type":"Feature","properties":{"n":"Lower Perkiomen Valley Park","area":347710},"geometry":{"type":"Polygon","coordinates":[[[-75.44619,40.13237],[-75.44536,40.13422],[-75.44384,40.13397],[-75.44546,40.12488],[-75.44777,40.12295],[-75.45047,40.12622],[-75.44968,40.1285],[-75.44619,40.13237]]]}},{"type":"Feature","properties":{"n":"Stateline Woods Preserve","area":347033},"geometry":{"type":"Polygon","coordinates":[[[-75.67665,39.82433],[-75.67147,39.82542],[-75.671,39.82272],[-75.66942,39.82162],[-75.67077,39.82138],[-75.67015,39.81766],[-75.67329,39.81689],[-75.67659,39.82368],[-75.67665,39.82433]]]}},{"type":"Feature","properties":{"n":"Heebner Park","area":346764},"geometry":{"type":"Polygon","coordinates":[[[-75.35918,40.19148],[-75.36176,40.19298],[-75.36077,40.19381],[-75.3589,40.19324],[-75.3601,40.19442],[-75.35587,40.19857],[-75.35,40.19544],[-75.35107,40.1932],[-75.35573,40.19426],[-75.35804,40.19261],[-75.35918,40.19148]]]}},{"type":"Feature","properties":{"n":"Starr Farm Park","area":343901},"geometry":{"type":"Polygon","coordinates":[[[-75.66955,39.97502],[-75.67168,39.97369],[-75.67666,39.97351],[-75.67805,39.97476],[-75.67302,39.97739],[-75.67546,39.97985],[-75.6723,39.98133],[-75.66983,39.97911],[-75.66966,39.97669],[-75.66955,39.97502]]]}},{"type":"Feature","properties":{"n":"Kenealy Nature Park","area":343402},"geometry":{"type":"Polygon","coordinates":[[[-75.27904,40.05956],[-75.27264,40.0596],[-75.27166,40.05862],[-75.27332,40.05796],[-75.27346,40.05664],[-75.27446,40.05739],[-75.27557,40.0559],[-75.27733,40.05616],[-75.27793,40.05432],[-75.27696,40.05349],[-75.28187,40.04948],[-75.28274,40.05013],[-75.27976,40.054],[-75.28046,40.05656],[-75.27831,40.05845],[-75.27904,40.05956]]]}},{"type":"Feature","properties":{"n":"Northampton Municipal Park","area":342714},"geometry":{"type":"Polygon","coordinates":[[[-75.04905,40.20135],[-75.04601,40.19959],[-75.04391,40.20128],[-75.03689,40.20231],[-75.04028,40.20471],[-75.043,40.20443],[-75.04331,40.20672],[-75.04905,40.20135]]]}},{"type":"Feature","properties":{"n":"Hunterdon County Sourland Mountain Preserve","area":341878},"geometry":{"type":"Polygon","coordinates":[[[-74.78732,40.43151],[-74.78855,40.43298],[-74.78494,40.43604],[-74.7861,40.43738],[-74.78778,40.43604],[-74.79074,40.43964],[-74.79337,40.43826],[-74.79375,40.43649],[-74.79015,40.43192],[-74.78929,40.43251],[-74.78809,40.43112],[-74.78732,40.43151]]]}},{"type":"Feature","properties":{"n":"Rockford Park","area":339700},"geometry":{"type":"Polygon","coordinates":[[[-75.5674,39.76566],[-75.56836,39.76685],[-75.56753,39.76898],[-75.57013,39.77033],[-75.57697,39.76877],[-75.57571,39.76844],[-75.57685,39.7661],[-75.57327,39.76467],[-75.57158,39.76621],[-75.56712,39.76372],[-75.56602,39.76465],[-75.56736,39.76562],[-75.5674,39.76566]]]}},{"type":"Feature","properties":{"n":"Wassmer-Layfield","area":338914},"geometry":{"type":"Polygon","coordinates":[[[-75.58926,40.30729],[-75.58825,40.30824],[-75.58578,40.30648],[-75.58455,40.30792],[-75.5829,40.30713],[-75.58042,40.30907],[-75.57865,40.30803],[-75.5849,40.30167],[-75.58869,40.30693],[-75.58926,40.30729]]]}},{"type":"Feature","properties":{"n":"Glassboro Wildlife Management Area","area":338178},"geometry":{"type":"Polygon","coordinates":[[[-75.06848,39.69411],[-75.06785,39.69753],[-75.05806,39.69573],[-75.05835,39.69228],[-75.06848,39.69411]]]}},{"type":"Feature","properties":{"n":"Finland Road Park","area":337799},"geometry":{"type":"Polygon","coordinates":[[[-75.4445,40.38571],[-75.43945,40.38427],[-75.4398,40.3816],[-75.44291,40.37994],[-75.44626,40.38152],[-75.44806,40.38004],[-75.44885,40.38242],[-75.4445,40.38571]]]}},{"type":"Feature","properties":{"n":"Rushton Woods Preserve","area":337465},"geometry":{"type":"Polygon","coordinates":[[[-75.49065,39.98449],[-75.48385,39.98064],[-75.48082,39.98261],[-75.48214,39.98333],[-75.48123,39.98495],[-75.48377,39.98786],[-75.49038,39.98463],[-75.49065,39.98449]]]}},{"type":"Feature","properties":{"n":"Lower Delaware National Wild and Scenic River","area":337167},"geometry":{"type":"Polygon","coordinates":[[[-75.12534,40.43835],[-75.13359,40.43554],[-75.13781,40.43516],[-75.14062,40.43716],[-75.14281,40.44382],[-75.14552,40.44556],[-75.15436,40.44168],[-75.16178,40.44302],[-75.16362,40.44506],[-75.16288,40.44734],[-75.15611,40.45205],[-75.15683,40.45539],[-75.16104,40.45946],[-75.16103,40.46134],[-75.17337,40.46304],[-75.17555,40.46409],[-75.1753,40.46558],[-75.17677,40.46682],[-75.18483,40.46965],[-75.18289,40.46901],[-75.18391,40.46811],[-75.18207,40.46884],[-75.17775,40.46611],[-75.17579,40.46596],[-75.17579,40.46418],[-75.17309,40.46275],[-75.16118,40.46126],[-75.16137,40.45952],[-75.15698,40.45491],[-75.16387,40.44687],[-75.16199,40.44292],[-75.15808,40.44117],[-75.15452,40.44136],[-75.14555,40.44541],[-75.14201,40.4422],[-75.14134,40.43668],[-75.1368,40.43469],[-75.12499,40.43793],[-75.12534,40.43835]]]}},{"type":"Feature","properties":{"n":"Kirkwood Preserve","area":334738},"geometry":{"type":"Polygon","coordinates":[[[-75.46046,39.99724],[-75.46363,39.98952],[-75.46071,39.98961],[-75.45858,39.99143],[-75.45924,39.99278],[-75.45452,39.99458],[-75.45702,39.99815],[-75.46046,39.99724]]]}},{"type":"Feature","properties":{"n":"Prophecy Creek Park","area":333723},"geometry":{"type":"Polygon","coordinates":[[[-75.25066,40.14902],[-75.24435,40.14508],[-75.24708,40.14228],[-75.24824,40.14297],[-75.24913,40.14205],[-75.2531,40.14443],[-75.25081,40.14671],[-75.2537,40.1487],[-75.25237,40.15009],[-75.25066,40.14902]]]}},{"type":"Feature","properties":{"n":"Yellow Springs Conservation Easement","area":332354},"geometry":{"type":"Polygon","coordinates":[[[-75.61746,40.10124],[-75.61573,40.10299],[-75.62221,40.10688],[-75.62373,40.10533],[-75.62499,40.10605],[-75.62778,40.1031],[-75.61746,40.10124]]]}},{"type":"Feature","properties":{"n":"Upper Schuylkill Valley","area":328083},"geometry":{"type":"Polygon","coordinates":[[[-75.52496,40.14882],[-75.51987,40.15072],[-75.51836,40.1582],[-75.51424,40.16142],[-75.51525,40.15954],[-75.51442,40.15769],[-75.51741,40.15398],[-75.51869,40.14885],[-75.5218,40.14741],[-75.52485,40.14873],[-75.52496,40.14882]]]}},{"type":"Feature","properties":{"n":"Fox Point State Park","area":326321},"geometry":{"type":"Polygon","coordinates":[[[-75.49554,39.75331],[-75.48819,39.75711],[-75.48296,39.76577],[-75.48206,39.77129],[-75.47978,39.77279],[-75.47782,39.7723],[-75.47949,39.77366],[-75.48261,39.77083],[-75.48894,39.7588],[-75.4952,39.7539],[-75.49554,39.75331]]]}},{"type":"Feature","properties":{"n":"Fonthill Park","area":325054},"geometry":{"type":"Polygon","coordinates":[[[-75.1226,40.32408],[-75.11889,40.32181],[-75.12238,40.31861],[-75.1233,40.3192],[-75.12445,40.31813],[-75.12853,40.32073],[-75.12408,40.32494],[-75.12292,40.32426],[-75.1226,40.32408]]]}},{"type":"Feature","properties":{"n":"Graeme Park","area":324177},"geometry":{"type":"Polygon","coordinates":[[[-75.15279,40.21992],[-75.15733,40.21716],[-75.15326,40.21337],[-75.15147,40.21503],[-75.1499,40.21417],[-75.14725,40.2166],[-75.15028,40.21848],[-75.15279,40.21992]]]}},{"type":"Feature","properties":{"n":"Valley Forge National Historical Park","area":323357},"geometry":{"type":"Polygon","coordinates":[[[-75.46695,40.0912],[-75.46804,40.09413],[-75.46686,40.0941],[-75.46689,40.0972],[-75.47148,40.0972],[-75.47066,40.1003],[-75.4722,40.10213],[-75.46663,40.10533],[-75.46695,40.0912]]]}},{"type":"Feature","properties":{"n":"Ardsley Wildlife Sanctuary","area":322542},"geometry":{"type":"Polygon","coordinates":[[[-75.14502,40.12772],[-75.14638,40.12857],[-75.15223,40.12269],[-75.14908,40.12081],[-75.15028,40.11959],[-75.14724,40.11776],[-75.14265,40.11885],[-75.14228,40.11975],[-75.14505,40.1216],[-75.14692,40.12087],[-75.14973,40.12257],[-75.14816,40.12454],[-75.14502,40.12772]]]}},{"type":"Feature","properties":{"n":"Mill Creek Park","area":321592},"geometry":{"type":"Polygon","coordinates":[[[-74.90801,40.02796],[-74.90902,40.02656],[-74.90356,40.02545],[-74.90387,40.02325],[-74.90546,40.0234],[-74.90633,40.02116],[-74.91212,40.02368],[-74.91045,40.02901],[-74.90801,40.02796]]]}},{"type":"Feature","properties":{"n":"Holicong Park","area":321402},"geometry":{"type":"Polygon","coordinates":[[[-75.05011,40.33333],[-75.04857,40.33239],[-75.05029,40.33073],[-75.05157,40.33192],[-75.05493,40.32874],[-75.05047,40.32617],[-75.0456,40.3334],[-75.04636,40.33477],[-75.04837,40.33498],[-75.05011,40.33333]]]}},{"type":"Feature","properties":{"n":"John Heinz National Wildlife Refuge","area":321073},"geometry":{"type":"Polygon","coordinates":[[[-75.30467,39.87602],[-75.30293,39.87323],[-75.30411,39.87049],[-75.30896,39.86905],[-75.31377,39.86935],[-75.30468,39.87609],[-75.30467,39.87602]]]}},{"type":"Feature","properties":{"n":"Rose Tree Park","area":320097},"geometry":{"type":"Polygon","coordinates":[[[-75.39658,39.94324],[-75.39297,39.93764],[-75.38974,39.93786],[-75.39113,39.93901],[-75.38809,39.94312],[-75.38876,39.94537],[-75.38964,39.9456],[-75.39079,39.9427],[-75.39334,39.94095],[-75.39218,39.94392],[-75.39309,39.94446],[-75.39655,39.94328],[-75.39658,39.94324]]]}},{"type":"Feature","properties":{"n":"Hopewell Furnace National Historic Site","area":319941},"geometry":{"type":"Polygon","coordinates":[[[-75.75877,40.2028],[-75.76337,40.20396],[-75.76915,40.2008],[-75.76799,40.1985],[-75.76498,40.19909],[-75.76346,40.19801],[-75.76733,40.19327],[-75.76642,40.19159],[-75.76969,40.18989],[-75.75877,40.2028]]]}},{"type":"Feature","properties":{"n":"South Branch Greenway","area":319391},"geometry":{"type":"Polygon","coordinates":[[[-74.76387,40.50512],[-74.76514,40.50888],[-74.76736,40.50962],[-74.77026,40.50677],[-74.77534,40.50456],[-74.76753,40.5036],[-74.7642,40.50512],[-74.76387,40.50512]]]}},{"type":"Feature","properties":{"n":"Zeigler Nature Preserve","area":317734},"geometry":{"type":"Polygon","coordinates":[[[-75.43067,40.37929],[-75.43376,40.37533],[-75.43313,40.374],[-75.43784,40.37782],[-75.4373,40.38108],[-75.43495,40.38102],[-75.43366,40.38214],[-75.42936,40.37915],[-75.43067,40.37929]]]}},{"type":"Feature","properties":{"n":"Strawbridge Lake Park","area":316953},"geometry":{"type":"Polygon","coordinates":[[[-74.9463,39.95583],[-74.94816,39.95486],[-74.94926,39.9559],[-74.94974,39.95443],[-74.95415,39.95442],[-74.95449,39.9512],[-74.95999,39.94931],[-74.9649,39.95034],[-74.96818,39.95284],[-74.96923,39.9519],[-74.96534,39.94894],[-74.96046,39.94762],[-74.94606,39.95537],[-74.9463,39.95583]]]}},{"type":"Feature","properties":{"n":"Upper Saucon Township Community Park","area":312227},"geometry":{"type":"Polygon","coordinates":[[[-75.38526,40.54049],[-75.38469,40.54141],[-75.38796,40.54207],[-75.39151,40.53922],[-75.39136,40.53648],[-75.38994,40.53655],[-75.39142,40.53077],[-75.39008,40.5311],[-75.38565,40.53981],[-75.38526,40.54049]]]}},{"type":"Feature","properties":{"n":"Creek Island Park","area":312043},"geometry":{"type":"Polygon","coordinates":[[[-74.78683,39.98686],[-74.78637,39.98515],[-74.78861,39.98389],[-74.79237,39.98608],[-74.79386,39.98829],[-74.79214,39.99195],[-74.79034,39.98996],[-74.78665,39.98932],[-74.78683,39.98686]]]}},{"type":"Feature","properties":{"n":"Linfield Preserve","area":311019},"geometry":{"type":"Polygon","coordinates":[[[-75.59469,40.21583],[-75.5923,40.2184],[-75.58988,40.21762],[-75.58712,40.21256],[-75.5894,40.21061],[-75.59151,40.21268],[-75.59284,40.21164],[-75.59426,40.21461],[-75.59469,40.21583]]]}},{"type":"Feature","properties":{"n":"Benjamin Rush State Park","area":310490},"geometry":{"type":"Polygon","coordinates":[[[-74.99965,40.11745],[-75.00006,40.11898],[-74.99857,40.1201],[-74.99537,40.11747],[-74.99368,40.11868],[-74.9909,40.11655],[-74.9921,40.11578],[-74.9908,40.11475],[-74.98957,40.11555],[-74.98826,40.11441],[-74.99102,40.11255],[-74.9944,40.11536],[-74.99754,40.11575],[-74.99965,40.11745]]]}},{"type":"Feature","properties":{"n":"Wharton State Forest","area":305241},"geometry":{"type":"Polygon","coordinates":[[[-74.71287,39.78729],[-74.71223,39.78466],[-74.72435,39.78947],[-74.72142,39.7924],[-74.71744,39.7895],[-74.71287,39.78729]]]}},{"type":"Feature","properties":{"n":"New Garden Township Park","area":305229},"geometry":{"type":"Polygon","coordinates":[[[-75.75523,39.81003],[-75.75771,39.80837],[-75.75531,39.80369],[-75.7505,39.80405],[-75.75115,39.80844],[-75.75476,39.80996],[-75.75523,39.81003]]]}},{"type":"Feature","properties":{"n":"Walnut Lane Park","area":305149},"geometry":{"type":"Polygon","coordinates":[[[-75.64157,40.08152],[-75.64168,40.08046],[-75.64387,40.08078],[-75.64328,40.07938],[-75.64468,40.0792],[-75.64479,40.07632],[-75.64653,40.07587],[-75.64717,40.07316],[-75.64418,40.07627],[-75.64202,40.07617],[-75.63988,40.07835],[-75.6361,40.07739],[-75.63485,40.07866],[-75.64142,40.08162],[-75.64157,40.08152]]]}},{"type":"Feature","properties":{"n":"Hunting Park","area":303914},"geometry":{"type":"Polygon","coordinates":[[[-75.14697,40.01891],[-75.1471,40.01522],[-75.1419,40.01317],[-75.14016,40.02073],[-75.14587,40.01894],[-75.14697,40.01891]]]}},{"type":"Feature","properties":{"n":"Ellis Woods Park","area":303612},"geometry":{"type":"Polygon","coordinates":[[[-75.61467,40.19913],[-75.61736,40.19652],[-75.61786,40.19752],[-75.61557,40.20085],[-75.61031,40.20126],[-75.6106,40.20291],[-75.60513,40.20388],[-75.6064,40.20287],[-75.60529,40.19976],[-75.60701,40.20052],[-75.61068,40.19766],[-75.61364,40.20004],[-75.6144,40.19939],[-75.61467,40.19913]]]}},{"type":"Feature","properties":{"n":"Macclesfield Park","area":300827},"geometry":{"type":"Polygon","coordinates":[[[-74.82445,40.23967],[-74.82701,40.23692],[-74.81843,40.23163],[-74.81729,40.23299],[-74.82118,40.23583],[-74.81973,40.23746],[-74.82426,40.23988],[-74.82445,40.23967]]]}},{"type":"Feature","properties":{"n":"Southern Lehigh Living Memorial Community Park","area":298780},"geometry":{"type":"Polygon","coordinates":[[[-75.38513,40.51573],[-75.38485,40.51311],[-75.37923,40.51246],[-75.37708,40.51538],[-75.37732,40.51854],[-75.38098,40.51616],[-75.38153,40.51682],[-75.38509,40.51581],[-75.38513,40.51573]]]}},{"type":"Feature","properties":{"n":"Warwick County Park","area":296832},"geometry":{"type":"Polygon","coordinates":[[[-75.69036,40.17154],[-75.69486,40.17093],[-75.69358,40.16867],[-75.69024,40.16876],[-75.68998,40.16619],[-75.69255,40.16481],[-75.6937,40.16568],[-75.693,40.16755],[-75.69375,40.16594],[-75.6945,40.16833],[-75.69783,40.17088],[-75.69622,40.17357],[-75.69054,40.17286],[-75.69043,40.17186],[-75.69036,40.17154]]]}},{"type":"Feature","properties":{"n":"Brightside Farm","area":296745},"geometry":{"type":"Polygon","coordinates":[[[-75.57806,40.07925],[-75.57113,40.07519],[-75.57279,40.07188],[-75.58083,40.07675],[-75.57806,40.07925]]]}},{"type":"Feature","properties":{"n":"Brandywine Park","area":296450},"geometry":{"type":"Polygon","coordinates":[[[-75.56198,39.76232],[-75.56148,39.7631],[-75.55911,39.76229],[-75.55746,39.76343],[-75.55667,39.75981],[-75.54949,39.7539],[-75.54785,39.75128],[-75.54412,39.74991],[-75.54531,39.74939],[-75.54855,39.75086],[-75.55083,39.7537],[-75.5535,39.75455],[-75.55773,39.7584],[-75.55996,39.75725],[-75.5616,39.75886],[-75.55782,39.76039],[-75.55942,39.75991],[-75.55865,39.76054],[-75.56156,39.76258],[-75.56198,39.76232]]]}},{"type":"Feature","properties":{"n":"Maack Farm","area":295318},"geometry":{"type":"Polygon","coordinates":[[[-75.6326,40.19741],[-75.63423,40.19654],[-75.638,40.20025],[-75.6385,40.20103],[-75.63627,40.20302],[-75.63503,40.2023],[-75.63409,40.20328],[-75.62915,40.20012],[-75.63086,40.19878],[-75.6328,40.19884],[-75.63243,40.19754],[-75.6326,40.19741]]]}},{"type":"Feature","properties":{"n":"Rockwood Park","area":294660},"geometry":{"type":"Polygon","coordinates":[[[-75.51889,39.76971],[-75.51739,39.77147],[-75.51716,39.77634],[-75.52264,39.77508],[-75.52278,39.77305],[-75.52519,39.77185],[-75.52196,39.77123],[-75.52144,39.76945],[-75.51941,39.76906],[-75.51889,39.76971]]]}},{"type":"Feature","properties":{"n":"State Game Lands Number 139","area":293949},"geometry":{"type":"Polygon","coordinates":[[[-75.30938,40.4185],[-75.3092,40.41688],[-75.31036,40.41675],[-75.31066,40.41836],[-75.31206,40.4182],[-75.31243,40.423],[-75.30661,40.42357],[-75.30581,40.4189],[-75.30938,40.4185]]]}},{"type":"Feature","properties":{"n":"Bob Rodale Cycling & Fitness Park","area":291901},"geometry":{"type":"Polygon","coordinates":[[[-75.62034,40.54713],[-75.61476,40.54934],[-75.61193,40.5462],[-75.61409,40.54528],[-75.61316,40.5438],[-75.6146,40.54315],[-75.61742,40.54285],[-75.61861,40.54459],[-75.62034,40.54713]]]}},{"type":"Feature","properties":{"n":"Wharton State Forest","area":291857},"geometry":{"type":"Polygon","coordinates":[[[-74.84123,39.72863],[-74.8444,39.72194],[-74.84581,39.72234],[-74.84762,39.72873],[-74.84315,39.73092],[-74.84123,39.72863]]]}},{"type":"Feature","properties":{"n":"Upper Salford Park","area":291630},"geometry":{"type":"Polygon","coordinates":[[[-75.43579,40.2805],[-75.43787,40.28176],[-75.43966,40.2804],[-75.44104,40.28211],[-75.4399,40.283],[-75.44181,40.28415],[-75.44395,40.28244],[-75.44191,40.28133],[-75.44301,40.28044],[-75.43897,40.27512],[-75.43732,40.27619],[-75.43594,40.28023],[-75.43579,40.2805]]]}},{"type":"Feature","properties":{"n":"Masons Mill Park","area":291599},"geometry":{"type":"Polygon","coordinates":[[[-75.07774,40.15911],[-75.07732,40.16034],[-75.08343,40.16037],[-75.08473,40.15844],[-75.08422,40.16026],[-75.09159,40.16035],[-75.0908,40.15809],[-75.08481,40.15838],[-75.0856,40.15787],[-75.08394,40.15868],[-75.08235,40.1584],[-75.08272,40.15688],[-75.08055,40.15648],[-75.07866,40.15825],[-75.07774,40.15911]]]}},{"type":"Feature","properties":{"n":"Lower Delaware National Wild and Scenic River","area":291586},"geometry":{"type":"Polygon","coordinates":[[[-74.97959,40.4019],[-74.98673,40.40533],[-74.99679,40.40488],[-75.00332,40.40706],[-75.02716,40.40302],[-75.03291,40.40444],[-75.04014,40.40903],[-74.97959,40.4019]]]}},{"type":"Feature","properties":{"n":"Dorothy Rider Pool Wildlife Sanctuary","area":291044},"geometry":{"type":"Polygon","coordinates":[[[-75.51623,40.54546],[-75.51553,40.54405],[-75.51403,40.54445],[-75.51682,40.54725],[-75.51552,40.54734],[-75.51521,40.54627],[-75.51201,40.54544],[-75.51331,40.54471],[-75.51282,40.54394],[-75.50893,40.54465],[-75.50827,40.54338],[-75.51282,40.5407],[-75.51836,40.54425],[-75.51859,40.54757],[-75.51716,40.54728],[-75.51623,40.54546]]]}},{"type":"Feature","properties":{"n":"Pine Creek Park","area":288486},"geometry":{"type":"Polygon","coordinates":[[[-75.61491,40.0924],[-75.61297,40.08911],[-75.61434,40.08976],[-75.61501,40.08799],[-75.61161,40.08738],[-75.61292,40.08411],[-75.61443,40.0856],[-75.61541,40.0846],[-75.62074,40.08761],[-75.61871,40.08858],[-75.61817,40.08783],[-75.61615,40.08987],[-75.61634,40.09126],[-75.61491,40.0924]]]}},{"type":"Feature","properties":{"n":"Washington Lake Park","area":287372},"geometry":{"type":"Polygon","coordinates":[[[-75.09112,39.7416],[-75.09206,39.7406],[-75.09759,39.7404],[-75.09714,39.74218],[-75.09894,39.74258],[-75.0983,39.74438],[-75.09486,39.74424],[-75.09504,39.74215],[-75.09375,39.74147],[-75.09585,39.74608],[-75.09261,39.74615],[-75.08981,39.74462],[-75.09153,39.74292],[-75.09085,39.74186],[-75.09112,39.7416]]]}},{"type":"Feature","properties":{"n":"Zeigler Nature Preserve","area":286947},"geometry":{"type":"Polygon","coordinates":[[[-75.42302,40.37971],[-75.42398,40.37543],[-75.42517,40.37622],[-75.42766,40.37393],[-75.43104,40.3759],[-75.42964,40.37812],[-75.42704,40.37802],[-75.42706,40.37956],[-75.42932,40.37883],[-75.42918,40.37953],[-75.42298,40.38054],[-75.42302,40.37971]]]}},{"type":"Feature","properties":{"n":"Cool Spring Park Historic District","area":286884},"geometry":{"type":"Polygon","coordinates":[[[-75.5603,39.75063],[-75.56395,39.75102],[-75.56281,39.75423],[-75.55567,39.75179],[-75.55918,39.7468],[-75.56171,39.74784],[-75.56032,39.75061],[-75.5603,39.75063]]]}},{"type":"Feature","properties":{"n":"Opalanie Park","area":286770},"geometry":{"type":"Polygon","coordinates":[[[-75.62493,40.12641],[-75.62448,40.12553],[-75.62352,40.12659],[-75.62359,40.11988],[-75.62551,40.12229],[-75.62831,40.12214],[-75.63154,40.12448],[-75.6296,40.12604],[-75.62518,40.12633],[-75.62493,40.12641]]]}},{"type":"Feature","properties":{"n":"Brinton Run Preserve","area":286513},"geometry":{"type":"Polygon","coordinates":[[[-75.56448,39.89764],[-75.56245,39.89617],[-75.56578,39.89464],[-75.56514,39.89382],[-75.572,39.89066],[-75.57344,39.89251],[-75.57203,39.89319],[-75.5722,39.8956],[-75.57076,39.89629],[-75.56963,39.89458],[-75.56667,39.89579],[-75.56717,39.89647],[-75.56448,39.89764]]]}},{"type":"Feature","properties":{"n":"Sanatoga Preserve","area":283691},"geometry":{"type":"Polygon","coordinates":[[[-75.59657,40.23509],[-75.59874,40.23709],[-75.60385,40.23762],[-75.6065,40.23623],[-75.607,40.23345],[-75.59657,40.23509]]]}},{"type":"Feature","properties":{"n":"Talley Day Park","area":283311},"geometry":{"type":"Polygon","coordinates":[[[-75.5243,39.79825],[-75.52771,39.79451],[-75.52205,39.79218],[-75.51926,39.79415],[-75.52033,39.79477],[-75.51999,39.7963],[-75.52237,39.79712],[-75.5243,39.79825]]]}},{"type":"Feature","properties":{"n":"Readington Township Open Space","area":282516},"geometry":{"type":"Polygon","coordinates":[[[-74.83789,40.55259],[-74.83419,40.54829],[-74.83549,40.5458],[-74.84088,40.5453],[-74.84053,40.54311],[-74.84516,40.54179],[-74.84564,40.54339],[-74.84394,40.54358],[-74.84421,40.5453],[-74.84091,40.54549],[-74.83953,40.54617],[-74.83983,40.54734],[-74.83894,40.54642],[-74.83912,40.54772],[-74.83785,40.54832],[-74.8398,40.54892],[-74.83781,40.54838],[-74.83775,40.55148],[-74.83789,40.55259]]]}},{"type":"Feature","properties":{"n":"State Game Lands Number 315","area":282157},"geometry":{"type":"Polygon","coordinates":[[[-75.6113,40.40857],[-75.61016,40.40692],[-75.61331,40.4047],[-75.61383,40.40634],[-75.61486,40.40483],[-75.61901,40.4075],[-75.6173,40.40931],[-75.6164,40.40763],[-75.61343,40.40832],[-75.61447,40.40964],[-75.61152,40.41238],[-75.60983,40.41129],[-75.61116,40.40993],[-75.61035,40.4094],[-75.6113,40.40857]]]}},{"type":"Feature","properties":{"n":"Ringing Rocks Park","area":281478},"geometry":{"type":"Polygon","coordinates":[[[-75.60895,40.27032],[-75.61228,40.27131],[-75.6104,40.27398],[-75.60683,40.27182],[-75.60601,40.27448],[-75.60419,40.27349],[-75.6029,40.269],[-75.60404,40.26868],[-75.60542,40.26985],[-75.60417,40.26868],[-75.60504,40.26852],[-75.60913,40.26975],[-75.60895,40.27032]]]}},{"type":"Feature","properties":{"n":"John Heinz National Wildlife Refuge","area":281442},"geometry":{"type":"Polygon","coordinates":[[[-75.29924,39.87694],[-75.29783,39.8753],[-75.2956,39.87513],[-75.29466,39.8733],[-75.29924,39.87196],[-75.30213,39.87272],[-75.30428,39.8763],[-75.29932,39.87703],[-75.29924,39.87694]]]}},{"type":"Feature","properties":{"n":"South Branch Greenway","area":281230},"geometry":{"type":"Polygon","coordinates":[[[-74.76104,40.50949],[-74.76495,40.50892],[-74.76366,40.50512],[-74.75585,40.50717],[-74.75145,40.50673],[-74.75116,40.50764],[-74.75781,40.50855],[-74.76085,40.50796],[-74.76104,40.50949]]]}},{"type":"Feature","properties":{"n":null,"area":280250},"geometry":{"type":"Polygon","coordinates":[[[-75.74477,40.12016],[-75.74552,40.11743],[-75.74206,40.116],[-75.74384,40.11421],[-75.74455,40.11477],[-75.74561,40.11227],[-75.74845,40.11129],[-75.75072,40.10713],[-75.75446,40.10705],[-75.75377,40.10529],[-75.74477,40.12016]]]}},{"type":"Feature","properties":{"n":"Morris Arboretum Horticulture Center","area":279347},"geometry":{"type":"Polygon","coordinates":[[[-75.22757,40.09588],[-75.22373,40.0929],[-75.22798,40.08873],[-75.23146,40.09305],[-75.22767,40.09597],[-75.22757,40.09588]]]}},{"type":"Feature","properties":{"n":"Zega-Lockatong Preserve","area":279172},"geometry":{"type":"Polygon","coordinates":[[[-75.01934,40.42214],[-75.01913,40.42106],[-75.01717,40.42124],[-75.01773,40.4223],[-75.01473,40.42298],[-75.01436,40.41987],[-75.0175,40.41872],[-75.01693,40.41773],[-75.01899,40.41579],[-75.0211,40.41583],[-75.02062,40.42202],[-75.01934,40.42214]]]}},{"type":"Feature","properties":{"n":"Thomas P. Bentley Nature Preserve","area":278959},"geometry":{"type":"Polygon","coordinates":[[[-75.7336,40.15035],[-75.73465,40.14349],[-75.73822,40.14305],[-75.73887,40.14984],[-75.7337,40.15032],[-75.7336,40.15035]]]}},{"type":"Feature","properties":{"n":"Earl Municipal Park","area":277511},"geometry":{"type":"Polygon","coordinates":[[[-75.70941,40.36626],[-75.70147,40.36361],[-75.70321,40.36119],[-75.70177,40.36034],[-75.70231,40.35913],[-75.706,40.36073],[-75.70973,40.36562],[-75.70941,40.36626]]]}},{"type":"Feature","properties":{"n":"Cedar Hollow Preserve","area":275017},"geometry":{"type":"Polygon","coordinates":[[[-75.52237,40.06635],[-75.52074,40.06307],[-75.518,40.06477],[-75.51856,40.06552],[-75.51496,40.0663],[-75.51757,40.07187],[-75.52001,40.07129],[-75.51947,40.06739],[-75.52191,40.06729],[-75.52156,40.06649],[-75.52237,40.06635]]]}},{"type":"Feature","properties":{"n":"Smithville Park","area":273285},"geometry":{"type":"Polygon","coordinates":[[[-74.74883,39.9859],[-74.75285,39.98645],[-74.7556,39.98156],[-74.74977,39.98028],[-74.74897,39.98507],[-74.74883,39.9859]]]}},{"type":"Feature","properties":{"n":"Horseshoe Bend Park","area":272611},"geometry":{"type":"Polygon","coordinates":[[[-75.04385,40.49496],[-75.04371,40.49401],[-75.04626,40.49381],[-75.04808,40.49637],[-75.04995,40.49636],[-75.05153,40.4947],[-75.04677,40.49464],[-75.04662,40.49378],[-75.05599,40.49304],[-75.05684,40.49794],[-75.04385,40.49496]]]}},{"type":"Feature","properties":{"n":"Delaware and Raritan Canal State Park","area":272611},"geometry":{"type":"Polygon","coordinates":[[[-75.04385,40.49496],[-75.04371,40.49401],[-75.04626,40.49381],[-75.04808,40.49637],[-75.04995,40.49636],[-75.05153,40.4947],[-75.04677,40.49464],[-75.04662,40.49378],[-75.05599,40.49304],[-75.05684,40.49794],[-75.04385,40.49496]]]}},{"type":"Feature","properties":{"n":"Diamond Rock Preserve","area":272222},"geometry":{"type":"Polygon","coordinates":[[[-75.50066,40.07892],[-75.5065,40.07751],[-75.50849,40.07559],[-75.51794,40.07384],[-75.51853,40.07558],[-75.51524,40.0762],[-75.51606,40.07811],[-75.51266,40.07898],[-75.51118,40.07668],[-75.50927,40.0767],[-75.49945,40.07942],[-75.50066,40.07892]]]}},{"type":"Feature","properties":{"n":"Quakertown Memorial Park","area":271001},"geometry":{"type":"Polygon","coordinates":[[[-75.34181,40.44578],[-75.34247,40.45048],[-75.34971,40.45117],[-75.3492,40.44807],[-75.34596,40.44845],[-75.34385,40.44456],[-75.34239,40.44472],[-75.34253,40.44572],[-75.34181,40.44578]]]}},{"type":"Feature","properties":{"n":"Newton Lake Park","area":268898},"geometry":{"type":"Polygon","coordinates":[[[-75.0825,39.9089],[-75.08131,39.90742],[-75.08066,39.90874],[-75.07382,39.91075],[-75.07235,39.90941],[-75.07148,39.90979],[-75.07019,39.90495],[-75.06637,39.90637],[-75.06159,39.90487],[-75.06632,39.90589],[-75.07049,39.90433],[-75.07245,39.9092],[-75.07184,39.9033],[-75.06722,39.90443],[-75.0665,39.90336],[-75.06394,39.90398],[-75.06299,39.90278],[-75.06113,39.90528],[-75.0665,39.90685],[-75.06985,39.90582],[-75.07126,39.90948],[-75.07051,39.91066],[-75.07203,39.91011],[-75.0731,39.91148],[-75.08107,39.9094],[-75.0825,39.9089]]]}},{"type":"Feature","properties":{"n":"Harriet Wetherill Park","area":268398},"geometry":{"type":"Polygon","coordinates":[[[-75.27256,40.11748],[-75.27134,40.11753],[-75.27018,40.12054],[-75.26496,40.12143],[-75.26428,40.11772],[-75.26577,40.11618],[-75.26699,40.11734],[-75.26865,40.116],[-75.27255,40.11737],[-75.27256,40.11748]]]}},{"type":"Feature","properties":{"n":"Brandywine Meadows Preserve","area":268141},"geometry":{"type":"Polygon","coordinates":[[[-75.68462,39.97869],[-75.68767,39.98195],[-75.69166,39.99116],[-75.69477,39.99431],[-75.69811,39.99477],[-75.68462,39.97869]]]}},{"type":"Feature","properties":{"n":"Great Marsh Institute","area":267672},"geometry":{"type":"Polygon","coordinates":[[[-75.77145,40.13533],[-75.76899,40.13255],[-75.76465,40.13407],[-75.76205,40.1297],[-75.76129,40.12293],[-75.75954,40.12176],[-75.77145,40.13533]]]}},{"type":"Feature","properties":{"n":"West Fairmount Park","area":267640},"geometry":{"type":"Polygon","coordinates":[[[-75.21789,39.99421],[-75.22026,39.99023],[-75.22262,39.98887],[-75.22018,39.99002],[-75.22582,39.98656],[-75.22695,39.98277],[-75.22421,39.98155],[-75.21789,39.99421]]]}},{"type":"Feature","properties":{"n":"Amico Island County Park","area":267051},"geometry":{"type":"Polygon","coordinates":[[[-74.9794,40.04047],[-74.9818,40.04004],[-74.98281,40.03723],[-74.98641,40.03572],[-74.98704,40.03413],[-74.98364,40.03535],[-74.98283,40.03387],[-74.97901,40.03405],[-74.9788,40.03728],[-74.97643,40.03781],[-74.97743,40.03878],[-74.97998,40.03722],[-74.98043,40.03886],[-74.97925,40.03968],[-74.9794,40.04047]]]}},{"type":"Feature","properties":{"n":"Burholme Park","area":266935},"geometry":{"type":"Polygon","coordinates":[[[-75.08739,40.06841],[-75.09044,40.06543],[-75.09661,40.06901],[-75.0937,40.07172],[-75.08951,40.06956],[-75.08739,40.06841]]]}},{"type":"Feature","properties":{"n":"Central Park","area":266471},"geometry":{"type":"Polygon","coordinates":[[[-74.74807,40.27393],[-74.74793,40.27631],[-74.74576,40.27837],[-74.74135,40.27803],[-74.74055,40.27752],[-74.74356,40.27262],[-74.74807,40.27393]]]}},{"type":"Feature","properties":{"n":"Delaware and Raritan Canal State Park","area":263307},"geometry":{"type":"Polygon","coordinates":[[[-74.6967,40.17931],[-74.69466,40.1789],[-74.6951,40.17433],[-74.69751,40.17446],[-74.69839,40.17668],[-74.70042,40.17526],[-74.70238,40.17651],[-74.70293,40.17827],[-74.69895,40.17798],[-74.69781,40.1808],[-74.69579,40.18026],[-74.69664,40.17948],[-74.6967,40.17931]]]}},{"type":"Feature","properties":{"n":"Cramer Hill Waterfront Park","area":260683},"geometry":{"type":"Polygon","coordinates":[[[-75.10557,39.95046],[-75.11009,39.95161],[-75.10995,39.95373],[-75.10675,39.95586],[-75.10044,39.95757],[-75.09962,39.95639],[-75.10632,39.95467],[-75.10371,39.95257],[-75.10547,39.95054],[-75.10557,39.95046]]]}},{"type":"Feature","properties":{"n":"Centre Square Park","area":259710},"geometry":{"type":"Polygon","coordinates":[[[-75.30407,40.15975],[-75.30145,40.15999],[-75.29932,40.15812],[-75.29862,40.1589],[-75.3023,40.16398],[-75.30774,40.16199],[-75.30586,40.15912],[-75.30432,40.15973],[-75.30407,40.15975]]]}},{"type":"Feature","properties":{"n":"Fuller Preserve (Jere Knight Nature Trail)","area":257937},"geometry":{"type":"Polygon","coordinates":[[[-75.26271,40.54053],[-75.26771,40.5442],[-75.27078,40.54378],[-75.2705,40.54236],[-75.27349,40.54221],[-75.27226,40.54041],[-75.27028,40.54059],[-75.2701,40.53949],[-75.26613,40.54009],[-75.26271,40.54053]]]}},{"type":"Feature","properties":{"n":"Village Park","area":257045},"geometry":{"type":"Polygon","coordinates":[[[-74.74481,40.30616],[-74.74179,40.30863],[-74.73948,40.30814],[-74.7383,40.30708],[-74.74036,40.30566],[-74.7361,40.3017],[-74.73691,40.30111],[-74.7382,40.30218],[-74.73937,40.30136],[-74.74061,40.30244],[-74.74481,40.30616]]]}},{"type":"Feature","properties":{"n":"Powell Ford","area":255970},"geometry":{"type":"Polygon","coordinates":[[[-75.63911,39.72245],[-75.6396,39.72067],[-75.63744,39.71917],[-75.63979,39.71766],[-75.63469,39.71877],[-75.63299,39.72295],[-75.63425,39.72446],[-75.63568,39.72387],[-75.63514,39.72292],[-75.63645,39.72355],[-75.63911,39.72245]]]}},{"type":"Feature","properties":{"n":"Manatawny Park","area":252375},"geometry":{"type":"Polygon","coordinates":[[[-75.6552,40.24744],[-75.65476,40.25084],[-75.65646,40.25722],[-75.65847,40.2549],[-75.65897,40.24839],[-75.65521,40.24743],[-75.6552,40.24744]]]}},{"type":"Feature","properties":{"n":"Kline Park","area":252250},"geometry":{"type":"Polygon","coordinates":[[[-75.28404,40.08538],[-75.27751,40.08939],[-75.27124,40.08671],[-75.27375,40.08492],[-75.27616,40.08502],[-75.278,40.08633],[-75.28087,40.08507],[-75.2816,40.08593],[-75.28396,40.08528],[-75.28404,40.08538]]]}},{"type":"Feature","properties":{"n":"Cobbs Creek Automobile Suburb Historic District","area":251625},"geometry":{"type":"Polygon","coordinates":[[[-75.24487,39.94261],[-75.2428,39.94339],[-75.24357,39.94478],[-75.24015,39.94556],[-75.24038,39.94622],[-75.24443,39.9468],[-75.24412,39.94835],[-75.24768,39.9488],[-75.24663,39.95377],[-75.2499,39.95437],[-75.24487,39.94261]]]}},{"type":"Feature","properties":{"n":"Gloucester Township Community Park","area":250735},"geometry":{"type":"Polygon","coordinates":[[[-75.04065,39.77721],[-75.03342,39.77771],[-75.03267,39.77499],[-75.03836,39.7736],[-75.04059,39.77709],[-75.04065,39.77721]]]}}],"note":"parks / nature reserves / protected areas >25 ha"}
