{"type":"FeatureCollection","attribution":"(c) OpenStreetMap contributors, ODbL 1.0","generator":"tools/build_vectors.py","region":{"west":-75.8,"east":-74.7,"south":39.7,"north":40.55},"features":[{"type":"Feature","properties":{"n":"Philadelphia","k":"city","rank":0,"pop":1603797},"geometry":{"type":"Point","coordinates":[-75.16353,39.95272]}},{"type":"Feature","properties":{"n":"Trenton","k":"city","rank":1,"pop":90871},"geometry":{"type":"Point","coordinates":[-74.7659,40.22031]}},{"type":"Feature","properties":{"n":"Wilmington","k":"city","rank":1,"pop":74512},"geometry":{"type":"Point","coordinates":[-75.55275,39.73833]}},{"type":"Feature","properties":{"n":"Camden","k":"city","rank":1,"pop":71791},"geometry":{"type":"Point","coordinates":[-75.11919,39.94409]}},{"type":"Feature","properties":{"n":"Cherry Hill","k":"city","rank":1,"pop":71586},"geometry":{"type":"Point","coordinates":[-75.03073,39.93484]}},{"type":"Feature","properties":{"n":"Chester","k":"city","rank":1,"pop":36801},"geometry":{"type":"Point","coordinates":[-75.35575,39.84956]}},{"type":"Feature","properties":{"n":"Norristown","k":"city","rank":1,"pop":35911},"geometry":{"type":"Point","coordinates":[-75.34465,40.1146]}},{"type":"Feature","properties":{"n":"Gloucester Township","k":"town","rank":2,"pop":66934},"geometry":{"type":"Point","coordinates":[-75.03655,39.79269]}},{"type":"Feature","properties":{"n":"Bensalem Township","k":"town","rank":2,"pop":58751},"geometry":{"type":"Point","coordinates":[-74.95128,40.10455]}},{"type":"Feature","properties":{"n":"Abington Township","k":"town","rank":2,"pop":54608},"geometry":{"type":"Point","coordinates":[-75.12169,40.11435]}},{"type":"Feature","properties":{"n":"Levittown","k":"town","rank":2,"pop":52699},"geometry":{"type":"Point","coordinates":[-74.838,40.15476]}},{"type":"Feature","properties":{"n":"Washington Township","k":"town","rank":2,"pop":48559},"geometry":{"type":"Point","coordinates":[-75.07613,39.7509]}},{"type":"Feature","properties":{"n":"Middletown","k":"town","rank":2,"pop":46040},"geometry":{"type":"Point","coordinates":[-74.8852,40.17014]}},{"type":"Feature","properties":{"n":"Mount Laurel","k":"town","rank":2,"pop":40326},"geometry":{"type":"Point","coordinates":[-74.891,39.934]}},{"type":"Feature","properties":{"n":"Ewing Township","k":"town","rank":2,"pop":37264},"geometry":{"type":"Point","coordinates":[-74.79092,40.25999]}},{"type":"Feature","properties":{"n":"Cheltenham","k":"town","rank":2,"pop":36475},"geometry":{"type":"Point","coordinates":[-75.09441,40.06128]}},{"type":"Feature","properties":{"n":"Pennsauken Township","k":"town","rank":2,"pop":35443},"geometry":{"type":"Point","coordinates":[-75.05795,39.95622]}},{"type":"Feature","properties":{"n":"Falls Township","k":"town","rank":2,"pop":34100},"geometry":{"type":"Point","coordinates":[-74.79213,40.17407]}},{"type":"Feature","properties":{"n":"Warminster","k":"town","rank":2,"pop":33467},"geometry":{"type":"Point","coordinates":[-75.09962,40.20678]}},{"type":"Feature","properties":{"n":"Lawrence Township","k":"town","rank":2,"pop":33077},"geometry":{"type":"Point","coordinates":[-74.71234,40.28775]}},{"type":"Feature","properties":{"n":"Willingboro Township","k":"town","rank":2,"pop":33045},"geometry":{"type":"Point","coordinates":[-74.88082,40.02894]}},{"type":"Feature","properties":{"n":"Lower Makefield","k":"town","rank":2,"pop":32559},"geometry":{"type":"Point","coordinates":[-74.86088,40.22441]}},{"type":"Feature","properties":{"n":"Radnor","k":"town","rank":2,"pop":31070},"geometry":{"type":"Point","coordinates":[-75.35955,40.0463]}},{"type":"Feature","properties":{"n":"Deptford Township","k":"town","rank":2,"pop":30561},"geometry":{"type":"Point","coordinates":[-75.12359,39.82718]}},{"type":"Feature","properties":{"n":"Voorhees Township","k":"town","rank":2,"pop":29131},"geometry":{"type":"Point","coordinates":[-74.96198,39.85122]}},{"type":"Feature","properties":{"n":"Horsham","k":"town","rank":2,"pop":24868},"geometry":{"type":"Point","coordinates":[-75.12851,40.17844]}},{"type":"Feature","properties":{"n":"Marple Township","k":"town","rank":2,"pop":23598},"geometry":{"type":"Point","coordinates":[-75.37848,39.97751]}},{"type":"Feature","properties":{"n":"Raritan Township","k":"town","rank":2,"pop":23447},"geometry":{"type":"Point","coordinates":[-74.89486,40.50423]}},{"type":"Feature","properties":{"n":"Medford","k":"town","rank":2,"pop":23399},"geometry":{"type":"Point","coordinates":[-74.8235,39.90095]}},{"type":"Feature","properties":{"n":"Springfield","k":"town","rank":2,"pop":23024},"geometry":{"type":"Point","coordinates":[-75.32019,39.93067]}},{"type":"Feature","properties":{"n":"Warrington","k":"town","rank":2,"pop":22468},"geometry":{"type":"Point","coordinates":[-75.13406,40.24927]}},{"type":"Feature","properties":{"n":"West Deptford Township","k":"town","rank":2,"pop":22197},"geometry":{"type":"Point","coordinates":[-75.18887,39.83236]}},{"type":"Feature","properties":{"n":"Pottstown","k":"town","rank":2,"pop":21409},"geometry":{"type":"Point","coordinates":[-75.64964,40.2453]}},{"type":"Feature","properties":{"n":"Lower Southampton","k":"town","rank":2,"pop":20599},"geometry":{"type":"Point","coordinates":[-75.00259,40.15083]}},{"type":"Feature","properties":{"n":"Moorestown","k":"town","rank":2,"pop":20540},"geometry":{"type":"Point","coordinates":[-74.94267,39.96706]}},{"type":"Feature","properties":{"n":"King of Prussia","k":"town","rank":2,"pop":19936},"geometry":{"type":"Point","coordinates":[-75.38881,40.08512]}},{"type":"Feature","properties":{"n":"Maple Shade","k":"town","rank":2,"pop":19541},"geometry":{"type":"Point","coordinates":[-74.99239,39.95261]}},{"type":"Feature","properties":{"n":"Glassboro","k":"town","rank":2,"pop":19360},"geometry":{"type":"Point","coordinates":[-75.11194,39.70277]}},{"type":"Feature","properties":{"n":"West Chester","k":"town","rank":2,"pop":18671},"geometry":{"type":"Point","coordinates":[-75.60446,39.95974]}},{"type":"Feature","properties":{"n":"Hopewell Township","k":"town","rank":2,"pop":17491},"geometry":{"type":"Point","coordinates":[-74.81663,40.34353]}},{"type":"Feature","properties":{"n":"Whitemarsh","k":"town","rank":2,"pop":17332},"geometry":{"type":"Point","coordinates":[-75.21657,40.12205]}},{"type":"Feature","properties":{"n":"Lindenwold","k":"town","rank":2,"pop":17160},"geometry":{"type":"Point","coordinates":[-74.99701,39.82445]}},{"type":"Feature","properties":{"n":"Delran Township","k":"town","rank":2,"pop":16896},"geometry":{"type":"Point","coordinates":[-74.95504,40.01549]}},{"type":"Feature","properties":{"n":"Limerick","k":"town","rank":2,"pop":16624},"geometry":{"type":"Point","coordinates":[-75.52212,40.23093]}},{"type":"Feature","properties":{"n":"Phoenixville","k":"town","rank":2,"pop":15811},"geometry":{"type":"Point","coordinates":[-75.51728,40.13388]}},{"type":"Feature","properties":{"n":"Lansdale","k":"town","rank":2,"pop":15720},"geometry":{"type":"Point","coordinates":[-75.28379,40.2415]}},{"type":"Feature","properties":{"n":"Cinnaminson Township","k":"town","rank":2,"pop":15449},"geometry":{"type":"Point","coordinates":[-74.99267,39.99678]}},{"type":"Feature","properties":{"n":"Upper Southampton","k":"town","rank":2,"pop":15152},"geometry":{"type":"Point","coordinates":[-75.03868,40.17163]}},{"type":"Feature","properties":{"n":"Mantua Township","k":"town","rank":2,"pop":14974},"geometry":{"type":"Point","coordinates":[-75.17212,39.794]}},{"type":"Feature","properties":{"n":"Haddon Township","k":"town","rank":2,"pop":14484},"geometry":{"type":"Point","coordinates":[-75.09601,39.89761]}},{"type":"Feature","properties":{"n":"Collingswood","k":"town","rank":2,"pop":13961},"geometry":{"type":"Point","coordinates":[-75.07128,39.91817]}},{"type":"Feature","properties":{"n":"Ardmore","k":"town","rank":2,"pop":13566},"geometry":{"type":"Point","coordinates":[-75.29109,40.00794]}},{"type":"Feature","properties":{"n":"Hockessin","k":"town","rank":2,"pop":13527},"geometry":{"type":"Point","coordinates":[-75.69656,39.78754]}},{"type":"Feature","properties":{"n":"Skippack","k":"town","rank":2,"pop":12927},"geometry":{"type":"Point","coordinates":[-75.39879,40.22288]}},{"type":"Feature","properties":{"n":"Franconia","k":"town","rank":2,"pop":12488},"geometry":{"type":"Point","coordinates":[-75.35768,40.30788]}},{"type":"Feature","properties":{"n":"Lumberton","k":"town","rank":2,"pop":12331},"geometry":{"type":"Point","coordinates":[-74.80516,39.96595]}},{"type":"Feature","properties":{"n":"Bellmawr","k":"town","rank":2,"pop":11707},"geometry":{"type":"Point","coordinates":[-75.09462,39.86761]}},{"type":"Feature","properties":{"n":"Florence Township","k":"town","rank":2,"pop":11637},"geometry":{"type":"Point","coordinates":[-74.79153,40.1028]}},{"type":"Feature","properties":{"n":"Haddonfield","k":"town","rank":2,"pop":11515},"geometry":{"type":"Point","coordinates":[-75.03767,39.8915]}},{"type":"Feature","properties":{"n":"Gloucester City","k":"town","rank":2,"pop":11482},"geometry":{"type":"Point","coordinates":[-75.11619,39.89186]}},{"type":"Feature","properties":{"n":"Yeadon","k":"town","rank":2,"pop":11479},"geometry":{"type":"Point","coordinates":[-75.25571,39.93891]}},{"type":"Feature","properties":{"n":"Emmaus","k":"town","rank":2,"pop":11401},"geometry":{"type":"Point","coordinates":[-75.49187,40.53502]}},{"type":"Feature","properties":{"n":"Pine Hill","k":"town","rank":2,"pop":11275},"geometry":{"type":"Point","coordinates":[-74.99211,39.78428]}},{"type":"Feature","properties":{"n":"Upper Providence","k":"town","rank":2,"pop":11147},"geometry":{"type":"Point","coordinates":[-75.42297,39.95511]}},{"type":"Feature","properties":{"n":"Lansdowne","k":"town","rank":2,"pop":10759},"geometry":{"type":"Point","coordinates":[-75.27228,39.93825]}},{"type":"Feature","properties":{"n":"Willistown","k":"town","rank":2,"pop":10754},"geometry":{"type":"Point","coordinates":[-75.49604,39.96122]}},{"type":"Feature","properties":{"n":"Westtown","k":"town","rank":2,"pop":10649},"geometry":{"type":"Point","coordinates":[-75.55187,39.93094]}},{"type":"Feature","properties":{"n":"Mount Holly","k":"town","rank":2,"pop":10602},"geometry":{"type":"Point","coordinates":[-74.78766,39.99289]}},{"type":"Feature","properties":{"n":"Marlton","k":"town","rank":2,"pop":10594},"geometry":{"type":"Point","coordinates":[-74.92183,39.89122]}},{"type":"Feature","properties":{"n":"Woodbury","k":"town","rank":2,"pop":10410},"geometry":{"type":"Point","coordinates":[-75.15268,39.83817]}},{"type":"Feature","properties":{"n":"Southampton Township","k":"town","rank":2,"pop":10317},"geometry":{"type":"Point","coordinates":[-74.73809,39.93147]}},{"type":"Feature","properties":{"n":"Darby","k":"town","rank":2,"pop":10007},"geometry":{"type":"Point","coordinates":[-75.25903,39.91844]}},{"type":"Feature","properties":{"n":"Claymont","k":"town","rank":2,"pop":9895},"geometry":{"type":"Point","coordinates":[-75.46089,39.80002]}},{"type":"Feature","properties":{"n":"Bristol","k":"town","rank":2,"pop":9771},"geometry":{"type":"Point","coordinates":[-74.85773,40.09542]}},{"type":"Feature","properties":{"n":"Morrisville","k":"town","rank":2,"pop":9746},"geometry":{"type":"Point","coordinates":[-74.77551,40.20824]}},{"type":"Feature","properties":{"n":"Burlington","k":"town","rank":2,"pop":9715},"geometry":{"type":"Point","coordinates":[-74.86489,40.07122]}},{"type":"Feature","properties":{"n":"Quakertown","k":"town","rank":2,"pop":9359},"geometry":{"type":"Point","coordinates":[-75.34157,40.44177]}},{"type":"Feature","properties":{"n":"Conshohocken","k":"town","rank":2,"pop":9261},"geometry":{"type":"Point","coordinates":[-75.30625,40.07388]}},{"type":"Feature","properties":{"n":"Westampton","k":"town","rank":2,"pop":9121},"geometry":{"type":"Point","coordinates":[-74.82808,40.01554]}},{"type":"Feature","properties":{"n":"Perkasie","k":"town","rank":2,"pop":8726},"geometry":{"type":"Point","coordinates":[-75.29268,40.37205]}},{"type":"Feature","properties":{"n":"Doylestown","k":"town","rank":2,"pop":8211},"geometry":{"type":"Point","coordinates":[-75.13046,40.31004]}},{"type":"Feature","properties":{"n":"Upper Makefield","k":"town","rank":2,"pop":8190},"geometry":{"type":"Point","coordinates":[-74.91718,40.29396]}},{"type":"Feature","properties":{"n":"Downingtown","k":"town","rank":2,"pop":7885},"geometry":{"type":"Point","coordinates":[-75.70327,40.0065]}},{"type":"Feature","properties":{"n":"Brookhaven","k":"town","rank":2,"pop":7827},"geometry":{"type":"Point","coordinates":[-75.38819,39.87268]}},{"type":"Feature","properties":{"n":"Glenside","k":"town","rank":2,"pop":7737},"geometry":{"type":"Point","coordinates":[-75.15391,40.10019]}},{"type":"Feature","properties":{"n":"Glenolden","k":"town","rank":2,"pop":7287},"geometry":{"type":"Point","coordinates":[-75.2897,39.9]}},{"type":"Feature","properties":{"n":"Ridley Park","k":"town","rank":2,"pop":7049},"geometry":{"type":"Point","coordinates":[-75.3238,39.88122]}},{"type":"Feature","properties":{"n":"Souderton","k":"town","rank":2,"pop":6637},"geometry":{"type":"Point","coordinates":[-75.32518,40.31177]}},{"type":"Feature","properties":{"n":"Ambler","k":"town","rank":2,"pop":6270},"geometry":{"type":"Point","coordinates":[-75.22216,40.15447]}},{"type":"Feature","properties":{"n":"Eastampton Township","k":"town","rank":2,"pop":6191},"geometry":{"type":"Point","coordinates":[-74.7646,39.99913]}},{"type":"Feature","properties":{"n":"Kennett Square","k":"town","rank":2,"pop":6190},"geometry":{"type":"Point","coordinates":[-75.7117,39.84674]}},{"type":"Feature","properties":{"n":"Swarthmore","k":"town","rank":2,"pop":6150},"geometry":{"type":"Point","coordinates":[-75.34991,39.90206]}},{"type":"Feature","properties":{"n":"Media","k":"town","rank":2,"pop":5682},"geometry":{"type":"Point","coordinates":[-75.38769,39.91678]}},{"type":"Feature","properties":{"n":"Berlin Township","k":"town","rank":2,"pop":5357},"geometry":{"type":"Point","coordinates":[-74.94182,39.80924]}},{"type":"Feature","properties":{"n":"Kutztown","k":"town","rank":2,"pop":5089},"geometry":{"type":"Point","coordinates":[-75.77742,40.51732]}},{"type":"Feature","properties":{"n":"Collegeville","k":"town","rank":2,"pop":5008},"geometry":{"type":"Point","coordinates":[-75.45122,40.18547]}},{"type":"Feature","properties":{"n":"Sellersville","k":"town","rank":2,"pop":4473},"geometry":{"type":"Point","coordinates":[-75.30501,40.35429]}},{"type":"Feature","properties":{"n":"Bridgeport","k":"town","rank":2,"pop":4401},"geometry":{"type":"Point","coordinates":[-75.34546,40.10551]}},{"type":"Feature","properties":{"n":"Jenkintown","k":"town","rank":2,"pop":4350},"geometry":{"type":"Point","coordinates":[-75.12565,40.09595]}},{"type":"Feature","properties":{"n":"Royersford","k":"town","rank":2,"pop":4307},"geometry":{"type":"Point","coordinates":[-75.53779,40.18417]}},{"type":"Feature","properties":{"n":"Aldan","k":"town","rank":2,"pop":4282},"geometry":{"type":"Point","coordinates":[-75.28696,39.92235]}},{"type":"Feature","properties":{"n":"Flemington","k":"town","rank":2,"pop":4267},"geometry":{"type":"Point","coordinates":[-74.85913,40.5131]}},{"type":"Feature","properties":{"n":"Narberth","k":"town","rank":2,"pop":4098},"geometry":{"type":"Point","coordinates":[-75.26242,40.00726]}},{"type":"Feature","properties":{"n":"East Amwell Township","k":"town","rank":2,"pop":4013},"geometry":{"type":"Point","coordinates":[-74.81433,40.44323]}},{"type":"Feature","properties":{"n":"Bordentown","k":"town","rank":2,"pop":3993},"geometry":{"type":"Point","coordinates":[-74.71145,40.14626]}},{"type":"Feature","properties":{"n":"Boyertown","k":"town","rank":2,"pop":3958},"geometry":{"type":"Point","coordinates":[-75.63728,40.33369]}},{"type":"Feature","properties":{"n":"West Amwell Township","k":"town","rank":2,"pop":3840},"geometry":{"type":"Point","coordinates":[-74.90757,40.39896]}},{"type":"Feature","properties":{"n":"Lambertville","k":"town","rank":2,"pop":3808},"geometry":{"type":"Point","coordinates":[-74.94541,40.36562]}},{"type":"Feature","properties":{"n":"Chadds Ford","k":"town","rank":2,"pop":3640},"geometry":{"type":"Point","coordinates":[-75.59142,39.87203]}},{"type":"Feature","properties":{"n":"Spring City","k":"town","rank":2,"pop":3397},"geometry":{"type":"Point","coordinates":[-75.54564,40.17783]}},{"type":"Feature","properties":{"n":"Trappe","k":"town","rank":2,"pop":3382},"geometry":{"type":"Point","coordinates":[-75.47761,40.19961]}},{"type":"Feature","properties":{"n":"North Wales","k":"town","rank":2,"pop":3260},"geometry":{"type":"Point","coordinates":[-75.27823,40.21094]}},{"type":"Feature","properties":{"n":"Malvern","k":"town","rank":2,"pop":3108},"geometry":{"type":"Point","coordinates":[-75.5139,40.0362]}},{"type":"Feature","properties":{"n":"East Greenville","k":"town","rank":2,"pop":2968},"geometry":{"type":"Point","coordinates":[-75.50185,40.40649]}},{"type":"Feature","properties":{"n":"Coopersburg","k":"town","rank":2,"pop":2574},"geometry":{"type":"Point","coordinates":[-75.39034,40.51146]}},{"type":"Feature","properties":{"n":"East Lansdowne","k":"town","rank":2,"pop":2506},"geometry":{"type":"Point","coordinates":[-75.26134,39.94565]}},{"type":"Feature","properties":{"n":"Chester Heights","k":"town","rank":2,"pop":2490},"geometry":{"type":"Point","coordinates":[-75.47535,39.89027]}},{"type":"Feature","properties":{"n":"New Hope","k":"town","rank":2,"pop":2291},"geometry":{"type":"Point","coordinates":[-74.95128,40.36427]}},{"type":"Feature","properties":{"n":"Newtown","k":"town","rank":2,"pop":2229},"geometry":{"type":"Point","coordinates":[-74.93653,40.2294]}},{"type":"Feature","properties":{"n":"Avondale","k":"town","rank":2,"pop":1274},"geometry":{"type":"Point","coordinates":[-75.78327,39.82479]}},{"type":"Feature","properties":{"n":"Wayne","k":"town","rank":2,"pop":0},"geometry":{"type":"Point","coordinates":[-75.38786,40.04401]}},{"type":"Feature","properties":{"n":"Weldon","k":"town","rank":2,"pop":0},"geometry":{"type":"Point","coordinates":[-75.14788,40.10663]}},{"type":"Feature","properties":{"n":"Havertown","k":"town","rank":2,"pop":0},"geometry":{"type":"Point","coordinates":[-75.30852,39.98095]}},{"type":"Feature","properties":{"n":"Northeast Philadelphia","k":"suburb","rank":3,"pop":528810},"geometry":{"type":"Point","coordinates":[-75.04073,40.03682]}},{"type":"Feature","properties":{"n":"North Philadelphia","k":"suburb","rank":3,"pop":240781},"geometry":{"type":"Point","coordinates":[-75.15456,39.99394]}},{"type":"Feature","properties":{"n":"West Philadelphia","k":"suburb","rank":3,"pop":216433},"geometry":{"type":"Point","coordinates":[-75.22489,39.96]}},{"type":"Feature","properties":{"n":"Center City","k":"suburb","rank":3,"pop":173284},"geometry":{"type":"Point","coordinates":[-75.1636,39.95239]}},{"type":"Feature","properties":{"n":"South Philadelphia","k":"suburb","rank":3,"pop":168782},"geometry":{"type":"Point","coordinates":[-75.16946,39.92555]}},{"type":"Feature","properties":{"n":"Far Northeast Philadelphia","k":"suburb","rank":3,"pop":132119},"geometry":{"type":"Point","coordinates":[-75.02879,40.10256]}},{"type":"Feature","properties":{"n":"River Wards","k":"suburb","rank":3,"pop":88452},"geometry":{"type":"Point","coordinates":[-75.09456,39.99469]}},{"type":"Feature","properties":{"n":"Sicklerville","k":"village","rank":3,"pop":45084},"geometry":{"type":"Point","coordinates":[-74.96933,39.71734]}},{"type":"Feature","properties":{"n":"West Goshen","k":"village","rank":3,"pop":21168},"geometry":{"type":"Point","coordinates":[-75.57271,39.96816]}},{"type":"Feature","properties":{"n":"Buckingham","k":"village","rank":3,"pop":18923},"geometry":{"type":"Point","coordinates":[-75.06045,40.32352]}},{"type":"Feature","properties":{"n":"West Norriton","k":"suburb","rank":3,"pop":14676},"geometry":{"type":"Point","coordinates":[-75.37852,40.12955]}},{"type":"Feature","properties":{"n":"East Norriton","k":"suburb","rank":3,"pop":13453},"geometry":{"type":"Point","coordinates":[-75.33695,40.15155]}},{"type":"Feature","properties":{"n":"Montgomeryville","k":"village","rank":3,"pop":12624},"geometry":{"type":"Point","coordinates":[-75.24379,40.24733]}},{"type":"Feature","properties":{"n":"New Garden","k":"village","rank":3,"pop":11363},"geometry":{"type":"Point","coordinates":[-75.75215,39.81543]}},{"type":"Feature","properties":{"n":"Croydon","k":"village","rank":3,"pop":10014},"geometry":{"type":"Point","coordinates":[-74.9035,40.08733]}},{"type":"Feature","properties":{"n":"Harleysville","k":"village","rank":3,"pop":9899},"geometry":{"type":"Point","coordinates":[-75.38712,40.27955]}},{"type":"Feature","properties":{"n":"Pitman","k":"village","rank":3,"pop":9199},"geometry":{"type":"Point","coordinates":[-75.13005,39.73168]}},{"type":"Feature","properties":{"n":"Atco","k":"village","rank":3,"pop":9058},"geometry":{"type":"Point","coordinates":[-74.88739,39.76984]}},{"type":"Feature","properties":{"n":"New Hanover","k":"village","rank":3,"pop":9009},"geometry":{"type":"Point","coordinates":[-75.58129,40.29788]}},{"type":"Feature","properties":{"n":"Audubon","k":"village","rank":3,"pop":8981},"geometry":{"type":"Point","coordinates":[-75.07295,39.89095]}},{"type":"Feature","properties":{"n":"Solebury","k":"village","rank":3,"pop":8846},"geometry":{"type":"Point","coordinates":[-75.00822,40.38066]}},{"type":"Feature","properties":{"n":"Worcester","k":"village","rank":3,"pop":8780},"geometry":{"type":"Point","coordinates":[-75.34657,40.20122]}},{"type":"Feature","properties":{"n":"Center Valley","k":"village","rank":3,"pop":8529},"geometry":{"type":"Point","coordinates":[-75.39396,40.5292]}},{"type":"Feature","properties":{"n":"Sanatoga","k":"village","rank":3,"pop":8496},"geometry":{"type":"Point","coordinates":[-75.59523,40.24519]}},{"type":"Feature","properties":{"n":"Collingdale","k":"village","rank":3,"pop":8467},"geometry":{"type":"Point","coordinates":[-75.27713,39.91178]}},{"type":"Feature","properties":{"n":"Runnemede","k":"village","rank":3,"pop":8461},"geometry":{"type":"Point","coordinates":[-75.06795,39.85234]}},{"type":"Feature","properties":{"n":"Perkiomen","k":"village","rank":3,"pop":8260},"geometry":{"type":"Point","coordinates":[-75.45868,40.23286]}},{"type":"Feature","properties":{"n":"Mansfield Township","k":"village","rank":3,"pop":8047},"geometry":{"type":"Point","coordinates":[-74.71377,40.09122]}},{"type":"Feature","properties":{"n":"Maxatawny","k":"village","rank":3,"pop":8046},"geometry":{"type":"Point","coordinates":[-75.6888,40.5426]}},{"type":"Feature","properties":{"n":"Carneys Point Township","k":"village","rank":3,"pop":7981},"geometry":{"type":"Point","coordinates":[-75.4702,39.71122]}},{"type":"Feature","properties":{"n":"Edgewater Park","k":"village","rank":3,"pop":7968},"geometry":{"type":"Point","coordinates":[-74.90072,40.06817]}},{"type":"Feature","properties":{"n":"Riverside","k":"village","rank":3,"pop":7950},"geometry":{"type":"Point","coordinates":[-74.95739,40.03233]}},{"type":"Feature","properties":{"n":"Berlin","k":"village","rank":3,"pop":7910},"geometry":{"type":"Point","coordinates":[-74.92905,39.79123]}},{"type":"Feature","properties":{"n":"Palmyra","k":"village","rank":3,"pop":7598},"geometry":{"type":"Point","coordinates":[-75.02823,40.00706]}},{"type":"Feature","properties":{"n":"Haddon Heights","k":"village","rank":3,"pop":7365},"geometry":{"type":"Point","coordinates":[-75.06462,39.87734]}},{"type":"Feature","properties":{"n":"Tabernacle Township","k":"village","rank":3,"pop":7337},"geometry":{"type":"Point","coordinates":[-74.71016,39.844]}},{"type":"Feature","properties":{"n":"Hatboro","k":"village","rank":3,"pop":7204},"geometry":{"type":"Point","coordinates":[-75.10683,40.17463]}},{"type":"Feature","properties":{"n":"Stratford","k":"village","rank":3,"pop":7122},"geometry":{"type":"Point","coordinates":[-75.01545,39.82678]}},{"type":"Feature","properties":{"n":"Barrington","k":"village","rank":3,"pop":7004},"geometry":{"type":"Point","coordinates":[-75.05517,39.86484]}},{"type":"Feature","properties":{"n":"Folcroft","k":"village","rank":3,"pop":6890},"geometry":{"type":"Point","coordinates":[-75.28402,39.89078]}},{"type":"Feature","properties":{"n":"Clifton Heights","k":"village","rank":3,"pop":6609},"geometry":{"type":"Point","coordinates":[-75.29693,39.92918]}},{"type":"Feature","properties":{"n":"Lionville","k":"village","rank":3,"pop":6582},"geometry":{"type":"Point","coordinates":[-75.6444,40.05201]}},{"type":"Feature","properties":{"n":"Feasterville-Trevose","k":"village","rank":3,"pop":6525},"geometry":{"type":"Point","coordinates":[-74.99347,40.14841]}},{"type":"Feature","properties":{"n":"Prospect Park","k":"village","rank":3,"pop":6425},"geometry":{"type":"Point","coordinates":[-75.30824,39.88789]}},{"type":"Feature","properties":{"n":"Charlestown","k":"village","rank":3,"pop":6221},"geometry":{"type":"Point","coordinates":[-75.55297,40.09872]}},{"type":"Feature","properties":{"n":"Hainesport","k":"village","rank":3,"pop":6161},"geometry":{"type":"Point","coordinates":[-74.82711,39.98372]}},{"type":"Feature","properties":{"n":"Paulsboro","k":"village","rank":3,"pop":6062},"geometry":{"type":"Point","coordinates":[-75.24046,39.83039]}},{"type":"Feature","properties":{"n":"Bryn Mawr","k":"village","rank":3,"pop":5879},"geometry":{"type":"Point","coordinates":[-75.31939,40.02199]}},{"type":"Feature","properties":{"n":"Norwood","k":"village","rank":3,"pop":5834},"geometry":{"type":"Point","coordinates":[-75.29963,39.89178]}},{"type":"Feature","properties":{"n":"Longswamp","k":"village","rank":3,"pop":5810},"geometry":{"type":"Point","coordinates":[-75.65491,40.49815]}},{"type":"Feature","properties":{"n":"Merion","k":"suburb","rank":3,"pop":5741},"geometry":{"type":"Point","coordinates":[-75.25133,39.99818]}},{"type":"Feature","properties":{"n":"Elsmere","k":"village","rank":3,"pop":5731},"geometry":{"type":"Point","coordinates":[-75.59592,39.73808]}},{"type":"Feature","properties":{"n":"Chesterbrook","k":"village","rank":3,"pop":5610},"geometry":{"type":"Point","coordinates":[-75.45908,40.07566]}},{"type":"Feature","properties":{"n":"Bedminster","k":"village","rank":3,"pop":5561},"geometry":{"type":"Point","coordinates":[-75.1789,40.42609]}},{"type":"Feature","properties":{"n":"Gilbertsville","k":"village","rank":3,"pop":5508},"geometry":{"type":"Point","coordinates":[-75.61018,40.3201]}},{"type":"Feature","properties":{"n":"Colebrookdale","k":"village","rank":3,"pop":5453},"geometry":{"type":"Point","coordinates":[-75.65263,40.30927]}},{"type":"Feature","properties":{"n":"Sharon Hill","k":"village","rank":3,"pop":5343},"geometry":{"type":"Point","coordinates":[-75.27214,39.9063]}},{"type":"Feature","properties":{"n":"Somerdale","k":"village","rank":3,"pop":5123},"geometry":{"type":"Point","coordinates":[-75.02267,39.844]}},{"type":"Feature","properties":{"n":"Clementon","k":"village","rank":3,"pop":4922},"geometry":{"type":"Point","coordinates":[-74.98294,39.8115]}},{"type":"Feature","properties":{"n":"Eagleville","k":"village","rank":3,"pop":4800},"geometry":{"type":"Point","coordinates":[-75.40824,40.15955]}},{"type":"Feature","properties":{"n":"Penns Grove","k":"village","rank":3,"pop":4797},"geometry":{"type":"Point","coordinates":[-75.46797,39.72956]}},{"type":"Feature","properties":{"n":"Mullica Hill","k":"village","rank":3,"pop":4698},"geometry":{"type":"Point","coordinates":[-75.22475,39.7382]}},{"type":"Feature","properties":{"n":"Westville","k":"village","rank":3,"pop":4458},"geometry":{"type":"Point","coordinates":[-75.12652,39.87006]}},{"type":"Feature","properties":{"n":"Mount Ephraim","k":"village","rank":3,"pop":4437},"geometry":{"type":"Point","coordinates":[-75.09267,39.87845]}},{"type":"Feature","properties":{"n":"Magnolia","k":"village","rank":3,"pop":4379},"geometry":{"type":"Point","coordinates":[-75.03906,39.85456]}},{"type":"Feature","properties":{"n":"Tinicum","k":"village","rank":3,"pop":4259},"geometry":{"type":"Point","coordinates":[-75.10767,40.44844]}},{"type":"Feature","properties":{"n":"Delanco","k":"village","rank":3,"pop":4224},"geometry":{"type":"Point","coordinates":[-74.9535,40.05067]}},{"type":"Feature","properties":{"n":"Oaklyn","k":"village","rank":3,"pop":4080},"geometry":{"type":"Point","coordinates":[-75.08462,39.90095]}},{"type":"Feature","properties":{"n":"Washington Crossing","k":"village","rank":3,"pop":4051},"geometry":{"type":"Point","coordinates":[-74.87044,40.29344]}},{"type":"Feature","properties":{"n":"West Pikeland","k":"village","rank":3,"pop":4042},"geometry":{"type":"Point","coordinates":[-75.60937,40.0826]}},{"type":"Feature","properties":{"n":"Chalfont","k":"village","rank":3,"pop":4009},"geometry":{"type":"Point","coordinates":[-75.20877,40.28697]}},{"type":"Feature","properties":{"n":"Spring House","k":"village","rank":3,"pop":3978},"geometry":{"type":"Point","coordinates":[-75.22768,40.18539]}},{"type":"Feature","properties":{"n":"Gibbstown","k":"village","rank":3,"pop":3822},"geometry":{"type":"Point","coordinates":[-75.28352,39.82511]}},{"type":"Feature","properties":{"n":"Merchantville","k":"village","rank":3,"pop":3806},"geometry":{"type":"Point","coordinates":[-75.06656,39.94734]}},{"type":"Feature","properties":{"n":"West Pottsgrove","k":"village","rank":3,"pop":3798},"geometry":{"type":"Point","coordinates":[-75.68409,40.25451]}},{"type":"Feature","properties":{"n":"Amity Gardens","k":"village","rank":3,"pop":3715},"geometry":{"type":"Point","coordinates":[-75.73249,40.27104]}},{"type":"Feature","properties":{"n":"Thorndale","k":"village","rank":3,"pop":3669},"geometry":{"type":"Point","coordinates":[-75.75194,39.99528]}},{"type":"Feature","properties":{"n":"Oley","k":"village","rank":3,"pop":3661},"geometry":{"type":"Point","coordinates":[-75.78964,40.38759]}},{"type":"Feature","properties":{"n":"Pottsgrove","k":"village","rank":3,"pop":3471},"geometry":{"type":"Point","coordinates":[-75.62529,40.26748]}},{"type":"Feature","properties":{"n":"Wallace","k":"village","rank":3,"pop":3433},"geometry":{"type":"Point","coordinates":[-75.74438,40.08844]}},{"type":"Feature","properties":{"n":"Pocopson","k":"village","rank":3,"pop":3371},"geometry":{"type":"Point","coordinates":[-75.62577,39.90039]}},{"type":"Feature","properties":{"n":"Hatfield","k":"village","rank":3,"pop":3336},"geometry":{"type":"Point","coordinates":[-75.29958,40.27964]}},{"type":"Feature","properties":{"n":"Pennsburg","k":"village","rank":3,"pop":3335},"geometry":{"type":"Point","coordinates":[-75.49212,40.39093]}},{"type":"Feature","properties":{"n":"National Park","k":"village","rank":3,"pop":3215},"geometry":{"type":"Point","coordinates":[-75.17964,39.86597]}},{"type":"Feature","properties":{"n":"Macungie","k":"village","rank":3,"pop":3122},"geometry":{"type":"Point","coordinates":[-75.55519,40.51593]}},{"type":"Feature","properties":{"n":"Greenville","k":"village","rank":3,"pop":3104},"geometry":{"type":"Point","coordinates":[-75.59826,39.779]}},{"type":"Feature","properties":{"n":"Woodbury Heights","k":"village","rank":3,"pop":3030},"geometry":{"type":"Point","coordinates":[-75.15518,39.81706]}},{"type":"Feature","properties":{"n":"Upland","k":"village","rank":3,"pop":2976},"geometry":{"type":"Point","coordinates":[-75.38269,39.85261]}},{"type":"Feature","properties":{"n":"New Britain","k":"suburb","rank":3,"pop":2836},"geometry":{"type":"Point","coordinates":[-75.1823,40.29879]}},{"type":"Feature","properties":{"n":"Lawnside","k":"village","rank":3,"pop":2800},"geometry":{"type":"Point","coordinates":[-75.02823,39.8665]}},{"type":"Feature","properties":{"n":"Wrightstown","k":"village","rank":3,"pop":2767},"geometry":{"type":"Point","coordinates":[-74.98322,40.26677]}},{"type":"Feature","properties":{"n":"Warwick","k":"village","rank":3,"pop":2719},"geometry":{"type":"Point","coordinates":[-75.78382,40.1651]}},{"type":"Feature","properties":{"n":"Riverton","k":"village","rank":3,"pop":2715},"geometry":{"type":"Point","coordinates":[-75.01245,40.00971]}},{"type":"Feature","properties":{"n":"Pennington","k":"village","rank":3,"pop":2688},"geometry":{"type":"Point","coordinates":[-74.791,40.32812]}},{"type":"Feature","properties":{"n":"Morton","k":"village","rank":3,"pop":2657},"geometry":{"type":"Point","coordinates":[-75.32352,39.90983]}},{"type":"Feature","properties":{"n":"Beverly","k":"village","rank":3,"pop":2651},"geometry":{"type":"Point","coordinates":[-74.91906,40.06539]}},{"type":"Feature","properties":{"n":"Alburtis","k":"village","rank":3,"pop":2596},"geometry":{"type":"Point","coordinates":[-75.6037,40.51148]}},{"type":"Feature","properties":{"n":"Salford","k":"village","rank":3,"pop":2536},"geometry":{"type":"Point","coordinates":[-75.45462,40.29571]}},{"type":"Feature","properties":{"n":"Yardley","k":"village","rank":3,"pop":2528},"geometry":{"type":"Point","coordinates":[-74.83897,40.24251]}},{"type":"Feature","properties":{"n":"Penndel","k":"village","rank":3,"pop":2453},"geometry":{"type":"Point","coordinates":[-74.91656,40.15205]}},{"type":"Feature","properties":{"n":"Gibbsboro","k":"village","rank":3,"pop":2451},"geometry":{"type":"Point","coordinates":[-74.96489,39.83817]}},{"type":"Feature","properties":{"n":"Telford","k":"village","rank":3,"pop":2440},"geometry":{"type":"Point","coordinates":[-75.32795,40.32205]}},{"type":"Feature","properties":{"n":"Colwyn","k":"village","rank":3,"pop":2384},"geometry":{"type":"Point","coordinates":[-75.25379,39.91234]}},{"type":"Feature","properties":{"n":"Trexlertown","k":"village","rank":3,"pop":2382},"geometry":{"type":"Point","coordinates":[-75.60574,40.54815]}},{"type":"Feature","properties":{"n":"Eddystone","k":"village","rank":3,"pop":2371},"geometry":{"type":"Point","coordinates":[-75.34436,39.86011]}},{"type":"Feature","properties":{"n":"Wenonah","k":"village","rank":3,"pop":2333},"geometry":{"type":"Point","coordinates":[-75.14877,39.79463]}},{"type":"Feature","properties":{"n":"Red Hill","k":"village","rank":3,"pop":2330},"geometry":{"type":"Point","coordinates":[-75.48161,40.37808]}},{"type":"Feature","properties":{"n":"Brooklawn","k":"village","rank":3,"pop":2294},"geometry":{"type":"Point","coordinates":[-75.12053,39.87831]}},{"type":"Feature","properties":{"n":"Mickleton","k":"village","rank":3,"pop":2285},"geometry":{"type":"Point","coordinates":[-75.23768,39.79011]}},{"type":"Feature","properties":{"n":"Tullytown","k":"village","rank":3,"pop":2282},"geometry":{"type":"Point","coordinates":[-74.81461,40.13928]}},{"type":"Feature","properties":{"n":"Marcus Hook","k":"village","rank":3,"pop":2258},"geometry":{"type":"Point","coordinates":[-75.418,39.81963]}},{"type":"Feature","properties":{"n":"Parkside","k":"village","rank":3,"pop":2204},"geometry":{"type":"Point","coordinates":[-75.37853,39.86428]}},{"type":"Feature","properties":{"n":"Eagleview","k":"village","rank":3,"pop":2193},"geometry":{"type":"Point","coordinates":[-75.6788,40.05894]}},{"type":"Feature","properties":{"n":"Dublin","k":"village","rank":3,"pop":2171},"geometry":{"type":"Point","coordinates":[-75.20162,40.37159]}},{"type":"Feature","properties":{"n":"Swedesboro","k":"village","rank":3,"pop":2043},"geometry":{"type":"Point","coordinates":[-75.31047,39.74761]}},{"type":"Feature","properties":{"n":"Hopewell","k":"village","rank":3,"pop":2022},"geometry":{"type":"Point","coordinates":[-74.76183,40.38927]}},{"type":"Feature","properties":{"n":"Topton","k":"village","rank":3,"pop":1984},"geometry":{"type":"Point","coordinates":[-75.7013,40.50343]}},{"type":"Feature","properties":{"n":"Langhorne","k":"village","rank":3,"pop":1967},"geometry":{"type":"Point","coordinates":[-74.92025,40.17618]}},{"type":"Feature","properties":{"n":"Laurel Springs","k":"village","rank":3,"pop":1923},"geometry":{"type":"Point","coordinates":[-75.00628,39.82011]}},{"type":"Feature","properties":{"n":"East Nantmeal","k":"village","rank":3,"pop":1891},"geometry":{"type":"Point","coordinates":[-75.72937,40.12232]}},{"type":"Feature","properties":{"n":"Chesilhurst","k":"village","rank":3,"pop":1879},"geometry":{"type":"Point","coordinates":[-74.881,39.73234]}},{"type":"Feature","properties":{"n":"Trainer","k":"village","rank":3,"pop":1853},"geometry":{"type":"Point","coordinates":[-75.41436,39.82761]}},{"type":"Feature","properties":{"n":"Oldmans Township","k":"village","rank":3,"pop":1827},"geometry":{"type":"Point","coordinates":[-75.43019,39.75678]}},{"type":"Feature","properties":{"n":"Caln","k":"village","rank":3,"pop":1510},"geometry":{"type":"Point","coordinates":[-75.78028,39.99122]}},{"type":"Feature","properties":{"n":"West Conshohocken","k":"village","rank":3,"pop":1497},"geometry":{"type":"Point","coordinates":[-75.3163,40.06983]}},{"type":"Feature","properties":{"n":"Toughkenamon","k":"village","rank":3,"pop":1492},"geometry":{"type":"Point","coordinates":[-75.75744,39.8315]}},{"type":"Feature","properties":{"n":"Richlandtown","k":"village","rank":3,"pop":1478},"geometry":{"type":"Point","coordinates":[-75.32046,40.4701]}},{"type":"Feature","properties":{"n":"Chadds Ford","k":"village","rank":3,"pop":1476},"geometry":{"type":"Point","coordinates":[-75.59142,39.87203]}},{"type":"Feature","properties":{"n":"Frenchtown","k":"village","rank":3,"pop":1370},"geometry":{"type":"Point","coordinates":[-75.06161,40.52642]}},{"type":"Feature","properties":{"n":"Schwenksville","k":"village","rank":3,"pop":1342},"geometry":{"type":"Point","coordinates":[-75.46379,40.25621]}},{"type":"Feature","properties":{"n":"Bryn Athyn","k":"village","rank":3,"pop":1333},"geometry":{"type":"Point","coordinates":[-75.06739,40.1315]}},{"type":"Feature","properties":{"n":"Bellefonte","k":"village","rank":3,"pop":1289},"geometry":{"type":"Point","coordinates":[-75.49858,39.76757]}},{"type":"Feature","properties":{"n":"Bally","k":"village","rank":3,"pop":1228},"geometry":{"type":"Point","coordinates":[-75.58713,40.40232]}},{"type":"Feature","properties":{"n":"Newport","k":"village","rank":3,"pop":1108},"geometry":{"type":"Point","coordinates":[-75.60913,39.71366]}},{"type":"Feature","properties":{"n":"Trumbauersville","k":"village","rank":3,"pop":1091},"geometry":{"type":"Point","coordinates":[-75.37823,40.41066]}},{"type":"Feature","properties":{"n":"Langhorne Manor","k":"village","rank":3,"pop":1076},"geometry":{"type":"Point","coordinates":[-74.91767,40.16705]}},{"type":"Feature","properties":{"n":"Audubon Park","k":"village","rank":3,"pop":1071},"geometry":{"type":"Point","coordinates":[-75.08767,39.8965]}},{"type":"Feature","properties":{"n":"Hi-Nella","k":"village","rank":3,"pop":1007},"geometry":{"type":"Point","coordinates":[-75.02434,39.83567]}},{"type":"Feature","properties":{"n":"Bechtelsville","k":"village","rank":3,"pop":977},"geometry":{"type":"Point","coordinates":[-75.62908,40.37343]}},{"type":"Feature","properties":{"n":"Silverdale","k":"village","rank":3,"pop":970},"geometry":{"type":"Point","coordinates":[-75.27101,40.3476]}},{"type":"Feature","properties":{"n":"Hereford","k":"village","rank":3,"pop":933},"geometry":{"type":"Point","coordinates":[-75.55231,40.44857]}},{"type":"Feature","properties":{"n":"Rose Valley","k":"village","rank":3,"pop":925},"geometry":{"type":"Point","coordinates":[-75.38491,39.89622]}},{"type":"Feature","properties":{"n":"Millbourne","k":"village","rank":3,"pop":915},"geometry":{"type":"Point","coordinates":[-75.25018,39.96345]}},{"type":"Feature","properties":{"n":"Hulmeville","k":"village","rank":3,"pop":875},"geometry":{"type":"Point","coordinates":[-74.911,40.14317]}},{"type":"Feature","properties":{"n":"Rutledge","k":"village","rank":3,"pop":834},"geometry":{"type":"Point","coordinates":[-75.32852,39.90178]}},{"type":"Feature","properties":{"n":"Ivyland","k":"village","rank":3,"pop":818},"geometry":{"type":"Point","coordinates":[-75.07267,40.20789]}},{"type":"Feature","properties":{"n":"Green Lane","k":"village","rank":3,"pop":578},"geometry":{"type":"Point","coordinates":[-75.46907,40.33677]}},{"type":"Feature","properties":{"n":"Fieldsboro","k":"village","rank":3,"pop":577},"geometry":{"type":"Point","coordinates":[-74.72877,40.1365]}},{"type":"Feature","properties":{"n":"Stockton","k":"village","rank":3,"pop":555},"geometry":{"type":"Point","coordinates":[-74.97736,40.40588]}},{"type":"Feature","properties":{"n":"Lyons","k":"village","rank":3,"pop":514},"geometry":{"type":"Point","coordinates":[-75.75769,40.48204]}},{"type":"Feature","properties":{"n":"Marshallton","k":"village","rank":3,"pop":500},"geometry":{"type":"Point","coordinates":[-75.67787,39.95055]}},{"type":"Feature","properties":{"n":"Arden","k":"village","rank":3,"pop":430},"geometry":{"type":"Point","coordinates":[-75.48659,39.80928]}},{"type":"Feature","properties":{"n":"Ardentown","k":"village","rank":3,"pop":307},"geometry":{"type":"Point","coordinates":[-75.48298,39.80845]}},{"type":"Feature","properties":{"n":"Ardencroft","k":"village","rank":3,"pop":274},"geometry":{"type":"Point","coordinates":[-75.49131,39.80428]}},{"type":"Feature","properties":{"n":"Unionville","k":"village","rank":3,"pop":205},"geometry":{"type":"Point","coordinates":[-75.73459,39.89535]}},{"type":"Feature","properties":{"n":"Sergeantsville","k":"village","rank":3,"pop":0},"geometry":{"type":"Point","coordinates":[-74.94411,40.44605]}},{"type":"Feature","properties":{"n":"Daylesford","k":"village","rank":3,"pop":0},"geometry":{"type":"Point","coordinates":[-75.4602,40.039]}},{"type":"Feature","properties":{"n":"Rahns","k":"village","rank":3,"pop":0},"geometry":{"type":"Point","coordinates":[-75.45296,40.20927]}},{"type":"Feature","properties":{"n":"Harmonville","k":"village","rank":3,"pop":0},"geometry":{"type":"Point","coordinates":[-75.28542,40.0953]}},{"type":"Feature","properties":{"n":"Leedom Estates","k":"village","rank":3,"pop":0},"geometry":{"type":"Point","coordinates":[-75.32149,39.87429]}},{"type":"Feature","properties":{"n":"Wyndmoor","k":"village","rank":3,"pop":0},"geometry":{"type":"Point","coordinates":[-75.18936,40.08129]}},{"type":"Feature","properties":{"n":"Marshallton","k":"village","rank":3,"pop":0},"geometry":{"type":"Point","coordinates":[-75.6541,39.72567]}},{"type":"Feature","properties":{"n":"Roslyn Heights","k":"village","rank":3,"pop":0},"geometry":{"type":"Point","coordinates":[-75.17976,40.09962]}},{"type":"Feature","properties":{"n":"Twin Oaks","k":"village","rank":3,"pop":0},"geometry":{"type":"Point","coordinates":[-75.42214,39.839]}},{"type":"Feature","properties":{"n":"Kimberton","k":"village","rank":3,"pop":0},"geometry":{"type":"Point","coordinates":[-75.57214,40.13066]}},{"type":"Feature","properties":{"n":"Plumsteadville","k":"village","rank":3,"pop":0},"geometry":{"type":"Point","coordinates":[-75.14656,40.38733]}},{"type":"Feature","properties":{"n":"Lester","k":"village","rank":3,"pop":0},"geometry":{"type":"Point","coordinates":[-75.28269,39.87095]}},{"type":"Feature","properties":{"n":"Folsom","k":"village","rank":3,"pop":0},"geometry":{"type":"Point","coordinates":[-75.32519,39.88983]}},{"type":"Feature","properties":{"n":"Garden City","k":"village","rank":3,"pop":0},"geometry":{"type":"Point","coordinates":[-75.37085,39.87607]}},{"type":"Feature","properties":{"n":"Monocacy","k":"village","rank":3,"pop":0},"geometry":{"type":"Point","coordinates":[-75.78144,40.25839]}},{"type":"Feature","properties":{"n":"Exton","k":"village","rank":3,"pop":0},"geometry":{"type":"Point","coordinates":[-75.62077,40.029]}},{"type":"Feature","properties":{"n":"Broomall","k":"village","rank":3,"pop":0},"geometry":{"type":"Point","coordinates":[-75.35677,39.98145]}},{"type":"Feature","properties":{"n":"Villanova","k":"suburb","rank":3,"pop":0},"geometry":{"type":"Point","coordinates":[-75.32905,40.0386]}},{"type":"Feature","properties":{"n":"Paoli","k":"village","rank":3,"pop":0},"geometry":{"type":"Point","coordinates":[-75.48387,40.04178]}},{"type":"Feature","properties":{"n":"South Media","k":"village","rank":3,"pop":0},"geometry":{"type":"Point","coordinates":[-75.38328,39.90891]}},{"type":"Feature","properties":{"n":"Essington","k":"village","rank":3,"pop":0},"geometry":{"type":"Point","coordinates":[-75.30058,39.86671]}},{"type":"Feature","properties":{"n":"Oreland","k":"village","rank":3,"pop":0},"geometry":{"type":"Point","coordinates":[-75.18367,40.11723]}},{"type":"Feature","properties":{"n":"Eagle","k":"village","rank":3,"pop":0},"geometry":{"type":"Point","coordinates":[-75.68771,40.07788]}},{"type":"Feature","properties":{"n":"Haverford","k":"village","rank":3,"pop":0},"geometry":{"type":"Point","coordinates":[-75.29669,40.01292]}},{"type":"Feature","properties":{"n":"Springtown","k":"village","rank":3,"pop":0},"geometry":{"type":"Point","coordinates":[-75.31221,40.14172]}},{"type":"Feature","properties":{"n":"Manoa","k":"village","rank":3,"pop":0},"geometry":{"type":"Point","coordinates":[-75.31869,39.97642]}},{"type":"Feature","properties":{"n":"Wynnewood","k":"suburb","rank":3,"pop":0},"geometry":{"type":"Point","coordinates":[-75.27075,40.00285]}},{"type":"Feature","properties":{"n":"Rosemont","k":"village","rank":3,"pop":0},"geometry":{"type":"Point","coordinates":[-75.32733,40.0259]}},{"type":"Feature","properties":{"n":"Penn Wynne","k":"suburb","rank":3,"pop":0},"geometry":{"type":"Point","coordinates":[-75.27546,39.98622]}},{"type":"Feature","properties":{"n":"Newtown Square","k":"village","rank":3,"pop":0},"geometry":{"type":"Point","coordinates":[-75.40076,39.98681]}},{"type":"Feature","properties":{"n":"Dilworthtown","k":"village","rank":3,"pop":0},"geometry":{"type":"Point","coordinates":[-75.56715,39.89928]}},{"type":"Feature","properties":{"n":"Holloway Terrace","k":"village","rank":3,"pop":0},"geometry":{"type":"Point","coordinates":[-75.5461,39.70171]}},{"type":"Feature","properties":{"n":"Belvidere","k":"village","rank":3,"pop":0},"geometry":{"type":"Point","coordinates":[-75.62107,39.72443]}},{"type":"Feature","properties":{"n":"Barren Hill","k":"village","rank":3,"pop":0},"geometry":{"type":"Point","coordinates":[-75.26277,40.08733]}},{"type":"Feature","properties":{"n":"Talleyville","k":"village","rank":3,"pop":0},"geometry":{"type":"Point","coordinates":[-75.54948,39.809]}},{"type":"Feature","properties":{"n":"Centreville","k":"village","rank":3,"pop":0},"geometry":{"type":"Point","coordinates":[-75.61659,39.82163]}},{"type":"Feature","properties":{"n":"Swedesburg","k":"village","rank":3,"pop":0},"geometry":{"type":"Point","coordinates":[-75.3299,40.1028]}},{"type":"Feature","properties":{"n":"Spring Mill","k":"village","rank":3,"pop":0},"geometry":{"type":"Point","coordinates":[-75.28021,40.07579]}},{"type":"Feature","properties":{"n":"Minquadale","k":"village","rank":3,"pop":0},"geometry":{"type":"Point","coordinates":[-75.56615,39.7068]}},{"type":"Feature","properties":{"n":"Linfield","k":"village","rank":3,"pop":0},"geometry":{"type":"Point","coordinates":[-75.56991,40.2101]}},{"type":"Feature","properties":{"n":"Norritonville","k":"village","rank":3,"pop":0},"geometry":{"type":"Point","coordinates":[-75.33584,40.16487]}},{"type":"Feature","properties":{"n":"Fort Washington","k":"village","rank":3,"pop":0},"geometry":{"type":"Point","coordinates":[-75.21183,40.13783]}},{"type":"Feature","properties":{"n":"Brandywood","k":"village","rank":3,"pop":0},"geometry":{"type":"Point","coordinates":[-75.50756,39.82075]}},{"type":"Feature","properties":{"n":"Jamison","k":"village","rank":3,"pop":0},"geometry":{"type":"Point","coordinates":[-75.08934,40.25483]}},{"type":"Feature","properties":{"n":"Sugartown","k":"village","rank":3,"pop":0},"geometry":{"type":"Point","coordinates":[-75.50799,40.00007]}},{"type":"Feature","properties":{"n":"Bridgeport","k":"village","rank":3,"pop":0},"geometry":{"type":"Point","coordinates":[-75.35123,39.80061]}},{"type":"Feature","properties":{"n":"Central Square","k":"village","rank":3,"pop":0},"geometry":{"type":"Point","coordinates":[-75.40712,39.99628]}},{"type":"Feature","properties":{"n":"Bala Cynwyd","k":"village","rank":3,"pop":0},"geometry":{"type":"Point","coordinates":[-75.23557,40.00861]}},{"type":"Feature","properties":{"n":"Center Square","k":"village","rank":3,"pop":0},"geometry":{"type":"Point","coordinates":[-75.29016,40.16701]}},{"type":"Feature","properties":{"n":"Penn Valley","k":"suburb","rank":3,"pop":0},"geometry":{"type":"Point","coordinates":[-75.26129,40.01845]}},{"type":"Feature","properties":{"n":"Jeffersonville","k":"village","rank":3,"pop":0},"geometry":{"type":"Point","coordinates":[-75.37196,40.12914]}},{"type":"Feature","properties":{"n":"Furlong","k":"village","rank":3,"pop":0},"geometry":{"type":"Point","coordinates":[-75.08212,40.29622]}},{"type":"Feature","properties":{"n":"Maple Glen","k":"village","rank":3,"pop":0},"geometry":{"type":"Point","coordinates":[-75.18221,40.17963]}},{"type":"Feature","properties":{"n":"Boothwyn","k":"village","rank":3,"pop":0},"geometry":{"type":"Point","coordinates":[-75.43969,39.83094]}},{"type":"Feature","properties":{"n":"Ogden","k":"village","rank":3,"pop":0},"geometry":{"type":"Point","coordinates":[-75.45631,39.82983]}},{"type":"Feature","properties":{"n":"Strafford","k":"village","rank":3,"pop":0},"geometry":{"type":"Point","coordinates":[-75.40436,40.05094]}},{"type":"Feature","properties":{"n":"Parkersville","k":"suburb","rank":3,"pop":0},"geometry":{"type":"Point","coordinates":[-75.64587,39.88906]}},{"type":"Feature","properties":{"n":"Willow Grove","k":"village","rank":3,"pop":0},"geometry":{"type":"Point","coordinates":[-75.11573,40.144]}},{"type":"Feature","properties":{"n":"Devon","k":"village","rank":3,"pop":0},"geometry":{"type":"Point","coordinates":[-75.42908,40.04928]}},{"type":"Feature","properties":{"n":"Garrettford","k":"village","rank":3,"pop":0},"geometry":{"type":"Point","coordinates":[-75.29394,39.94532]}},{"type":"Feature","properties":{"n":"Hurffville","k":"village","rank":3,"pop":0},"geometry":{"type":"Point","coordinates":[-75.10823,39.76261]}},{"type":"Feature","properties":{"n":"Llanerch","k":"village","rank":3,"pop":0},"geometry":{"type":"Point","coordinates":[-75.29907,39.9715]}},{"type":"Feature","properties":{"n":"Milltown","k":"village","rank":3,"pop":0},"geometry":{"type":"Point","coordinates":[-75.54557,39.96583]}},{"type":"Feature","properties":{"n":"Gladwyne","k":"village","rank":3,"pop":0},"geometry":{"type":"Point","coordinates":[-75.27918,40.03973]}},{"type":"Feature","properties":{"n":"Valley Forge","k":"village","rank":3,"pop":0},"geometry":{"type":"Point","coordinates":[-75.46964,40.09705]}},{"type":"Feature","properties":{"n":"Flourtown","k":"village","rank":3,"pop":0},"geometry":{"type":"Point","coordinates":[-75.21285,40.1029]}},{"type":"Feature","properties":{"n":"Saint Davids","k":"village","rank":3,"pop":0},"geometry":{"type":"Point","coordinates":[-75.37852,40.04094]}},{"type":"Feature","properties":{"n":"Amityville","k":"village","rank":3,"pop":0},"geometry":{"type":"Point","coordinates":[-75.73651,40.29991]}},{"type":"Feature","properties":{"n":"Drexel Hill","k":"suburb","rank":3,"pop":0},"geometry":{"type":"Point","coordinates":[-75.2921,39.94702]}},{"type":"Feature","properties":{"n":"Concordville","k":"village","rank":3,"pop":0},"geometry":{"type":"Point","coordinates":[-75.52023,39.88516]}},{"type":"Feature","properties":{"n":"Fountainville","k":"village","rank":3,"pop":0},"geometry":{"type":"Point","coordinates":[-75.15118,40.34123]}},{"type":"Feature","properties":{"n":"Brandywine","k":"village","rank":3,"pop":0},"geometry":{"type":"Point","coordinates":[-75.53444,39.82959]}},{"type":"Feature","properties":{"n":"Chester Springs","k":"village","rank":3,"pop":0},"geometry":{"type":"Point","coordinates":[-75.61687,40.0951]}},{"type":"Feature","properties":{"n":"Berwyn","k":"village","rank":3,"pop":0},"geometry":{"type":"Point","coordinates":[-75.44213,40.04777]}},{"type":"Feature","properties":{"n":"Richboro","k":"village","rank":3,"pop":0},"geometry":{"type":"Point","coordinates":[-75.01072,40.21511]}},{"type":"Feature","properties":{"n":"Mont Clare","k":"village","rank":3,"pop":0},"geometry":{"type":"Point","coordinates":[-75.50241,40.13899]}},{"type":"Feature","properties":{"n":"Bon Air","k":"village","rank":3,"pop":0},"geometry":{"type":"Point","coordinates":[-75.31918,39.96677]}},{"type":"Feature","properties":{"n":"Waterford Works","k":"village","rank":3,"pop":0},"geometry":{"type":"Point","coordinates":[-74.84977,39.72346]}},{"type":"Feature","properties":{"n":"White Horse","k":"suburb","rank":3,"pop":0},"geometry":{"type":"Point","coordinates":[-74.70238,40.19067]}},{"type":"Feature","properties":{"n":"Ringoes","k":"village","rank":3,"pop":0},"geometry":{"type":"Point","coordinates":[-74.8675,40.42894]}},{"type":"Feature","properties":{"n":"Cedar Brook","k":"village","rank":3,"pop":0},"geometry":{"type":"Point","coordinates":[-74.90043,39.71534]}},{"type":"Feature","properties":{"n":"Edgely","k":"village","rank":3,"pop":0},"geometry":{"type":"Point","coordinates":[-74.83419,40.12877]}},{"type":"Feature","properties":{"n":"Fallsington","k":"village","rank":3,"pop":0},"geometry":{"type":"Point","coordinates":[-74.81869,40.18738]}},{"type":"Feature","properties":{"n":"Three Bridges","k":"village","rank":3,"pop":0},"geometry":{"type":"Point","coordinates":[-74.7999,40.51975]}},{"type":"Feature","properties":{"n":"Cornwells Heights","k":"village","rank":3,"pop":0},"geometry":{"type":"Point","coordinates":[-74.94878,40.07678]}},{"type":"Feature","properties":{"n":"Eddington","k":"village","rank":3,"pop":0},"geometry":{"type":"Point","coordinates":[-74.94511,40.08456]}},{"type":"Feature","properties":{"n":"Roebling","k":"village","rank":3,"pop":0},"geometry":{"type":"Point","coordinates":[-74.78636,40.11592]}},{"type":"Feature","properties":{"n":"Trevose","k":"village","rank":3,"pop":0},"geometry":{"type":"Point","coordinates":[-74.981,40.13928]}},{"type":"Feature","properties":{"n":"Newportville","k":"village","rank":3,"pop":0},"geometry":{"type":"Point","coordinates":[-74.89989,40.12372]}},{"type":"Feature","properties":{"n":"Neshanic Station","k":"village","rank":3,"pop":0},"geometry":{"type":"Point","coordinates":[-74.73001,40.50807]}},{"type":"Feature","properties":{"n":"Springton Pointe Woods","k":"village","rank":3,"pop":0},"geometry":{"type":"Point","coordinates":[-75.4043,39.97598]}},{"type":"Feature","properties":{"n":"Woolwich Township","k":"village","rank":3,"pop":0},"geometry":{"type":"Point","coordinates":[-75.32539,39.73819]}},{"type":"Feature","properties":{"n":"Northwest Philadelphia","k":"suburb","rank":3,"pop":0},"geometry":{"type":"Point","coordinates":[-75.17474,40.03585]}},{"type":"Feature","properties":{"n":"Southwest Philadelphia","k":"suburb","rank":3,"pop":0},"geometry":{"type":"Point","coordinates":[-75.24331,39.91309]}},{"type":"Feature","properties":{"n":"Fishtown","k":"neighbourhood","rank":4,"pop":101407},"geometry":{"type":"Point","coordinates":[-75.13041,39.97326]}},{"type":"Feature","properties":{"n":"Mayfield","k":"neighbourhood","rank":4,"pop":0},"geometry":{"type":"Point","coordinates":[-75.50798,39.79733]}},{"type":"Feature","properties":{"n":"Queen Village","k":"neighbourhood","rank":4,"pop":0},"geometry":{"type":"Point","coordinates":[-75.1494,39.93911]}},{"type":"Feature","properties":{"n":"Northern Liberties","k":"neighbourhood","rank":4,"pop":0},"geometry":{"type":"Point","coordinates":[-75.14185,39.96505]}},{"type":"Feature","properties":{"n":"Hunting Park","k":"neighbourhood","rank":4,"pop":0},"geometry":{"type":"Point","coordinates":[-75.14379,40.0165]}},{"type":"Feature","properties":{"n":"Allegheny West","k":"neighbourhood","rank":4,"pop":0},"geometry":{"type":"Point","coordinates":[-75.17796,40.00845]}},{"type":"Feature","properties":{"n":"Brandywine Hills","k":"neighbourhood","rank":4,"pop":0},"geometry":{"type":"Point","coordinates":[-75.52386,39.76763]}},{"type":"Feature","properties":{"n":"Society Hill","k":"neighbourhood","rank":4,"pop":0},"geometry":{"type":"Point","coordinates":[-75.14845,39.94495]}},{"type":"Feature","properties":{"n":"Powelton Village","k":"neighbourhood","rank":4,"pop":0},"geometry":{"type":"Point","coordinates":[-75.19101,39.95845]}},{"type":"Feature","properties":{"n":"Elmwood Park","k":"neighbourhood","rank":4,"pop":0},"geometry":{"type":"Point","coordinates":[-75.22796,39.91789]}},{"type":"Feature","properties":{"n":"Ashton Wooden Bridge","k":"neighbourhood","rank":4,"pop":0},"geometry":{"type":"Point","coordinates":[-75.02295,40.07178]}},{"type":"Feature","properties":{"n":"Providence Forge","k":"neighbourhood","rank":4,"pop":0},"geometry":{"type":"Point","coordinates":[-75.52296,40.1801]}},{"type":"Feature","properties":{"n":"Lagrange","k":"neighbourhood","rank":4,"pop":0},"geometry":{"type":"Point","coordinates":[-75.03915,40.07687]}},{"type":"Feature","properties":{"n":"Bustleton","k":"neighbourhood","rank":4,"pop":0},"geometry":{"type":"Point","coordinates":[-75.03156,40.08261]}},{"type":"Feature","properties":{"n":"Roxborough","k":"neighbourhood","rank":4,"pop":0},"geometry":{"type":"Point","coordinates":[-75.21356,40.03065]}},{"type":"Feature","properties":{"n":"Mayfair","k":"neighbourhood","rank":4,"pop":0},"geometry":{"type":"Point","coordinates":[-75.03406,40.03372]}},{"type":"Feature","properties":{"n":"Germantown","k":"neighbourhood","rank":4,"pop":0},"geometry":{"type":"Point","coordinates":[-75.17468,40.03584]}},{"type":"Feature","properties":{"n":"West Mount Airy","k":"neighbourhood","rank":4,"pop":0},"geometry":{"type":"Point","coordinates":[-75.19656,40.04909]}},{"type":"Feature","properties":{"n":"Longwood","k":"neighbourhood","rank":4,"pop":0},"geometry":{"type":"Point","coordinates":[-75.53863,39.80982]}},{"type":"Feature","properties":{"n":"Saint Martins","k":"neighbourhood","rank":4,"pop":0},"geometry":{"type":"Point","coordinates":[-75.19706,40.06785]}},{"type":"Feature","properties":{"n":"Oxford Circle","k":"neighbourhood","rank":4,"pop":0},"geometry":{"type":"Point","coordinates":[-75.08512,40.03346]}},{"type":"Feature","properties":{"n":"Wharton","k":"neighbourhood","rank":4,"pop":0},"geometry":{"type":"Point","coordinates":[-75.15712,39.92678]}},{"type":"Feature","properties":{"n":"Sharswood","k":"neighbourhood","rank":4,"pop":0},"geometry":{"type":"Point","coordinates":[-75.17129,39.97706]}},{"type":"Feature","properties":{"n":"Ludlow","k":"neighbourhood","rank":4,"pop":0},"geometry":{"type":"Point","coordinates":[-75.14629,39.97206]}},{"type":"Feature","properties":{"n":"Forest Hills Park","k":"neighbourhood","rank":4,"pop":0},"geometry":{"type":"Point","coordinates":[-75.52771,39.7857]}},{"type":"Feature","properties":{"n":"Angora","k":"neighbourhood","rank":4,"pop":0},"geometry":{"type":"Point","coordinates":[-75.23768,39.944]}},{"type":"Feature","properties":{"n":"Tioga","k":"neighbourhood","rank":4,"pop":0},"geometry":{"type":"Point","coordinates":[-75.16796,40.009]}},{"type":"Feature","properties":{"n":"Tioga Park","k":"neighbourhood","rank":4,"pop":0},"geometry":{"type":"Point","coordinates":[-75.10295,39.99733]}},{"type":"Feature","properties":{"n":"Southwest Schuylkill","k":"neighbourhood","rank":4,"pop":0},"geometry":{"type":"Point","coordinates":[-75.20968,39.94532]}},{"type":"Feature","properties":{"n":"Pennsport","k":"neighbourhood","rank":4,"pop":0},"geometry":{"type":"Point","coordinates":[-75.14973,39.93179]}},{"type":"Feature","properties":{"n":"Wynnefield","k":"neighbourhood","rank":4,"pop":0},"geometry":{"type":"Point","coordinates":[-75.23287,39.98892]}},{"type":"Feature","properties":{"n":"Feltonville","k":"neighbourhood","rank":4,"pop":0},"geometry":{"type":"Point","coordinates":[-75.12573,40.02178]}},{"type":"Feature","properties":{"n":"Rhawnhurst","k":"neighbourhood","rank":4,"pop":0},"geometry":{"type":"Point","coordinates":[-75.05573,40.06178]}},{"type":"Feature","properties":{"n":"Kingsessing","k":"neighbourhood","rank":4,"pop":0},"geometry":{"type":"Point","coordinates":[-75.22963,39.93678]}},{"type":"Feature","properties":{"n":"Richmond","k":"neighbourhood","rank":4,"pop":0},"geometry":{"type":"Point","coordinates":[-75.10869,39.9915]}},{"type":"Feature","properties":{"n":"Lexington Park","k":"neighbourhood","rank":4,"pop":0},"geometry":{"type":"Point","coordinates":[-75.04628,40.05344]}},{"type":"Feature","properties":{"n":"Holme Circle","k":"neighbourhood","rank":4,"pop":0},"geometry":{"type":"Point","coordinates":[-75.02823,40.05622]}},{"type":"Feature","properties":{"n":"Francisville","k":"neighbourhood","rank":4,"pop":0},"geometry":{"type":"Point","coordinates":[-75.16907,39.97011]}},{"type":"Feature","properties":{"n":"Schuylkill","k":"neighbourhood","rank":4,"pop":0},"geometry":{"type":"Point","coordinates":[-75.18712,39.94233]}},{"type":"Feature","properties":{"n":"Tenby Chase","k":"neighbourhood","rank":4,"pop":0},"geometry":{"type":"Point","coordinates":[-75.72656,39.76767]}},{"type":"Feature","properties":{"n":"Spruce Hill","k":"neighbourhood","rank":4,"pop":0},"geometry":{"type":"Point","coordinates":[-75.21907,39.95233]}},{"type":"Feature","properties":{"n":"Juniata","k":"neighbourhood","rank":4,"pop":0},"geometry":{"type":"Point","coordinates":[-75.10879,40.00845]}},{"type":"Feature","properties":{"n":"Whitman","k":"neighbourhood","rank":4,"pop":0},"geometry":{"type":"Point","coordinates":[-75.15546,39.91678]}},{"type":"Feature","properties":{"n":"Franklinville","k":"neighbourhood","rank":4,"pop":0},"geometry":{"type":"Point","coordinates":[-75.13518,40.01067]}},{"type":"Feature","properties":{"n":"Belmont","k":"neighbourhood","rank":4,"pop":0},"geometry":{"type":"Point","coordinates":[-75.2024,39.96567]}},{"type":"Feature","properties":{"n":"Frankford","k":"neighbourhood","rank":4,"pop":0},"geometry":{"type":"Point","coordinates":[-75.0849,40.02817]}},{"type":"Feature","properties":{"n":"Wister","k":"neighbourhood","rank":4,"pop":0},"geometry":{"type":"Point","coordinates":[-75.1649,40.03324]}},{"type":"Feature","properties":{"n":"Fern Rock","k":"neighbourhood","rank":4,"pop":0},"geometry":{"type":"Point","coordinates":[-75.13934,40.044]}},{"type":"Feature","properties":{"n":"Chestnut Hill","k":"neighbourhood","rank":4,"pop":0},"geometry":{"type":"Point","coordinates":[-75.2074,40.07706]}},{"type":"Feature","properties":{"n":"Girard Estates","k":"neighbourhood","rank":4,"pop":0},"geometry":{"type":"Point","coordinates":[-75.18462,39.92345]}},{"type":"Feature","properties":{"n":"Packer Park","k":"neighbourhood","rank":4,"pop":0},"geometry":{"type":"Point","coordinates":[-75.17851,39.91122]}},{"type":"Feature","properties":{"n":"Bala","k":"neighbourhood","rank":4,"pop":0},"geometry":{"type":"Point","coordinates":[-75.23293,39.99929]}},{"type":"Feature","properties":{"n":"Pennypack Woods","k":"neighbourhood","rank":4,"pop":0},"geometry":{"type":"Point","coordinates":[-75.016,40.05428]}},{"type":"Feature","properties":{"n":"Strawberry Mansion","k":"neighbourhood","rank":4,"pop":0},"geometry":{"type":"Point","coordinates":[-75.18268,39.98345]}},{"type":"Feature","properties":{"n":"Hamilton Court","k":"neighbourhood","rank":4,"pop":0},"geometry":{"type":"Point","coordinates":[-75.29463,40.00678]}},{"type":"Feature","properties":{"n":"Abbotsford Homes","k":"neighbourhood","rank":4,"pop":0},"geometry":{"type":"Point","coordinates":[-75.17462,40.01345]}},{"type":"Feature","properties":{"n":"Bradford Hills","k":"neighbourhood","rank":4,"pop":0},"geometry":{"type":"Point","coordinates":[-75.64799,40.00316]}},{"type":"Feature","properties":{"n":"Wissahickon","k":"neighbourhood","rank":4,"pop":0},"geometry":{"type":"Point","coordinates":[-75.2082,40.01883]}},{"type":"Feature","properties":{"n":"Upper Holmesburg","k":"neighbourhood","rank":4,"pop":0},"geometry":{"type":"Point","coordinates":[-75.00961,40.04678]}},{"type":"Feature","properties":{"n":"West Wayne","k":"neighbourhood","rank":4,"pop":0},"geometry":{"type":"Point","coordinates":[-75.40186,40.03872]}},{"type":"Feature","properties":{"n":"Pierson Farm","k":"neighbourhood","rank":4,"pop":0},"geometry":{"type":"Point","coordinates":[-75.53934,39.81434]}},{"type":"Feature","properties":{"n":"Nicetown-Tioga","k":"neighbourhood","rank":4,"pop":0},"geometry":{"type":"Point","coordinates":[-75.15629,40.02678]}},{"type":"Feature","properties":{"n":"Nicetown","k":"neighbourhood","rank":4,"pop":0},"geometry":{"type":"Point","coordinates":[-75.15684,40.01317]}},{"type":"Feature","properties":{"n":"Logan","k":"neighbourhood","rank":4,"pop":0},"geometry":{"type":"Point","coordinates":[-75.15157,40.02845]}},{"type":"Feature","properties":{"n":"Wyoming","k":"neighbourhood","rank":4,"pop":0},"geometry":{"type":"Point","coordinates":[-75.14462,40.02233]}},{"type":"Feature","properties":{"n":"Academyville","k":"neighbourhood","rank":4,"pop":0},"geometry":{"type":"Point","coordinates":[-75.24268,40.01067]}},{"type":"Feature","properties":{"n":"Elkins Park","k":"neighbourhood","rank":4,"pop":0},"geometry":{"type":"Point","coordinates":[-75.12684,40.07706]}},{"type":"Feature","properties":{"n":"Crescentville","k":"neighbourhood","rank":4,"pop":0},"geometry":{"type":"Point","coordinates":[-75.11011,40.03895]}},{"type":"Feature","properties":{"n":"West Oak Lane","k":"neighbourhood","rank":4,"pop":0},"geometry":{"type":"Point","coordinates":[-75.15526,40.06255]}},{"type":"Feature","properties":{"n":"Lawncrest","k":"neighbourhood","rank":4,"pop":0},"geometry":{"type":"Point","coordinates":[-75.10258,40.04399]}},{"type":"Feature","properties":{"n":"Garden Court","k":"neighbourhood","rank":4,"pop":0},"geometry":{"type":"Point","coordinates":[-75.22601,39.95789]}},{"type":"Feature","properties":{"n":"Shipley Heights","k":"neighbourhood","rank":4,"pop":0},"geometry":{"type":"Point","coordinates":[-75.52309,39.78606]}},{"type":"Feature","properties":{"n":"Pennypack Park","k":"neighbourhood","rank":4,"pop":0},"geometry":{"type":"Point","coordinates":[-75.04506,40.05914]}},{"type":"Feature","properties":{"n":"Tabor","k":"neighbourhood","rank":4,"pop":0},"geometry":{"type":"Point","coordinates":[-75.14212,40.03872]}},{"type":"Feature","properties":{"n":"North Central","k":"neighbourhood","rank":4,"pop":0},"geometry":{"type":"Point","coordinates":[-75.16296,39.97511]}},{"type":"Feature","properties":{"n":"Point Breeze","k":"neighbourhood","rank":4,"pop":0},"geometry":{"type":"Point","coordinates":[-75.17796,39.93345]}},{"type":"Feature","properties":{"n":"Grays Ferry","k":"neighbourhood","rank":4,"pop":0},"geometry":{"type":"Point","coordinates":[-75.19212,39.93511]}},{"type":"Feature","properties":{"n":"Fords Edge","k":"neighbourhood","rank":4,"pop":0},"geometry":{"type":"Point","coordinates":[-75.5288,40.18177]}},{"type":"Feature","properties":{"n":"Wynnefield Heights","k":"neighbourhood","rank":4,"pop":0},"geometry":{"type":"Point","coordinates":[-75.20932,40.00264]}},{"type":"Feature","properties":{"n":"Olney","k":"neighbourhood","rank":4,"pop":0},"geometry":{"type":"Point","coordinates":[-75.12379,40.04122]}},{"type":"Feature","properties":{"n":"Lawndale","k":"neighbourhood","rank":4,"pop":0},"geometry":{"type":"Point","coordinates":[-75.09166,40.05057]}},{"type":"Feature","properties":{"n":"Highland","k":"neighbourhood","rank":4,"pop":0},"geometry":{"type":"Point","coordinates":[-75.21129,40.07122]}},{"type":"Feature","properties":{"n":"Eastwick","k":"neighbourhood","rank":4,"pop":0},"geometry":{"type":"Point","coordinates":[-75.2464,39.90169]}},{"type":"Feature","properties":{"n":"Haddington","k":"neighbourhood","rank":4,"pop":0},"geometry":{"type":"Point","coordinates":[-75.23667,39.9651]}},{"type":"Feature","properties":{"n":"Hartranft","k":"neighbourhood","rank":4,"pop":0},"geometry":{"type":"Point","coordinates":[-75.14712,39.98483]}},{"type":"Feature","properties":{"n":"Mermaid","k":"neighbourhood","rank":4,"pop":0},"geometry":{"type":"Point","coordinates":[-75.17823,40.079]}},{"type":"Feature","properties":{"n":"Hollow Woods","k":"neighbourhood","rank":4,"pop":0},"geometry":{"type":"Point","coordinates":[-75.25728,40.03628]}},{"type":"Feature","properties":{"n":"Westmont","k":"neighbourhood","rank":4,"pop":0},"geometry":{"type":"Point","coordinates":[-75.65071,39.75523]}},{"type":"Feature","properties":{"n":"Wayne Junction","k":"neighbourhood","rank":4,"pop":0},"geometry":{"type":"Point","coordinates":[-75.15934,40.02261]}},{"type":"Feature","properties":{"n":"Hockessin Hunt","k":"neighbourhood","rank":4,"pop":0},"geometry":{"type":"Point","coordinates":[-75.7139,39.77009]}},{"type":"Feature","properties":{"n":"Jarrell Farms","k":"neighbourhood","rank":4,"pop":0},"geometry":{"type":"Point","coordinates":[-75.70738,39.75862]}},{"type":"Feature","properties":{"n":"Mill Creek","k":"neighbourhood","rank":4,"pop":0},"geometry":{"type":"Point","coordinates":[-75.21546,39.96622]}},{"type":"Feature","properties":{"n":"Cedar Park","k":"neighbourhood","rank":4,"pop":0},"geometry":{"type":"Point","coordinates":[-75.2274,39.95039]}},{"type":"Feature","properties":{"n":"Tacony","k":"neighbourhood","rank":4,"pop":0},"geometry":{"type":"Point","coordinates":[-75.04434,40.03122]}},{"type":"Feature","properties":{"n":"Olde Kensington","k":"neighbourhood","rank":4,"pop":0},"geometry":{"type":"Point","coordinates":[-75.14323,39.969]}},{"type":"Feature","properties":{"n":"Allen Lane","k":"neighbourhood","rank":4,"pop":0},"geometry":{"type":"Point","coordinates":[-75.1974,40.0565]}},{"type":"Feature","properties":{"n":"Fox Chase","k":"neighbourhood","rank":4,"pop":0},"geometry":{"type":"Point","coordinates":[-75.07718,40.07716]}},{"type":"Feature","properties":{"n":"Cornish Hills","k":"neighbourhood","rank":4,"pop":0},"geometry":{"type":"Point","coordinates":[-75.7079,39.77073]}},{"type":"Feature","properties":{"n":"Pittville","k":"neighbourhood","rank":4,"pop":0},"geometry":{"type":"Point","coordinates":[-75.14462,40.05733]}},{"type":"Feature","properties":{"n":"Hockessin Chase","k":"neighbourhood","rank":4,"pop":0},"geometry":{"type":"Point","coordinates":[-75.70243,39.76539]}},{"type":"Feature","properties":{"n":"Rittenhouse Square","k":"neighbourhood","rank":4,"pop":0},"geometry":{"type":"Point","coordinates":[-75.17014,39.94891]}},{"type":"Feature","properties":{"n":"Hawthorne","k":"neighbourhood","rank":4,"pop":0},"geometry":{"type":"Point","coordinates":[-75.16712,39.93595]}},{"type":"Feature","properties":{"n":"Belmont Hills","k":"neighbourhood","rank":4,"pop":0},"geometry":{"type":"Point","coordinates":[-75.23773,40.02608]}},{"type":"Feature","properties":{"n":"East Falls","k":"neighbourhood","rank":4,"pop":0},"geometry":{"type":"Point","coordinates":[-75.18929,40.0176]}},{"type":"Feature","properties":{"n":"Somerton","k":"neighbourhood","rank":4,"pop":0},"geometry":{"type":"Point","coordinates":[-75.01489,40.12344]}},{"type":"Feature","properties":{"n":"Cobbs Creek","k":"neighbourhood","rank":4,"pop":0},"geometry":{"type":"Point","coordinates":[-75.23843,39.95408]}},{"type":"Feature","properties":{"n":"Woodbine","k":"neighbourhood","rank":4,"pop":0},"geometry":{"type":"Point","coordinates":[-75.52839,39.81214]}},{"type":"Feature","properties":{"n":"Roboda","k":"neighbourhood","rank":4,"pop":0},"geometry":{"type":"Point","coordinates":[-75.52507,40.17866]}},{"type":"Feature","properties":{"n":"Bella Vista","k":"neighbourhood","rank":4,"pop":0},"geometry":{"type":"Point","coordinates":[-75.15904,39.94096]}},{"type":"Feature","properties":{"n":"Vereeville","k":"neighbourhood","rank":4,"pop":0},"geometry":{"type":"Point","coordinates":[-75.05573,40.08761]}},{"type":"Feature","properties":{"n":"Brewerytown","k":"neighbourhood","rank":4,"pop":0},"geometry":{"type":"Point","coordinates":[-75.18185,39.97706]}},{"type":"Feature","properties":{"n":"Gravers","k":"neighbourhood","rank":4,"pop":0},"geometry":{"type":"Point","coordinates":[-75.20184,40.07733]}},{"type":"Feature","properties":{"n":"Northwood","k":"neighbourhood","rank":4,"pop":0},"geometry":{"type":"Point","coordinates":[-75.09601,40.02011]}},{"type":"Feature","properties":{"n":"Cardiff","k":"neighbourhood","rank":4,"pop":0},"geometry":{"type":"Point","coordinates":[-75.53281,39.81367]}},{"type":"Feature","properties":{"n":"Roseglen","k":"neighbourhood","rank":4,"pop":0},"geometry":{"type":"Point","coordinates":[-75.26869,40.04653]}},{"type":"Feature","properties":{"n":"Yorktown","k":"neighbourhood","rank":4,"pop":0},"geometry":{"type":"Point","coordinates":[-75.15296,39.97345]}},{"type":"Feature","properties":{"n":"Port Richmond","k":"neighbourhood","rank":4,"pop":0},"geometry":{"type":"Point","coordinates":[-75.10092,39.98635]}},{"type":"Feature","properties":{"n":"Orchard Courts","k":"neighbourhood","rank":4,"pop":0},"geometry":{"type":"Point","coordinates":[-75.5213,40.18344]}},{"type":"Feature","properties":{"n":"Overbrook","k":"neighbourhood","rank":4,"pop":0},"geometry":{"type":"Point","coordinates":[-75.25453,39.98082]}},{"type":"Feature","properties":{"n":"Somerville","k":"neighbourhood","rank":4,"pop":0},"geometry":{"type":"Point","coordinates":[-75.15129,40.05178]}},{"type":"Feature","properties":{"n":"Burholme","k":"neighbourhood","rank":4,"pop":0},"geometry":{"type":"Point","coordinates":[-75.08359,40.06142]}},{"type":"Feature","properties":{"n":"Manayunk","k":"neighbourhood","rank":4,"pop":0},"geometry":{"type":"Point","coordinates":[-75.22417,40.02908]}},{"type":"Feature","properties":{"n":"Cynwyd Estates","k":"neighbourhood","rank":4,"pop":0},"geometry":{"type":"Point","coordinates":[-75.24296,40.00289]}},{"type":"Feature","properties":{"n":"Blue Grass","k":"neighbourhood","rank":4,"pop":0},"geometry":{"type":"Point","coordinates":[-75.02739,40.06567]}},{"type":"Feature","properties":{"n":"Fishers","k":"neighbourhood","rank":4,"pop":0},"geometry":{"type":"Point","coordinates":[-75.15657,40.03039]}},{"type":"Feature","properties":{"n":"Bridesburg","k":"neighbourhood","rank":4,"pop":0},"geometry":{"type":"Point","coordinates":[-75.06962,40.00039]}},{"type":"Feature","properties":{"n":"Pauls Run","k":"neighbourhood","rank":4,"pop":0},"geometry":{"type":"Point","coordinates":[-75.03295,40.09678]}},{"type":"Feature","properties":{"n":"Wynnebrook Manor","k":"neighbourhood","rank":4,"pop":0},"geometry":{"type":"Point","coordinates":[-75.2788,40.00178]}},{"type":"Feature","properties":{"n":"Chopersville","k":"neighbourhood","rank":4,"pop":0},"geometry":{"type":"Point","coordinates":[-75.13129,40.00345]}},{"type":"Feature","properties":{"n":"Stanton","k":"neighbourhood","rank":4,"pop":0},"geometry":{"type":"Point","coordinates":[-75.15934,39.98983]}},{"type":"Feature","properties":{"n":"Summerdale","k":"neighbourhood","rank":4,"pop":0},"geometry":{"type":"Point","coordinates":[-75.08906,40.03261]}},{"type":"Feature","properties":{"n":"Weldin Woods","k":"neighbourhood","rank":4,"pop":0},"geometry":{"type":"Point","coordinates":[-75.52453,39.78268]}},{"type":"Feature","properties":{"n":"Kensington","k":"neighbourhood","rank":4,"pop":0},"geometry":{"type":"Point","coordinates":[-75.13184,39.98595]}},{"type":"Feature","properties":{"n":"University City","k":"neighbourhood","rank":4,"pop":0},"geometry":{"type":"Point","coordinates":[-75.18962,39.94928]}},{"type":"Feature","properties":{"n":"Harrisburg","k":"neighbourhood","rank":4,"pop":0},"geometry":{"type":"Point","coordinates":[-75.02517,40.05567]}},{"type":"Feature","properties":{"n":"East Mount Airy","k":"neighbourhood","rank":4,"pop":0},"geometry":{"type":"Point","coordinates":[-75.1826,40.06003]}},{"type":"Feature","properties":{"n":"Parkside","k":"neighbourhood","rank":4,"pop":0},"geometry":{"type":"Point","coordinates":[-75.22354,39.98036]}},{"type":"Feature","properties":{"n":"Spring Garden","k":"neighbourhood","rank":4,"pop":0},"geometry":{"type":"Point","coordinates":[-75.16879,39.96567]}},{"type":"Feature","properties":{"n":"Mantua","k":"neighbourhood","rank":4,"pop":0},"geometry":{"type":"Point","coordinates":[-75.19129,39.96261]}},{"type":"Feature","properties":{"n":"Fairmount","k":"neighbourhood","rank":4,"pop":0},"geometry":{"type":"Point","coordinates":[-75.18101,39.97233]}},{"type":"Feature","properties":{"n":"Ivy Hill","k":"neighbourhood","rank":4,"pop":0},"geometry":{"type":"Point","coordinates":[-75.17795,40.079]}},{"type":"Feature","properties":{"n":"Chinatown","k":"neighbourhood","rank":4,"pop":0},"geometry":{"type":"Point","coordinates":[-75.15589,39.9554]}},{"type":"Feature","properties":{"n":"Upper Roxborough","k":"neighbourhood","rank":4,"pop":0},"geometry":{"type":"Point","coordinates":[-75.24101,40.05805]}},{"type":"Feature","properties":{"n":"West Kensington","k":"neighbourhood","rank":4,"pop":0},"geometry":{"type":"Point","coordinates":[-75.13907,39.9865]}},{"type":"Feature","properties":{"n":"Poplar","k":"neighbourhood","rank":4,"pop":0},"geometry":{"type":"Point","coordinates":[-75.15379,39.96539]}},{"type":"Feature","properties":{"n":"Paschall","k":"neighbourhood","rank":4,"pop":0},"geometry":{"type":"Point","coordinates":[-75.23852,39.92428]}},{"type":"Feature","properties":{"n":"Chadds Ford Knoll","k":"neighbourhood","rank":4,"pop":0},"geometry":{"type":"Point","coordinates":[-75.60715,39.86761]}},{"type":"Feature","properties":{"n":"Pencoyd","k":"neighbourhood","rank":4,"pop":0},"geometry":{"type":"Point","coordinates":[-75.21367,40.00092]}},{"type":"Feature","properties":{"n":"Holmesburg","k":"neighbourhood","rank":4,"pop":0},"geometry":{"type":"Point","coordinates":[-75.02616,40.04129]}},{"type":"Feature","properties":{"n":"Philmont","k":"neighbourhood","rank":4,"pop":0},"geometry":{"type":"Point","coordinates":[-75.03795,40.12039]}},{"type":"Feature","properties":{"n":"Wissinoming","k":"neighbourhood","rank":4,"pop":0},"geometry":{"type":"Point","coordinates":[-75.06323,40.02233]}},{"type":"Feature","properties":{"n":"Carroll Park","k":"neighbourhood","rank":4,"pop":0},"geometry":{"type":"Point","coordinates":[-75.23467,39.97337]}},{"type":"Feature","properties":{"n":"Florida Park","k":"neighbourhood","rank":4,"pop":0},"geometry":{"type":"Point","coordinates":[-75.42691,39.97958]}},{"type":"Feature","properties":{"n":"Howellville","k":"neighbourhood","rank":4,"pop":0},"geometry":{"type":"Point","coordinates":[-75.46948,40.05967]}},{"type":"Feature","properties":{"n":"Torresdale","k":"neighbourhood","rank":4,"pop":0},"geometry":{"type":"Point","coordinates":[-75.00483,40.05461]}},{"type":"Feature","properties":{"n":"Winchester Park","k":"neighbourhood","rank":4,"pop":0},"geometry":{"type":"Point","coordinates":[-75.02962,40.05511]}},{"type":"Feature","properties":{"n":"Carpenter","k":"neighbourhood","rank":4,"pop":0},"geometry":{"type":"Point","coordinates":[-75.20018,40.05233]}},{"type":"Feature","properties":{"n":"Volunteertown","k":"neighbourhood","rank":4,"pop":0},"geometry":{"type":"Point","coordinates":[-75.08788,40.04133]}},{"type":"Feature","properties":{"n":"Cedar Grove","k":"neighbourhood","rank":4,"pop":0},"geometry":{"type":"Point","coordinates":[-75.10545,40.03011]}},{"type":"Feature","properties":{"n":"Fitler","k":"neighbourhood","rank":4,"pop":0},"geometry":{"type":"Point","coordinates":[-75.05878,40.00928]}},{"type":"Feature","properties":{"n":"East Oak Lane","k":"neighbourhood","rank":4,"pop":0},"geometry":{"type":"Point","coordinates":[-75.13277,40.05254]}},{"type":"Feature","properties":{"n":"Morrell Park","k":"neighbourhood","rank":4,"pop":0},"geometry":{"type":"Point","coordinates":[-74.9885,40.07344]}},{"type":"Feature","properties":{"n":"Modena Park","k":"neighbourhood","rank":4,"pop":0},"geometry":{"type":"Point","coordinates":[-74.98795,40.07844]}},{"type":"Feature","properties":{"n":"West Torresdale","k":"neighbourhood","rank":4,"pop":0},"geometry":{"type":"Point","coordinates":[-74.98822,40.07344]}},{"type":"Feature","properties":{"n":"Braeburn Heights","k":"neighbourhood","rank":4,"pop":0},"geometry":{"type":"Point","coordinates":[-74.76822,40.25677]}},{"type":"Feature","properties":{"n":"Normandy","k":"neighbourhood","rank":4,"pop":0},"geometry":{"type":"Point","coordinates":[-74.99572,40.10344]}},{"type":"Feature","properties":{"n":"Crestmont Farms","k":"neighbourhood","rank":4,"pop":0},"geometry":{"type":"Point","coordinates":[-74.97795,40.07344]}},{"type":"Feature","properties":{"n":"Academy Garden","k":"neighbourhood","rank":4,"pop":0},"geometry":{"type":"Point","coordinates":[-75.00978,40.06302]}},{"type":"Feature","properties":{"n":"Chestnut Wood Village","k":"neighbourhood","rank":4,"pop":0},"geometry":{"type":"Point","coordinates":[-74.98407,40.06209]}},{"type":"Feature","properties":{"n":"Mechanicsville","k":"neighbourhood","rank":4,"pop":0},"geometry":{"type":"Point","coordinates":[-74.96517,40.10955]}},{"type":"Feature","properties":{"n":"Milbrook","k":"neighbourhood","rank":4,"pop":0},"geometry":{"type":"Point","coordinates":[-74.97461,40.07844]}},{"type":"Feature","properties":{"n":"Dogwood Hollow","k":"neighbourhood","rank":4,"pop":0},"geometry":{"type":"Point","coordinates":[-74.83989,40.14261]}},{"type":"Feature","properties":{"n":"Longmead Farms","k":"neighbourhood","rank":4,"pop":0},"geometry":{"type":"Point","coordinates":[-74.97184,40.0865]}},{"type":"Feature","properties":{"n":"Delaire Landing","k":"neighbourhood","rank":4,"pop":0},"geometry":{"type":"Point","coordinates":[-74.98628,40.04678]}},{"type":"Feature","properties":{"n":"Colonial Lakes","k":"neighbourhood","rank":4,"pop":0},"geometry":{"type":"Point","coordinates":[-74.73147,40.25411]}},{"type":"Feature","properties":{"n":"Byberry","k":"neighbourhood","rank":4,"pop":0},"geometry":{"type":"Point","coordinates":[-74.98628,40.11122]}},{"type":"Feature","properties":{"n":"Lenola","k":"neighbourhood","rank":4,"pop":0},"geometry":{"type":"Point","coordinates":[-74.98239,39.96233]}},{"type":"Feature","properties":{"n":"Parkwood Manor","k":"neighbourhood","rank":4,"pop":0},"geometry":{"type":"Point","coordinates":[-74.96795,40.09344]}},{"type":"Feature","properties":{"n":"Olde Pines","k":"neighbourhood","rank":4,"pop":0},"geometry":{"type":"Point","coordinates":[-74.84468,39.8681]}},{"type":"Feature","properties":{"n":"Breckenridge","k":"neighbourhood","rank":4,"pop":0},"geometry":{"type":"Point","coordinates":[-75.65703,39.75475]}},{"type":"Feature","properties":{"n":"Autumnwood","k":"neighbourhood","rank":4,"pop":0},"geometry":{"type":"Point","coordinates":[-75.72533,39.77289]}},{"type":"Feature","properties":{"n":"Hitchens Farm","k":"neighbourhood","rank":4,"pop":0},"geometry":{"type":"Point","coordinates":[-75.73214,39.76807]}},{"type":"Feature","properties":{"n":"Viscose Village","k":"neighbourhood","rank":4,"pop":0},"geometry":{"type":"Point","coordinates":[-75.4126,39.82261]}},{"type":"Feature","properties":{"n":"Twin Hills","k":"neighbourhood","rank":4,"pop":0},"geometry":{"type":"Point","coordinates":[-75.65491,40.0833]}},{"type":"Feature","properties":{"n":"The Enclave (Williamstadt)","k":"neighbourhood","rank":4,"pop":0},"geometry":{"type":"Point","coordinates":[-75.32507,40.13051]}},{"type":"Feature","properties":{"n":"Blue Bell Country Club","k":"neighbourhood","rank":4,"pop":0},"geometry":{"type":"Point","coordinates":[-75.28938,40.17752]}},{"type":"Feature","properties":{"n":"Woods at Naamans","k":"neighbourhood","rank":4,"pop":0},"geometry":{"type":"Point","coordinates":[-75.48025,39.83027]}},{"type":"Feature","properties":{"n":"Northwest Estates","k":"neighbourhood","rank":4,"pop":0},"geometry":{"type":"Point","coordinates":[-74.9577,39.97537]}},{"type":"Feature","properties":{"n":"Deerfield","k":"neighbourhood","rank":4,"pop":0},"geometry":{"type":"Point","coordinates":[-75.63862,39.85311]}},{"type":"Feature","properties":{"n":"Balmoral","k":"neighbourhood","rank":4,"pop":0},"geometry":{"type":"Point","coordinates":[-75.64026,39.84578]}},{"type":"Feature","properties":{"n":"Newlin Greene","k":"neighbourhood","rank":4,"pop":0},"geometry":{"type":"Point","coordinates":[-75.71369,39.90275]}},{"type":"Feature","properties":{"n":"Pocopson Creek","k":"neighbourhood","rank":4,"pop":0},"geometry":{"type":"Point","coordinates":[-75.70052,39.90634]}},{"type":"Feature","properties":{"n":"Knolls of Birmingham","k":"neighbourhood","rank":4,"pop":0},"geometry":{"type":"Point","coordinates":[-75.57275,39.90396]}},{"type":"Feature","properties":{"n":"Birmingham Hunt","k":"neighbourhood","rank":4,"pop":0},"geometry":{"type":"Point","coordinates":[-75.57581,39.9074]}},{"type":"Feature","properties":{"n":"Estates at Mill Creek","k":"neighbourhood","rank":4,"pop":0},"geometry":{"type":"Point","coordinates":[-75.53558,39.89682]}},{"type":"Feature","properties":{"n":"Cherry Creek","k":"neighbourhood","rank":4,"pop":0},"geometry":{"type":"Point","coordinates":[-75.5548,39.89949]}},{"type":"Feature","properties":{"n":"Willowdale Crossing","k":"neighbourhood","rank":4,"pop":0},"geometry":{"type":"Point","coordinates":[-75.72415,39.87676]}},{"type":"Feature","properties":{"n":"Orchard Valley","k":"neighbourhood","rank":4,"pop":0},"geometry":{"type":"Point","coordinates":[-75.67578,39.86297]}},{"type":"Feature","properties":{"n":"Schoolhouse Lane","k":"neighbourhood","rank":4,"pop":0},"geometry":{"type":"Point","coordinates":[-75.69344,39.86191]}},{"type":"Feature","properties":{"n":"Dalkeith Farm","k":"neighbourhood","rank":4,"pop":0},"geometry":{"type":"Point","coordinates":[-75.69339,39.87018]}},{"type":"Feature","properties":{"n":"Belrose at Longwood","k":"neighbourhood","rank":4,"pop":0},"geometry":{"type":"Point","coordinates":[-75.67254,39.86487]}},{"type":"Feature","properties":{"n":"Willow Greene","k":"neighbourhood","rank":4,"pop":0},"geometry":{"type":"Point","coordinates":[-75.71495,39.86909]}},{"type":"Feature","properties":{"n":"Blackshire","k":"neighbourhood","rank":4,"pop":0},"geometry":{"type":"Point","coordinates":[-75.72094,39.86716]}},{"type":"Feature","properties":{"n":"Greenville Overlook","k":"neighbourhood","rank":4,"pop":0},"geometry":{"type":"Point","coordinates":[-75.64256,39.75281]}},{"type":"Feature","properties":{"n":"Tall Trees","k":"neighbourhood","rank":4,"pop":0},"geometry":{"type":"Point","coordinates":[-75.64848,39.75426]}},{"type":"Feature","properties":{"n":"La Reserve","k":"neighbourhood","rank":4,"pop":0},"geometry":{"type":"Point","coordinates":[-75.72747,39.88862]}},{"type":"Feature","properties":{"n":"Fox Lee Manor","k":"neighbourhood","rank":4,"pop":0},"geometry":{"type":"Point","coordinates":[-75.72583,39.8839]}},{"type":"Feature","properties":{"n":"Brittingham","k":"neighbourhood","rank":4,"pop":0},"geometry":{"type":"Point","coordinates":[-75.73575,39.81857]}},{"type":"Feature","properties":{"n":"Bucktoe Manor","k":"neighbourhood","rank":4,"pop":0},"geometry":{"type":"Point","coordinates":[-75.74396,39.81982]}},{"type":"Feature","properties":{"n":"Sunwood Farm","k":"neighbourhood","rank":4,"pop":0},"geometry":{"type":"Point","coordinates":[-75.48196,40.10501]}},{"type":"Feature","properties":{"n":"Estates at Bucktoe","k":"neighbourhood","rank":4,"pop":0},"geometry":{"type":"Point","coordinates":[-75.73562,39.81439]}},{"type":"Feature","properties":{"n":"Dogwood","k":"neighbourhood","rank":4,"pop":0},"geometry":{"type":"Point","coordinates":[-75.4856,40.11007]}},{"type":"Feature","properties":{"n":"The Courts at Kimberton Greene","k":"neighbourhood","rank":4,"pop":0},"geometry":{"type":"Point","coordinates":[-75.56115,40.12485]}},{"type":"Feature","properties":{"n":"Carillon","k":"neighbourhood","rank":4,"pop":0},"geometry":{"type":"Point","coordinates":[-75.77959,39.82946]}},{"type":"Feature","properties":{"n":"Chestnut Ridge Estates","k":"neighbourhood","rank":4,"pop":0},"geometry":{"type":"Point","coordinates":[-75.76434,39.96022]}},{"type":"Feature","properties":{"n":"Lambeth Riding","k":"neighbourhood","rank":4,"pop":0},"geometry":{"type":"Point","coordinates":[-75.71945,39.7637]}},{"type":"Feature","properties":{"n":"Hockessin Mews","k":"neighbourhood","rank":4,"pop":0},"geometry":{"type":"Point","coordinates":[-75.70905,39.7677]}},{"type":"Feature","properties":{"n":"Cloutier Court","k":"neighbourhood","rank":4,"pop":0},"geometry":{"type":"Point","coordinates":[-75.53203,39.79161]}},{"type":"Feature","properties":{"n":"The Preserve at Inniscrone Golf Club","k":"neighbourhood","rank":4,"pop":0},"geometry":{"type":"Point","coordinates":[-75.79923,39.81929]}},{"type":"Feature","properties":{"n":"Southeast 9th Ward","k":"neighbourhood","rank":4,"pop":0},"geometry":{"type":"Point","coordinates":[-75.54349,39.75594]}},{"type":"Feature","properties":{"n":"Delaware Avenue","k":"neighbourhood","rank":4,"pop":0},"geometry":{"type":"Point","coordinates":[-75.55911,39.75556]}},{"type":"Feature","properties":{"n":"Brandywine Village","k":"neighbourhood","rank":4,"pop":0},"geometry":{"type":"Point","coordinates":[-75.5419,39.75183]}},{"type":"Feature","properties":{"n":"West Hill","k":"neighbourhood","rank":4,"pop":0},"geometry":{"type":"Point","coordinates":[-75.56439,39.75037]}},{"type":"Feature","properties":{"n":"Cool Spring","k":"neighbourhood","rank":4,"pop":0},"geometry":{"type":"Point","coordinates":[-75.56031,39.75011]}},{"type":"Feature","properties":{"n":"9th Ward Area","k":"neighbourhood","rank":4,"pop":0},"geometry":{"type":"Point","coordinates":[-75.53913,39.75959]}},{"type":"Feature","properties":{"n":"Little Italy","k":"neighbourhood","rank":4,"pop":0},"geometry":{"type":"Point","coordinates":[-75.56932,39.75241]}},{"type":"Feature","properties":{"n":"Happy Valley","k":"neighbourhood","rank":4,"pop":0},"geometry":{"type":"Point","coordinates":[-75.55488,39.75198]}},{"type":"Feature","properties":{"n":"Highlands","k":"neighbourhood","rank":4,"pop":0},"geometry":{"type":"Point","coordinates":[-75.57231,39.76363]}},{"type":"Feature","properties":{"n":"Southbridge","k":"neighbourhood","rank":4,"pop":0},"geometry":{"type":"Point","coordinates":[-75.5442,39.72734]}},{"type":"Feature","properties":{"n":"Midtown Brandywine","k":"neighbourhood","rank":4,"pop":0},"geometry":{"type":"Point","coordinates":[-75.54902,39.74942]}},{"type":"Feature","properties":{"n":"Forty Acres","k":"neighbourhood","rank":4,"pop":0},"geometry":{"type":"Point","coordinates":[-75.56404,39.76263]}},{"type":"Feature","properties":{"n":"Triangle","k":"neighbourhood","rank":4,"pop":0},"geometry":{"type":"Point","coordinates":[-75.54649,39.7599]}},{"type":"Feature","properties":{"n":"Trolley Square","k":"neighbourhood","rank":4,"pop":0},"geometry":{"type":"Point","coordinates":[-75.56228,39.75866]}},{"type":"Feature","properties":{"n":"Hedgeville","k":"neighbourhood","rank":4,"pop":0},"geometry":{"type":"Point","coordinates":[-75.56586,39.74095]}},{"type":"Feature","properties":{"n":"Union Park Gardens","k":"neighbourhood","rank":4,"pop":0},"geometry":{"type":"Point","coordinates":[-75.57822,39.74604]}},{"type":"Feature","properties":{"n":"Eastlake","k":"neighbourhood","rank":4,"pop":0},"geometry":{"type":"Point","coordinates":[-75.53038,39.74894]}},{"type":"Feature","properties":{"n":"Trinity Vicinity","k":"neighbourhood","rank":4,"pop":0},"geometry":{"type":"Point","coordinates":[-75.55455,39.74831]}},{"type":"Feature","properties":{"n":"Hilltop","k":"neighbourhood","rank":4,"pop":0},"geometry":{"type":"Point","coordinates":[-75.56572,39.74634]}},{"type":"Feature","properties":{"n":"Flats","k":"neighbourhood","rank":4,"pop":0},"geometry":{"type":"Point","coordinates":[-75.57471,39.75093]}},{"type":"Feature","properties":{"n":"Riverside","k":"neighbourhood","rank":4,"pop":0},"geometry":{"type":"Point","coordinates":[-75.52544,39.74886]}},{"type":"Feature","properties":{"n":"West Center City","k":"neighbourhood","rank":4,"pop":0},"geometry":{"type":"Point","coordinates":[-75.5578,39.74452]}},{"type":"Feature","properties":{"n":"Browntown","k":"neighbourhood","rank":4,"pop":0},"geometry":{"type":"Point","coordinates":[-75.56968,39.73425]}},{"type":"Feature","properties":{"n":"Wawaset Heights","k":"neighbourhood","rank":4,"pop":0},"geometry":{"type":"Point","coordinates":[-75.57812,39.75423]}},{"type":"Feature","properties":{"n":"11th St. Bridge","k":"neighbourhood","rank":4,"pop":0},"geometry":{"type":"Point","coordinates":[-75.53341,39.74305]}},{"type":"Feature","properties":{"n":"LOMA","k":"neighbourhood","rank":4,"pop":0},"geometry":{"type":"Point","coordinates":[-75.55186,39.73961]}},{"type":"Feature","properties":{"n":"St. Elizabeth Area","k":"neighbourhood","rank":4,"pop":0},"geometry":{"type":"Point","coordinates":[-75.57345,39.73802]}},{"type":"Feature","properties":{"n":"Harlan","k":"neighbourhood","rank":4,"pop":0},"geometry":{"type":"Point","coordinates":[-75.53103,39.7632]}},{"type":"Feature","properties":{"n":"Wawaset","k":"neighbourhood","rank":4,"pop":0},"geometry":{"type":"Point","coordinates":[-75.57406,39.75734]}},{"type":"Feature","properties":{"n":"Upper East Side","k":"neighbourhood","rank":4,"pop":0},"geometry":{"type":"Point","coordinates":[-75.54206,39.74657]}},{"type":"Feature","properties":{"n":"Justison Landing","k":"neighbourhood","rank":4,"pop":0},"geometry":{"type":"Point","coordinates":[-75.56018,39.73616]}},{"type":"Feature","properties":{"n":"Bayard Square","k":"neighbourhood","rank":4,"pop":0},"geometry":{"type":"Point","coordinates":[-75.57163,39.74338]}},{"type":"Feature","properties":{"n":"Eastlawn","k":"neighbourhood","rank":4,"pop":0},"geometry":{"type":"Point","coordinates":[-75.52705,39.75633]}},{"type":"Feature","properties":{"n":"Greenhill","k":"neighbourhood","rank":4,"pop":0},"geometry":{"type":"Point","coordinates":[-75.58259,39.75111]}},{"type":"Feature","properties":{"n":"Downtown","k":"neighbourhood","rank":4,"pop":0},"geometry":{"type":"Point","coordinates":[-75.54741,39.74282]}},{"type":"Feature","properties":{"n":"Riverfront","k":"neighbourhood","rank":4,"pop":0},"geometry":{"type":"Point","coordinates":[-75.56136,39.73444]}},{"type":"Feature","properties":{"n":"Canby Park","k":"neighbourhood","rank":4,"pop":0},"geometry":{"type":"Point","coordinates":[-75.57564,39.74201]}},{"type":"Feature","properties":{"n":"Price\u2019s Run","k":"neighbourhood","rank":4,"pop":0},"geometry":{"type":"Point","coordinates":[-75.53392,39.75224]}},{"type":"Feature","properties":{"n":"Westmoreland","k":"neighbourhood","rank":4,"pop":0},"geometry":{"type":"Point","coordinates":[-75.58548,39.75613]}},{"type":"Feature","properties":{"n":"Quaker Hill","k":"neighbourhood","rank":4,"pop":0},"geometry":{"type":"Point","coordinates":[-75.55315,39.74264]}},{"type":"Feature","properties":{"n":"Andover","k":"neighbourhood","rank":4,"pop":0},"geometry":{"type":"Point","coordinates":[-75.50944,39.94787]}},{"type":"Feature","properties":{"n":"State & Cypress","k":"neighbourhood","rank":4,"pop":0},"geometry":{"type":"Point","coordinates":[-75.71095,39.84693]}},{"type":"Feature","properties":{"n":"Birch Street","k":"neighbourhood","rank":4,"pop":0},"geometry":{"type":"Point","coordinates":[-75.70649,39.84165]}},{"type":"Feature","properties":{"n":"Cannery Row","k":"neighbourhood","rank":4,"pop":0},"geometry":{"type":"Point","coordinates":[-75.71898,39.84328]}},{"type":"Feature","properties":{"n":"Cedar Hill","k":"neighbourhood","rank":4,"pop":0},"geometry":{"type":"Point","coordinates":[-75.4087,40.39615]}},{"type":"Feature","properties":{"n":"Windlestrae Greene","k":"neighbourhood","rank":4,"pop":0},"geometry":{"type":"Point","coordinates":[-75.59282,40.31256]}},{"type":"Feature","properties":{"n":"Ryan Homes: Townes at Montgomery View","k":"neighbourhood","rank":4,"pop":0},"geometry":{"type":"Point","coordinates":[-75.5958,40.30647]}},{"type":"Feature","properties":{"n":"Lamberton","k":"neighbourhood","rank":4,"pop":0},"geometry":{"type":"Point","coordinates":[-74.76021,40.20796]}},{"type":"Feature","properties":{"n":"South Trenton","k":"neighbourhood","rank":4,"pop":0},"geometry":{"type":"Point","coordinates":[-74.75836,40.20541]}},{"type":"Feature","properties":{"n":"Mill Hill","k":"neighbourhood","rank":4,"pop":0},"geometry":{"type":"Point","coordinates":[-74.76057,40.21659]}},{"type":"Feature","properties":{"n":"Central West","k":"neighbourhood","rank":4,"pop":0},"geometry":{"type":"Point","coordinates":[-74.77473,40.22585]}},{"type":"Feature","properties":{"n":"Perdicaris Place","k":"neighbourhood","rank":4,"pop":0},"geometry":{"type":"Point","coordinates":[-74.77972,40.2242]}},{"type":"Feature","properties":{"n":"Cadwalader Heights","k":"neighbourhood","rank":4,"pop":0},"geometry":{"type":"Point","coordinates":[-74.78512,40.23417]}},{"type":"Feature","properties":{"n":"Berkeley Square Historic District","k":"neighbourhood","rank":4,"pop":0},"geometry":{"type":"Point","coordinates":[-74.7895,40.23157]}},{"type":"Feature","properties":{"n":"The Island","k":"neighbourhood","rank":4,"pop":0},"geometry":{"type":"Point","coordinates":[-74.80364,40.23651]}},{"type":"Feature","properties":{"n":"Glen Afton","k":"neighbourhood","rank":4,"pop":0},"geometry":{"type":"Point","coordinates":[-74.80539,40.23791]}},{"type":"Feature","properties":{"n":"Hillcrest","k":"neighbourhood","rank":4,"pop":0},"geometry":{"type":"Point","coordinates":[-74.788,40.24267]}},{"type":"Feature","properties":{"n":"North Trenton","k":"neighbourhood","rank":4,"pop":0},"geometry":{"type":"Point","coordinates":[-74.75423,40.23346]}},{"type":"Feature","properties":{"n":"Seneca Reserve","k":"neighbourhood","rank":4,"pop":0},"geometry":{"type":"Point","coordinates":[-74.73955,39.83741]}},{"type":"Feature","properties":{"n":"Hidden Acres","k":"neighbourhood","rank":4,"pop":0},"geometry":{"type":"Point","coordinates":[-74.74472,39.83942]}},{"type":"Feature","properties":{"n":"Harrowgate","k":"neighbourhood","rank":4,"pop":0},"geometry":{"type":"Point","coordinates":[-74.74711,39.83485]}},{"type":"Feature","properties":{"n":"Holly Bush","k":"neighbourhood","rank":4,"pop":0},"geometry":{"type":"Point","coordinates":[-74.75814,39.83225]}},{"type":"Feature","properties":{"n":"Blairwoods","k":"neighbourhood","rank":4,"pop":0},"geometry":{"type":"Point","coordinates":[-74.75216,39.82921]}},{"type":"Feature","properties":{"n":"Windermere","k":"neighbourhood","rank":4,"pop":0},"geometry":{"type":"Point","coordinates":[-74.7583,39.82699]}},{"type":"Feature","properties":{"n":"Millstone","k":"neighbourhood","rank":4,"pop":0},"geometry":{"type":"Point","coordinates":[-74.7615,39.82182]}},{"type":"Feature","properties":{"n":"Lenape Woods","k":"neighbourhood","rank":4,"pop":0},"geometry":{"type":"Point","coordinates":[-74.77095,39.83063]}},{"type":"Feature","properties":{"n":"Pine Ridge","k":"neighbourhood","rank":4,"pop":0},"geometry":{"type":"Point","coordinates":[-74.77254,39.82688]}},{"type":"Feature","properties":{"n":"Packenah Trail","k":"neighbourhood","rank":4,"pop":0},"geometry":{"type":"Point","coordinates":[-74.77329,39.83395]}},{"type":"Feature","properties":{"n":"Estates at Pendleton Ridge","k":"neighbourhood","rank":4,"pop":0},"geometry":{"type":"Point","coordinates":[-74.78912,39.83354]}},{"type":"Feature","properties":{"n":"Headwater Village","k":"neighbourhood","rank":4,"pop":0},"geometry":{"type":"Point","coordinates":[-74.78171,39.83835]}},{"type":"Feature","properties":{"n":"Tall Pines","k":"neighbourhood","rank":4,"pop":0},"geometry":{"type":"Point","coordinates":[-74.79258,39.83532]}},{"type":"Feature","properties":{"n":"Oak Knoll","k":"neighbourhood","rank":4,"pop":0},"geometry":{"type":"Point","coordinates":[-74.79256,39.84189]}},{"type":"Feature","properties":{"n":"Pinecrest","k":"neighbourhood","rank":4,"pop":0},"geometry":{"type":"Point","coordinates":[-74.80127,39.84715]}},{"type":"Feature","properties":{"n":"Brandywine Woods","k":"neighbourhood","rank":4,"pop":0},"geometry":{"type":"Point","coordinates":[-74.80521,39.84789]}},{"type":"Feature","properties":{"n":"Houndstooth","k":"neighbourhood","rank":4,"pop":0},"geometry":{"type":"Point","coordinates":[-74.81138,39.84719]}},{"type":"Feature","properties":{"n":"Huntington","k":"neighbourhood","rank":4,"pop":0},"geometry":{"type":"Point","coordinates":[-74.80953,39.83522]}},{"type":"Feature","properties":{"n":"Highbridge","k":"neighbourhood","rank":4,"pop":0},"geometry":{"type":"Point","coordinates":[-74.8183,39.83383]}},{"type":"Feature","properties":{"n":"Lambeth Walk","k":"neighbourhood","rank":4,"pop":0},"geometry":{"type":"Point","coordinates":[-74.83356,39.84452]}},{"type":"Feature","properties":{"n":"Laurel Pointe","k":"neighbourhood","rank":4,"pop":0},"geometry":{"type":"Point","coordinates":[-74.82364,39.84903]}},{"type":"Feature","properties":{"n":"Jackson Woods","k":"neighbourhood","rank":4,"pop":0},"geometry":{"type":"Point","coordinates":[-74.82485,39.85288]}},{"type":"Feature","properties":{"n":"Tamarac","k":"neighbourhood","rank":4,"pop":0},"geometry":{"type":"Point","coordinates":[-74.83264,39.85675]}},{"type":"Feature","properties":{"n":"Wellington Woods","k":"neighbourhood","rank":4,"pop":0},"geometry":{"type":"Point","coordinates":[-74.83358,39.85125]}},{"type":"Feature","properties":{"n":"Taunton Trace","k":"neighbourhood","rank":4,"pop":0},"geometry":{"type":"Point","coordinates":[-74.8415,39.87659]}},{"type":"Feature","properties":{"n":"Medford Commons","k":"neighbourhood","rank":4,"pop":0},"geometry":{"type":"Point","coordinates":[-74.82406,39.88107]}},{"type":"Feature","properties":{"n":"New World at Willow Hill","k":"neighbourhood","rank":4,"pop":0},"geometry":{"type":"Point","coordinates":[-74.90767,39.87439]}},{"type":"Feature","properties":{"n":"Rainwood","k":"neighbourhood","rank":4,"pop":0},"geometry":{"type":"Point","coordinates":[-74.92773,39.86689]}},{"type":"Feature","properties":{"n":"Partridge Run","k":"neighbourhood","rank":4,"pop":0},"geometry":{"type":"Point","coordinates":[-74.9334,39.86595]}},{"type":"Feature","properties":{"n":"The Estates at Main Street","k":"neighbourhood","rank":4,"pop":0},"geometry":{"type":"Point","coordinates":[-74.93964,39.86114]}},{"type":"Feature","properties":{"n":"Beagle Club","k":"neighbourhood","rank":4,"pop":0},"geometry":{"type":"Point","coordinates":[-74.94283,39.85438]}},{"type":"Feature","properties":{"n":"Alluvium Woods","k":"neighbourhood","rank":4,"pop":0},"geometry":{"type":"Point","coordinates":[-74.94816,39.84731]}},{"type":"Feature","properties":{"n":"Alluvium","k":"neighbourhood","rank":4,"pop":0},"geometry":{"type":"Point","coordinates":[-74.94358,39.83474]}},{"type":"Feature","properties":{"n":"Sturbridge Lakes","k":"neighbourhood","rank":4,"pop":0},"geometry":{"type":"Point","coordinates":[-74.91953,39.83819]}},{"type":"Feature","properties":{"n":"Sturbridge Woods","k":"neighbourhood","rank":4,"pop":0},"geometry":{"type":"Point","coordinates":[-74.91687,39.82049]}},{"type":"Feature","properties":{"n":"Fox Hollow","k":"neighbourhood","rank":4,"pop":0},"geometry":{"type":"Point","coordinates":[-74.94628,39.87673]}},{"type":"Feature","properties":{"n":"Cherry Run","k":"neighbourhood","rank":4,"pop":0},"geometry":{"type":"Point","coordinates":[-74.93545,39.87427]}},{"type":"Feature","properties":{"n":"Ramsgate","k":"neighbourhood","rank":4,"pop":0},"geometry":{"type":"Point","coordinates":[-74.94381,39.87154]}},{"type":"Feature","properties":{"n":"Concorde at Charter Oak","k":"neighbourhood","rank":4,"pop":0},"geometry":{"type":"Point","coordinates":[-74.94017,39.87395]}},{"type":"Feature","properties":{"n":"Cherrywood Estates","k":"neighbourhood","rank":4,"pop":0},"geometry":{"type":"Point","coordinates":[-74.93703,39.8752]}},{"type":"Feature","properties":{"n":"Chanticleer","k":"neighbourhood","rank":4,"pop":0},"geometry":{"type":"Point","coordinates":[-74.95188,39.87106]}},{"type":"Feature","properties":{"n":"Country Walk","k":"neighbourhood","rank":4,"pop":0},"geometry":{"type":"Point","coordinates":[-74.95981,39.87447]}},{"type":"Feature","properties":{"n":"Concord Ridge","k":"neighbourhood","rank":4,"pop":0},"geometry":{"type":"Point","coordinates":[-74.84405,40.49948]}},{"type":"Feature","properties":{"n":"Flemington South Estates","k":"neighbourhood","rank":4,"pop":0},"geometry":{"type":"Point","coordinates":[-74.85201,40.49384]}},{"type":"Feature","properties":{"n":"Ramblewood-on-the-Green","k":"neighbourhood","rank":4,"pop":0},"geometry":{"type":"Point","coordinates":[-74.94473,39.92861]}},{"type":"Feature","properties":{"n":"Penn Oak Park","k":"neighbourhood","rank":4,"pop":0},"geometry":{"type":"Point","coordinates":[-74.93496,39.92819]}},{"type":"Feature","properties":{"n":"Mill Run","k":"neighbourhood","rank":4,"pop":0},"geometry":{"type":"Point","coordinates":[-74.9276,39.92614]}},{"type":"Feature","properties":{"n":"Ramblewood Farms","k":"neighbourhood","rank":4,"pop":0},"geometry":{"type":"Point","coordinates":[-74.91586,39.92184]}},{"type":"Feature","properties":{"n":"The Mews","k":"neighbourhood","rank":4,"pop":0},"geometry":{"type":"Point","coordinates":[-74.93621,39.92074]}},{"type":"Feature","properties":{"n":"Club Villas","k":"neighbourhood","rank":4,"pop":0},"geometry":{"type":"Point","coordinates":[-74.93963,39.9224]}},{"type":"Feature","properties":{"n":"Twin Ponds at Birchfield","k":"neighbourhood","rank":4,"pop":0},"geometry":{"type":"Point","coordinates":[-74.93136,39.93612]}},{"type":"Feature","properties":{"n":"Holiday Village","k":"neighbourhood","rank":4,"pop":0},"geometry":{"type":"Point","coordinates":[-74.91484,39.93373]}},{"type":"Feature","properties":{"n":"Holiday Village East","k":"neighbourhood","rank":4,"pop":0},"geometry":{"type":"Point","coordinates":[-74.90724,39.9379]}},{"type":"Feature","properties":{"n":"Stonegate","k":"neighbourhood","rank":4,"pop":0},"geometry":{"type":"Point","coordinates":[-74.92173,39.94145]}},{"type":"Feature","properties":{"n":"Avandale","k":"neighbourhood","rank":4,"pop":0},"geometry":{"type":"Point","coordinates":[-74.97521,39.71477]}},{"type":"Feature","properties":{"n":"Winslow Crossing","k":"neighbourhood","rank":4,"pop":0},"geometry":{"type":"Point","coordinates":[-74.9585,39.70853]}},{"type":"Feature","properties":{"n":"Colts Run","k":"neighbourhood","rank":4,"pop":0},"geometry":{"type":"Point","coordinates":[-74.90316,39.90678]}},{"type":"Feature","properties":{"n":"Country Farms","k":"neighbourhood","rank":4,"pop":0},"geometry":{"type":"Point","coordinates":[-74.89219,39.90388]}},{"type":"Feature","properties":{"n":"Woodridge","k":"neighbourhood","rank":4,"pop":0},"geometry":{"type":"Point","coordinates":[-74.83818,39.89633]}},{"type":"Feature","properties":{"n":"Woodsfield","k":"neighbourhood","rank":4,"pop":0},"geometry":{"type":"Point","coordinates":[-74.78677,39.85629]}},{"type":"Feature","properties":{"n":"Gayborhood","k":"neighbourhood","rank":4,"pop":0},"geometry":{"type":"Point","coordinates":[-75.1624,39.94798]}},{"type":"Feature","properties":{"n":"Little Saigon","k":"neighbourhood","rank":4,"pop":0},"geometry":{"type":"Point","coordinates":[-75.1569,39.93595]}},{"type":"Feature","properties":{"n":"Northbank","k":"neighbourhood","rank":4,"pop":0},"geometry":{"type":"Point","coordinates":[-75.1174,39.97124]}},{"type":"Feature","properties":{"n":"Strode's Mill","k":"neighbourhood","rank":4,"pop":0},"geometry":{"type":"Point","coordinates":[-75.61751,39.92914]}},{"type":"Feature","properties":{"n":"Siena Place","k":"neighbourhood","rank":4,"pop":0},"geometry":{"type":"Point","coordinates":[-75.18831,39.91091]}},{"type":"Feature","properties":{"n":"Marshallton Chase","k":"neighbourhood","rank":4,"pop":0},"geometry":{"type":"Point","coordinates":[-75.63504,39.95339]}},{"type":"Feature","properties":{"n":"Bradford Chase","k":"neighbourhood","rank":4,"pop":0},"geometry":{"type":"Point","coordinates":[-75.63186,39.94393]}},{"type":"Feature","properties":{"n":"Bala Farms","k":"neighbourhood","rank":4,"pop":0},"geometry":{"type":"Point","coordinates":[-75.62411,39.93164]}},{"type":"Feature","properties":{"n":"Meetinghouse Glen","k":"neighbourhood","rank":4,"pop":0},"geometry":{"type":"Point","coordinates":[-75.62177,39.9328]}},{"type":"Feature","properties":{"n":"Highland Farm","k":"neighbourhood","rank":4,"pop":0},"geometry":{"type":"Point","coordinates":[-75.63035,39.95681]}},{"type":"Feature","properties":{"n":"Little Fox Hill","k":"neighbourhood","rank":4,"pop":0},"geometry":{"type":"Point","coordinates":[-75.6287,39.95378]}},{"type":"Feature","properties":{"n":"Courtfield Streams","k":"neighbourhood","rank":4,"pop":0},"geometry":{"type":"Point","coordinates":[-75.62491,39.95513]}},{"type":"Feature","properties":{"n":"Hillsdale Farm","k":"neighbourhood","rank":4,"pop":0},"geometry":{"type":"Point","coordinates":[-75.63094,39.94841]}},{"type":"Feature","properties":{"n":"Oermead Farm","k":"neighbourhood","rank":4,"pop":0},"geometry":{"type":"Point","coordinates":[-75.62559,39.96057]}},{"type":"Feature","properties":{"n":"Heritage at Parke Farm","k":"neighbourhood","rank":4,"pop":0},"geometry":{"type":"Point","coordinates":[-75.64767,39.96198]}},{"type":"Feature","properties":{"n":"Mercers Mill","k":"neighbourhood","rank":4,"pop":0},"geometry":{"type":"Point","coordinates":[-75.61612,39.95015]}},{"type":"Feature","properties":{"n":"Plum Tree","k":"neighbourhood","rank":4,"pop":0},"geometry":{"type":"Point","coordinates":[-75.60682,39.94134]}},{"type":"Feature","properties":{"n":"Laurier","k":"neighbourhood","rank":4,"pop":0},"geometry":{"type":"Point","coordinates":[-75.60804,39.94353]}},{"type":"Feature","properties":{"n":"Plum Run","k":"neighbourhood","rank":4,"pop":0},"geometry":{"type":"Point","coordinates":[-75.61196,39.94255]}},{"type":"Feature","properties":{"n":"Darlington Ridge at West Chester","k":"neighbourhood","rank":4,"pop":0},"geometry":{"type":"Point","coordinates":[-75.61236,39.9336]}},{"type":"Feature","properties":{"n":"Radley Run IV","k":"neighbourhood","rank":4,"pop":0},"geometry":{"type":"Point","coordinates":[-75.614,39.92637]}},{"type":"Feature","properties":{"n":"Radley Run Osborne Hill","k":"neighbourhood","rank":4,"pop":0},"geometry":{"type":"Point","coordinates":[-75.60627,39.92792]}},{"type":"Feature","properties":{"n":"Sconnelltown Farms","k":"neighbourhood","rank":4,"pop":0},"geometry":{"type":"Point","coordinates":[-75.61655,39.94197]}},{"type":"Feature","properties":{"n":"Pretty Brook Area","k":"neighbourhood","rank":4,"pop":0},"geometry":{"type":"Point","coordinates":[-74.70185,40.36026]}},{"type":"Feature","properties":{"n":"The Grove","k":"neighbourhood","rank":4,"pop":0},"geometry":{"type":"Point","coordinates":[-75.13172,39.73072]}},{"type":"Feature","properties":{"n":"Wissahickon Hills","k":"neighbourhood","rank":4,"pop":0},"geometry":{"type":"Point","coordinates":[-75.21903,40.04008]}},{"type":"Feature","properties":{"n":"Germany Hill","k":"neighbourhood","rank":4,"pop":0},"geometry":{"type":"Point","coordinates":[-75.22863,40.03721]}},{"type":"Feature","properties":{"n":"Roxborough Park","k":"neighbourhood","rank":4,"pop":0},"geometry":{"type":"Point","coordinates":[-75.23402,40.03965]}},{"type":"Feature","properties":{"n":"Dearnley Park","k":"neighbourhood","rank":4,"pop":0},"geometry":{"type":"Point","coordinates":[-75.23894,40.04735]}},{"type":"Feature","properties":{"n":"Andorra","k":"neighbourhood","rank":4,"pop":0},"geometry":{"type":"Point","coordinates":[-75.23597,40.07114]}},{"type":"Feature","properties":{"n":"Eldridge Park","k":"neighbourhood","rank":4,"pop":0},"geometry":{"type":"Point","coordinates":[-74.74722,40.26419]}},{"type":"Feature","properties":{"n":"West Central Germantown","k":"neighbourhood","rank":4,"pop":0},"geometry":{"type":"Point","coordinates":[-75.18296,40.03634]}},{"type":"Feature","properties":{"n":"Southwest Germantown","k":"neighbourhood","rank":4,"pop":0},"geometry":{"type":"Point","coordinates":[-75.16786,40.0242]}},{"type":"Feature","properties":{"n":"Germantown - Penn Knox","k":"neighbourhood","rank":4,"pop":0},"geometry":{"type":"Point","coordinates":[-75.17245,40.03146]}},{"type":"Feature","properties":{"n":"Germantown - Westside","k":"neighbourhood","rank":4,"pop":0},"geometry":{"type":"Point","coordinates":[-75.17728,40.02665]}},{"type":"Feature","properties":{"n":"East Germantown","k":"neighbourhood","rank":4,"pop":0},"geometry":{"type":"Point","coordinates":[-75.16449,40.0478]}},{"type":"Feature","properties":{"n":"Germantown - Morton","k":"neighbourhood","rank":4,"pop":0},"geometry":{"type":"Point","coordinates":[-75.17515,40.04376]}},{"type":"Feature","properties":{"n":"Cedarbrook","k":"neighbourhood","rank":4,"pop":0},"geometry":{"type":"Point","coordinates":[-75.17561,40.0752]}},{"type":"Feature","properties":{"n":"Liberty Ridge","k":"neighbourhood","rank":4,"pop":0},"geometry":{"type":"Point","coordinates":[-75.13536,40.20632]}},{"type":"Feature","properties":{"n":"Oak Ridge","k":"neighbourhood","rank":4,"pop":0},"geometry":{"type":"Point","coordinates":[-75.15841,40.22106]}},{"type":"Feature","properties":{"n":"Locust Valley","k":"neighbourhood","rank":4,"pop":0},"geometry":{"type":"Point","coordinates":[-75.39939,40.49675]}},{"type":"Feature","properties":{"n":"Estates at Saucon Valley","k":"neighbourhood","rank":4,"pop":0},"geometry":{"type":"Point","coordinates":[-75.3704,40.53038]}},{"type":"Feature","properties":{"n":"Pierson's Ridge","k":"neighbourhood","rank":4,"pop":0},"geometry":{"type":"Point","coordinates":[-75.71468,39.78423]}},{"type":"Feature","properties":{"n":"Tarleton","k":"neighbourhood","rank":4,"pop":0},"geometry":{"type":"Point","coordinates":[-75.53312,39.80986]}},{"type":"Feature","properties":{"n":"Foxtail Creek","k":"neighbourhood","rank":4,"pop":0},"geometry":{"type":"Point","coordinates":[-74.93366,40.00896]}},{"type":"Feature","properties":{"n":"Chambersburg","k":"neighbourhood","rank":4,"pop":0},"geometry":{"type":"Point","coordinates":[-74.74647,40.21096]}},{"type":"Feature","properties":{"n":"Top Road","k":"neighbourhood","rank":4,"pop":0},"geometry":{"type":"Point","coordinates":[-74.7438,40.23998]}},{"type":"Feature","properties":{"n":"Battle Monument","k":"neighbourhood","rank":4,"pop":0},"geometry":{"type":"Point","coordinates":[-74.76228,40.22738]}},{"type":"Feature","properties":{"n":"East Trenton","k":"neighbourhood","rank":4,"pop":0},"geometry":{"type":"Point","coordinates":[-74.74446,40.232]}},{"type":"Feature","properties":{"n":"Crosswinds II","k":"neighbourhood","rank":4,"pop":0},"geometry":{"type":"Point","coordinates":[-75.56642,40.21896]}},{"type":"Feature","properties":{"n":"Linfield Farms","k":"neighbourhood","rank":4,"pop":0},"geometry":{"type":"Point","coordinates":[-75.56413,40.21623]}},{"type":"Feature","properties":{"n":"The Villas at Linfield","k":"neighbourhood","rank":4,"pop":0},"geometry":{"type":"Point","coordinates":[-75.5739,40.21741]}},{"type":"Feature","properties":{"n":"College Park","k":"neighbourhood","rank":4,"pop":0},"geometry":{"type":"Point","coordinates":[-75.23455,40.01736]}},{"type":"Feature","properties":{"n":"Merion Park","k":"neighbourhood","rank":4,"pop":0},"geometry":{"type":"Point","coordinates":[-75.24881,40.01347]}},{"type":"Feature","properties":{"n":"Shortridge","k":"neighbourhood","rank":4,"pop":0},"geometry":{"type":"Point","coordinates":[-75.26653,39.99923]}},{"type":"Feature","properties":{"n":"Indian Creek","k":"neighbourhood","rank":4,"pop":0},"geometry":{"type":"Point","coordinates":[-75.26194,39.99412]}},{"type":"Feature","properties":{"n":"Old City","k":"neighbourhood","rank":4,"pop":0},"geometry":{"type":"Point","coordinates":[-75.1468,39.95238]}},{"type":"Feature","properties":{"n":"Logan Square","k":"neighbourhood","rank":4,"pop":0},"geometry":{"type":"Point","coordinates":[-75.17076,39.95724]}},{"type":"Feature","properties":{"n":"Graduate Hospital","k":"neighbourhood","rank":4,"pop":0},"geometry":{"type":"Point","coordinates":[-75.17918,39.94244]}},{"type":"Feature","properties":{"n":"Washington Square West","k":"neighbourhood","rank":4,"pop":0},"geometry":{"type":"Point","coordinates":[-75.15843,39.94746]}},{"type":"Feature","properties":{"n":"Passyunk Square","k":"neighbourhood","rank":4,"pop":0},"geometry":{"type":"Point","coordinates":[-75.16044,39.93455]}},{"type":"Feature","properties":{"n":"Fitler Square","k":"neighbourhood","rank":4,"pop":0},"geometry":{"type":"Point","coordinates":[-75.17876,39.94999]}}],"note":"OSM place nodes; rank 0 Philadelphia, 1 city, 2 town/borough, 3 suburb/village, 4 neighbourhood"}
