{"type":"FeatureCollection","attribution":"(c) OpenStreetMap contributors, ODbL 1.0","generator":"tools/build_vectors.py","region":{"west":-75.8,"east":-74.7,"south":39.7,"north":40.55},"features":[{"type":"Feature","properties":{"t":2,"n":"US 13"},"geometry":{"type":"MultiLineString","coordinates":[[[-75.44865,39.80742],[-75.45348,39.80493],[-75.44581,39.80893],[-75.43296,39.81203],[-75.41737,39.8199],[-75.4102,39.82224],[-75.40606,39.82585],[-75.40066,39.82873],[-75.399,39.82687],[-75.39785,39.82675],[-75.37108,39.84071],[-75.36375,39.84336],[-75.35631,39.84831],[-75.35332,39.85105],[-75.35387,39.85176],[-75.35358,39.85716],[-75.34935,39.86266],[-75.32033,39.87691],[-75.31104,39.87992],[-75.30459,39.88338],[-75.28971,39.89997],[-75.27066,39.91032],[-75.26532,39.91424],[-75.26455,39.91721],[-75.26469,39.92009],[-75.26398,39.92129],[-75.25312,39.92662],[-75.24656,39.92847],[-75.25236,39.93608],[-75.25417,39.93679],[-75.25631,39.93928],[-75.25613,39.94111],[-75.25012,39.94226],[-75.24023,39.9459],[-75.23187,39.94778],[-75.22477,39.9478],[-75.20788,39.94977],[-75.20172,39.95],[-75.20045,39.94966],[-75.20176,39.95]],[[-75.19494,39.9751],[-75.19005,39.97538],[-75.1891,39.97604],[-75.18943,39.97659],[-75.18981,39.97552],[-75.19497,39.97523]],[[-75.14172,40.02074],[-75.14715,40.01901],[-75.14332,40.01938]],[[-75.19214,39.96689],[-75.19089,39.96021],[-75.18945,39.96037],[-75.19058,39.96647],[-75.19214,39.96689]],[[-75.19719,39.95956],[-75.19967,39.94959],[-75.19719,39.95956]],[[-74.96249,40.07317],[-74.96146,40.0738],[-74.96504,40.07183],[-74.96249,40.07317]],[[-75.06013,40.02784],[-75.05684,40.02897],[-75.05372,40.03144],[-75.04724,40.03349],[-75.04051,40.03691],[-75.02189,40.04368],[-75.01896,40.04383],[-75.00119,40.05724],[-74.99122,40.05998],[-74.98344,40.06438],[-74.97999,40.06515],[-74.97767,40.06508],[-74.97259,40.06661],[-74.96504,40.07183]],[[-75.55877,39.71537],[-75.55679,39.71753],[-75.55464,39.71866],[-75.55625,39.71851],[-75.55901,39.71552]],[[-75.51676,39.75329],[-75.52097,39.7537],[-75.5252,39.75204],[-75.53159,39.74605],[-75.53814,39.74314],[-75.53978,39.74347],[-75.54393,39.73741],[-75.54268,39.73691],[-75.53858,39.74288],[-75.53164,39.7459],[-75.52509,39.75196],[-75.52275,39.75308],[-75.5198,39.75367],[-75.51178,39.75251],[-75.50499,39.75311],[-75.49502,39.75616],[-75.49227,39.7576],[-75.48992,39.75989],[-75.48139,39.77493],[-75.47655,39.78048],[-75.46863,39.78822],[-75.45807,39.79553],[-75.45782,39.79687],[-75.45991,39.80094],[-75.45799,39.79689],[-75.45813,39.79568],[-75.46873,39.78833],[-75.47655,39.7807],[-75.48334,39.77234],[-75.49002,39.76002],[-75.49185,39.75809],[-75.49491,39.75633],[-75.5047,39.75327],[-75.51244,39.75264],[-75.51676,39.75329]],[[-75.43954,39.81044],[-75.44581,39.80893]],[[-75.19214,39.96689],[-75.19513,39.97521]],[[-74.96146,40.0738],[-74.9593,40.07498],[-74.95197,40.0768],[-74.94597,40.08025],[-74.93661,40.08351],[-74.93189,40.08634],[-74.92965,40.08702],[-74.92291,40.0917],[-74.91519,40.09345],[-74.9027,40.09435],[-74.8739,40.09849]],[[-75.18943,39.97659],[-75.18986,39.97802],[-75.18917,39.979],[-75.18616,39.99275],[-75.18756,39.99585],[-75.18761,39.99854],[-75.18694,40.00023],[-75.18361,40.00295],[-75.18687,40.00053],[-75.18761,39.99854]],[[-75.18361,40.00295],[-75.18132,40.00364],[-75.17406,40.00743],[-75.1691,40.00887],[-75.14715,40.01901]],[[-75.54122,39.73311],[-75.54048,39.73465],[-75.54243,39.7368],[-75.54057,39.73417],[-75.54667,39.72513],[-75.54543,39.72681],[-75.54374,39.7267],[-75.54231,39.73151]],[[-75.45991,39.80094],[-75.45348,39.80493]],[[-75.19705,39.95957],[-75.19089,39.96021]],[[-75.54667,39.72513],[-75.54994,39.72041],[-75.55464,39.71866]],[[-74.93747,40.08315],[-74.9332,40.08526]]]}},{"type":"Feature","properties":{"t":2,"n":"PA 320"},"geometry":{"type":"MultiLineString","coordinates":[[[-75.35993,39.86153],[-75.35996,39.85943],[-75.35971,39.86094],[-75.36241,39.86839],[-75.36057,39.87452],[-75.36166,39.87933],[-75.36075,39.88217],[-75.35752,39.88473],[-75.35339,39.89106],[-75.35127,39.89648],[-75.35076,39.9009]],[[-75.35072,39.90093],[-75.34911,39.91066],[-75.35038,39.91184],[-75.34903,39.91465],[-75.34835,39.92344],[-75.35235,39.9332],[-75.34967,39.94005],[-75.34903,39.94605],[-75.36213,39.97274],[-75.36414,39.97487],[-75.36202,39.97797],[-75.36106,39.98194]],[[-75.33278,40.04186],[-75.33642,40.04672],[-75.33676,40.04968],[-75.33559,40.05187],[-75.33794,40.05492],[-75.34299,40.0664],[-75.34267,40.06758]],[[-75.36101,39.97046],[-75.35423,39.95706]],[[-75.34962,39.94098],[-75.35243,39.93388],[-75.3523,39.93224]],[[-75.34955,39.91346],[-75.34887,39.91468],[-75.34864,39.91793]],[[-75.36147,39.88013],[-75.36155,39.87807]]]}},{"type":"Feature","properties":{"t":2,"n":"US 13 Business"},"geometry":{"type":"MultiLineString","coordinates":[[[-75.38348,39.84269],[-75.38555,39.8416],[-75.3755,39.84688],[-75.35358,39.85536]],[[-75.55679,39.71753],[-75.5555,39.71963],[-75.5557,39.72873],[-75.55181,39.73386],[-75.54866,39.73928],[-75.54903,39.73872]],[[-75.54866,39.73928],[-75.54196,39.749],[-75.54375,39.74978],[-75.54359,39.75101],[-75.4978,39.77185],[-75.47795,39.78504],[-75.45991,39.80094]],[[-75.5438,39.75063],[-75.5442,39.74926],[-75.55155,39.73844],[-75.55274,39.73831],[-75.55603,39.73344],[-75.5559,39.72624]],[[-75.55569,39.72312],[-75.5557,39.72032],[-75.55683,39.71791]],[[-75.38555,39.8416],[-75.391,39.83878],[-75.39506,39.83593]]]}},{"type":"Feature","properties":{"t":1,"n":"I 76"},"geometry":{"type":"MultiLineString","coordinates":[[[-75.40898,40.09182],[-75.45344,40.08055],[-75.48931,40.07611],[-75.50109,40.07648],[-75.51953,40.07345],[-75.52444,40.07379],[-75.54332,40.07756],[-75.54592,40.07763],[-75.54831,40.07699],[-75.56051,40.07111],[-75.56368,40.0703],[-75.57244,40.06954],[-75.58049,40.06543],[-75.60406,40.06483],[-75.61507,40.06575],[-75.61831,40.06484],[-75.62309,40.06177],[-75.62701,40.06133],[-75.62943,40.06199],[-75.63346,40.06432],[-75.63618,40.06526],[-75.64752,40.06477],[-75.65412,40.06522],[-75.69304,40.07394],[-75.69821,40.07604],[-75.70984,40.08309],[-75.72346,40.0865],[-75.73587,40.09588],[-75.74715,40.09853],[-75.75166,40.10062],[-75.75473,40.10342],[-75.76278,40.11518],[-75.78392,40.12488],[-75.79385,40.13411],[-75.79906,40.1379],[-75.80582,40.14126],[-75.81781,40.14542]],[[-75.81783,40.14533],[-75.80588,40.14117],[-75.79932,40.13794],[-75.79441,40.13444],[-75.78687,40.12702],[-75.78361,40.12457],[-75.76292,40.11515],[-75.75507,40.10367],[-75.7518,40.10059],[-75.74738,40.0985],[-75.73601,40.09584],[-75.72561,40.08765],[-75.72297,40.08618],[-75.70994,40.08295],[-75.69793,40.07575],[-75.69277,40.07375],[-75.65416,40.06509],[-75.64754,40.06463],[-75.63638,40.06519],[-75.62725,40.06126],[-75.62335,40.06157],[-75.61806,40.06483],[-75.61499,40.06564],[-75.59998,40.06465],[-75.5805,40.06533],[-75.5717,40.06962],[-75.56473,40.07008],[-75.56045,40.07103],[-75.54599,40.07753],[-75.54349,40.07747],[-75.52468,40.07374],[-75.52054,40.07333],[-75.50106,40.07638],[-75.48857,40.07607],[-75.44979,40.0811],[-75.41325,40.09057]],[[-75.40487,40.08849],[-75.39113,40.08209],[-75.3669,40.07661],[-75.35298,40.07499],[-75.34994,40.07423],[-75.34612,40.07221],[-75.34091,40.06813],[-75.33515,40.067],[-75.32977,40.06436],[-75.3273,40.06376],[-75.32405,40.06382],[-75.31004,40.0669],[-75.30011,40.06826],[-75.28647,40.07161],[-75.28357,40.07146],[-75.28079,40.07022],[-75.27531,40.06244],[-75.25783,40.04532],[-75.25224,40.04171],[-75.2479,40.0377],[-75.24331,40.0354],[-75.24018,40.03233],[-75.23537,40.02959],[-75.23123,40.02644],[-75.2198,40.02052],[-75.2156,40.01577],[-75.20929,40.01062],[-75.19882,40.00666],[-75.19543,40.00402],[-75.19508,40.00063],[-75.19677,39.99676],[-75.19993,39.99345],[-75.20649,39.98923],[-75.2079,39.98705],[-75.20833,39.98405],[-75.20732,39.98166],[-75.20243,39.97828],[-75.19508,39.97578],[-75.19235,39.96948],[-75.18551,39.96497],[-75.18043,39.95847],[-75.18121,39.95455],[-75.18343,39.95042],[-75.19175,39.9444],[-75.19895,39.93723],[-75.19983,39.93559],[-75.19989,39.93178],[-75.19424,39.92599],[-75.18996,39.92056],[-75.19045,39.91635],[-75.18996,39.9151],[-75.18853,39.91428],[-75.1829,39.91338],[-75.15921,39.91057],[-75.15492,39.90936],[-75.11332,39.9021],[-75.11121,39.90062],[-75.10909,39.89782],[-75.10551,39.89014],[-75.10351,39.88251],[-75.10197,39.87114]],[[-75.10156,39.87057],[-75.10338,39.88349],[-75.10554,39.89101],[-75.10837,39.89711],[-75.11085,39.90044],[-75.11305,39.90208],[-75.1155,39.90291],[-75.15936,39.91073],[-75.18807,39.91428],[-75.18979,39.91514],[-75.1903,39.91647],[-75.18959,39.92185],[-75.19972,39.93177],[-75.19975,39.93544],[-75.19889,39.93715],[-75.1916,39.94442],[-75.18337,39.95034],[-75.18112,39.95452],[-75.18026,39.95841],[-75.18209,39.96146],[-75.18516,39.96483],[-75.19236,39.96971],[-75.19486,39.97586],[-75.20282,39.97868],[-75.20699,39.98153],[-75.2082,39.98442],[-75.20777,39.98698],[-75.20631,39.98925],[-75.19949,39.99358],[-75.19663,39.99663],[-75.19474,40.00086],[-75.19479,40.00432],[-75.19672,40.00608],[-75.20515,40.00938],[-75.21089,40.01259],[-75.21553,40.01582],[-75.21977,40.02061],[-75.23143,40.02669],[-75.23559,40.02985],[-75.23985,40.0322],[-75.24343,40.03561],[-75.24776,40.03771],[-75.25221,40.0418],[-75.25773,40.04535],[-75.27528,40.06255],[-75.28085,40.07038],[-75.28372,40.07157],[-75.28674,40.07165],[-75.30083,40.06822],[-75.30935,40.06711],[-75.32607,40.06396],[-75.32827,40.06405],[-75.33501,40.06705],[-75.34101,40.0683],[-75.34634,40.07251],[-75.35035,40.07448],[-75.36782,40.07688],[-75.39091,40.08213],[-75.39726,40.08479],[-75.40742,40.09014]]]}},{"type":"Feature","properties":{"t":1,"n":"US 222"},"geometry":{"type":"MultiLineString","coordinates":[[[-75.80846,40.49748],[-75.8058,40.5036],[-75.79452,40.51349],[-75.7881,40.5229],[-75.78589,40.52486],[-75.76732,40.53123],[-75.76011,40.53106],[-75.75237,40.53248],[-75.75878,40.53135],[-75.76791,40.53141],[-75.78479,40.52582],[-75.78809,40.52346],[-75.79589,40.51258],[-75.80117,40.50813]],[[-75.62082,40.55127],[-75.6221,40.54312],[-75.62292,40.54142],[-75.62626,40.53958],[-75.63077,40.53983],[-75.62606,40.53943],[-75.62381,40.53991],[-75.62235,40.5409],[-75.62156,40.54237],[-75.62161,40.54614],[-75.62061,40.55123]],[[-75.75237,40.53248],[-75.7259,40.53811],[-75.70687,40.54137],[-75.69067,40.5424],[-75.67877,40.54423],[-75.6722,40.5445],[-75.67454,40.5445]],[[-75.67065,40.54428],[-75.67192,40.54414],[-75.63077,40.53983]]]}},{"type":"Feature","properties":{"t":4},"geometry":{"type":"MultiLineString","coordinates":[[[-75.77473,40.52926],[-75.78208,40.52835],[-75.7797,40.52849],[-75.77947,40.52799],[-75.78026,40.52745]],[[-75.78132,40.52672],[-75.77914,40.52704],[-75.77939,40.52594],[-75.78185,40.52596],[-75.77946,40.52583],[-75.7778,40.52768],[-75.77585,40.52856]],[[-74.94028,39.9097],[-74.94025,39.91039],[-74.93859,39.91108]],[[-74.78207,40.10705],[-74.78111,40.10681],[-74.78236,40.10621]],[[-74.90446,40.04592],[-74.9031,40.04536],[-74.9023,40.04583]],[[-74.96536,39.93493],[-74.96397,39.93535],[-74.96341,39.9349],[-74.9643,39.93421],[-74.96557,39.93466]],[[-74.76333,40.08174],[-74.75986,40.0822],[-74.75906,40.08183],[-74.75883,40.08512]],[[-74.76047,40.08372],[-74.75922,40.08392],[-74.75896,40.0833],[-74.75964,40.08293],[-74.76054,40.08327],[-74.76039,40.08232],[-74.76138,40.08192],[-74.7618,40.08242],[-74.76102,40.08333]],[[-74.91604,39.96673],[-74.9188,39.96706]],[[-74.95806,39.93879],[-74.95975,39.93881],[-74.9612,39.94065]],[[-74.96044,39.9311],[-74.95875,39.9287],[-74.95614,39.93051],[-74.95699,39.92945],[-74.95631,39.92851]],[[-74.98762,39.95583],[-74.98841,39.95511],[-74.98752,39.95387]],[[-74.93327,40.02596],[-74.93363,40.02729],[-74.93304,40.02816]],[[-75.01102,39.976],[-75.01104,39.97829]],[[-74.96618,39.93507],[-74.96645,39.93595],[-74.96502,39.93648],[-74.96471,39.93589],[-74.96562,39.9351]],[[-74.96548,39.93447],[-74.96525,39.93358],[-74.96653,39.93306],[-74.96696,39.93365],[-74.96615,39.93444]],[[-74.95314,39.93098],[-74.95172,39.93194],[-74.95077,39.93181],[-74.95165,39.93097],[-74.95364,39.93191],[-74.95494,39.93169],[-74.95199,39.93237],[-74.94917,39.93448]],[[-74.98372,39.9445],[-74.98544,39.94289],[-74.98678,39.94261]],[[-74.82769,40.03771],[-74.82731,40.03651],[-74.82655,40.03657]],[[-74.82143,39.97992],[-74.82385,39.98023]],[[-74.87416,39.99336],[-74.87867,39.99241]],[[-74.83259,40.04292],[-74.83256,40.04588],[-74.83194,40.04668]],[[-74.97619,39.94334],[-74.97797,39.94413],[-74.97984,39.94423]],[[-74.9352,40.0266],[-74.93622,40.02628],[-74.9368,40.02667],[-74.93637,40.02754],[-74.93541,40.02751]],[[-74.96332,39.93316],[-74.96389,39.93397],[-74.96348,39.93572],[-74.96221,39.93668]],[[-74.76128,40.08352],[-74.76246,40.08324],[-74.76285,40.08379],[-74.76217,40.08427],[-74.76123,40.08393],[-74.7614,40.08484],[-74.76064,40.08528],[-74.76002,40.08485],[-74.76076,40.08386]],[[-74.9132,39.9651],[-74.91047,39.96585],[-74.90864,39.96735]],[[-74.95932,39.93054],[-74.95765,39.92988],[-74.95625,39.93061],[-74.95833,39.92884],[-74.95925,39.92921],[-74.95865,39.92963],[-74.95748,39.92912]],[[-74.98739,39.95479],[-74.98714,39.95689]],[[-74.71524,40.13296],[-74.7133,40.13607]],[[-74.98418,39.94281],[-74.98507,39.94351],[-74.98442,39.94362],[-74.98407,39.94298]],[[-74.91005,39.96798],[-74.90838,39.96849],[-74.90813,39.96791],[-74.90905,39.96749]],[[-74.88032,39.99308],[-74.88044,39.9912],[-74.88183,39.98999]],[[-74.87836,39.99177],[-74.87994,39.9918],[-74.87991,39.99238],[-74.87887,39.99248]],[[-74.70656,40.12128],[-74.70594,40.12341],[-74.70344,40.12335],[-74.70766,40.12419],[-74.70765,40.1248],[-74.7062,40.12586]],[[-74.73559,40.09105],[-74.7318,40.09485],[-74.73178,40.09633],[-74.73266,40.09736],[-74.7349,40.09783],[-74.74283,40.0962]],[[-74.80154,40.01187],[-74.80145,40.01268],[-74.80054,40.01288],[-74.79993,40.01222],[-74.80061,40.01167]],[[-74.87297,40.06616],[-74.8712,40.06627],[-74.87201,40.06696]],[[-74.90904,39.96909],[-74.91213,39.96844],[-74.91381,39.96694]],[[-74.71591,40.13532],[-74.71752,40.13552],[-74.71695,40.1364],[-74.71609,40.1358]],[[-74.8237,40.02423],[-74.82041,40.02517],[-74.82193,40.02523],[-74.82359,40.02664],[-74.82111,40.02745],[-74.81976,40.02848]],[[-74.75846,40.08584],[-74.76185,40.08499],[-74.76277,40.0854],[-74.76295,40.08229]],[[-74.91353,40.04015],[-74.91622,40.04015]],[[-74.85199,40.00864],[-74.85365,40.00787],[-74.85402,40.00841],[-74.85324,40.00886]],[[-74.71749,40.12597],[-74.718,40.12345]],[[-74.84759,40.0096],[-74.84847,40.00993],[-74.84909,40.01102],[-74.84799,40.01362]],[[-74.98062,39.94299],[-74.97898,39.94218],[-74.97737,39.94221]],[[-74.87689,39.99179],[-74.87663,39.99096],[-74.87807,39.9905],[-74.87856,39.99105],[-74.87769,39.99175]],[[-74.87465,39.9907],[-74.8742,39.99273],[-74.87217,39.99378]],[[-74.77773,39.98222],[-74.7811,39.98325]],[[-74.96818,39.93628],[-74.9681,39.93381],[-74.96886,39.93291]],[[-74.71357,40.13626],[-74.71526,40.13647],[-74.71675,40.14004]],[[-74.92195,39.88126],[-74.9211,39.88174],[-74.92087,39.88126],[-74.92141,39.88099]],[[-74.97833,39.94317],[-74.97859,39.94384],[-74.97798,39.94406],[-74.97772,39.9435],[-74.97861,39.94321]],[[-74.87991,39.97009],[-74.87948,39.96929],[-74.88006,39.96901],[-74.88049,39.96938]],[[-74.97866,39.94313],[-74.97842,39.94249],[-74.97904,39.94226],[-74.9793,39.9428],[-74.97844,39.9431]],[[-74.85044,40.00915],[-74.84967,40.00879],[-74.84996,40.00811],[-74.85124,40.00776],[-74.85119,40.00882],[-74.85558,40.00522]],[[-74.97108,39.93818],[-74.97211,39.9368],[-74.97103,39.93613]],[[-74.98361,39.94277],[-74.98269,39.9421],[-74.98329,39.94193],[-74.98382,39.94247]],[[-74.98404,39.94281],[-74.98419,39.94202],[-74.98488,39.94188],[-74.98503,39.9424],[-74.98414,39.94273]],[[-74.97626,39.94176],[-74.97656,39.94257],[-74.9753,39.94329]],[[-74.93749,40.02469],[-74.93592,40.0255],[-74.933,40.02548]],[[-74.84005,39.97502],[-74.8402,39.97562],[-74.83915,39.97454],[-74.84005,39.97502]],[[-74.85548,40.00863],[-74.85387,40.00777],[-74.8547,40.00627]],[[-74.79665,40.0068],[-74.79653,40.00621],[-74.79719,40.00587],[-74.79771,40.00679]],[[-74.83391,40.0441],[-74.83365,40.04317],[-74.83465,40.04271],[-74.83513,40.04315],[-74.83457,40.04421]],[[-74.83625,40.04204],[-74.83325,40.04293],[-74.83129,40.04132]],[[-74.81561,40.02591],[-74.81607,40.02775]],[[-74.93314,40.02822],[-74.93626,40.02823]],[[-74.98643,39.94255],[-74.98381,39.9418],[-74.98314,39.9411]],[[-74.96631,39.93467],[-74.96771,39.93419],[-74.96831,39.9346],[-74.96746,39.93533],[-74.9662,39.93496]],[[-74.91177,39.9672],[-74.91278,39.96782],[-74.91146,39.96856],[-74.91079,39.96814],[-74.91134,39.96726]],[[-74.89374,39.97901],[-74.88938,39.981]],[[-74.83612,40.0463],[-74.8363,40.04245]],[[-74.71043,40.13765],[-74.71519,40.13531],[-74.71419,40.13521],[-74.71433,40.13451],[-74.71512,40.13468],[-74.71553,40.13576]],[[-74.71714,40.14018],[-74.71645,40.13715],[-74.71753,40.1361],[-74.71787,40.13473],[-74.71914,40.13404]],[[-74.83706,40.04743],[-74.83762,40.04944]],[[-74.91073,39.96715],[-74.9099,39.96651],[-74.91088,39.96577],[-74.91168,39.96612],[-74.91126,39.96697]],[[-74.85165,40.00916],[-74.85292,40.00966],[-74.85156,40.01073],[-74.85087,40.01039],[-74.85135,40.00932]],[[-74.98258,39.94294],[-74.98361,39.94322],[-74.98371,39.94425]],[[-74.96917,39.93233],[-74.96772,39.93312],[-74.96617,39.93299],[-74.96472,39.93366],[-74.9638,39.93335]],[[-74.98293,39.94098],[-74.98245,39.94258],[-74.98175,39.9429]],[[-74.83483,40.04433],[-74.8361,40.0439],[-74.83647,40.04469],[-74.83561,40.04537],[-74.83466,40.04482]],[[-74.84961,40.01157],[-74.85228,40.01053],[-74.85381,40.00895]],[[-74.8294,39.97781],[-74.83168,39.97722]],[[-74.92004,39.96582],[-74.9177,39.96548]],[[-74.9765,40.00596],[-74.9789,40.00619]],[[-74.83482,40.04516],[-74.835,40.04611],[-74.8341,40.04652],[-74.83352,40.04603],[-74.8341,40.04511]],[[-74.8321,40.04693],[-74.83538,40.04623],[-74.83613,40.04651]],[[-74.94854,39.93472],[-74.95049,39.93296],[-74.95103,39.93107],[-74.95205,39.93095],[-74.95378,39.93188],[-74.95478,39.93161],[-74.95396,39.93171],[-74.95356,39.93119],[-74.955,39.92967]],[[-74.87254,39.97093],[-74.87306,39.97183],[-74.87237,39.97204],[-74.87188,39.97153]],[[-74.98349,39.94461],[-74.98224,39.94525],[-74.98122,39.94484]],[[-74.93438,40.02677],[-74.93441,40.02559],[-74.9353,40.02583],[-74.93511,40.02653]],[[-74.93672,40.02843],[-74.93659,40.02574],[-74.93724,40.02503]],[[-74.92202,39.87457],[-74.92315,39.87378],[-74.92341,39.87485]],[[-74.83409,40.04474],[-74.83303,40.04529],[-74.8323,40.04497],[-74.83287,40.04395],[-74.83391,40.04428]],[[-74.87618,39.99229],[-74.87472,39.99196],[-74.87588,39.99141]],[[-74.71823,40.12245],[-74.7164,40.12447],[-74.71557,40.12445]],[[-74.98271,39.91304],[-74.98591,39.90989],[-74.9878,39.9098]],[[-75.05547,39.92821],[-75.05515,39.92883],[-75.0546,39.92873],[-75.0545,39.92817],[-75.05528,39.92803]],[[-75.11479,39.94579],[-75.1106,39.94556]],[[-75.10551,39.88789],[-75.10564,39.88657],[-75.10379,39.88399]],[[-75.07414,39.93444],[-75.07503,39.93461],[-75.07529,39.93521],[-75.07465,39.93549],[-75.07408,39.93499]],[[-75.1169,39.9126],[-75.11546,39.91045]],[[-75.09376,39.93833],[-75.09497,39.93908],[-75.09418,39.93939]],[[-75.01574,39.8708],[-75.01751,39.87365],[-75.01419,39.87641]],[[-74.98139,39.9082],[-74.98209,39.90873],[-74.9828,39.91116],[-74.98216,39.91329]],[[-75.11645,39.91566],[-75.11742,39.91269]],[[-75.06577,39.81502],[-75.06644,39.81686],[-75.06796,39.81819]],[[-74.98371,39.9088],[-74.98294,39.90824],[-74.98326,39.90752],[-74.98421,39.90722],[-74.98451,39.90799]],[[-75.0615,39.81132],[-75.06121,39.81205],[-75.06048,39.81103]],[[-74.98568,39.90533],[-74.98261,39.90806],[-74.98114,39.90793]],[[-75.00582,39.9131],[-75.00635,39.91485],[-75.00809,39.9159]],[[-75.05475,39.80261],[-75.0572,39.80576]],[[-75.02715,39.97512],[-75.03029,39.97441],[-75.03517,39.97473],[-75.03691,39.97421]],[[-75.07697,39.8592],[-75.0746,39.85949],[-75.072,39.85884],[-75.07167,39.86006],[-75.07281,39.86166],[-75.07109,39.86069],[-75.06889,39.86078]],[[-75.10364,39.88472],[-75.10367,39.8881]],[[-75.08264,39.93228],[-75.0814,39.93331],[-75.07895,39.93384],[-75.08178,39.93348],[-75.08304,39.93391],[-75.08342,39.93014]],[[-75.06801,39.81676],[-75.06754,39.81736],[-75.06677,39.81711],[-75.06647,39.81621],[-75.06752,39.8163]],[[-75.05506,39.92773],[-75.05448,39.92688],[-75.05508,39.92681],[-75.05541,39.9274]],[[-75.11129,39.93291],[-75.11129,39.93509]],[[-75.11175,39.90317],[-75.11133,39.90369],[-75.11082,39.90214]],[[-75.10297,39.88108],[-75.10255,39.88329]],[[-75.11065,39.90215],[-75.11113,39.9036],[-75.1128,39.90473]],[[-75.11372,39.90514],[-75.11398,39.90298]],[[-74.98483,39.90927],[-74.98556,39.9099],[-74.98514,39.91072],[-74.9842,39.91092],[-74.98399,39.9102]],[[-75.01761,39.98379],[-75.01582,39.98385],[-75.01598,39.98314],[-75.01702,39.98327],[-75.01595,39.98198],[-75.01563,39.98447],[-75.01447,39.98545]],[[-74.91232,39.77503],[-74.91664,39.77245]],[[-75.0408,39.87353],[-75.04376,39.87542]],[[-75.02485,39.87163],[-75.01826,39.8734],[-75.01627,39.87147]],[[-75.04518,39.87429],[-75.04175,39.87361]],[[-75.02977,39.93966],[-75.03136,39.93826]],[[-74.97518,39.90759],[-74.97453,39.90696],[-74.9753,39.90583]],[[-75.09784,39.90205],[-75.10095,39.9014]],[[-75.07804,39.86319],[-75.07837,39.86112],[-75.07358,39.86171],[-75.07259,39.86119],[-75.07304,39.8602],[-75.07628,39.8595]],[[-75.05569,39.80284],[-75.0555,39.80128],[-75.05606,39.80136],[-75.05645,39.80251]],[[-74.97889,39.70753],[-74.97254,39.7064]],[[-75.01698,39.98259],[-75.01652,39.98155],[-75.01725,39.97989]],[[-75.01551,39.98088],[-75.01529,39.98008],[-75.01611,39.97963],[-75.01681,39.97994],[-75.0166,39.98069]],[[-75.07725,39.93409],[-75.08094,39.93458],[-75.08045,39.93343],[-75.08217,39.93254],[-75.08301,39.93117]],[[-75.01771,39.9794],[-75.01449,39.97969]],[[-75.11509,39.9101],[-75.11379,39.91256]],[[-75.01208,39.87844],[-75.00835,39.87967]],[[-75.07369,39.93607],[-75.07527,39.93542],[-75.07558,39.93421]],[[-75.11591,39.9267],[-75.11379,39.92909]],[[-75.01841,39.98451],[-75.0188,39.98531],[-75.01837,39.98566],[-75.01706,39.98468],[-75.01808,39.98378]],[[-75.01546,39.98508],[-75.01678,39.98483],[-75.02048,39.98662]],[[-75.05591,39.92827],[-75.0563,39.92925],[-75.0556,39.92825]],[[-75.02999,39.97648],[-75.02619,39.97973],[-75.02637,39.98064],[-75.02817,39.98206]],[[-75.01519,39.87593],[-75.01826,39.87548],[-75.01828,39.87432],[-75.01725,39.87263]],[[-75.11624,39.9127],[-75.11703,39.91293],[-75.1171,39.9135],[-75.1165,39.91356],[-75.11611,39.91293]],[[-75.09557,39.93995],[-75.09441,39.93783]],[[-75.04414,39.87528],[-75.04871,39.87535]],[[-75.08603,39.93564],[-75.08324,39.93379]],[[-75.11373,39.94396],[-75.11455,39.94332],[-75.11485,39.94374],[-75.11425,39.94404]],[[-75.03763,39.87246],[-75.03872,39.87338],[-75.03743,39.87376]],[[-75.11396,39.90615],[-75.11204,39.90292],[-75.11272,39.90235],[-75.11404,39.90265]],[[-74.99965,39.88736],[-75.00134,39.8861]],[[-75.05289,39.93591],[-75.05359,39.93628],[-75.053,39.93678],[-75.05315,39.93607]],[[-75.05109,39.8777],[-75.05027,39.87606],[-75.0524,39.87575]],[[-75.07907,39.87279],[-75.08219,39.87331]],[[-75.11546,39.91259],[-75.11469,39.91191],[-75.11522,39.91166],[-75.11574,39.91214]],[[-75.0508,39.87551],[-75.04903,39.87512],[-75.04673,39.87353]],[[-75.07384,39.93255],[-75.07522,39.93319],[-75.075,39.93396],[-75.0769,39.93393]],[[-74.98305,39.71105],[-74.97957,39.70761],[-74.97956,39.70686]],[[-75.11503,39.91267],[-75.11604,39.91469]],[[-75.08177,39.87153],[-75.08126,39.87216],[-75.0789,39.8726]],[[-75.0823,39.87275],[-75.08132,39.8732],[-75.08254,39.87253]],[[-75.05543,39.93008],[-75.05585,39.92941],[-75.05785,39.92908]],[[-75.0551,39.92582],[-75.05411,39.92699],[-75.05297,39.92691]],[[-75.03842,39.97273],[-75.03298,39.97185],[-75.03096,39.97506],[-75.02684,39.97873]],[[-75.0705,39.81777],[-75.06813,39.81469]],[[-75.0304,39.93686],[-75.02747,39.93855]],[[-75.05419,39.93529],[-75.05545,39.93507],[-75.0546,39.93573]],[[-75.103,39.87868],[-75.10346,39.87643],[-75.10271,39.87511],[-75.09756,39.874]],[[-75.11378,39.93071],[-75.11611,39.92856]],[[-75.02045,39.97714],[-75.01933,39.97759],[-75.01859,39.977],[-75.01919,39.97637],[-75.02048,39.97629]],[[-75.10551,39.89014],[-75.10575,39.88794],[-75.10672,39.88631]],[[-75.0185,39.98357],[-75.01979,39.98353],[-75.01995,39.98486],[-75.01928,39.98492],[-75.0181,39.98392]],[[-75.05651,39.93565],[-75.05508,39.93473],[-75.05498,39.93408]],[[-75.1164,39.92889],[-75.11619,39.92621]],[[-75.02736,39.93867],[-75.02942,39.93936],[-75.02968,39.93999]],[[-75.05324,39.92721],[-75.05425,39.92783],[-75.05532,39.92987]],[[-75.08244,39.82483],[-75.08191,39.82385],[-75.08288,39.82338]],[[-74.91612,39.7728],[-74.91172,39.77456],[-74.91066,39.77798]],[[-75.01006,39.88132],[-75.01041,39.88225],[-75.00977,39.88256],[-75.00929,39.8821],[-75.00974,39.88129]],[[-75.01073,39.88196],[-75.01048,39.88119],[-75.01209,39.87887]],[[-75.03914,39.97281],[-75.03776,39.97219],[-75.03818,39.9713],[-75.03948,39.97184],[-75.03903,39.97292]],[[-74.96801,39.90341],[-74.96784,39.90451],[-74.96658,39.90414]],[[-75.05194,39.93705],[-75.05478,39.93582]],[[-75.11334,39.94257],[-75.11319,39.94349],[-75.1124,39.94387],[-75.11156,39.94369],[-75.11134,39.94278]],[[-75.07947,39.9355],[-75.08318,39.93497]],[[-75.05695,39.92851],[-75.05531,39.92629]],[[-75.08783,39.87205],[-75.08455,39.87204],[-75.08165,39.87127]],[[-75.03724,39.87111],[-75.0368,39.87153],[-75.03324,39.87133]],[[-75.00895,39.88026],[-75.0078,39.88276]],[[-75.00948,39.88077],[-75.00911,39.87982],[-75.00966,39.8794],[-75.01026,39.87979],[-75.00987,39.88068]],[[-75.02597,39.97536],[-75.02283,39.97581],[-75.0222,39.9747]],[[-75.0202,39.98614],[-75.01996,39.98314],[-75.02113,39.98225]],[[-75.11003,39.90025],[-75.10918,39.90065],[-75.10955,39.90126],[-75.10535,39.90141]],[[-75.00764,39.88342],[-75.01089,39.88212]],[[-75.11489,39.92901],[-75.11466,39.92818],[-75.11517,39.92841],[-75.11486,39.92928]],[[-74.97657,39.70991],[-74.9774,39.70963],[-74.98128,39.71063],[-74.98404,39.71216]],[[-75.10094,39.86386],[-75.10155,39.86309],[-75.10053,39.86225]],[[-75.07338,39.86171],[-75.07237,39.86122],[-75.07172,39.85998],[-75.07193,39.85897],[-75.07279,39.8588],[-75.07291,39.85981],[-75.06958,39.86053]],[[-75.10392,39.88851],[-75.10554,39.89101]],[[-75.06805,39.81614],[-75.06869,39.81572],[-75.06931,39.81643],[-75.06833,39.81645]],[[-74.97411,39.70713],[-74.97692,39.70954]],[[-75.09461,39.87395],[-75.1015,39.87592],[-75.10273,39.87942]],[[-75.07728,39.86135],[-75.07786,39.86197],[-75.07858,39.86171],[-75.07805,39.86111],[-75.07537,39.86158],[-75.07686,39.86152],[-75.07781,39.86267]],[[-75.04861,39.77171],[-75.04819,39.77263],[-75.04751,39.77265],[-75.04747,39.77146],[-75.04814,39.7713]],[[-74.98749,39.90963],[-74.98652,39.9092],[-74.98573,39.90705],[-74.98609,39.90542]],[[-74.98463,39.90864],[-74.98541,39.90784],[-74.98626,39.90805],[-74.98602,39.90903],[-74.98461,39.90904]],[[-74.98387,39.90942],[-74.98297,39.91024],[-74.98225,39.90997],[-74.98248,39.90897],[-74.98383,39.90903]],[[-75.01547,39.98102],[-75.01557,39.98358]],[[-75.08208,39.87224],[-75.08328,39.87172],[-75.08313,39.87218],[-75.08162,39.87245]],[[-75.04816,39.87516],[-75.04588,39.87431],[-75.04636,39.87382],[-75.0472,39.87416]],[[-75.03402,39.97571],[-75.0352,39.9759],[-75.03556,39.97492]],[[-75.11489,39.94609],[-75.11421,39.945],[-75.11498,39.94448]],[[-74.97626,39.9045],[-74.97463,39.90389],[-74.97254,39.90483]],[[-75.3251,39.80312],[-75.32587,39.8033],[-75.32572,39.80367],[-75.32771,39.8031]],[[-75.27477,39.75465],[-75.27614,39.75411],[-75.27691,39.75437],[-75.27631,39.75675]],[[-75.10413,39.82533],[-75.10367,39.82717],[-75.10201,39.82812],[-75.10628,39.82831],[-75.10626,39.82911],[-75.10483,39.82962],[-75.10441,39.83034]],[[-75.13743,39.86014],[-75.13838,39.86074],[-75.13804,39.86133],[-75.1368,39.8611],[-75.13712,39.86016]],[[-75.13217,39.8592],[-75.13539,39.86019]],[[-75.15014,39.85918],[-75.1469,39.86063],[-75.14116,39.86051]],[[-75.15425,39.86021],[-75.15131,39.86019],[-75.15277,39.86024]],[[-75.12917,39.75398],[-75.12919,39.75467],[-75.12802,39.75568],[-75.12801,39.75704],[-75.12666,39.75808]],[[-75.11479,39.79407],[-75.1161,39.79343],[-75.11677,39.79457],[-75.11573,39.79528],[-75.11457,39.79459]],[[-75.32869,39.80287],[-75.32668,39.80167]],[[-75.1533,39.72284],[-75.15433,39.72089],[-75.15615,39.71998],[-75.15795,39.72019],[-75.15541,39.71735],[-75.15532,39.716]],[[-75.15397,39.71973],[-75.15272,39.72041],[-75.15191,39.71927],[-75.15375,39.71907],[-75.15318,39.71846],[-75.15361,39.71799],[-75.15424,39.71823],[-75.15426,39.71894]],[[-75.36322,39.75977],[-75.36002,39.76055],[-75.36,39.76164],[-75.35789,39.76382]],[[-75.13635,39.85882],[-75.1355,39.85918],[-75.13197,39.85891]],[[-75.17964,39.84548],[-75.18036,39.84623],[-75.18009,39.84695],[-75.17379,39.84997]],[[-75.11399,39.79401],[-75.11324,39.79297],[-75.11371,39.79225],[-75.11458,39.7925],[-75.11447,39.79333]],[[-75.18126,39.84633],[-75.1811,39.84537],[-75.18195,39.84553],[-75.1816,39.8463],[-75.18382,39.84502],[-75.18022,39.84547],[-75.17877,39.84501]],[[-75.27659,39.75337],[-75.27513,39.75383],[-75.27448,39.75317],[-75.27503,39.7527],[-75.27577,39.75286],[-75.27696,39.7548]],[[-75.11214,39.79747],[-75.11557,39.79622],[-75.11649,39.79646]],[[-75.12513,39.858],[-75.1245,39.85858],[-75.12078,39.85958]],[[-75.32315,39.80454],[-75.32572,39.80367]],[[-75.09009,39.83759],[-75.09142,39.83776],[-75.09266,39.83986]],[[-75.11501,39.79501],[-75.11512,39.79594],[-75.11421,39.79646],[-75.11371,39.79597],[-75.11428,39.79492]],[[-75.14009,39.8606],[-75.14448,39.86129],[-75.14935,39.86131],[-75.14939,39.86172]],[[-75.35162,39.80236],[-75.34849,39.80169],[-75.34796,39.80087]],[[-75.16287,39.85656],[-75.1655,39.85606]],[[-75.34164,39.77624],[-75.33982,39.77722],[-75.33886,39.77658]],[[-75.36012,39.76098],[-75.36057,39.76029],[-75.36145,39.7603],[-75.36096,39.7615]],[[-75.12649,39.75883],[-75.12794,39.75825],[-75.1307,39.75835],[-75.13127,39.75896]],[[-75.34976,39.80287],[-75.35131,39.80311],[-75.35099,39.80406],[-75.34955,39.80446],[-75.34882,39.80374]],[[-75.15079,39.71826],[-75.15312,39.72102],[-75.1531,39.72211]],[[-75.11549,39.79085],[-75.11303,39.79236],[-75.11201,39.79213]],[[-75.12512,39.85864],[-75.12561,39.85778],[-75.12644,39.85774],[-75.12647,39.85843],[-75.12486,39.85888]],[[-75.09421,39.83579],[-75.09161,39.83498],[-75.09086,39.83394]],[[-75.33947,39.77808],[-75.33833,39.77867],[-75.33764,39.77837],[-75.3383,39.77754],[-75.33927,39.77814]],[[-75.27716,39.75444],[-75.27585,39.75285],[-75.27496,39.75266],[-75.27432,39.75456],[-75.27215,39.75602]],[[-75.13144,39.75882],[-75.13155,39.75817],[-75.13303,39.75727],[-75.13291,39.75539],[-75.13473,39.75409]],[[-75.09182,39.83631],[-75.09209,39.83521],[-75.09363,39.83624]],[[-75.35875,39.76375],[-75.36242,39.76298],[-75.36212,39.7617],[-75.36396,39.75976]],[[-75.15475,39.71879],[-75.15589,39.71803],[-75.15682,39.71908],[-75.155,39.7194],[-75.15552,39.71992],[-75.15517,39.72042],[-75.15445,39.72022],[-75.15445,39.71957]],[[-74.97968,39.94623],[-74.9825,39.94606],[-74.98354,39.94657]],[[-75.12989,39.75625],[-75.12834,39.75637],[-75.12838,39.75543],[-75.1297,39.75484],[-75.1286,39.7551]],[[-75.34035,39.78039],[-75.3414,39.77851],[-75.34099,39.77739],[-75.34207,39.7763]],[[-75.33963,39.77846],[-75.34064,39.778],[-75.34125,39.77834],[-75.34055,39.77911],[-75.33965,39.77859]],[[-75.33857,39.77636],[-75.33751,39.77809],[-75.33804,39.77916],[-75.33741,39.78022]],[[-75.34984,39.80596],[-75.34979,39.80485],[-75.35134,39.80386],[-75.35175,39.80262],[-75.35284,39.80221]],[[-75.34527,39.8031],[-75.3466,39.80343],[-75.34726,39.80478],[-75.34898,39.80524],[-75.3496,39.80599]],[[-75.15601,39.85986],[-75.15373,39.86071],[-75.15888,39.85938]],[[-75.04839,39.76617],[-75.04738,39.76683],[-75.04559,39.76519]],[[-75.04646,39.76655],[-75.04843,39.77]],[[-75.15488,39.71642],[-75.15428,39.71756],[-75.15262,39.71845],[-75.1513,39.71839]],[[-75.12517,39.85911],[-75.12653,39.85929],[-75.1269,39.85995],[-75.1259,39.86018],[-75.12511,39.85935]],[[-75.34735,39.80286],[-75.34641,39.80246],[-75.34668,39.80189],[-75.34758,39.80188],[-75.34826,39.80269]],[[-75.33978,39.77944],[-75.33903,39.78057],[-75.33838,39.78034],[-75.33853,39.77961]],[[-75.04897,39.77172],[-75.04933,39.77036],[-75.05007,39.77036]],[[-75.11224,39.79235],[-75.11209,39.79671]],[[-75.12177,39.85964],[-75.12456,39.85954],[-75.12511,39.86013]],[[-75.11658,39.79653],[-75.11613,39.79566],[-75.11699,39.79421],[-75.11585,39.79268],[-75.11594,39.79161]],[[-75.34853,39.80288],[-75.34864,39.80198],[-75.34973,39.80191],[-75.34984,39.80244],[-75.34896,39.80277]],[[-75.34864,39.8038],[-75.34856,39.80476],[-75.34766,39.80493],[-75.347,39.80374],[-75.34813,39.80308]],[[-75.14791,39.86026],[-75.14654,39.86206],[-75.14534,39.86216],[-75.14537,39.86153],[-75.14634,39.86134]],[[-75.14693,39.86162],[-75.14534,39.86346],[-75.14699,39.86272],[-75.14709,39.86154]],[[-75.13087,39.7563],[-75.13241,39.75622],[-75.13286,39.75727],[-75.13144,39.75774],[-75.13057,39.75684]],[[-75.11376,39.79455],[-75.11254,39.79507],[-75.11198,39.79409],[-75.11272,39.79342],[-75.11389,39.79392]],[[-75.36161,39.76228],[-75.36181,39.76289],[-75.36083,39.76334],[-75.3603,39.76293],[-75.36076,39.76223]],[[-74.90958,40.40491],[-74.91285,40.40386]],[[-74.91365,40.40352],[-74.91855,40.3999]],[[-74.87838,40.41618],[-74.87525,40.41725],[-74.87386,40.41891],[-74.87073,40.42019]],[[-74.95104,40.38221],[-74.95017,40.38287],[-74.94921,40.38238],[-74.95113,40.38099]],[[-74.9433,40.38565],[-74.94661,40.38448]],[[-74.94701,40.38299],[-74.94389,40.38509]],[[-74.86575,40.42324],[-74.86674,40.42307],[-74.86704,40.42363],[-74.86636,40.42398],[-74.86564,40.42357]],[[-74.79685,40.52576],[-74.79927,40.52582]],[[-74.87643,40.41842],[-74.87846,40.4182],[-74.87864,40.41915],[-74.87707,40.41911],[-74.87718,40.41774]],[[-74.94981,40.38159],[-74.94939,40.38075],[-74.95042,40.38029],[-74.95072,40.3809],[-74.9485,40.38225]],[[-74.87735,40.41799],[-74.87535,40.41822],[-74.87505,40.41746],[-74.87671,40.41728],[-74.87672,40.41849]],[[-74.87511,40.4198],[-74.87827,40.41945],[-74.88004,40.4177],[-74.8837,40.41681]],[[-74.88393,40.41659],[-74.87856,40.4174],[-74.87798,40.41666]],[[-74.91184,40.40304],[-74.90892,40.40503]],[[-74.95319,40.38009],[-74.95149,40.38053],[-74.94998,40.3802],[-74.94895,40.38116]],[[-74.86766,40.42156],[-74.86549,40.42278],[-74.86495,40.42253],[-74.86382,40.42536]],[[-75.08737,39.8295],[-75.08732,39.83178],[-75.08852,39.83302],[-75.08846,39.83427],[-75.08934,39.83309],[-75.0906,39.83425]],[[-75.08892,39.8318],[-75.08777,39.83238],[-75.08744,39.83104],[-75.08818,39.83084],[-75.08892,39.83149]],[[-74.81131,40.28666],[-74.81047,40.28808],[-74.8082,40.28924],[-74.8063,40.28933]],[[-74.76012,40.28716],[-74.76099,40.28673],[-74.76153,40.2872],[-74.761,40.28762],[-74.75891,40.28733]],[[-74.72723,40.28572],[-74.72969,40.28598],[-74.73263,40.28732],[-74.73316,40.2881]],[[-74.83075,40.27446],[-74.828,40.27614],[-74.82698,40.27582],[-74.82734,40.27656]],[[-74.82826,40.27679],[-74.82937,40.27642],[-74.82989,40.27693],[-74.82942,40.27729],[-74.82851,40.27704],[-74.82888,40.27766],[-74.8283,40.27801],[-74.82774,40.27761],[-74.82811,40.27691]],[[-74.70985,40.19768],[-74.71041,40.20033],[-74.70949,40.2017]],[[-74.73184,40.2856],[-74.73025,40.2853],[-74.73007,40.28465],[-74.73149,40.28464],[-74.73218,40.28529]],[[-74.73252,40.28634],[-74.73205,40.28695],[-74.73072,40.28661],[-74.73087,40.28603],[-74.73209,40.28588]],[[-74.75666,40.19298],[-74.75555,40.19114],[-74.75292,40.19183]],[[-74.70816,40.20538],[-74.70699,40.20503],[-74.70699,40.2044],[-74.70788,40.2045],[-74.70783,40.20568]],[[-74.73319,40.1846],[-74.72265,40.18355],[-74.72485,40.1831],[-74.72451,40.18221],[-74.72324,40.18212],[-74.722,40.18684],[-74.71958,40.19037]],[[-74.75245,40.19208],[-74.75331,40.19224],[-74.75336,40.19271],[-74.75226,40.19279],[-74.75145,40.19211]],[[-74.72666,40.28544],[-74.72193,40.28413]],[[-74.70025,40.24188],[-74.70072,40.24273],[-74.69999,40.24524]],[[-74.76905,40.21637],[-74.76722,40.2171],[-74.76804,40.21561],[-74.76864,40.21633],[-74.76952,40.21592],[-74.76734,40.21169],[-74.76519,40.21161],[-74.76573,40.21016]],[[-74.71165,40.18457],[-74.7095,40.18466],[-74.70555,40.18341],[-74.70454,40.18018]],[[-74.73329,40.28809],[-74.73355,40.2873],[-74.73498,40.28641],[-74.7378,40.2864]],[[-74.73172,40.28319],[-74.73141,40.28405],[-74.7292,40.28523],[-74.72691,40.28545]],[[-74.70165,40.2363],[-74.7029,40.23352]],[[-74.70145,40.23363],[-74.70229,40.23391],[-74.70205,40.2346],[-74.70131,40.23442],[-74.70067,40.23298]],[[-74.784,40.29164],[-74.78667,40.29064],[-74.79185,40.28975]],[[-74.78403,40.29134],[-74.78327,40.29197],[-74.78258,40.29165],[-74.78301,40.2911],[-74.78774,40.29042]],[[-74.7046,40.18551],[-74.70325,40.18534],[-74.70294,40.18478],[-74.70389,40.18433],[-74.70469,40.18503]],[[-74.81957,40.28523],[-74.81626,40.28798],[-74.81163,40.2896],[-74.81298,40.28981],[-74.81263,40.29061],[-74.81171,40.29056],[-74.81122,40.28991],[-74.81071,40.29067],[-74.80952,40.29079],[-74.80918,40.2901],[-74.81045,40.28978],[-74.80672,40.28988],[-74.81037,40.29127],[-74.81098,40.29304]],[[-74.73568,40.28583],[-74.73192,40.28408]],[[-74.73977,40.23964],[-74.73907,40.24119],[-74.74051,40.2432],[-74.73921,40.24065],[-74.74144,40.23885]],[[-74.70924,40.28642],[-74.71126,40.2875],[-74.71056,40.28915]],[[-74.71248,40.28674],[-74.71105,40.28691],[-74.71207,40.28625]],[[-74.70487,40.18716],[-74.70548,40.18594],[-74.71128,40.18481]],[[-74.77783,40.2919],[-74.78361,40.29226]],[[-74.75783,40.2193],[-74.75812,40.21855],[-74.75943,40.21805],[-74.75792,40.2179],[-74.7582,40.2155]],[[-74.80328,40.28931],[-74.81048,40.28927],[-74.81099,40.28918],[-74.80978,40.2889],[-74.81009,40.28836],[-74.81127,40.2889],[-74.81176,40.28812],[-74.81269,40.28807],[-74.81278,40.28868],[-74.81158,40.28908],[-74.81547,40.28777],[-74.81397,40.28815],[-74.81245,40.28788],[-74.8113,40.28606]],[[-74.75657,40.2182],[-74.75732,40.21846],[-74.75778,40.21978]],[[-74.72916,40.24747],[-74.72787,40.24751],[-74.72703,40.2482]],[[-74.82761,40.27638],[-74.82324,40.28116]],[[-74.75682,40.28729],[-74.75857,40.28796],[-74.75848,40.28867]],[[-74.70016,40.25167],[-74.69912,40.25132],[-74.69853,40.24903]],[[-74.72223,40.17617],[-74.72181,40.17985],[-74.71879,40.18288],[-74.71248,40.18446]],[[-74.76482,40.21098],[-74.76472,40.2103],[-74.76213,40.21222]],[[-74.71253,40.19914],[-74.71357,40.19877],[-74.7143,40.19922],[-74.71358,40.20002],[-74.71267,40.19978]],[[-74.76088,40.28643],[-74.75933,40.28705],[-74.75591,40.28687]],[[-74.73232,40.28528],[-74.73272,40.28467],[-74.73349,40.28483],[-74.73336,40.28539],[-74.73217,40.28561]],[[-74.76677,40.21147],[-74.76703,40.2132],[-74.76631,40.2136],[-74.76752,40.21359],[-74.76832,40.21422]],[[-74.74807,40.23582],[-74.75033,40.23295]],[[-74.72889,40.24889],[-74.72892,40.24946],[-74.72777,40.24978],[-74.7269,40.24949],[-74.72721,40.24883]],[[-74.7668,40.21374],[-74.76903,40.21601]],[[-74.76705,40.2094],[-74.76519,40.21005],[-74.76483,40.2093]],[[-74.71522,40.1843],[-74.71777,40.18423],[-74.72033,40.18556],[-74.72099,40.18702],[-74.72007,40.18903]],[[-74.75821,40.28748],[-74.75989,40.28804],[-74.75985,40.28879],[-74.75904,40.28863],[-74.75921,40.28799]],[[-74.76921,40.21843],[-74.76979,40.21783],[-74.76907,40.21607]],[[-74.71359,40.2009],[-74.71442,40.19943],[-74.7139,40.19803],[-74.71483,40.19686]],[[-74.74881,40.23375],[-74.7481,40.23571]],[[-74.70153,40.24225],[-74.70216,40.24119],[-74.70295,40.24118],[-74.70246,40.24273],[-74.70096,40.24233]],[[-74.71413,40.28453],[-74.71196,40.2848],[-74.70898,40.28616]],[[-74.71169,40.28792],[-74.71677,40.28595]],[[-74.71311,40.19815],[-74.71194,40.19851],[-74.71059,40.19801]],[[-74.76653,40.2108],[-74.76574,40.21164],[-74.76515,40.21072]],[[-74.83031,40.27816],[-74.82961,40.27595],[-74.83096,40.27459]],[[-74.78485,40.29011],[-74.7855,40.28924],[-74.78645,40.28941],[-74.78623,40.29008],[-74.78363,40.29057]],[[-74.71174,40.19947],[-74.71049,40.1998],[-74.71001,40.19903],[-74.71068,40.19866],[-74.71185,40.19915]],[[-74.74417,40.23701],[-74.73864,40.24041]],[[-74.70027,40.23372],[-74.69948,40.23462],[-74.70013,40.2349],[-74.70054,40.23428],[-74.70155,40.23782]],[[-74.70744,40.20804],[-74.70863,40.20579],[-74.70958,40.20555]],[[-74.70161,40.23198],[-74.70077,40.23177],[-74.69957,40.22955]],[[-74.70037,40.23258],[-74.69923,40.23289],[-74.69869,40.23255],[-74.69946,40.23204],[-74.70012,40.23301],[-74.69991,40.23237]],[[-74.75821,40.21526],[-74.7566,40.21765]],[[-75.45087,39.70582],[-75.44926,39.70651],[-75.44741,39.70629],[-75.44529,39.70679],[-75.4439,39.70616],[-75.44459,39.70756],[-75.44199,39.71093]],[[-75.44887,39.71109],[-75.44833,39.70994],[-75.45037,39.70663]],[[-75.44277,39.71099],[-75.44392,39.71055],[-75.44586,39.71068],[-75.44892,39.70909]],[[-75.46406,39.69765],[-75.45717,39.70249]],[[-75.40593,39.73149],[-75.40429,39.73181],[-75.40419,39.73318],[-75.40268,39.73426]],[[-75.45825,39.70106],[-75.45648,39.70283]],[[-75.40977,39.73005],[-75.40825,39.73062],[-75.40587,39.73015]],[[-75.40602,39.73363],[-75.40766,39.73336],[-75.40769,39.73195],[-75.40943,39.73076]],[[-75.40263,39.73481],[-75.40601,39.73354]],[[-74.99948,40.10588],[-74.99828,40.10643],[-74.99577,40.10652],[-74.99444,40.10585]],[[-75.09617,39.98434],[-75.10448,39.9806]],[[-75.08646,40.00253],[-75.08581,40.00296],[-75.08518,40.00274],[-75.08606,40.00061],[-75.08353,39.99784],[-75.0814,39.9976],[-75.07987,39.99905],[-75.08046,39.99732],[-75.07975,39.99486],[-75.081,39.99698],[-75.08306,39.9973],[-75.08426,39.99648],[-75.08536,39.99343],[-75.08413,39.99767],[-75.08437,39.9986]],[[-75.14636,39.92634],[-75.14716,39.9263],[-75.14782,39.92251]],[[-75.16963,39.89893],[-75.17424,39.89928],[-75.1747,39.89985]],[[-75.15101,39.95726],[-75.14984,39.95752],[-75.15013,39.95714],[-75.14939,39.95672]],[[-75.00272,40.0437],[-74.99897,40.04681],[-74.99958,40.04813],[-75.00175,40.04896],[-74.99788,40.04895]],[[-75.20004,39.9327],[-75.19942,39.93581]],[[-74.99767,40.04844],[-74.99381,40.04966]],[[-75.00149,40.04933],[-75.00162,40.04999],[-75.00255,40.0504],[-75.00346,40.05],[-75.00285,40.04925],[-75.0046,40.0499],[-75.00794,40.05236],[-75.00537,40.05021],[-75.00102,40.04818],[-75.00307,40.04351]],[[-75.22658,39.89301],[-75.23133,39.89343],[-75.23601,39.89255],[-75.23154,39.89356],[-75.22419,39.89282],[-75.22122,39.89353]],[[-75.14215,39.94968],[-75.1438,39.93928]],[[-75.21046,40.00829],[-75.21034,40.00871],[-75.20728,40.00929],[-75.2006,40.00718],[-75.19796,40.00575],[-75.19493,40.00554],[-75.19324,40.00637],[-75.19433,40.0049],[-75.19444,40.00319]],[[-75.07382,40.00756],[-75.07605,40.00606],[-75.07854,40.00245],[-75.0756,40.00541]],[[-75.21046,39.88596],[-75.21334,39.88688],[-75.21756,39.88649]],[[-75.19325,39.97151],[-75.19367,39.97353],[-75.1948,39.97433]],[[-75.16613,39.91162],[-75.17007,39.91273]],[[-75.12367,39.97271],[-75.12434,39.97122],[-75.12717,39.96923]],[[-74.99745,40.10868],[-74.99806,40.10967],[-74.99719,40.11024],[-74.99582,40.10986],[-74.99613,40.10887]],[[-74.99598,40.10827],[-74.99497,40.10844],[-74.99474,40.10776],[-74.99536,40.10734],[-74.99629,40.10768]],[[-75.16974,40.01813],[-75.16758,40.01766],[-75.16852,40.0162]],[[-75.16541,39.95935],[-75.1647,39.95956],[-75.16498,39.95868],[-75.16648,39.95846]],[[-75.14153,39.94921],[-75.14126,39.95551],[-75.14289,39.95671],[-75.14657,39.95748],[-75.14354,39.95712],[-75.14211,39.95754],[-75.14025,39.9618],[-75.14203,39.9572]],[[-75.16315,39.95805],[-75.16462,39.95855],[-75.16442,39.95958],[-75.16392,39.95906]],[[-75.1432,39.94272],[-75.14355,39.93919],[-75.14233,39.93852]],[[-75.08781,39.987],[-75.0888,39.98672],[-75.08933,39.98716],[-75.08794,39.98885]],[[-75.17911,39.95992],[-75.17675,39.95905]],[[-75.17237,39.91178],[-75.16745,39.91166]],[[-75.19259,39.94356],[-75.19423,39.94307],[-75.19646,39.94385]],[[-75.14252,39.95378],[-75.1405,39.9549],[-75.14045,39.95437],[-75.13977,39.95424]],[[-75.15105,39.95721],[-75.15007,39.95687],[-75.1521,39.95727],[-75.15529,39.95702]],[[-75.18176,39.89836],[-75.17822,39.89872],[-75.17594,39.89971],[-75.17481,39.90066],[-75.17409,39.90263]],[[-75.16826,40.01809],[-75.16539,40.01815]],[[-75.235,39.89207],[-75.23608,39.89307],[-75.24032,39.89022],[-75.23601,39.89255]],[[-75.14643,39.92754],[-75.14543,39.93062],[-75.14479,39.9311],[-75.14424,39.93084]],[[-75.22281,39.89242],[-75.22182,39.89042],[-75.21698,39.88792]],[[-75.38515,39.84282],[-75.38684,39.84557],[-75.38676,39.84654],[-75.38193,39.84873]],[[-75.11801,39.97457],[-75.12318,39.97329]],[[-75.15079,39.95758],[-75.14929,39.95785],[-75.14903,39.95686]],[[-75.18278,39.95168],[-75.18398,39.94998],[-75.18631,39.94847]],[[-75.24509,39.8831],[-75.24291,39.88734],[-75.24587,39.88403],[-75.24887,39.88306],[-75.2516,39.8837]],[[-75.19959,39.97713],[-75.19869,39.97636],[-75.19835,39.97479],[-75.19801,39.97614],[-75.19614,39.97641]],[[-75.18261,39.95153],[-75.18147,39.95386]],[[-75.19077,39.92171],[-75.19081,39.92207],[-75.18972,39.92051],[-75.18991,39.91895]],[[-75.34615,39.86921],[-75.34929,39.87172],[-75.34596,39.86946],[-75.34692,39.87058],[-75.34951,39.87244],[-75.34643,39.86957],[-75.34538,39.86773],[-75.3459,39.8663],[-75.3486,39.8642]],[[-75.19494,40.00213],[-75.19491,40.00489],[-75.19361,40.00659],[-75.19628,40.00594],[-75.19891,40.0069],[-75.19562,40.00494],[-75.19451,40.00205]],[[-75.03542,40.02394],[-75.03355,40.02308],[-75.03024,40.02413],[-75.03287,40.02275]],[[-74.9938,40.10553],[-74.99494,40.10696],[-74.99404,40.10963]],[[-74.99641,40.10757],[-74.99611,40.10682],[-74.99668,40.10642],[-74.99754,40.10663],[-74.99721,40.10742]],[[-75.18048,39.95637],[-75.18003,39.95815],[-75.1807,39.95936]],[[-75.34673,39.8768],[-75.34912,39.87603],[-75.34866,39.87558],[-75.3494,39.87598],[-75.34948,39.8749]],[[-75.35079,39.87368],[-75.35189,39.87316],[-75.35256,39.87383],[-75.35221,39.87431],[-75.3514,39.87426],[-75.3496,39.87205],[-75.35083,39.87291],[-75.3524,39.87216]],[[-75.21867,39.8893],[-75.22257,39.89251]],[[-75.3515,39.87722],[-75.35171,39.87509],[-75.35266,39.87379],[-75.35156,39.87284]],[[-75.31924,39.87094],[-75.32367,39.87142]],[[-75.36381,39.91295],[-75.36304,39.91238],[-75.36228,39.90879]],[[-75.22576,39.89256],[-75.23168,39.89294],[-75.23678,39.89149],[-75.23393,39.8924],[-75.23193,39.89234],[-75.23029,39.89103],[-75.23119,39.88966]],[[-75.19923,39.97469],[-75.20134,39.97803],[-75.20335,39.97903]],[[-75.19081,39.92207],[-75.1933,39.92487],[-75.192,39.92352]],[[-75.18756,40.00964],[-75.191,40.00841],[-75.19101,40.00781]],[[-75.47331,39.85675],[-75.47612,39.85699]],[[-75.06838,40.0069],[-75.0695,40.00719],[-75.06984,40.00787],[-75.06785,40.009]],[[-75.36057,40.03364],[-75.35714,40.03512],[-75.35637,40.03695]],[[-75.19865,39.93823],[-75.20006,39.93571],[-75.20018,39.93255]],[[-75.15778,39.91039],[-75.15823,39.91108],[-75.15759,39.91152],[-75.14902,39.91063],[-75.14783,39.91472]],[[-75.21089,40.01259],[-75.2072,40.01086],[-75.2069,40.00986],[-75.20398,40.00855]],[[-75.37725,39.85038],[-75.37451,39.85083]],[[-75.02365,40.02834],[-75.02784,40.02641]],[[-75.36062,39.91292],[-75.36139,39.9135],[-75.36138,39.91234],[-75.36057,39.91279]],[[-75.14634,40.01943],[-75.14332,40.01938]],[[-75.175,39.91265],[-75.17385,39.91231],[-75.17391,39.91082],[-75.17271,39.91058]],[[-75.17278,39.91173],[-75.17313,39.91094],[-75.1738,39.91091],[-75.17364,39.9123],[-75.17179,39.91224]],[[-75.20839,39.98665],[-75.20835,39.98448]],[[-75.17846,40.01465],[-75.1803,40.01314]],[[-75.34433,39.86925],[-75.34889,39.87226],[-75.34427,39.87001],[-75.34498,39.87055],[-75.34768,39.87203],[-75.34372,39.86891],[-75.33884,39.86804]],[[-75.07508,39.9896],[-75.07879,39.99455]],[[-75.1843,39.9641],[-75.1865,39.96596]],[[-75.18217,39.91353],[-75.1849,39.91309],[-75.18618,39.91083]],[[-75.18501,39.94915],[-75.19057,39.94537]],[[-75.36242,39.91683],[-75.36309,39.91331],[-75.36361,39.91307]],[[-75.20813,39.98375],[-75.20759,39.98667],[-75.20598,39.98957]],[[-75.15522,40.0205],[-75.15259,40.02005]],[[-75.15369,40.02058],[-75.15622,40.02065]],[[-75.18636,39.96569],[-75.18473,39.96394]],[[-75.19887,40.00613],[-75.19565,40.00436]],[[-75.16778,39.95851],[-75.16529,39.95794]],[[-74.998,40.10758],[-74.99927,40.10743],[-74.99969,40.1084],[-74.99895,40.10913],[-74.99779,40.10873]],[[-75.18377,39.96308],[-75.18192,39.96042],[-75.18266,39.96139],[-75.18233,39.96182],[-75.1802,39.96017]],[[-75.17229,39.91217],[-75.17174,39.9128],[-75.17003,39.91249],[-75.17108,39.91224]],[[-75.10202,39.98141],[-75.09802,39.98292]],[[-75.40793,39.84119],[-75.40487,39.83832],[-75.40674,39.83932],[-75.40906,39.83901]],[[-75.16045,39.91089],[-75.16196,39.91152],[-75.16159,39.91198],[-75.16058,39.91189]],[[-75.15059,39.91161],[-75.1511,39.91207],[-75.15049,39.91203],[-75.152,39.91226],[-75.15302,39.91182],[-75.1527,39.91098],[-75.15101,39.91067]],[[-75.00237,40.04876],[-75.00168,40.04733],[-75.00194,40.04611]],[[-75.38321,39.84214],[-75.38345,39.84145],[-75.38401,39.84201],[-75.38462,39.84152],[-75.38317,39.84075],[-75.38348,39.84269]],[[-75.04012,40.02183],[-75.04502,40.01972]],[[-74.96845,40.08443],[-74.96992,40.08631]],[[-74.93114,40.08564],[-74.93505,40.08389],[-74.93758,40.08174]],[[-75.30992,40.32064],[-75.30908,40.3172],[-75.3067,40.3158]],[[-75.1391,40.29314],[-75.14019,40.29293],[-75.14083,40.29347],[-75.14034,40.29415],[-75.13923,40.29407]],[[-74.87862,40.19404],[-74.87766,40.19458],[-74.87681,40.19413],[-74.87706,40.19344],[-74.87828,40.19319]],[[-74.88111,40.19093],[-74.87536,40.1931]],[[-74.87907,40.19299],[-74.878,40.19263],[-74.87843,40.19172],[-74.87976,40.19165],[-74.87971,40.1926]],[[-74.96501,40.13444],[-74.96688,40.13307],[-74.97082,40.1335],[-74.9721,40.13157],[-74.97331,40.13165],[-74.97295,40.13221],[-74.97164,40.13208]],[[-74.8072,40.18295],[-74.81137,40.18226],[-74.81065,40.17976]],[[-74.94643,40.15318],[-74.94413,40.15543]],[[-74.96091,40.1396],[-74.9611,40.14023],[-74.96027,40.14049],[-74.96015,40.13946]],[[-74.88077,40.19179],[-74.88175,40.19125],[-74.88255,40.19153],[-74.88259,40.19222],[-74.88159,40.19269]],[[-74.96128,40.37744],[-74.96245,40.3773],[-74.96299,40.37779],[-74.96249,40.37843],[-74.96139,40.37813]],[[-74.84948,40.12244],[-74.85144,40.12315],[-74.85297,40.12448],[-74.85425,40.12212],[-74.84779,40.11965],[-74.84615,40.1172]],[[-74.95992,40.37656],[-74.96196,40.37632],[-74.96211,40.37683],[-74.96129,40.37732]],[[-74.88895,40.11717],[-74.89036,40.11527],[-74.89386,40.11287],[-74.89454,40.11111],[-74.89359,40.11008],[-74.8913,40.10966],[-74.88755,40.11101],[-74.89485,40.10686]],[[-74.88174,40.23783],[-74.88311,40.234]],[[-74.80839,40.18177],[-74.80731,40.18152],[-74.80854,40.1812],[-74.80837,40.18018],[-74.80929,40.18033],[-74.80914,40.1811]],[[-74.9054,40.17925],[-74.90436,40.17923],[-74.90513,40.17828]],[[-74.81251,40.1556],[-74.81176,40.15778]],[[-75.33209,40.3645],[-75.33003,40.36959]],[[-75.13323,40.2962],[-75.12392,40.29972]],[[-74.87995,40.19307],[-74.88148,40.19333],[-74.88099,40.19446],[-74.87947,40.19446],[-74.87959,40.19325]],[[-74.8119,40.16025],[-74.81261,40.15787]],[[-74.89945,40.16916],[-74.90188,40.16505]],[[-74.86512,40.10128],[-74.86584,40.10137],[-74.86588,40.10191],[-74.8637,40.10264]],[[-74.80214,40.19717],[-74.80155,40.19794],[-74.80091,40.19751],[-74.80153,40.197],[-74.79862,40.19722],[-74.80001,40.19739],[-74.80199,40.19867],[-74.80289,40.20021]],[[-74.86121,40.2532],[-74.86673,40.25232],[-74.86836,40.25161],[-74.86617,40.25243]],[[-74.96468,40.07665],[-74.96449,40.0752],[-74.9667,40.0817],[-74.96557,40.07958]],[[-74.96112,40.074],[-74.96388,40.07588],[-74.96567,40.0813],[-74.96498,40.07851]],[[-74.96413,40.06835],[-74.96203,40.07052],[-74.96289,40.07259],[-74.96044,40.06922],[-74.96091,40.0684],[-74.96207,40.06837],[-74.9622,40.06925],[-74.95994,40.07035],[-74.9589,40.0704],[-74.95811,40.06948]],[[-74.9595,40.06886],[-74.96364,40.06718],[-74.96034,40.06898],[-74.96245,40.07227],[-74.96085,40.07119],[-74.95728,40.07147]],[[-74.80119,40.19314],[-74.80171,40.19236],[-74.8028,40.19293],[-74.80127,40.1908],[-74.80144,40.18923]],[[-74.80119,40.18963],[-74.79947,40.19263],[-74.79952,40.19372],[-74.7999,40.19238],[-74.80103,40.19293]],[[-74.96739,40.13124],[-74.97061,40.13222],[-74.97097,40.13305],[-74.96772,40.13267],[-74.96763,40.13109]],[[-74.77502,40.20702],[-74.77585,40.20533]],[[-74.81248,40.16894],[-74.81209,40.17158]],[[-75.14056,40.32432],[-75.14248,40.32244],[-75.14419,40.31914]],[[-75.14198,40.32079],[-75.1404,40.32411]],[[-74.77641,40.20487],[-74.77528,40.20516],[-74.77393,40.20463]],[[-75.31556,40.3407],[-75.31731,40.343],[-75.32192,40.3451]],[[-75.13331,40.29639],[-75.13556,40.29564],[-75.13874,40.29558],[-75.14176,40.29594],[-75.14381,40.29684]],[[-74.80942,40.18097],[-74.81057,40.18115],[-74.81022,40.18158],[-74.80931,40.1815],[-74.80954,40.1825],[-74.8086,40.18242],[-74.80867,40.18164]],[[-74.86504,40.19262],[-74.85967,40.19347]],[[-74.97679,40.13304],[-74.9746,40.13247],[-74.9728,40.13125],[-74.97193,40.13158],[-74.97109,40.1332],[-74.96977,40.13317]],[[-75.30591,40.31561],[-75.30866,40.31847],[-75.30975,40.32063]],[[-75.13876,40.29407],[-75.1391,40.29503],[-75.13789,40.29541],[-75.13706,40.29487],[-75.13761,40.29398]],[[-75.32132,40.34461],[-75.3157,40.34062]],[[-74.81091,40.17929],[-74.80619,40.18033]],[[-74.81245,40.17434],[-74.81277,40.1715]],[[-74.88144,40.22577],[-74.88178,40.23005],[-74.87898,40.2327],[-74.87925,40.23497]],[[-74.7944,40.19732],[-74.79074,40.19827],[-74.78824,40.2009]],[[-74.93811,40.08099],[-74.93087,40.08544]],[[-74.90027,40.16151],[-74.89844,40.16659]],[[-75.42874,40.44131],[-75.4275,40.4393],[-75.42758,40.43768],[-75.42522,40.43818],[-75.42424,40.43776],[-75.42495,40.43796],[-75.42539,40.43754],[-75.42431,40.43564]],[[-74.85014,40.1225],[-74.85316,40.12297],[-74.85411,40.12244],[-74.85343,40.12418],[-74.85269,40.1244],[-74.8523,40.1239],[-74.85276,40.12351],[-74.85602,40.124]],[[-75.12469,40.29976],[-75.12821,40.29975],[-75.13193,40.29716]],[[-75.15098,40.30175],[-75.15066,40.30133],[-75.15258,40.30103]],[[-75.33029,40.36943],[-75.33191,40.36723],[-75.33227,40.36466]],[[-75.14919,40.30317],[-75.14909,40.30095],[-75.15005,40.30085],[-75.15091,40.30178]],[[-74.82247,40.13709],[-74.82077,40.13763],[-74.82086,40.13817]],[[-74.88395,40.23374],[-74.88262,40.23324],[-74.88226,40.23003]],[[-74.93028,40.21719],[-74.92845,40.21764],[-74.92807,40.21703]],[[-74.90462,40.17816],[-74.90353,40.18124]],[[-74.79046,40.19866],[-74.79828,40.19712]],[[-74.87409,40.19329],[-74.8757,40.19342],[-74.87664,40.19411],[-74.87732,40.19536],[-74.87687,40.19667]],[[-74.80613,40.19631],[-74.80298,40.19689],[-74.80407,40.19734],[-74.80362,40.19816],[-74.80239,40.19764]],[[-74.80802,40.19589],[-74.80245,40.19566],[-74.80171,40.19514]],[[-74.83157,40.19545],[-74.82969,40.19495],[-74.82983,40.19348]],[[-74.82974,40.19345],[-74.82868,40.19479],[-74.82576,40.19459]],[[-74.8174,40.19374],[-74.81266,40.1951]],[[-74.88941,40.11445],[-74.88932,40.11305],[-74.88825,40.11219],[-74.88475,40.11257],[-74.89214,40.11011],[-74.8984,40.10549]],[[-75.13755,40.29315],[-75.13706,40.2922],[-75.13826,40.29174],[-75.13915,40.29236],[-75.13853,40.29323]],[[-74.8242,40.19512],[-74.82898,40.19535]],[[-74.95804,40.14166],[-74.96197,40.1402]],[[-74.96364,40.07266],[-74.96483,40.07397],[-74.96411,40.07422],[-74.9634,40.07348]],[[-74.96324,40.07354],[-74.96286,40.07479],[-74.96177,40.07368]],[[-74.88095,40.11529],[-74.8813,40.1142],[-74.88475,40.11257]],[[-74.87717,40.19678],[-74.87843,40.19536],[-74.88117,40.19446],[-74.88341,40.19244]],[[-75.13594,40.33213],[-75.13732,40.3289]],[[-74.95804,40.06951],[-74.95848,40.07057],[-74.95711,40.07111],[-74.95994,40.07035]],[[-74.88707,40.19132],[-74.88508,40.19149],[-74.88358,40.19057],[-74.88346,40.18936],[-74.88475,40.18784]],[[-74.96233,40.13684],[-74.96095,40.13757],[-74.95839,40.13792]],[[-74.80206,40.19639],[-74.80272,40.19572],[-74.80431,40.19592],[-74.8038,40.19646],[-74.79234,40.19746]],[[-75.13703,40.3289],[-75.13456,40.3313]],[[-74.90651,40.17819],[-74.90759,40.17788],[-74.90774,40.17888],[-74.90839,40.17623]],[[-74.80161,40.19516],[-74.80114,40.19633],[-74.79939,40.19682]],[[-75.42498,40.43638],[-75.42673,40.43841],[-75.42768,40.43817],[-75.4271,40.43758],[-75.42536,40.43822],[-75.4245,40.43805],[-75.42653,40.43883],[-75.42826,40.44086]],[[-75.1332,40.29109],[-75.13521,40.2932],[-75.13498,40.29475],[-75.13367,40.29595]],[[-75.1374,40.29386],[-75.13622,40.29424],[-75.13543,40.29383],[-75.13579,40.29303],[-75.13705,40.29314]],[[-74.88252,40.11358],[-74.8804,40.11437],[-74.88154,40.11377],[-74.88017,40.11344]],[[-75.54678,40.22074],[-75.545,40.21678]],[[-75.20209,40.16236],[-75.20126,40.15692]],[[-75.40559,40.09254],[-75.40776,40.09138],[-75.40742,40.09014],[-75.40852,40.09078],[-75.4093,40.09224],[-75.40857,40.09289],[-75.40818,40.0923],[-75.40898,40.09182]],[[-75.20116,40.15752],[-75.20102,40.16084],[-75.20021,40.1612]],[[-75.11514,40.16237],[-75.11809,40.16222],[-75.11959,40.1629],[-75.11887,40.16198],[-75.1192,40.16076],[-75.12142,40.16132],[-75.12317,40.16118]],[[-75.48663,40.16395],[-75.48395,40.16231],[-75.482,40.15979],[-75.4822,40.15908]],[[-75.22686,40.02456],[-75.23072,40.02626]],[[-75.54224,40.21385],[-75.54394,40.21782],[-75.54663,40.22101]],[[-75.20701,40.16936],[-75.20464,40.16687]],[[-75.52925,40.19737],[-75.52221,40.19287]],[[-75.52359,40.19653],[-75.52431,40.19616],[-75.5261,40.19638],[-75.52885,40.19741]],[[-75.25261,40.03969],[-75.25077,40.03997],[-75.24926,40.0389]],[[-75.33273,40.06605],[-75.33548,40.0677],[-75.33923,40.06835]],[[-75.39028,40.08469],[-75.39179,40.08453],[-75.39459,40.08519],[-75.39666,40.0847],[-75.39902,40.08579],[-75.39978,40.08644],[-75.39961,40.08713],[-75.39808,40.0887],[-75.39688,40.08848]],[[-75.41803,40.09822],[-75.41697,40.10098],[-75.41738,40.10164]],[[-75.6721,40.06905],[-75.66826,40.0677],[-75.66843,40.06656],[-75.66513,40.06876],[-75.66302,40.06733],[-75.66006,40.06649]],[[-75.63911,40.23372],[-75.6355,40.2325]],[[-75.72177,40.25476],[-75.7196,40.25339]],[[-75.66338,40.06709],[-75.66589,40.06739],[-75.66792,40.06677],[-75.66483,40.06865],[-75.66453,40.06802],[-75.66536,40.06767]],[[-75.67591,40.06812],[-75.67562,40.06908],[-75.6749,40.06886],[-75.67506,40.06831]],[[-75.34605,40.24901],[-75.34645,40.25108],[-75.34583,40.25148],[-75.34515,40.25117],[-75.34602,40.25173],[-75.34888,40.25138],[-75.34878,40.25333],[-75.34954,40.25543]],[[-75.34017,40.24705],[-75.34241,40.24787],[-75.34238,40.24682],[-75.34283,40.24648],[-75.3425,40.24687],[-75.34335,40.24678]],[[-75.34741,40.25128],[-75.34808,40.25206],[-75.34885,40.25189],[-75.34844,40.25124],[-75.3462,40.25182],[-75.3452,40.25151],[-75.34821,40.25318]],[[-75.29465,40.10958],[-75.29142,40.10999],[-75.28938,40.10932],[-75.29042,40.11101],[-75.29006,40.11168],[-75.28793,40.11122],[-75.28454,40.11161]],[[-75.2884,40.10636],[-75.28235,40.10855],[-75.28145,40.10841],[-75.2813,40.10781],[-75.28234,40.10752],[-75.2832,40.10836]],[[-75.28413,40.11],[-75.284,40.11057],[-75.28328,40.11052],[-75.28356,40.10992],[-75.28631,40.10979],[-75.28524,40.11036],[-75.28522,40.1116]],[[-75.28363,40.10885],[-75.28435,40.10945],[-75.28599,40.1096],[-75.2823,40.11021],[-75.28177,40.10985],[-75.28211,40.10934],[-75.28051,40.11074]],[[-75.27847,40.11235],[-75.27975,40.1111],[-75.28085,40.11103],[-75.28111,40.11179],[-75.2798,40.11234]],[[-75.27372,40.11378],[-75.27648,40.11342],[-75.27881,40.11176]],[[-75.27733,40.11278],[-75.27555,40.11285],[-75.27518,40.11224],[-75.27612,40.11153],[-75.27749,40.1114],[-75.27769,40.11325]],[[-75.2805,40.10973],[-75.27583,40.11155],[-75.27275,40.11362]],[[-75.28732,40.11097],[-75.28942,40.11032],[-75.28904,40.10942],[-75.2899,40.10973],[-75.29036,40.11118],[-75.28927,40.11155],[-75.2893,40.11089],[-75.2905,40.11053]],[[-75.28211,40.10934],[-75.28637,40.10879],[-75.28784,40.10791],[-75.28493,40.1096],[-75.28479,40.11077]],[[-75.27865,40.11696],[-75.27833,40.11345],[-75.28204,40.11206]],[[-75.27095,40.11409],[-75.27619,40.11393],[-75.27734,40.11458],[-75.27806,40.11595]],[[-75.29071,40.10124],[-75.28898,40.10405],[-75.28736,40.10485]],[[-75.41325,40.09057],[-75.40944,40.09056],[-75.40487,40.08849],[-75.40854,40.09065],[-75.40945,40.09252],[-75.40882,40.09298],[-75.40696,40.09256],[-75.40335,40.09319]],[[-75.30935,40.06711],[-75.31327,40.06676],[-75.31364,40.06771],[-75.31214,40.0681]],[[-75.31174,40.06843],[-75.31375,40.06769],[-75.31317,40.0661],[-75.31039,40.06683]],[[-75.31368,40.06628],[-75.31683,40.06598],[-75.31862,40.06646],[-75.31786,40.06565],[-75.31843,40.06478],[-75.3244,40.06377]],[[-75.31862,40.06646],[-75.321,40.06806],[-75.31792,40.06643],[-75.31729,40.06655],[-75.31975,40.06559],[-75.31932,40.06643],[-75.32036,40.06681],[-75.32103,40.06587]],[[-75.321,40.06806],[-75.32174,40.07049]],[[-75.31799,40.06513],[-75.32137,40.06354],[-75.31391,40.06612]],[[-75.31978,40.06532],[-75.32344,40.06418],[-75.32386,40.06181],[-75.32566,40.06021],[-75.32385,40.06254],[-75.32479,40.0635],[-75.32656,40.06369]],[[-75.32226,40.07119],[-75.32175,40.06739],[-75.32381,40.0649],[-75.32277,40.06422],[-75.32087,40.0646]],[[-75.32844,40.06409],[-75.32609,40.06409],[-75.32385,40.06568],[-75.32499,40.06514],[-75.32572,40.06547]],[[-75.35378,40.03722],[-75.35152,40.0408]],[[-75.35393,40.03798],[-75.35775,40.03597],[-75.3592,40.0365],[-75.35911,40.03704],[-75.35834,40.03721]],[[-75.36137,40.03784],[-75.35956,40.03663],[-75.35952,40.03753],[-75.3592,40.0365]],[[-75.33736,39.97763],[-75.33852,39.97883],[-75.33819,39.98275]],[[-75.34109,39.97479],[-75.34092,39.97602],[-75.33853,39.97923]],[[-75.34102,39.97845],[-75.34148,39.97914],[-75.34066,39.97957],[-75.34024,39.9791],[-75.34099,39.97734]],[[-75.33849,39.98219],[-75.33915,39.9811],[-75.34143,39.97966],[-75.34212,39.97835],[-75.34163,39.97487],[-75.34027,39.97305]],[[-75.35835,39.93736],[-75.36284,39.93789],[-75.36118,39.93947],[-75.35844,39.94089]],[[-75.37033,39.93654],[-75.36503,39.93619]],[[-75.36417,39.93301],[-75.3641,39.93517],[-75.36238,39.93691]],[[-75.37081,39.93667],[-75.36518,39.93727],[-75.36485,39.93653],[-75.3627,39.93684],[-75.36307,39.93759],[-75.36541,39.93723]],[[-75.36054,39.94023],[-75.36385,39.9389],[-75.36516,39.93755]],[[-75.37501,39.93528],[-75.37364,39.9362],[-75.37141,39.93658]],[[-75.37407,39.93662],[-75.37501,39.93693],[-75.37488,39.93768],[-75.37389,39.93767],[-75.37377,39.93685]],[[-75.55617,39.75101],[-75.5576,39.74808]],[[-75.55396,39.75155],[-75.553,39.75433]],[[-75.51281,39.77752],[-75.50948,39.77804],[-75.50823,39.7776]],[[-75.50452,39.77984],[-75.50282,39.78149]],[[-75.45591,39.81611],[-75.4553,39.81554],[-75.45613,39.81345],[-75.45799,39.81175]],[[-75.45177,39.81791],[-75.45507,39.81603]],[[-75.45716,39.81192],[-75.45342,39.81364],[-75.45167,39.81502]],[[-75.59633,39.70696],[-75.60021,39.70561],[-75.60111,39.70249],[-75.60209,39.70248],[-75.60293,39.70345]],[[-75.55375,39.75268],[-75.55601,39.75074],[-75.55554,39.74989]],[[-75.59569,39.76984],[-75.59242,39.77217],[-75.59137,39.77201]],[[-75.4505,39.80256],[-75.44964,39.80686]],[[-75.5019,39.75212],[-75.50051,39.75258],[-75.49921,39.75162]],[[-75.48371,39.80036],[-75.47937,39.80282]],[[-75.60362,39.69966],[-75.59976,39.70034],[-75.59894,39.69992],[-75.59885,39.69919],[-75.60024,39.69868],[-75.60121,39.69989]],[[-75.50313,39.78176],[-75.50628,39.77999]],[[-75.58536,39.71368],[-75.58763,39.71304],[-75.58937,39.71179],[-75.59114,39.70896],[-75.59189,39.70628],[-75.59066,39.70368],[-75.58475,39.6994],[-75.58835,39.70113],[-75.59237,39.70148]],[[-75.50338,39.75212],[-75.5063,39.75158],[-75.50692,39.75002],[-75.50798,39.7492]],[[-75.60714,39.70666],[-75.60661,39.70515],[-75.60765,39.70361],[-75.60769,39.70218],[-75.60977,39.7006],[-75.59754,39.70758]],[[-75.48017,39.8035],[-75.48449,39.80023]],[[-75.53551,39.76924],[-75.53785,39.76812],[-75.5426,39.76892],[-75.54327,39.76871],[-75.54328,39.76801]],[[-75.54265,39.76489],[-75.54123,39.76611],[-75.53734,39.76766]],[[-75.58954,39.77337],[-75.59167,39.77391],[-75.59355,39.77366]],[[-75.45204,39.80573],[-75.45299,39.80581],[-75.45299,39.8065],[-75.45159,39.80609]],[[-75.55619,39.74897],[-75.55463,39.75134]],[[-75.58849,39.70334],[-75.58932,39.70505],[-75.58929,39.70689],[-75.58636,39.7113]],[[-75.50234,39.75382],[-75.50178,39.75344],[-75.49878,39.75389],[-75.49585,39.75531]],[[-75.62168,39.73745],[-75.62142,39.73534],[-75.61955,39.73883],[-75.61851,39.73913],[-75.6176,39.73872],[-75.61815,39.73944],[-75.61669,39.74132]],[[-75.54306,39.76662],[-75.54372,39.7655],[-75.54491,39.76526],[-75.54494,39.76599],[-75.54332,39.76675]],[[-75.5045,39.75064],[-75.50607,39.75038],[-75.50649,39.75125],[-75.50341,39.75197]],[[-75.61903,39.73756],[-75.61826,39.73664],[-75.61933,39.73626],[-75.61979,39.73726],[-75.62127,39.73363]],[[-75.56047,39.71344],[-75.55901,39.71481],[-75.55673,39.71512],[-75.55423,39.71667],[-75.54955,39.71697]],[[-75.55783,39.74774],[-75.56074,39.74427]],[[-75.50639,39.78065],[-75.50827,39.77927],[-75.51135,39.77822]],[[-75.56076,39.74302],[-75.56093,39.74201],[-75.55982,39.74112],[-75.56118,39.74142],[-75.56221,39.74102],[-75.56311,39.73657]],[[-75.54302,39.7673],[-75.54262,39.76852],[-75.54141,39.76853],[-75.54146,39.76756],[-75.5438,39.76679]],[[-75.55736,39.74011],[-75.55982,39.74112]],[[-75.5246,39.73227],[-75.5232,39.73347],[-75.52017,39.7346]],[[-75.6001,39.70628],[-75.60141,39.70589],[-75.60468,39.70622],[-75.60612,39.70697]],[[-75.60372,39.70454],[-75.60413,39.70566],[-75.60304,39.70613],[-75.60234,39.70537],[-75.60329,39.70447]],[[-75.55602,39.71928],[-75.56124,39.71735],[-75.56342,39.71712]],[[-75.55797,39.71692],[-75.55636,39.7166],[-75.55598,39.71586],[-75.55771,39.71509],[-75.55825,39.71557],[-75.55797,39.71624]],[[-75.54481,39.71778],[-75.54014,39.71795],[-75.53897,39.71919]],[[-75.61852,39.72755],[-75.61819,39.72644],[-75.61892,39.72555]],[[-75.59222,39.77251],[-75.5909,39.77283],[-75.59036,39.77247],[-75.59079,39.77209],[-75.59161,39.77234]],[[-75.59247,39.7729],[-75.59234,39.77358],[-75.59142,39.77371],[-75.59359,39.77183]],[[-75.55081,39.76123],[-75.54748,39.76394],[-75.54335,39.76538],[-75.5411,39.76684],[-75.54079,39.76862],[-75.5428,39.77025],[-75.53844,39.76812]],[[-75.50637,39.74669],[-75.50756,39.7474],[-75.50782,39.74838],[-75.50566,39.74983]],[[-75.53868,39.7215],[-75.5412,39.72023]],[[-75.49734,39.7551],[-75.50181,39.75355],[-75.50178,39.75399]],[[-75.45338,39.80872],[-75.45332,39.80617],[-75.45273,39.80528]],[[-75.59381,39.77365],[-75.5931,39.77252],[-75.59613,39.76973]],[[-75.60162,39.70101],[-75.60242,39.70202],[-75.60336,39.70214],[-75.60406,39.7015],[-75.60355,39.70065],[-75.60085,39.70066],[-75.60357,39.70058],[-75.60531,39.70284]],[[-75.5799,39.71469],[-75.58702,39.7141],[-75.59076,39.71153]],[[-75.55926,39.74523],[-75.55678,39.7481]],[[-75.61979,39.73726],[-75.61818,39.73879],[-75.61753,39.73819],[-75.6183,39.73772]],[[-75.08076,39.99976],[-75.08307,39.99843],[-75.0848,39.99965],[-75.0817,39.99885],[-75.08086,39.99759],[-75.08131,39.99621],[-75.08422,39.99357],[-75.08256,39.99474],[-75.08097,39.99479],[-75.0774,39.99164],[-75.0831,39.99733],[-75.07854,40.00245]],[[-75.34786,39.86461],[-75.34341,39.86706],[-75.34315,39.86862],[-75.34427,39.87001]],[[-75.36208,39.90857],[-75.36138,39.91234]],[[-74.88077,39.97161],[-74.8823,39.9701]],[[-75.01175,39.73629],[-75.00851,39.73236],[-75.00627,39.7307]],[[-75.00572,39.73055],[-75.00801,39.73323],[-75.00708,39.73365]],[[-74.90823,39.77681],[-74.90983,39.7808]],[[-74.90995,39.78149],[-74.91168,39.77988],[-74.91312,39.7802]],[[-74.91097,39.77872],[-74.91136,39.77991],[-74.91054,39.77994],[-74.91038,39.77922]],[[-74.91271,39.77273],[-74.90967,39.77655],[-74.9088,39.77681],[-74.90761,39.77626]],[[-74.91029,39.77813],[-74.9097,39.77674],[-74.9105,39.77631],[-74.91102,39.77683]],[[-74.93489,39.80325],[-74.93188,39.80342],[-74.93211,39.80181]],[[-74.92755,39.79844],[-74.93039,39.80071],[-74.93058,39.8018],[-74.93136,39.80189]],[[-75.58633,39.97798],[-75.58725,39.98032],[-75.59016,39.98135],[-75.58692,39.9785]],[[-75.67119,40.06405],[-75.6707,40.06289],[-75.67168,40.06248],[-75.67233,40.06293],[-75.6721,40.06361],[-75.66792,40.06677]],[[-75.67319,40.06589],[-75.67172,40.06522],[-75.67006,40.06534],[-75.67227,40.06353],[-75.67222,40.06262],[-75.66847,40.0615],[-75.66652,40.06025]],[[-75.63969,40.05336],[-75.6406,40.05513]],[[-75.63366,40.04573],[-75.63322,40.04776],[-75.63521,40.05015]],[[-75.57839,40.04044],[-75.58617,40.03383],[-75.58841,40.03076],[-75.59258,40.02924],[-75.58934,40.03075],[-75.58367,40.03575]],[[-75.41804,40.09456],[-75.41832,40.09381],[-75.41903,40.09384],[-75.4189,40.09445],[-75.41712,40.09483]],[[-75.39991,40.0873],[-75.40063,40.08706],[-75.4021,40.08755]],[[-75.38624,40.0809],[-75.39079,40.08143],[-75.39436,40.08042],[-75.39929,40.08016],[-75.40474,40.07874],[-75.4066,40.07915],[-75.40687,40.07949],[-75.40488,40.0789],[-75.40434,40.08057],[-75.40347,40.08105],[-75.4043,40.08046],[-75.40506,40.07808],[-75.40528,40.07902],[-75.40729,40.08027],[-75.40559,40.07892],[-75.40486,40.0791],[-75.40476,40.07984],[-75.40652,40.07984]],[[-75.39161,40.08419],[-75.39596,40.08328],[-75.39686,40.08349],[-75.39659,40.08407],[-75.39566,40.08391]],[[-75.40687,40.07949],[-75.409,40.08221],[-75.4083,40.08064],[-75.40883,40.07922],[-75.41426,40.07678]],[[-75.39895,40.08017],[-75.41084,40.07739],[-75.40909,40.0775],[-75.40888,40.07658]],[[-75.40842,40.07676],[-75.4084,40.07779],[-75.40538,40.0785]],[[-75.41933,40.10109],[-75.41827,40.09798]],[[-75.44733,40.13407],[-75.44836,40.13278],[-75.44937,40.13405]],[[-75.44954,40.13401],[-75.44896,40.132],[-75.45072,40.12823]],[[-75.44897,40.13014],[-75.4467,40.1328],[-75.44628,40.13437],[-75.44836,40.13816]],[[-75.38823,40.08153],[-75.3912,40.08278],[-75.39075,40.08429]],[[-75.39409,40.08317],[-75.39314,40.08249],[-75.39356,40.08194],[-75.39562,40.08224],[-75.3948,40.0832]],[[-75.39325,40.08361],[-75.39177,40.08364],[-75.392,40.08269],[-75.3939,40.0833],[-75.3903,40.08223]],[[-75.40691,40.08148],[-75.40683,40.08098],[-75.40555,40.08082],[-75.39797,40.0829],[-75.39732,40.08336],[-75.39738,40.08435],[-75.39741,40.08288],[-75.40181,40.08182]],[[-75.39711,40.08483],[-75.39502,40.08382],[-75.39563,40.08432],[-75.39536,40.08494],[-75.39322,40.08467],[-75.39351,40.08388],[-75.39742,40.08295],[-75.39596,40.08328]],[[-75.34565,40.07184],[-75.343,40.06692]],[[-75.34332,40.06779],[-75.34267,40.06758],[-75.34409,40.06842],[-75.34458,40.06984],[-75.34392,40.0701],[-75.34285,40.06938]],[[-75.41612,40.07896],[-75.41628,40.07848],[-75.41672,40.07869],[-75.41541,40.07684],[-75.41749,40.07593]],[[-75.42681,40.07319],[-75.42143,40.0747]],[[-75.43556,40.07174],[-75.43164,40.07216]],[[-75.45729,40.06529],[-75.45419,40.06688]],[[-75.46654,40.06522],[-75.46253,40.06413],[-75.46322,40.06466],[-75.46292,40.06514],[-75.45904,40.06579]],[[-75.44092,40.07155],[-75.43697,40.07127]],[[-75.43018,40.07291],[-75.43308,40.07254]],[[-75.4376,40.0721],[-75.4414,40.07167]],[[-75.45171,40.06802],[-75.45638,40.0671],[-75.45799,40.06502]],[[-75.45814,40.06611],[-75.46841,40.0653]],[[-75.47516,40.06313],[-75.47607,40.06158],[-75.47764,40.06047]],[[-75.52124,40.05026],[-75.52082,40.05091],[-75.51804,40.05167],[-75.52443,40.05113],[-75.52201,40.05089],[-75.52124,40.05026]],[[-75.53249,40.05238],[-75.5379,40.05197]],[[-75.53427,40.05079],[-75.5358,40.05026],[-75.53667,40.05097],[-75.53613,40.05145],[-75.53372,40.0515],[-75.54012,40.0518]],[[-75.5293,40.05162],[-75.53251,40.05229]],[[-75.53372,40.0515],[-75.52608,40.05083]],[[-75.55961,40.05208],[-75.56436,40.0519],[-75.56418,40.0509]],[[-75.56293,40.05181],[-75.56633,40.04887]],[[-75.56093,40.05066],[-75.56017,40.05164],[-75.55734,40.05201]],[[-75.56466,40.05],[-75.56102,40.05116]],[[-75.58931,40.03251],[-75.5875,40.03204],[-75.58852,40.03082],[-75.59024,40.03004]],[[-75.57921,40.03971],[-75.58314,40.03523],[-75.58616,40.0305],[-75.59114,40.02893],[-75.58841,40.03045],[-75.58616,40.03366]],[[-75.58716,40.03029],[-75.58595,40.03136],[-75.58378,40.03192],[-75.58378,40.03328],[-75.58402,40.03181],[-75.58484,40.03171],[-75.58531,40.03225],[-75.58378,40.03459]],[[-75.58532,40.03307],[-75.58615,40.03334],[-75.58574,40.03399],[-75.58516,40.03354],[-75.58635,40.0317]],[[-75.58953,39.98635],[-75.58781,39.9907],[-75.5903,39.99291]],[[-75.59343,39.99516],[-75.58996,39.99218],[-75.58965,39.9883]],[[-75.58381,39.97316],[-75.58457,39.97098],[-75.58404,39.97045],[-75.58429,39.97158],[-75.58316,39.97135]],[[-75.5811,39.96582],[-75.58047,39.96721],[-75.57875,39.9678]],[[-75.58101,39.95414],[-75.57985,39.95612],[-75.5799,39.95874]],[[-75.59018,39.93921],[-75.58937,39.94162],[-75.59112,39.93969],[-75.59064,39.93843],[-75.59026,39.93904]],[[-75.58942,39.937],[-75.59128,39.93935],[-75.58951,39.94169],[-75.59043,39.94139],[-75.59126,39.94183]],[[-75.30137,39.80594],[-75.30454,39.80664],[-75.30709,39.8058]],[[-75.30699,39.80572],[-75.30468,39.80656],[-75.30394,39.8063],[-75.30416,39.80574],[-75.3065,39.80517]],[[-75.30495,39.80522],[-75.30347,39.80484],[-75.30451,39.80379],[-75.30274,39.80529],[-75.30074,39.80586]],[[-75.25064,39.81709],[-75.25468,39.81635],[-75.25525,39.81667]],[[-75.2581,39.81571],[-75.26383,39.81393]],[[-75.25873,39.81356],[-75.25918,39.81469],[-75.25515,39.81583]],[[-75.26105,39.81439],[-75.25883,39.81349]],[[-75.24946,39.81713],[-75.24656,39.81773],[-75.24558,39.81731],[-75.24561,39.81785],[-75.24463,39.81835]],[[-75.23105,39.82431],[-75.23707,39.82194],[-75.23733,39.82256],[-75.23629,39.82295]],[[-75.24012,39.82102],[-75.23948,39.82168],[-75.23861,39.82144],[-75.23913,39.82076],[-75.24345,39.81909]],[[-75.21743,39.83068],[-75.22181,39.83036]],[[-75.22175,39.83025],[-75.22027,39.83008],[-75.22169,39.82892]],[[-75.22607,39.82673],[-75.22061,39.82853],[-75.21768,39.83036]],[[-75.196,39.83918],[-75.19881,39.83815],[-75.20175,39.83831]],[[-75.20216,39.83957],[-75.20208,39.83806],[-75.20308,39.83666],[-75.20951,39.83382]],[[-75.2066,39.83474],[-75.20374,39.83573],[-75.20081,39.83558]],[[-75.20122,39.83666],[-75.20132,39.83572],[-75.20211,39.83561],[-75.20201,39.8364],[-75.19747,39.83834]],[[-75.20139,39.83714],[-75.20134,39.8381],[-75.20058,39.83829],[-75.20053,39.8375],[-75.20525,39.83549]],[[-75.19434,39.83713],[-75.19482,39.8389],[-75.19286,39.84039]],[[-75.18302,39.84584],[-75.18448,39.84544],[-75.18507,39.84601]],[[-75.1488,39.85992],[-75.15043,39.86001],[-75.14988,39.85966],[-75.15022,39.85927]],[[-75.16131,39.85645],[-75.15914,39.85832]],[[-75.11125,39.89985],[-75.11143,39.89913],[-75.11239,39.89954],[-75.11275,39.90032],[-75.11191,39.90042]],[[-75.34767,39.80055],[-75.34738,39.80156],[-75.34473,39.80286]],[[-74.78349,40.09872],[-74.78524,40.09975],[-74.78825,40.10439]],[[-74.78069,40.09739],[-74.78442,40.09868],[-74.78724,40.09814],[-74.78774,40.09897],[-74.78637,40.10082],[-74.78634,40.10179],[-74.78656,40.10101],[-74.78767,40.10069],[-74.79185,40.10262]],[[-74.79126,40.10311],[-74.78856,40.10343],[-74.78634,40.10179]],[[-74.78849,40.10063],[-74.78601,40.09924],[-74.78618,40.09825],[-74.78716,40.09818],[-74.78767,40.09878],[-74.78625,40.10091],[-74.78631,40.10199]],[[-74.71288,40.28619],[-74.71402,40.28653],[-74.71398,40.28713],[-74.71298,40.28702],[-74.71296,40.28629]],[[-74.71279,40.28593],[-74.7117,40.28556],[-74.71186,40.28492],[-74.71322,40.28492],[-74.71323,40.28581]],[[-74.69834,40.28497],[-74.70217,40.28611]],[[-74.73247,40.2859],[-74.73405,40.28667],[-74.7334,40.28702],[-74.73272,40.28645]],[[-75.54422,39.77523],[-75.54289,39.77865]],[[-75.54204,39.7801],[-75.54489,39.77762]],[[-75.54479,39.77798],[-75.54619,39.77758],[-75.54494,39.77693],[-75.54458,39.77565]],[[-74.7221,40.18385],[-74.7242,40.18433],[-74.7244,40.18528],[-74.72312,40.18556],[-74.72255,40.18439]],[[-74.71729,40.18382],[-74.72154,40.18351],[-74.71989,40.18262],[-74.72088,40.18161],[-74.72181,40.18198],[-74.72202,40.18323]],[[-75.10201,39.82812],[-75.10592,39.8282],[-75.10607,39.82913],[-75.10493,39.82888],[-75.10464,39.82771]],[[-75.08943,39.82861],[-75.08762,39.82875],[-75.08635,39.82797]],[[-75.09827,39.90118],[-75.0977,39.90083],[-75.09798,39.90037],[-75.09875,39.90092]],[[-75.07959,39.82376],[-75.08231,39.82509]],[[-75.13814,39.96463],[-75.14025,39.9618]],[[-74.77621,40.22123],[-74.77397,40.2205]],[[-74.77157,40.21858],[-74.76945,40.21566]],[[-75.10197,39.87114],[-75.10189,39.86746],[-75.10722,39.86499]],[[-75.10613,39.86517],[-75.10178,39.86748],[-75.10156,39.87057]],[[-75.11868,40.16179],[-75.12009,40.16148],[-75.12014,40.16089],[-75.11928,40.16082],[-75.1189,40.16153],[-75.12009,40.16302],[-75.12001,40.1621],[-75.12194,40.16158]],[[-75.12461,40.16422],[-75.12521,40.16377],[-75.12578,40.16415],[-75.12348,40.16499],[-75.12197,40.16417],[-75.12347,40.16433],[-75.1241,40.16308]],[[-75.67303,40.01861],[-75.67078,40.01792],[-75.67021,40.01707],[-75.67091,40.01619],[-75.67322,40.01575]],[[-75.67299,40.01533],[-75.6679,40.0172],[-75.66512,40.017]],[[-75.66708,40.01756],[-75.66924,40.01838],[-75.66966,40.02031]],[[-75.67212,40.01984],[-75.67517,40.01947],[-75.67894,40.01992]],[[-75.69399,40.01975],[-75.69216,40.0196],[-75.69174,40.01866],[-75.69333,40.0182],[-75.69421,40.01926]],[[-75.69389,40.02007],[-75.69694,40.01954]],[[-75.62876,40.0191],[-75.61759,40.0221]],[[-75.62422,40.02128],[-75.62391,40.02219],[-75.62289,40.02209],[-75.62302,40.02127],[-75.62559,40.02041]],[[-75.61837,40.0221],[-75.62098,40.02183],[-75.62347,40.02252],[-75.6249,40.02213]],[[-75.69811,40.01931],[-75.69437,40.01907]],[[-75.78854,40.00634],[-75.78813,40.00561],[-75.78971,40.00533],[-75.78668,40.00626]],[[-75.74839,40.00755],[-75.74579,40.00728],[-75.7435,40.00837]],[[-75.43508,39.82658],[-75.43356,39.82732],[-75.4314,39.8272],[-75.43084,39.8282],[-75.43158,39.82718],[-75.4327,39.82742],[-75.43219,39.82851]],[[-75.42962,39.8306],[-75.43261,39.82965]],[[-75.42775,39.83149],[-75.42377,39.83328],[-75.42232,39.83468]],[[-75.42142,39.83537],[-75.42308,39.83488],[-75.42437,39.83519],[-75.42357,39.83481],[-75.42392,39.83425]],[[-75.40973,39.84199],[-75.4077,39.84182],[-75.40379,39.84249],[-75.40628,39.84193],[-75.40941,39.83957]],[[-75.374,39.85204],[-75.39006,39.84636]],[[-75.37729,39.85053],[-75.38281,39.84884]],[[-75.38186,39.83873],[-75.38345,39.84145]],[[-75.38555,39.8416],[-75.38373,39.84063],[-75.38204,39.83876]],[[-75.38492,39.84819],[-75.38697,39.84747],[-75.3877,39.84665],[-75.38617,39.84387]],[[-75.38736,39.9366],[-75.39208,39.93638],[-75.39524,39.935]],[[-75.39467,39.93514],[-75.39156,39.93557]],[[-75.39187,39.9356],[-75.38734,39.93648]],[[-75.35099,39.93761],[-75.35141,39.93785],[-75.34745,39.93896]],[[-75.3475,39.93909],[-75.34975,39.9386],[-75.35008,39.93895]],[[-75.10649,39.94333],[-75.10886,39.94582]],[[-75.08852,39.91893],[-75.08786,39.91901],[-75.08746,39.91808],[-75.08822,39.91811]],[[-75.08768,39.91721],[-75.08735,39.91817],[-75.08809,39.9195]],[[-74.91729,39.79181],[-74.91724,39.79118],[-74.91803,39.79099],[-74.91831,39.79158],[-74.91748,39.79192]],[[-75.08255,39.87334],[-75.08303,39.87277],[-75.08649,39.87222]],[[-75.02656,39.97949],[-75.03028,39.97695],[-75.03247,39.97368],[-75.03676,39.97281]],[[-75.03779,39.97337],[-75.03504,39.97395],[-75.0343,39.9735],[-75.03484,39.97304],[-75.03726,39.97297],[-75.04238,39.97387]],[[-75.03542,39.9739],[-75.03379,39.97387],[-75.03274,39.97311],[-75.0328,39.97213],[-75.03405,39.97182],[-75.03425,39.9725],[-75.03272,39.97298]],[[-75.07987,39.99905],[-75.07551,40.00525]],[[-75.0848,39.99965],[-75.08579,40.00063],[-75.08557,40.00137],[-75.08433,40.00128],[-75.08384,40.00059],[-75.0843,40.00006]],[[-75.08013,39.99391],[-75.07559,39.98986]],[[-75.03106,39.99504],[-75.03077,39.99448],[-75.03124,39.99425],[-75.0314,39.99493],[-75.03233,39.99519],[-75.03128,39.99522]],[[-75.0327,39.99633],[-75.03232,39.99448],[-75.03001,39.99421]],[[-74.96131,39.9406],[-74.96011,39.93866],[-74.96127,39.93743]],[[-75.01746,39.87309],[-75.01829,39.87508],[-75.01746,39.87565],[-75.01713,39.87506],[-75.01813,39.87418]],[[-75.20227,40.12908],[-75.20241,40.13265],[-75.20328,40.13303],[-75.20088,40.13347],[-75.20061,40.13275],[-75.20148,40.13299],[-75.20097,40.13447],[-75.2003,40.13416],[-75.20077,40.13364],[-75.19858,40.13405],[-75.20109,40.13514],[-75.20143,40.13923]],[[-75.19722,40.13193],[-75.1926,40.13202],[-75.19273,40.13379],[-75.19456,40.13472],[-75.19858,40.13405]],[[-75.18781,40.13398],[-75.19151,40.13346],[-75.19316,40.13428]],[[-75.2015,40.13331],[-75.20171,40.13083],[-75.20126,40.13198],[-75.19887,40.13376],[-75.19481,40.13459],[-75.19325,40.13418],[-75.19352,40.13307],[-75.19698,40.13215]],[[-75.19325,40.13418],[-75.19238,40.13253],[-75.19306,40.13213],[-75.19311,40.13264],[-75.19174,40.13304]],[[-75.20143,40.13728],[-75.20333,40.13372],[-75.20308,40.13267],[-75.2013,40.13227],[-75.19794,40.13399],[-75.20115,40.13347]],[[-75.20077,40.13364],[-75.20256,40.13339],[-75.20288,40.13414],[-75.2019,40.13423],[-75.20195,40.13182]],[[-75.20411,40.1484],[-75.20458,40.14834],[-75.20493,40.14657],[-75.20398,40.14383]],[[-75.20438,40.14521],[-75.20399,40.14751],[-75.20315,40.14781]],[[-75.2026,40.1164],[-75.20221,40.1138]],[[-75.19935,40.10984],[-75.20008,40.11188],[-75.19972,40.11237]],[[-75.20091,40.11297],[-75.20314,40.11787]],[[-75.19734,40.10521],[-75.1941,40.10164],[-75.18934,40.10025]],[[-75.18994,40.10046],[-75.1929,40.10164],[-75.19309,40.10252]],[[-75.21113,40.17957],[-75.21207,40.17908],[-75.21061,40.18327]],[[-75.21084,40.18509],[-75.21091,40.18296],[-75.21354,40.17654]],[[-75.20398,40.16753],[-75.20458,40.16746],[-75.2069,40.1694]],[[-75.5838,40.00314],[-75.58156,40.00502],[-75.58168,40.0055],[-75.58215,40.00483]],[[-75.58093,40.00877],[-75.5832,40.00557],[-75.58284,40.0061]],[[-74.75143,40.19195],[-74.75068,40.18976],[-74.74812,40.18907],[-74.74447,40.18662]],[[-74.74804,40.19031],[-74.75164,40.19342],[-74.75222,40.19532]],[[-74.75897,40.20109],[-74.75842,40.19791],[-74.75767,40.19765]],[[-74.75774,40.19776],[-74.75883,40.20109]],[[-74.7563,40.21246],[-74.75659,40.21051]],[[-75.14984,39.95752],[-75.14709,39.95739]],[[-75.1399,39.96129],[-75.14088,39.95716],[-75.14248,39.95662],[-75.1452,39.95704],[-75.14228,39.95624],[-75.14119,39.95514],[-75.14203,39.94829]],[[-75.1416,39.95599],[-75.14415,39.95735]],[[-75.17336,39.95933],[-75.17759,39.95985]],[[-75.18952,39.94599],[-75.18518,39.94887]],[[-75.19804,39.94461],[-75.19675,39.94342],[-75.19393,39.94284],[-75.19249,39.94339],[-75.19053,39.94528]],[[-75.18057,39.95614],[-75.18029,39.95881]],[[-74.98409,39.94675],[-74.98327,39.94591],[-74.9836,39.94468]],[[-75.13988,39.85645],[-75.13888,39.85807],[-75.13919,39.85966],[-75.13767,39.85989]],[[-75.20159,40.00795],[-75.20624,40.01025],[-75.20636,40.01087]],[[-75.20793,40.0108],[-75.20903,40.01061],[-75.20966,40.00926]],[[-75.21165,40.0125],[-75.20709,40.01036]],[[-75.20824,40.00974],[-75.2081,40.01037],[-75.21197,40.0133]],[[-75.14442,40.31843],[-75.14191,40.32073]],[[-75.62553,40.34578],[-75.62348,40.34382]],[[-75.14649,39.86313],[-75.14904,39.86185],[-75.14726,39.86197],[-75.14762,39.86063],[-75.14873,39.86003],[-75.14961,39.86019],[-75.14944,39.86082],[-75.14789,39.86105]],[[-75.18826,39.8427],[-75.18382,39.84502]],[[-75.1816,39.8463],[-75.17851,39.84797]],[[-75.6134,39.71974],[-75.61567,39.72377]],[[-75.61659,39.72277],[-75.61358,39.71968]],[[-75.60896,39.71589],[-75.61124,39.71758]],[[-75.61212,39.71819],[-75.60986,39.71543]],[[-75.60918,39.71378],[-75.60827,39.71114]],[[-75.60806,39.71069],[-75.60843,39.71386]],[[-74.82041,40.02517],[-74.81956,40.02566],[-74.82129,40.02509],[-74.82325,40.02608],[-74.82308,40.02708],[-74.82228,40.02697],[-74.82211,40.02639],[-74.82422,40.02406]],[[-74.78698,40.1026],[-74.79092,40.10504],[-74.79181,40.10465],[-74.79165,40.10328],[-74.79244,40.10276]],[[-74.78982,40.10385],[-74.79135,40.10364],[-74.79173,40.10463],[-74.79051,40.1049],[-74.78771,40.10299]],[[-74.77195,40.2189],[-74.77063,40.21815],[-74.76917,40.21814]],[[-74.72181,40.07426],[-74.72282,40.07374],[-74.7222,40.07292]],[[-74.90966,39.78684],[-74.9092,39.78753],[-74.90784,39.78613],[-74.90835,39.78576]],[[-75.41713,40.09492],[-75.41889,40.09456],[-75.41926,40.09401],[-75.4164,40.09189]],[[-75.11959,40.1629],[-75.12327,40.16502],[-75.12583,40.16436],[-75.12426,40.16325]],[[-75.16659,40.14013],[-75.17028,40.13914],[-75.17165,40.14028],[-75.17126,40.13868],[-75.17526,40.13692]],[[-75.23123,40.02644],[-75.22716,40.02449]],[[-75.5819,39.71712],[-75.58647,39.71197],[-75.59074,39.70889],[-75.59186,39.70681]],[[-75.34768,39.87203],[-75.34959,39.87311],[-75.35068,39.8745],[-75.35061,39.87576],[-75.3494,39.87598]],[[-75.4811,40.16026],[-75.48237,40.1604],[-75.48183,40.16143],[-75.47892,40.16078]],[[-75.47598,40.15971],[-75.47894,40.16153],[-75.47906,40.16211]],[[-75.47894,40.16247],[-75.48035,40.16231],[-75.48572,40.1638]],[[-75.52156,40.19255],[-75.52388,40.19571],[-75.52351,40.19644]],[[-75.54544,40.21573],[-75.54372,40.21516],[-75.54236,40.21359]],[[-75.62826,40.23129],[-75.62953,40.23165],[-75.62888,40.23225],[-75.6282,40.23055],[-75.63123,40.23172]],[[-75.63144,40.23192],[-75.62867,40.23224],[-75.62812,40.23106],[-75.62813,40.23007],[-75.62856,40.2302]],[[-75.6281,40.23049],[-75.62579,40.23149]],[[-75.64842,40.23709],[-75.65177,40.2384]],[[-75.65205,40.2374],[-75.6535,40.23736],[-75.65342,40.23794],[-75.65267,40.23808]],[[-75.65575,40.23876],[-75.65721,40.24004],[-75.65894,40.2406]],[[-75.65907,40.23958],[-75.66005,40.24],[-75.65997,40.24053],[-75.65924,40.24054],[-75.65894,40.23977]],[[-75.66155,40.24019],[-75.66029,40.23964],[-75.65931,40.23734]],[[-75.6589,40.23929],[-75.65932,40.23868],[-75.66001,40.23884],[-75.65977,40.23942],[-75.65862,40.23928]],[[-75.65841,40.23923],[-75.65765,40.23878],[-75.65788,40.23831],[-75.65859,40.23837],[-75.65878,40.23901]],[[-75.65877,40.23962],[-75.65824,40.24011],[-75.65712,40.23984],[-75.65733,40.23928],[-75.6584,40.23937]],[[-75.65923,40.23701],[-75.65731,40.23849],[-75.65527,40.23854]],[[-75.65923,40.24122],[-75.66082,40.24026],[-75.66204,40.24046]],[[-75.71881,40.25415],[-75.72172,40.25543]],[[-75.66091,40.23044],[-75.65975,40.23266],[-75.65978,40.23489]],[[-75.66002,40.23455],[-75.66081,40.23371],[-75.66209,40.2334]],[[-75.66316,40.2333],[-75.66251,40.23226],[-75.66066,40.23207]],[[-75.66048,40.2328],[-75.66239,40.23227],[-75.66277,40.23291],[-75.66189,40.23331]],[[-75.66527,40.24888],[-75.66134,40.24761],[-75.66076,40.24663]],[[-75.24805,39.87734],[-75.2498,39.87643],[-75.24886,39.87659]],[[-75.24201,39.88402],[-75.24129,39.888],[-75.23944,39.88989],[-75.23678,39.89149]],[[-75.58518,39.70009],[-75.58696,39.70263],[-75.58736,39.70863]],[[-75.41182,39.84251],[-75.41451,39.84349]],[[-74.72254,40.18323],[-74.72273,40.17833],[-74.72305,40.18046],[-74.72502,40.18233],[-74.72696,40.1837],[-74.72974,40.18417]],[[-75.36673,39.85457],[-75.36384,39.8555]],[[-75.3612,39.85707],[-75.3659,39.85507]],[[-75.35537,39.85892],[-75.35193,39.86113]],[[-75.35204,39.86124],[-75.35564,39.85932]],[[-75.47794,40.06016],[-75.47352,40.06218]],[[-75.09363,39.98541],[-75.08814,39.98813],[-75.08422,39.99357]],[[-75.34596,39.86946],[-75.34482,39.86805],[-75.34353,39.86747],[-75.3398,39.86785],[-75.33644,39.86728]],[[-75.47397,39.85697],[-75.47536,39.85808],[-75.47575,39.85951]],[[-74.69927,40.1279],[-74.70216,40.12368],[-74.70327,40.12342],[-74.70714,40.12403],[-74.70765,40.12468],[-74.70689,40.12489],[-74.70653,40.12427]],[[-74.70344,40.12335],[-74.70164,40.12396],[-74.69953,40.12754]],[[-75.21052,40.01157],[-75.20957,40.00979]],[[-74.72273,40.17833],[-74.72271,40.17362]],[[-74.72153,40.18782],[-74.72243,40.18688],[-74.7268,40.18466],[-74.73259,40.18475]],[[-74.70469,40.18651],[-74.70378,40.18748],[-74.70254,40.18695],[-74.70302,40.18603],[-74.70694,40.18539]],[[-74.70236,40.23356],[-74.70088,40.23269],[-74.69968,40.22989]],[[-74.84586,40.11763],[-74.84643,40.1176],[-74.84792,40.1198],[-74.85385,40.12176],[-74.85411,40.12244]],[[-74.9462,40.07609],[-74.95544,40.0707]],[[-75.00244,40.04905],[-75.00032,40.0485],[-74.99921,40.04762],[-74.99913,40.04649],[-75.0,40.04578],[-75.00079,40.04632],[-75.00024,40.04721]],[[-75.03505,40.02305],[-75.03124,40.02372],[-75.03109,40.02497]],[[-75.08536,39.99343],[-75.08661,39.99102]],[[-75.12078,39.97359],[-75.12471,39.97225]],[[-75.19891,40.0069],[-75.20403,40.00888]],[[-75.1657,40.01975],[-75.16809,40.01844]],[[-75.14172,40.02074],[-75.14375,40.01974]],[[-75.22423,40.20327],[-75.2228,40.20485]],[[-74.97138,40.08705],[-74.96901,40.08437]],[[-74.99049,40.10251],[-74.98902,40.10102]],[[-74.98635,40.0995],[-74.98886,40.10134]],[[-74.97615,40.09098],[-74.9786,40.09271]],[[-74.95309,40.14632],[-74.94801,40.1503]],[[-75.56418,39.73503],[-75.5626,39.73677],[-75.56231,39.73932]],[[-75.51859,39.73919],[-75.52286,39.73621],[-75.52292,39.73657]],[[-75.1759,39.84929],[-75.17203,39.85146]],[[-75.44596,39.7082],[-75.446,39.70732],[-75.44676,39.70712],[-75.44707,39.70769],[-75.44604,39.70854]],[[-75.1304,39.75688],[-75.13035,39.75788],[-75.12937,39.75839],[-75.12863,39.75796],[-75.12933,39.75714]],[[-75.45085,39.8069],[-75.45269,39.8083]],[[-74.86967,40.19323],[-74.86577,40.19265],[-74.86543,40.19189]],[[-75.74525,40.00851],[-75.74878,40.00757]],[[-75.67236,40.0197],[-75.67043,40.01981],[-75.66991,40.0189],[-75.67074,40.01845],[-75.67361,40.01885]],[[-75.55386,39.71723],[-75.55779,39.71811],[-75.55926,39.71781],[-75.56002,39.71694],[-75.55991,39.71496],[-75.56084,39.71352]],[[-75.56008,39.71671],[-75.55869,39.71533],[-75.55693,39.71505]],[[-75.57631,40.24142],[-75.57472,40.24063],[-75.57545,40.24004],[-75.57673,40.24076],[-75.57594,40.24006],[-75.57287,40.24014],[-75.56994,40.2388]],[[-75.57141,40.23986],[-75.57389,40.24218]],[[-75.61714,40.23404],[-75.62212,40.23235]],[[-75.62126,40.2324],[-75.61677,40.23325],[-75.61246,40.23731]],[[-75.61431,40.23581],[-75.61712,40.23443]],[[-75.35558,39.93707],[-75.35141,39.93785]],[[-75.17488,39.89892],[-75.17027,39.89873]],[[-75.17459,39.90295],[-75.17471,39.90101],[-75.1758,39.89988],[-75.18273,39.89835]],[[-75.21753,39.88641],[-75.20975,39.88557]],[[-75.24674,39.88061],[-75.24056,39.88891]],[[-75.24161,39.88228],[-75.24142,39.8835],[-75.24278,39.88425],[-75.24159,39.88386],[-75.24083,39.88289]],[[-75.24278,39.88425],[-75.24734,39.88299],[-75.24963,39.87936],[-75.25363,39.87735]],[[-75.24721,39.88281],[-75.24917,39.88278],[-75.25152,39.88179],[-75.25322,39.87983],[-75.25238,39.8808],[-75.24873,39.88269],[-75.25243,39.88034],[-75.25294,39.87898],[-75.25236,39.88029],[-75.24808,39.88263],[-75.24644,39.88244],[-75.24574,39.8812],[-75.24608,39.88219],[-75.24721,39.88281]],[[-75.25322,39.87983],[-75.25459,39.87759],[-75.25806,39.87672],[-75.25882,39.87568],[-75.25798,39.87493],[-75.25272,39.87465]],[[-75.25294,39.87898],[-75.25231,39.87632],[-75.25121,39.87596],[-75.2498,39.87643]],[[-75.39759,40.08899],[-75.39993,40.08694],[-75.40143,40.08702]],[[-75.13895,40.06299],[-75.13432,40.06041]],[[-75.13436,40.06062],[-75.13913,40.06323]],[[-75.36139,39.9135],[-75.36219,39.91738]],[[-75.34912,39.87603],[-75.35086,39.87702],[-75.35127,39.87897]],[[-75.66107,40.2482],[-75.66031,40.24838],[-75.6606,40.24795],[-75.66221,40.24808]],[[-75.64298,40.2892],[-75.64143,40.2908]],[[-75.64321,40.28962],[-75.64404,40.28698]],[[-75.62166,40.32976],[-75.62317,40.3246]],[[-75.62305,40.32442],[-75.62149,40.32973]],[[-75.6262,40.34821],[-75.62591,40.34532]],[[-75.6239,40.34778],[-75.62625,40.3486]],[[-75.11005,39.94548],[-75.10788,39.94461],[-75.10653,39.94291]],[[-75.07964,39.93356],[-75.07714,39.93392]],[[-75.32372,40.06103],[-75.32137,40.06354]],[[-75.1993,39.93573],[-75.1978,39.93821]],[[-75.18575,39.91057],[-75.18084,39.91284],[-75.17794,39.91303]],[[-74.69999,40.15241],[-74.7001,40.15455]],[[-75.10719,39.90247],[-75.10717,39.90163],[-75.10864,39.90134]],[[-74.84543,40.26276],[-74.84713,40.26535]],[[-74.78516,40.28771],[-74.78682,40.28944],[-74.78516,40.28898]],[[-74.785,40.28928],[-74.78383,40.29025],[-74.77684,40.29147]],[[-74.78376,40.29965],[-74.78297,40.30039],[-74.78293,40.29953]],[[-75.57079,39.6972],[-75.57198,39.69901],[-75.57157,39.70095]],[[-75.15066,40.30133],[-75.14714,40.29942]],[[-75.58319,39.97176],[-75.58263,39.97236],[-75.58169,39.97189],[-75.58405,39.97394]],[[-75.40729,40.08027],[-75.40853,40.08194],[-75.40649,40.08057],[-75.40391,40.08134]],[[-75.30075,40.09863],[-75.30477,40.09452]],[[-75.30445,40.09431],[-75.3031,40.09521],[-75.30119,40.09555],[-75.2985,40.09736]],[[-75.29921,40.09775],[-75.30159,40.09566],[-75.30177,40.09635],[-75.29995,40.09785]],[[-75.29999,40.09833],[-75.29997,40.09885],[-75.29845,40.09942],[-75.29943,40.09836]],[[-75.29562,40.09942],[-75.29882,40.09959],[-75.30073,40.09876]],[[-75.29861,40.09841],[-75.29596,40.09874],[-75.29549,40.09842]],[[-75.29144,40.10244],[-75.29184,40.10053]],[[-75.39393,40.08494],[-75.39292,40.08475],[-75.39278,40.08418],[-75.39502,40.0833]],[[-74.96449,40.0752],[-74.96502,40.07393],[-74.96427,40.07231]],[[-75.1145,39.94254],[-75.11389,39.94231],[-75.11287,39.94003]],[[-75.10167,39.87258],[-75.10205,39.87436]],[[-74.85119,40.00882],[-74.84911,40.01041],[-74.84876,40.00983],[-74.8496,40.00939]],[[-74.71646,40.13746],[-74.71595,40.13408],[-74.71704,40.13391],[-74.71645,40.13482],[-74.7186,40.1341]],[[-74.85264,40.0074],[-74.85041,40.00777],[-74.84915,40.00919],[-74.84814,40.00941]],[[-74.71242,40.19971],[-74.7126,40.20066],[-74.71182,40.20114],[-74.71121,40.20068],[-74.71178,40.19986]],[[-74.81118,40.29259],[-74.81154,40.29149],[-74.81509,40.28855]],[[-74.7004,40.10977],[-74.70024,40.10822],[-74.69931,40.10731]],[[-74.93957,39.90832],[-74.93948,39.90759],[-74.94137,39.90732]],[[-74.91678,40.40088],[-74.91306,40.40255],[-74.90969,40.4027]],[[-74.74694,40.54551],[-74.7477,40.54443],[-74.74685,40.54564],[-74.74654,40.54518]],[[-74.70071,40.1595],[-74.70164,40.15767]],[[-75.2777,39.81155],[-75.2795,39.811],[-75.27949,39.81049],[-75.27872,39.81044]],[[-75.27952,39.80932],[-75.27793,39.80969],[-75.27781,39.81024],[-75.27852,39.81027]],[[-75.24685,39.81771],[-75.23904,39.81999],[-75.23223,39.82345]],[[-75.14904,39.86185],[-75.15373,39.86071]],[[-75.14845,39.91337],[-75.14985,39.91112],[-75.15234,39.91145],[-75.15212,39.9121],[-75.1511,39.91207]],[[-75.0061,39.99013],[-75.00792,39.99027],[-75.00713,39.9896]],[[-75.00648,39.98979],[-75.00583,39.98992],[-75.00524,39.98933],[-75.00612,39.98914]],[[-74.88627,39.98287],[-74.88384,39.98427]],[[-75.00344,39.88375],[-75.00475,39.88217]],[[-75.1405,39.9549],[-75.14074,39.95765]],[[-75.1625,39.95775],[-75.15836,39.95734]],[[-75.77695,40.27271],[-75.77761,40.27345],[-75.77644,40.27325]],[[-75.77956,40.27345],[-75.7768,40.27205]],[[-75.18192,39.96042],[-75.18077,39.95882],[-75.18122,39.9569]],[[-75.39176,40.08403],[-75.38888,40.08527]],[[-75.3511,40.10825],[-75.35194,40.10643],[-75.35364,40.10572],[-75.35008,40.10586]],[[-75.35122,40.10494],[-75.35065,40.10584],[-75.3512,40.10716]],[[-74.80646,40.18042],[-74.80739,40.1822],[-74.80706,40.18296]],[[-74.8795,40.23492],[-74.88138,40.23532],[-74.88116,40.23909]],[[-74.95183,40.14885],[-74.9539,40.14616]],[[-75.07932,40.00136],[-75.08283,39.99631]],[[-75.2022,40.13336],[-75.20457,40.13328]],[[-75.04937,39.78923],[-75.04953,39.78791],[-75.05062,39.78772]],[[-75.56133,39.74241],[-75.56248,39.74122],[-75.56264,39.73995]],[[-75.24709,40.0373],[-75.25107,40.04136]],[[-75.04869,39.78682],[-75.04838,39.78829],[-75.04675,39.7885]],[[-75.04675,39.78867],[-75.04839,39.78855],[-75.04917,39.79006]],[[-75.66561,39.7293],[-75.66594,39.73114]],[[-75.7052,39.75053],[-75.70294,39.75063],[-75.70218,39.7497]],[[-75.55312,39.75466],[-75.55469,39.75243]],[[-75.54771,39.76381],[-75.54275,39.76508]],[[-75.66316,40.05791],[-75.66271,40.05706],[-75.664,40.05707]],[[-75.32283,39.87054],[-75.31921,39.87065]],[[-75.57475,40.24193],[-75.58045,40.24219]],[[-75.35217,40.07559],[-75.35696,40.07553]],[[-75.60538,39.70325],[-75.60666,39.70271],[-75.60757,39.70332],[-75.60676,39.70413],[-75.60566,39.70356]],[[-74.93031,39.89693],[-74.9294,39.89518],[-74.93006,39.89424]],[[-74.92601,39.89397],[-74.92763,39.8944],[-74.92935,39.89601]],[[-74.92543,39.89188],[-74.92588,39.89164],[-74.92628,39.89222],[-74.92602,39.89297],[-74.92708,39.89312]],[[-74.92703,39.89248],[-74.92545,39.8905]],[[-75.20151,40.11329],[-75.19988,40.11051]],[[-75.20301,40.12671],[-75.20171,40.13083]],[[-75.19287,40.10276],[-75.19393,40.1022],[-75.1929,40.10164]],[[-75.34878,40.07388],[-75.35255,40.07539]],[[-74.9656,40.13072],[-74.96398,40.13008],[-74.96352,40.12879],[-74.96225,40.12772],[-74.96243,40.12705],[-74.9635,40.12657]],[[-75.41807,40.10136],[-75.41721,40.10072],[-75.4178,40.10047],[-75.41841,40.10089]],[[-75.51445,40.05283],[-75.51875,40.05217],[-75.52063,40.05416]],[[-75.58162,39.96701],[-75.58258,39.96649],[-75.58277,39.967],[-75.58214,39.96736]],[[-75.58183,39.96788],[-75.58154,39.96845],[-75.58083,39.96839],[-75.58141,39.96756]],[[-75.5801,39.95823],[-75.58109,39.95679],[-75.58137,39.95312]],[[-75.30892,39.86855],[-75.30154,39.87057],[-75.30235,39.86994],[-75.30139,39.86954],[-75.30119,39.87057]],[[-75.30154,39.87057],[-75.29996,39.87092],[-75.29955,39.87032],[-75.30051,39.87006],[-75.30124,39.87085]],[[-75.42763,40.55103],[-75.42523,40.54803]],[[-75.42308,40.54918],[-75.42528,40.54943],[-75.42642,40.55021]],[[-74.92685,39.83586],[-74.92708,39.83635],[-74.92614,39.83655],[-74.92579,39.83599]],[[-75.32742,39.86954],[-75.32291,39.8705]],[[-75.32429,39.87196],[-75.32431,39.87137],[-75.32892,39.8693]],[[-75.30044,39.86832],[-75.2989,39.87133],[-75.29462,39.8729]],[[-75.28132,39.8762],[-75.2745,39.87457],[-75.27104,39.87537]],[[-75.30288,39.87338],[-75.30256,39.87252],[-75.30364,39.8705],[-75.30714,39.86913]],[[-75.29424,39.87323],[-75.30113,39.87115],[-75.30032,39.87177],[-75.30126,39.8722],[-75.3014,39.87112]],[[-75.30113,39.87115],[-75.30266,39.87082],[-75.30312,39.8714],[-75.3023,39.87182],[-75.30149,39.87108]],[[-75.25354,39.88135],[-75.25311,39.88096],[-75.25451,39.8774],[-75.2616,39.87629]],[[-75.16544,39.9114],[-75.16332,39.91045]],[[-75.15121,39.90865],[-75.15475,39.90831]],[[-75.16232,39.90974],[-75.16291,39.91072],[-75.16153,39.9109]],[[-75.15047,39.91029],[-75.15093,39.90996],[-75.15129,39.91039],[-75.14962,39.90997],[-75.14949,39.9085]],[[-75.15112,39.90224],[-75.15003,39.90375],[-75.14959,39.90724],[-75.15706,39.9085],[-75.15747,39.90936],[-75.1561,39.90955],[-75.15821,39.90991],[-75.15881,39.91069],[-75.15714,39.91173],[-75.15121,39.91108]],[[-75.15261,39.90787],[-75.15499,39.90797]],[[-75.20106,39.90267],[-75.19703,39.90504],[-75.19683,39.90455],[-75.1976,39.9041]],[[-75.19143,39.92158],[-75.19085,39.92096],[-75.19107,39.91934]],[[-75.17839,39.96161],[-75.17806,39.9597],[-75.17511,39.95941]],[[-75.38121,39.83774],[-75.37963,39.83562],[-75.37952,39.83438],[-75.38117,39.83352],[-75.38259,39.83467]],[[-75.37634,39.83792],[-75.37579,39.8364],[-75.3778,39.83538],[-75.37893,39.83574],[-75.38135,39.8381]],[[-75.22658,40.21338],[-75.2267,40.21252],[-75.22565,40.21192]],[[-75.52117,40.05469],[-75.52001,40.05304],[-75.52032,40.05201],[-75.52196,40.0515],[-75.52501,40.05145]],[[-74.7046,40.12371],[-74.70592,40.12454],[-74.70569,40.12717]],[[-75.2246,40.20562],[-75.22506,40.20519],[-75.22575,40.20542],[-75.22612,40.20618],[-75.22564,40.20664]],[[-75.14328,40.29621],[-75.1412,40.29452],[-75.14093,40.29199]],[[-75.14114,40.29187],[-75.1349,40.29137],[-75.13285,40.29065]],[[-74.8202,40.02535],[-74.82117,40.02536],[-74.8216,40.026],[-74.81977,40.02815]],[[-74.78132,40.09762],[-74.77412,40.09569]],[[-74.77278,40.09562],[-74.77854,40.09688],[-74.78465,40.09915]],[[-75.25764,39.87622],[-75.25037,39.87763],[-75.24678,39.87962],[-75.24574,39.8812]],[[-75.40228,39.84163],[-75.40384,39.84192],[-75.40331,39.84256],[-75.40258,39.84234]],[[-75.24082,39.8806],[-75.24135,39.88336]],[[-75.23781,40.23096],[-75.23761,40.23199],[-75.23542,40.23381]],[[-75.23864,40.2331],[-75.24083,40.23219],[-75.24022,40.23051]],[[-75.43838,40.08387],[-75.43537,40.08484]],[[-74.96328,40.12626],[-74.96208,40.12749],[-74.96343,40.12953],[-74.96259,40.1299],[-74.96061,40.12961]],[[-74.81186,40.15779],[-74.81176,40.16069]],[[-74.96494,40.13637],[-74.96464,40.13557],[-74.96575,40.13397],[-74.96681,40.13328],[-74.96823,40.1333]],[[-75.12522,40.16637],[-75.12476,40.16563],[-75.12369,40.16538],[-75.12483,40.16523]],[[-75.16235,40.08398],[-75.16287,40.08578]],[[-75.16485,40.08684],[-75.16227,40.08351]],[[-75.54568,39.78196],[-75.54612,39.77918],[-75.54689,39.77809]],[[-75.61908,39.73831],[-75.61735,39.74086]],[[-75.61699,39.72751],[-75.61813,39.72775],[-75.61942,39.72941]],[[-74.91034,39.77867],[-74.90944,39.77916],[-74.90892,39.77845],[-74.90943,39.77796],[-74.91039,39.77832]],[[-75.14682,40.3034],[-75.14901,40.3053],[-75.1494,40.30662]],[[-75.14855,40.30218],[-75.14876,40.30421],[-75.14794,40.30451],[-75.1472,40.30399]],[[-75.57971,39.96777],[-75.58198,39.96905],[-75.58255,39.96993]],[[-75.5828,39.9668],[-75.58296,39.96736],[-75.58084,39.96477]],[[-75.72818,40.01139],[-75.72357,40.01196]],[[-75.72284,40.01394],[-75.72574,40.01396],[-75.7279,40.01304]],[[-75.72623,40.01367],[-75.72644,40.01287],[-75.72603,40.01378],[-75.72499,40.01378],[-75.72527,40.01287]],[[-75.72494,40.01159],[-75.72442,40.01239],[-75.72558,40.01151],[-75.72611,40.01189],[-75.72563,40.01255]],[[-75.79834,39.84273],[-75.80342,39.84094]],[[-75.76035,39.84757],[-75.76528,39.84772],[-75.76673,39.84738],[-75.76498,39.84766],[-75.76466,39.84699],[-75.76631,39.84645]],[[-75.77157,39.84543],[-75.76736,39.84495],[-75.76589,39.84553],[-75.76752,39.84499],[-75.76797,39.84568],[-75.76636,39.8462]],[[-75.7105,39.85662],[-75.71569,39.85725]],[[-75.71957,39.85594],[-75.71051,39.85639]],[[-75.6881,39.85941],[-75.69171,39.85794],[-75.69387,39.85587]],[[-75.69378,39.85578],[-75.68952,39.8585]],[[-75.66914,39.86866],[-75.67004,39.86848],[-75.67082,39.86896],[-75.66976,39.86744],[-75.66871,39.86753],[-75.66895,39.86822],[-75.66992,39.8681]],[[-75.67088,39.86892],[-75.66925,39.86724],[-75.66836,39.86863],[-75.66741,39.86891]],[[-74.8816,40.23439],[-74.87911,40.23407],[-74.879,40.23293],[-74.87986,40.23196],[-74.88089,40.2319],[-74.88163,40.23243],[-74.88185,40.23479]],[[-75.53745,40.07628],[-75.53351,40.07507],[-75.53337,40.07421],[-75.53479,40.07249],[-75.53359,40.07347],[-75.52795,40.0758],[-75.52689,40.07562],[-75.52528,40.07418],[-75.52328,40.07362]],[[-75.53636,40.07009],[-75.53604,40.06961],[-75.53652,40.06962],[-75.53589,40.06958],[-75.5347,40.07244],[-75.53437,40.07215],[-75.53349,40.07293]],[[-75.28784,40.10791],[-75.28939,40.10565]],[[-75.53454,40.07262],[-75.5282,40.07565],[-75.52731,40.07567],[-75.52682,40.07513],[-75.52742,40.07464],[-75.53094,40.07509]],[[-75.62476,40.0219],[-75.62516,40.02102],[-75.62962,40.01897]],[[-75.15214,39.86109],[-75.14982,39.86129],[-75.15038,39.86138]],[[-75.44191,39.82283],[-75.43968,39.82347],[-75.4386,39.8231],[-75.43912,39.8237],[-75.43667,39.82551]],[[-75.05057,39.78755],[-75.0495,39.7875],[-75.04903,39.78625]],[[-75.62099,39.7333],[-75.62019,39.73557],[-75.61815,39.73648],[-75.62023,39.73599],[-75.62092,39.73486]],[[-74.73524,40.09101],[-74.7315,40.09468],[-74.73151,40.09608],[-74.73266,40.09736]],[[-74.70089,40.12318],[-74.69588,40.12492],[-74.69525,40.1259]],[[-74.70267,40.12276],[-74.69845,40.12641],[-74.6982,40.12741],[-74.69904,40.12778],[-74.69821,40.12775],[-74.69775,40.12661],[-74.70058,40.12411]],[[-75.29841,39.87201],[-75.2995,39.87187],[-75.30257,39.87307]],[[-75.30426,39.86972],[-75.30311,39.86986],[-75.30086,39.86925],[-75.30053,39.86874]],[[-75.23193,39.89234],[-75.22898,39.891],[-75.22698,39.89097]],[[-75.53328,40.07352],[-75.53011,40.07453],[-75.52678,40.07414]],[[-74.69654,40.2833],[-74.70133,40.27918]],[[-74.69598,40.25378],[-74.69755,40.25321],[-74.69898,40.25191],[-74.70045,40.25179]],[[-75.23521,39.82245],[-75.2375,39.82154],[-75.23952,39.82178],[-75.24024,39.82107]],[[-74.90115,40.16528],[-74.90057,40.1626]],[[-74.89912,40.16641],[-74.89919,40.16887]],[[-74.73818,40.09658],[-74.73531,40.09658],[-74.73367,40.09528],[-74.73374,40.09399],[-74.73612,40.09123]],[[-75.11391,39.90296],[-75.11386,39.90219],[-75.11209,39.90083]],[[-75.16643,39.85508],[-75.16883,39.85338]],[[-75.10103,39.86602],[-75.10036,39.86836],[-75.10116,39.86974]],[[-75.54344,39.76887],[-75.54392,39.76728],[-75.54597,39.76574]],[[-75.28266,40.10845],[-75.27903,40.11044]],[[-75.35956,40.03663],[-75.35957,40.0351],[-75.36135,40.03323]],[[-75.30179,39.87094],[-75.30436,39.87012]],[[-75.30096,39.87076],[-75.2983,39.87162]],[[-75.36534,39.93639],[-75.36502,39.93393],[-75.36393,39.93194]],[[-75.36276,39.93658],[-75.36094,39.93719],[-75.35797,39.93718]],[[-75.45221,39.8153],[-75.45002,39.81852]],[[-75.80216,39.83974],[-75.7983,39.84248]],[[-75.62576,40.34837],[-75.62735,40.35038]],[[-75.4097,40.07855],[-75.41459,40.07691],[-75.41628,40.07848]],[[-74.81882,40.28564],[-74.81547,40.28777]],[[-74.80076,40.28948],[-74.80672,40.28988]],[[-75.71552,39.85719],[-75.71942,39.8562]],[[-75.16827,40.09072],[-75.16528,40.08732]],[[-75.16406,40.08767],[-75.16697,40.08951]],[[-75.20216,40.13517],[-75.20378,40.13355]],[[-74.92482,39.88988],[-74.92588,39.89164]],[[-74.92601,39.89197],[-74.92561,39.89377]],[[-75.53904,39.71922],[-75.53998,39.71807],[-75.54115,39.71827],[-75.5412,39.71909],[-75.53992,39.72031]],[[-75.54132,39.72016],[-75.54418,39.71818]],[[-75.52286,39.73621],[-75.5235,39.73385],[-75.52457,39.7326]],[[-75.52057,39.73502],[-75.51835,39.73906]],[[-74.88968,40.12847],[-74.88835,40.12104]],[[-75.03127,40.02498],[-75.03155,40.02441],[-75.03531,40.02321]],[[-75.07848,39.99307],[-75.08371,39.99863]],[[-75.12643,39.96931],[-75.12297,39.97138],[-75.12133,39.97148]],[[-75.12126,39.97155],[-75.12152,39.97231],[-75.11659,39.975]],[[-75.42052,40.11243],[-75.42181,40.11265],[-75.42128,40.1131],[-75.42054,40.11272]],[[-75.4225,40.11517],[-75.42136,40.11392],[-75.42185,40.11243],[-75.42085,40.11199],[-75.42149,40.11229]],[[-75.41987,40.11035],[-75.41969,40.11288],[-75.42189,40.11514],[-75.42452,40.1163]],[[-75.35056,39.93807],[-75.35411,39.9374]],[[-74.95893,40.13844],[-74.96018,40.13786],[-74.96048,40.13873]],[[-74.79572,40.19742],[-74.79862,40.19722]],[[-74.86014,40.19358],[-74.86417,40.19409]],[[-74.8655,40.19409],[-74.86835,40.19341]],[[-74.86836,40.25161],[-74.87169,40.25028]],[[-74.86194,40.12471],[-74.85607,40.12367],[-74.85349,40.12156]],[[-74.81297,40.17147],[-74.81257,40.16849]],[[-74.81219,40.17157],[-74.81235,40.17434]],[[-74.80624,39.98206],[-74.80445,39.98079]],[[-75.28631,40.10979],[-75.28867,40.1095]],[[-75.28938,40.10932],[-75.28599,40.1096]],[[-75.07281,39.86166],[-75.07537,39.86158]],[[-74.8186,40.02622],[-74.81711,40.02714],[-74.81956,40.02566]],[[-75.07675,39.85991],[-75.07665,39.86101],[-75.07543,39.86145]],[[-75.24032,39.89022],[-75.24291,39.88734]],[[-75.23415,40.22555],[-75.23426,40.22615],[-75.23323,40.22718],[-75.23228,40.22693]],[[-75.64389,40.28673],[-75.64306,40.28867]],[[-75.41613,40.102],[-75.41868,40.10264],[-75.41963,40.10366]],[[-74.99964,40.04579],[-74.99779,40.04752]],[[-74.97114,40.13335],[-74.97234,40.13261],[-74.97389,40.13267]],[[-75.15488,39.91104],[-75.15129,39.91039]],[[-75.41315,40.07685],[-75.41084,40.07739]],[[-75.24587,39.88403],[-75.24873,39.88269]],[[-75.20681,39.98887],[-75.20823,39.98722]],[[-75.53479,40.07249],[-75.53604,40.06961]],[[-75.34825,40.2497],[-75.34683,40.24952],[-75.34347,40.24372]],[[-75.41996,40.10399],[-75.41984,40.10251],[-75.41824,40.10198]],[[-74.88717,40.23303],[-74.88545,40.23289],[-74.88526,40.2334]],[[-75.34236,40.24218],[-75.34376,40.24511],[-75.34283,40.24648]],[[-75.1902,39.92182],[-75.19169,39.92345]],[[-75.075,39.93396],[-75.07178,39.93423]],[[-75.66915,40.06254],[-75.67012,40.06396],[-75.66988,40.06528]],[[-75.39293,40.08536],[-75.39151,40.08519],[-75.39166,40.08471],[-75.39247,40.08474]],[[-74.88755,40.11101],[-74.88154,40.11377]],[[-74.95711,40.07111],[-74.95288,40.07242]],[[-74.96578,40.06653],[-74.96297,40.06778]],[[-75.32566,40.06021],[-75.32905,40.05862]],[[-75.31975,40.06559],[-75.32329,40.06459]],[[-75.77837,40.12232],[-75.78048,40.12312]],[[-75.12197,40.16417],[-75.12009,40.16302]],[[-75.42078,40.43526],[-75.4245,40.43805]],[[-75.42424,40.43776],[-75.42091,40.43539]],[[-75.34515,40.25117],[-75.34243,40.24764],[-75.3425,40.24687]],[[-75.34241,40.24787],[-75.3452,40.25151]],[[-74.76947,40.21827],[-74.77257,40.21983]],[[-74.96844,40.13293],[-74.96424,40.13199],[-74.96375,40.13268],[-74.96457,40.13425],[-74.96408,40.135]],[[-74.96615,40.13262],[-74.96482,40.13331],[-74.96386,40.13267],[-74.96486,40.13198],[-74.9686,40.13336]],[[-74.96971,40.12762],[-74.96883,40.1282],[-74.96725,40.12792],[-74.96669,40.12863]],[[-74.96677,40.12866],[-74.96766,40.12795],[-74.96868,40.12892]],[[-74.97009,40.12954],[-74.97007,40.12751]],[[-74.86013,40.25328],[-74.85731,40.25375],[-74.85314,40.25346]],[[-74.84309,40.26168],[-74.84421,40.26125],[-74.8456,40.26147]],[[-74.84412,40.25853],[-74.84566,40.26119]],[[-74.84591,40.26119],[-74.84437,40.25841]],[[-74.8439,40.2583],[-74.843,40.26149]],[[-74.84326,40.25563],[-74.84396,40.25822]],[[-74.84424,40.25817],[-74.84374,40.25629]],[[-75.19106,40.00809],[-75.18722,40.00961]],[[-75.69028,40.24062],[-75.69122,40.23997],[-75.69379,40.2409]],[[-75.69462,40.24123],[-75.69024,40.23886],[-75.68839,40.23889],[-75.6854,40.23982]],[[-74.85308,40.50242],[-74.85056,40.50373]],[[-74.71987,40.18175],[-74.71917,40.18351],[-74.72052,40.1853],[-74.72301,40.18591],[-74.7255,40.18523]],[[-75.10128,39.82818],[-75.10318,39.82886],[-75.10372,39.83042]],[[-75.06195,39.81083],[-75.06001,39.80917]],[[-74.84544,40.25991],[-74.84387,40.26016],[-74.84361,40.25915]],[[-74.85452,40.25504],[-74.85596,40.25537],[-74.85556,40.25593],[-74.85465,40.25561]],[[-74.8539,40.25448],[-74.85411,40.25375],[-74.8557,40.2536],[-74.85575,40.2542],[-74.85442,40.25488]],[[-74.85352,40.25412],[-74.85334,40.25498],[-74.85183,40.25608]],[[-74.85556,40.25593],[-74.85487,40.25624],[-74.85835,40.25392]],[[-75.11421,39.86189],[-75.10757,39.86444],[-75.10613,39.86449],[-75.10102,39.86253],[-75.09918,39.85801]],[[-75.09798,39.85557],[-75.09923,39.86113],[-75.10058,39.86262],[-75.10734,39.86478],[-75.11238,39.86296]],[[-75.58168,40.0055],[-75.58078,40.00824]],[[-75.5832,40.00557],[-75.584,40.00328]],[[-75.20143,40.13404],[-75.20115,40.13676]],[[-74.9608,39.93134],[-74.9596,39.92984],[-74.9605,39.92891]],[[-75.45267,39.80531],[-75.45169,39.80497],[-75.45083,39.80259]],[[-75.08379,40.00089],[-75.08457,40.00157],[-75.08543,40.00156],[-75.08601,40.00098],[-75.08569,40.00014]],[[-75.04739,39.77118],[-75.04727,39.77252],[-75.04845,39.77338],[-75.04861,39.77535]],[[-75.00801,39.73323],[-75.01062,39.73564]],[[-74.71587,40.13465],[-74.71553,40.13202]],[[-75.0311,39.97488],[-75.0302,39.97546],[-75.02948,39.97528],[-75.0296,39.97472],[-75.03076,39.9744]],[[-75.14233,39.93868],[-75.14344,39.93943],[-75.14286,39.94304]],[[-75.32916,40.06383],[-75.32472,40.06337],[-75.32399,40.06273],[-75.32403,40.0618]],[[-75.52973,40.05135],[-75.52443,40.05113]],[[-75.51804,40.05167],[-75.50951,40.05388]],[[-75.5747,40.24183],[-75.57393,40.24188],[-75.57386,40.24144],[-75.57508,40.24133]],[[-74.78237,40.2919],[-74.78319,40.29244],[-74.78298,40.29353]],[[-75.60064,39.70024],[-75.59808,39.70078]],[[-75.03024,40.02413],[-75.02768,40.02582]],[[-74.76812,40.21345],[-74.76705,40.21158]],[[-75.34556,39.79415],[-75.34541,39.79604]],[[-75.68688,40.23949],[-75.69122,40.23997]],[[-75.27685,39.75646],[-75.27742,39.75327],[-75.28002,39.75146]],[[-75.09922,39.85913],[-75.09962,39.8612],[-75.09906,39.86133]],[[-75.19393,40.1022],[-75.19582,40.10344]],[[-74.84295,40.26085],[-74.83985,40.26562]],[[-74.94603,40.15396],[-74.94761,40.15217]],[[-75.6353,40.23332],[-75.63973,40.23401]],[[-75.71489,39.77426],[-75.71502,39.77492],[-75.71571,39.77491],[-75.71575,39.77422],[-75.71496,39.77432]],[[-75.10344,39.87506],[-75.10214,39.87248]]]}},{"type":"Feature","properties":{"t":2,"n":"East Main Street"},"geometry":{"type":"MultiLineString","coordinates":[[[-75.7762,40.519],[-75.77141,40.52429],[-75.76711,40.52755]],[[-75.44954,40.1849],[-75.45171,40.186],[-75.45531,40.19004],[-75.46608,40.19463]],[[-75.34463,40.11458],[-75.32946,40.10908],[-75.32474,40.10854]],[[-75.31148,40.10364],[-75.31396,40.10524]]]}},{"type":"Feature","properties":{"t":2,"n":"Kutztown Road"},"geometry":{"type":"MultiLineString","coordinates":[[[-75.75435,40.53215],[-75.75898,40.53196],[-75.76225,40.53011],[-75.75551,40.5318]],[[-75.80136,40.49898],[-75.78559,40.50831],[-75.78171,40.51239]],[[-75.76711,40.52755],[-75.76225,40.53011]]]}},{"type":"Feature","properties":{"t":2,"n":"Greenwich Street"},"geometry":{"type":"MultiLineString","coordinates":[[[-75.78185,40.52596],[-75.78208,40.52328],[-75.78059,40.52154],[-75.78193,40.52325],[-75.78172,40.52594]],[[-75.78059,40.52154],[-75.77793,40.51978]]]}},{"type":"Feature","properties":{"t":2,"n":"West Main Street"},"geometry":{"type":"MultiLineString","coordinates":[[[-75.7762,40.519],[-75.78171,40.51239]],[[-75.34463,40.11458],[-75.34806,40.11597],[-75.35173,40.11825],[-75.35569,40.11963],[-75.37836,40.13264],[-75.38978,40.14224]],[[-75.46608,40.19463],[-75.48202,40.20147],[-75.49062,40.20917],[-75.49484,40.21187]]]}},{"type":"Feature","properties":{"t":1,"n":"US 206"},"geometry":{"type":"MultiLineString","coordinates":[[[-74.74099,39.88766],[-74.74034,39.88708],[-74.74078,39.88637],[-74.74029,39.88484],[-74.73381,39.87205],[-74.73293,39.86771],[-74.73358,39.85271],[-74.73586,39.83991],[-74.73461,39.83047],[-74.73474,39.82599],[-74.7352,39.81672],[-74.73785,39.79955],[-74.73768,39.79116],[-74.73895,39.76853],[-74.7377,39.76544],[-74.72817,39.75449],[-74.72706,39.75111],[-74.72605,39.74348],[-74.7282,39.73314],[-74.75542,39.69536]],[[-74.7217,40.06847],[-74.72202,40.07371],[-74.72037,40.07746],[-74.71716,40.08189],[-74.72032,40.07721],[-74.72198,40.07321],[-74.72154,40.06912],[-74.72391,40.05673],[-74.73278,40.01827],[-74.73411,39.99226],[-74.73615,39.98131],[-74.73503,39.97626],[-74.73537,39.96981],[-74.74431,39.95169],[-74.74,39.90322],[-74.74125,39.88797],[-74.74177,39.88734],[-74.74109,39.8866]],[[-74.69984,40.17329],[-74.70399,40.17882],[-74.7047,40.1859]],[[-74.71716,40.08189],[-74.70629,40.11303],[-74.70654,40.12264],[-74.70212,40.14379]],[[-74.70499,40.18811],[-74.70429,40.17917],[-74.70322,40.1771],[-74.70034,40.17396],[-74.69959,40.17186],[-74.70072,40.15932],[-74.70056,40.1495]],[[-74.70229,40.14393],[-74.7067,40.12328],[-74.70627,40.11438],[-74.70799,40.10846]],[[-74.73235,40.28541],[-74.73393,40.29245],[-74.72434,40.30381],[-74.71916,40.30739],[-74.71061,40.3106],[-74.69911,40.3212]],[[-74.69925,40.15305],[-74.70024,40.15518],[-74.70054,40.15849],[-74.69991,40.16595]],[[-74.73223,40.28542],[-74.73372,40.28997]]]}},{"type":"Feature","properties":{"t":3},"geometry":{"type":"MultiLineString","coordinates":[[[-74.85893,39.72121],[-74.85522,39.72284],[-74.84955,39.72337],[-74.8341,39.7189],[-74.77065,39.70297],[-74.75236,39.69966]],[[-75.01114,39.98911],[-75.0073,39.9855],[-75.00776,39.98445],[-75.00568,39.98216],[-75.0011,39.97928],[-74.99202,39.9706],[-74.98433,39.96436],[-74.97897,39.95774],[-75.02691,39.95279]],[[-74.92205,39.88469],[-74.92212,39.89135],[-74.91622,39.89031],[-74.90525,39.88459],[-74.89267,39.88618],[-74.87997,39.88398],[-74.86026,39.87881],[-74.8544,39.87661],[-74.84485,39.86992],[-74.85251,39.86291],[-74.85693,39.85377],[-74.90245,39.87017],[-74.91013,39.87418],[-74.9175,39.87546],[-74.92187,39.87523],[-74.91793,39.87542],[-74.91063,39.87426],[-74.90306,39.87034],[-74.89466,39.86729]],[[-74.95566,39.96016],[-74.95503,39.96041],[-74.96404,39.95672],[-74.97411,39.94745],[-74.98158,39.94582]],[[-74.81763,39.9428],[-74.84498,39.95954],[-74.85644,39.97229],[-74.87015,39.97792]],[[-74.72154,40.06912],[-74.72084,40.07258],[-74.71778,40.08036]],[[-74.91939,39.96876],[-74.91323,39.97056],[-74.90785,39.97371]],[[-74.99036,39.80559],[-74.94173,39.86722],[-74.93352,39.86168],[-74.92157,39.85566]],[[-75.04595,39.78609],[-75.04537,39.7863],[-75.05102,39.78223],[-75.05383,39.78111]],[[-74.93541,40.02751],[-74.93927,40.03017],[-74.95698,40.0382],[-74.96252,40.03758]],[[-74.80665,39.96349],[-74.80377,39.96332],[-74.80291,39.96281],[-74.79007,39.94994],[-74.76278,39.93996],[-74.75649,39.93674],[-74.75097,39.93715],[-74.75124,39.93818],[-74.75053,39.93966],[-74.7447,39.93932],[-74.74332,39.93964]],[[-74.84165,40.07902],[-74.81965,40.08044],[-74.77293,40.07983],[-74.7587,40.07823],[-74.75626,40.07913],[-74.77093,40.09333],[-74.78523,40.10936],[-74.79293,40.1189],[-74.81154,40.12372],[-74.81502,40.12422],[-74.81793,40.12449],[-74.8256,40.11902],[-74.82943,40.11061],[-74.82953,40.10307],[-74.83073,40.09855],[-74.82491,40.08873]],[[-75.07075,39.96498],[-75.06868,39.96379],[-75.05909,39.95232],[-75.05852,39.94937],[-75.07011,39.93554],[-75.0716,39.93538],[-75.07721,39.93794],[-75.07744,39.93726],[-75.07642,39.93658],[-75.07515,39.937]],[[-74.91084,39.76421],[-74.90931,39.76468],[-74.90211,39.76377],[-74.86969,39.77759],[-74.84261,39.77313],[-74.80541,39.77629],[-74.79867,39.77839],[-74.77485,39.79075],[-74.76617,39.80674]],[[-74.85045,40.06059],[-74.85144,40.03761],[-74.85617,40.02428],[-74.84507,40.02212]],[[-75.11307,39.93095],[-75.11375,39.92917],[-75.11273,39.92991],[-75.11292,39.93137],[-75.10057,39.93226],[-75.08801,39.94291],[-75.10206,39.94963],[-75.10966,39.95156],[-75.11118,39.95137],[-75.1132,39.94402]],[[-74.93489,39.80325],[-74.9362,39.80108],[-74.9338,39.79783]],[[-74.88635,39.71953],[-74.87927,39.73757],[-74.87347,39.74048]],[[-74.94016,39.69887],[-74.9408,39.7008],[-74.93735,39.70164],[-74.90053,39.71544],[-74.90055,39.71614],[-74.89951,39.71705],[-74.89961,39.71815],[-74.90122,39.71798]],[[-75.04804,39.94731],[-75.05186,39.94274],[-75.05129,39.93766],[-75.05481,39.93427],[-75.05544,39.93199],[-75.05528,39.92332],[-75.05655,39.91989],[-75.0554,39.91663],[-75.06074,39.90588],[-75.06394,39.90195],[-75.07338,39.89842]],[[-75.04869,39.9478],[-75.05226,39.94366],[-75.05131,39.93811],[-75.05462,39.93487],[-75.05547,39.93242],[-75.05522,39.92501],[-75.05666,39.91982],[-75.05569,39.91782]],[[-74.88639,39.88511],[-74.8833,39.88841],[-74.88519,39.89868],[-74.88442,39.90124],[-74.88243,39.90316],[-74.88309,39.90755],[-74.87915,39.91972],[-74.87939,39.92136],[-74.89239,39.9352],[-74.9386,39.96622]],[[-75.08374,39.9335],[-75.10057,39.93226]],[[-74.98053,39.9882],[-74.97324,39.98481],[-74.96893,39.98461],[-74.95693,39.98214],[-74.95479,39.98116],[-74.94917,39.97573],[-74.94036,40.00038],[-74.93521,40.01279],[-74.94541,40.01645]],[[-75.05615,39.80253],[-75.05763,39.80497],[-75.06815,39.81104],[-75.07407,39.81143],[-75.07882,39.81278],[-75.08346,39.82485],[-75.08234,39.82594],[-75.06554,39.83378],[-75.06741,39.83487]],[[-75.00635,39.87778],[-75.00709,39.87706],[-75.00594,39.87004],[-75.00719,39.86522],[-75.00745,39.85356],[-75.00695,39.85035],[-75.02202,39.84225],[-75.02805,39.84173],[-75.04385,39.84315],[-75.04761,39.84244],[-75.05389,39.8394],[-75.05711,39.83698],[-75.06136,39.8356],[-75.06323,39.83306],[-75.05525,39.82793],[-75.03061,39.81626],[-75.01846,39.81225],[-75.01429,39.82046],[-75.00569,39.83354],[-74.99821,39.83948],[-75.00313,39.84285],[-75.00695,39.85035],[-74.98886,39.86018]],[[-75.03909,39.86699],[-75.05114,39.867],[-75.05859,39.8683],[-75.07158,39.86487],[-75.07748,39.86648],[-75.08206,39.86614],[-75.08671,39.86663],[-75.10194,39.86539],[-75.10209,39.86311]],[[-75.11804,39.91268],[-75.11461,39.91267]],[[-75.08644,39.9464],[-75.09402,39.95584]],[[-75.07346,39.93621],[-75.07408,39.93525],[-75.07394,39.93285],[-75.07306,39.93196]],[[-75.09025,39.89395],[-75.10065,39.89481],[-75.10225,39.89417],[-75.10369,39.89503],[-75.11115,39.89556],[-75.11464,39.89513],[-75.1203,39.89788]],[[-74.89234,39.76791],[-74.8915,39.76673],[-74.89286,39.76614]],[[-75.10065,39.89481],[-75.10369,39.89503]],[[-74.84046,40.05061],[-74.83891,40.05168],[-74.83888,40.05332],[-74.84616,40.06994],[-74.82743,40.06315],[-74.79937,40.05554],[-74.78808,40.05419],[-74.78393,40.05429],[-74.77574,40.05564],[-74.7692,40.05521],[-74.76652,40.05391],[-74.76375,40.05064],[-74.75498,40.06831],[-74.74278,40.07952],[-74.74101,40.08375],[-74.74483,40.1043],[-74.74359,40.10773],[-74.75241,40.11893]],[[-74.67995,39.84649],[-74.71983,39.84341],[-74.8024,39.86368],[-74.80726,39.86424]],[[-75.11955,39.92868],[-75.11375,39.92917]],[[-75.11949,39.93086],[-75.1162,39.9311],[-75.1164,39.92889]],[[-74.92694,39.83037],[-74.93219,39.83061]],[[-75.01846,39.81225],[-75.01935,39.80929],[-75.02549,39.80227],[-75.02553,39.79946],[-75.02747,39.79442],[-75.02925,39.79316],[-75.03372,39.79172],[-75.01288,39.77999],[-74.96057,39.72569],[-74.94277,39.70057],[-74.9408,39.7008]],[[-74.8978,39.7084],[-74.89979,39.71413],[-74.9009,39.71535]],[[-75.04812,39.94737],[-75.04861,39.94774],[-75.03648,39.93831],[-75.02409,39.93058],[-74.99796,39.92518]],[[-74.86969,39.77759],[-74.89229,39.78146],[-74.92946,39.79143],[-74.9287,39.79044],[-74.92784,39.79101]],[[-74.93625,39.93684],[-74.92261,39.91079],[-74.92212,39.89135],[-74.92601,39.89197]],[[-74.94277,39.70057],[-75.03415,39.7572],[-75.0445,39.76908],[-75.05965,39.77822],[-75.08101,39.79286],[-75.07466,39.80193],[-75.07379,39.80219],[-75.07206,39.80105],[-75.06694,39.80209]],[[-74.9362,39.80108],[-74.93772,39.80249],[-74.94115,39.80841]],[[-75.06898,39.91625],[-75.1091,39.90253],[-75.11132,39.90215],[-75.11649,39.90335],[-75.11778,39.90261],[-75.11809,39.90089],[-75.1202,39.90091]],[[-75.09657,39.90673],[-75.10937,39.90252]],[[-74.90832,39.73846],[-74.87387,39.73043],[-74.86295,39.72724]],[[-74.93991,39.87023],[-74.94173,39.86722]],[[-74.84616,40.06994],[-74.84951,40.07143],[-74.85138,40.07295]],[[-74.91944,39.91647],[-74.91792,39.91638],[-74.89112,39.92156],[-74.84272,39.91863],[-74.82667,39.91581],[-74.81614,39.91454],[-74.80433,39.91703],[-74.78343,39.92461],[-74.76857,39.93496],[-74.75649,39.93674]],[[-75.05178,39.982],[-75.04415,39.98007],[-75.04335,39.97488],[-75.04195,39.97294],[-75.03802,39.96984],[-75.03664,39.96435],[-75.03373,39.95973],[-75.03345,39.95651],[-75.03119,39.95233]],[[-75.11883,39.94524],[-75.12827,39.94706],[-75.12907,39.9446],[-75.11919,39.94409]],[[-75.07379,39.80219],[-75.07466,39.80297],[-75.07882,39.81278],[-75.08507,39.81458],[-75.08897,39.81503],[-75.11522,39.82508],[-75.10761,39.8144],[-75.09919,39.81016],[-75.08536,39.79565],[-75.08101,39.79286],[-75.0819,39.79152],[-75.09901,39.78445],[-75.1003,39.78224],[-75.10175,39.78348]],[[-75.09453,39.9377],[-75.08791,39.94273],[-75.08715,39.94564],[-75.08801,39.94291],[-75.07721,39.93794]],[[-74.99821,39.83948],[-74.97488,39.8606],[-74.96882,39.88742],[-74.96666,39.90354],[-74.96675,39.90298]],[[-74.7068,40.13973],[-74.70375,40.13577],[-74.69751,40.13094],[-74.69043,40.12843]],[[-74.86309,40.07024],[-74.86314,40.07171],[-74.86471,40.07247]],[[-74.93247,40.0221],[-74.88079,39.99331],[-74.87492,39.99092],[-74.87204,39.98852],[-74.87044,39.97851],[-74.82951,39.98317],[-74.79175,39.99242],[-74.78557,39.99312],[-74.7834,39.99485],[-74.78092,39.9953],[-74.77359,40.00219],[-74.71627,40.02415],[-74.69331,40.03703]],[[-74.94582,39.95494],[-74.95072,39.96362],[-75.0073,39.9855]],[[-74.85428,40.06908],[-74.85755,40.06842],[-74.86457,40.07074]],[[-74.73537,39.96981],[-74.69628,39.96814]],[[-74.95265,40.05114],[-74.95163,40.05027],[-74.94394,40.0483],[-74.91854,40.04571]],[[-74.69639,40.03713],[-74.70234,40.03667],[-74.71084,40.03679],[-74.71813,40.03561],[-74.72547,40.03768],[-74.73883,40.04484],[-74.76375,40.05064]],[[-74.97325,39.94814],[-74.97574,39.94698],[-74.98196,39.94581],[-74.9836,39.94468]],[[-74.9593,39.92541],[-74.96431,39.92086],[-74.96666,39.90354]],[[-74.75097,39.93715],[-74.7499,39.93453],[-74.74516,39.93227],[-74.7424,39.93316],[-74.73527,39.93256],[-74.7162,39.93031],[-74.71194,39.92878],[-74.70365,39.93689],[-74.69872,39.93441],[-74.67797,39.93105]],[[-74.78324,39.98238],[-74.78293,39.98072],[-74.78195,39.98081],[-74.78074,39.98288],[-74.78346,39.98382]],[[-74.85945,40.00796],[-74.8597,40.00916],[-74.85886,40.01202],[-74.8595,40.01511],[-74.85617,40.02428],[-74.87034,40.02849],[-74.86098,40.02529],[-74.85617,40.02428]],[[-74.97983,39.9588],[-74.96213,39.97749],[-74.96029,39.98294]],[[-74.83711,39.98228],[-74.84482,39.97496]],[[-74.73515,39.81748],[-74.75832,39.82331],[-74.7843,39.8331],[-74.83895,39.86589],[-74.84485,39.86992]],[[-74.89471,40.0524],[-74.89201,40.04928],[-74.89245,40.04238],[-74.8919,40.03921],[-74.89375,40.03547],[-74.89324,40.03386],[-74.88728,40.03049],[-74.88335,40.02922],[-74.87809,40.02821],[-74.87426,40.02924],[-74.87071,40.02857],[-74.87428,40.02934],[-74.87796,40.02832],[-74.88339,40.02936],[-74.8872,40.03059],[-74.89311,40.03393],[-74.8936,40.03563],[-74.89173,40.03919],[-74.89228,40.04223],[-74.89185,40.04941],[-74.89459,40.05248]],[[-75.22338,39.83387],[-75.22076,39.82827],[-75.21906,39.82664],[-75.1863,39.81458],[-75.18227,39.81388],[-75.17391,39.80573],[-75.16832,39.80286],[-75.16881,39.80134],[-75.1694,39.80156]],[[-75.10257,39.78415],[-75.10327,39.78359],[-75.10294,39.78285],[-75.1189,39.77615],[-75.13627,39.76911],[-75.14145,39.76799],[-75.14705,39.7645],[-75.14974,39.76203],[-75.15309,39.76138],[-75.1599,39.7617],[-75.16602,39.75917],[-75.21409,39.75149]],[[-75.14252,39.85193],[-75.14806,39.85602],[-75.17976,39.86595],[-75.18853,39.85013],[-75.18243,39.84696],[-75.17615,39.84967],[-75.16527,39.8557]],[[-75.15922,39.72057],[-75.15908,39.72175],[-75.15996,39.72243]],[[-75.1726,39.85094],[-75.174,39.85003],[-75.16768,39.85356],[-75.15277,39.86024]],[[-75.16135,39.7211],[-75.14398,39.73747],[-75.12308,39.75257],[-75.11858,39.75473],[-75.11581,39.75431],[-75.11055,39.75655],[-75.10431,39.75597],[-75.09257,39.7602],[-75.0874,39.76458],[-75.08111,39.7649],[-75.07791,39.76628],[-75.07102,39.77261],[-75.06682,39.77335],[-75.05965,39.77822]],[[-75.1832,39.72713],[-75.19297,39.73725],[-75.20437,39.74301],[-75.20789,39.7464],[-75.21205,39.75322],[-75.21309,39.76425],[-75.21569,39.76876],[-75.21864,39.7777],[-75.21878,39.78509],[-75.21767,39.7898],[-75.21788,39.79167],[-75.21941,39.79541],[-75.22929,39.80474],[-75.23052,39.80829],[-75.23332,39.81269],[-75.23515,39.81921]],[[-74.94217,39.96556],[-74.94917,39.97573]],[[-75.24497,39.6793],[-75.25893,39.69396],[-75.27484,39.70746],[-75.3006,39.74333],[-75.30743,39.74658],[-75.30994,39.74672],[-75.31088,39.74731],[-75.3429,39.72712],[-75.36396,39.7147],[-75.36779,39.71072],[-75.38582,39.71054],[-75.39495,39.70878],[-75.42504,39.70125],[-75.43949,39.70177],[-75.42854,39.69145]],[[-75.26621,39.82629],[-75.2545,39.81185],[-75.23875,39.79096],[-75.23562,39.78833],[-75.23208,39.78423],[-75.23006,39.77943],[-75.21493,39.76732]],[[-75.18056,39.81238],[-75.18265,39.81417],[-75.1858,39.81443]],[[-75.30342,39.75212],[-75.30492,39.75617],[-75.30677,39.78862],[-75.29923,39.79989],[-75.29139,39.80248],[-75.28811,39.80254],[-75.28644,39.80307],[-75.27781,39.81146],[-75.27539,39.81309],[-75.26134,39.81984],[-75.25612,39.82621]],[[-75.11195,39.70275],[-75.1149,39.70347],[-75.12864,39.69756]],[[-75.1251,39.86539],[-75.11736,39.85789],[-75.1122,39.85419],[-75.10279,39.84313],[-75.10201,39.84157],[-75.10117,39.83312]],[[-75.29412,39.82454],[-75.29461,39.81274],[-75.28989,39.80752],[-75.28677,39.80009],[-75.27772,39.79289],[-75.2767,39.78418],[-75.27572,39.78091],[-75.26327,39.77085],[-75.26278,39.7664],[-75.25729,39.74659],[-75.25735,39.74373],[-75.26181,39.73254],[-75.25943,39.72918],[-75.2596,39.72681],[-75.264,39.71713],[-75.26737,39.7121],[-75.2659,39.69985]],[[-75.16353,39.81823],[-75.15896,39.81741],[-75.14921,39.81817]],[[-75.20623,39.73339],[-75.22455,39.7351]],[[-75.30588,39.75067],[-75.3006,39.74333],[-75.26361,39.72543],[-75.23126,39.70196],[-75.23797,39.67986]],[[-75.22402,39.72903],[-75.22398,39.72727],[-75.23126,39.70196],[-75.22362,39.6951],[-75.21407,39.68465]],[[-75.113,39.7667],[-75.10428,39.75905],[-75.10011,39.7543],[-75.09514,39.75065],[-75.06316,39.73267],[-75.06292,39.73391],[-75.08479,39.76179],[-75.08588,39.7652],[-75.09375,39.77631],[-75.1003,39.78224]],[[-75.32668,39.80167],[-75.31464,39.81147],[-75.30211,39.82276],[-75.29995,39.82389],[-75.27211,39.82675],[-75.26621,39.82629],[-75.25487,39.82641],[-75.24012,39.82102]],[[-75.18521,39.84596],[-75.19201,39.84382],[-75.19277,39.84196],[-75.19053,39.83973],[-75.19096,39.83901],[-75.19225,39.83794],[-75.19665,39.8363],[-75.20081,39.83558],[-75.20264,39.84047],[-75.22796,39.83241],[-75.23658,39.83124],[-75.25487,39.82641]],[[-75.14123,39.85262],[-75.14365,39.84871],[-75.14446,39.84887]],[[-75.12758,39.71122],[-75.11452,39.71997]],[[-75.04563,39.74682],[-75.05032,39.72483],[-75.02984,39.71328],[-75.00793,39.6961]],[[-75.358,39.75918],[-75.35542,39.75632],[-75.35126,39.7482],[-75.35518,39.75632],[-75.35695,39.7583],[-75.36633,39.76631],[-75.37558,39.77181],[-75.38151,39.7764],[-75.3958,39.78567],[-75.39648,39.78827]],[[-75.24043,39.83023],[-75.2373,39.82601],[-75.23629,39.82295]],[[-75.17381,39.79242],[-75.15856,39.78335],[-75.15512,39.77907],[-75.14549,39.77173],[-75.13487,39.76257],[-75.13253,39.76229]],[[-74.86739,40.42736],[-74.86564,40.42357]],[[-74.93988,40.33282],[-74.94563,40.33394],[-74.94977,40.33571],[-74.95774,40.3433],[-74.96273,40.34302],[-74.96354,40.34374],[-74.98684,40.34159],[-75.01777,40.36014],[-75.01832,40.36113],[-75.02249,40.36309],[-75.02302,40.36501],[-75.02216,40.36689],[-75.00645,40.38265],[-75.00148,40.38603],[-74.99607,40.38881],[-74.98081,40.40001],[-74.97741,40.40606],[-74.97907,40.4068],[-74.9792,40.40735],[-74.97726,40.40943],[-74.96559,40.41703],[-74.96423,40.42093],[-74.96143,40.42436],[-74.95938,40.4291],[-74.95551,40.43219],[-74.9463,40.44184],[-74.94336,40.44709],[-74.936,40.45368],[-74.93067,40.45971],[-74.91759,40.46947],[-74.91464,40.47301],[-74.91312,40.47585],[-74.90864,40.47937],[-74.91435,40.48192],[-74.91508,40.48465],[-74.9159,40.48553],[-74.92208,40.48561],[-74.9254,40.48983],[-74.92764,40.49415],[-74.92818,40.49793],[-74.93,40.50148],[-74.93095,40.508],[-74.93055,40.51177],[-74.93665,40.51966],[-74.93755,40.52239],[-74.93865,40.52938],[-74.93845,40.53131],[-74.93712,40.53378],[-74.93704,40.53607],[-74.94154,40.56556]],[[-75.2581,39.81571],[-75.25525,39.81667]],[[-75.07515,40.55353],[-75.06927,40.54873],[-75.0637,40.54047],[-75.06168,40.5264]],[[-75.19434,39.83713],[-75.19295,39.83375],[-75.19453,39.81624]],[[-74.78965,40.25219],[-74.79787,40.26098],[-74.80231,40.26378],[-74.79979,40.2703],[-74.80383,40.27442],[-74.79967,40.27548],[-74.79338,40.27569],[-74.78561,40.27826],[-74.7751,40.27587],[-74.77208,40.27568],[-74.76687,40.27394],[-74.76179,40.26824],[-74.75966,40.26407],[-74.76196,40.25866],[-74.77177,40.2488],[-74.77426,40.24963],[-74.78965,40.25219],[-74.78298,40.24423],[-74.78024,40.24238],[-74.77746,40.24508],[-74.77483,40.24577],[-74.77177,40.2488],[-74.75922,40.24425],[-74.75227,40.24033],[-74.75657,40.24292]],[[-74.81115,40.29148],[-74.81171,40.30383],[-74.81279,40.30896],[-74.81124,40.29423],[-74.81127,40.28577],[-74.8102,40.28454],[-74.80569,40.28372],[-74.80413,40.2826],[-74.80395,40.28085],[-74.80623,40.27788],[-74.80383,40.27442]],[[-74.87286,40.50532],[-74.87153,40.50488],[-74.87196,40.50444],[-74.87286,40.50532],[-74.87541,40.50628],[-74.87989,40.50681],[-74.88814,40.50453],[-74.8953,40.50422],[-74.91921,40.50778],[-74.93612,40.50933],[-74.96275,40.50641],[-74.96561,40.50713],[-74.97062,40.5097],[-74.97665,40.51188],[-74.98579,40.51431],[-74.99818,40.51993],[-75.00951,40.52262],[-75.01424,40.52305],[-75.03107,40.5226],[-75.03654,40.52135],[-75.05228,40.52333],[-75.06019,40.52708],[-75.05739,40.53275],[-75.04912,40.54482],[-75.04313,40.55116],[-75.04226,40.56198],[-75.04099,40.56307],[-75.03646,40.56457],[-75.02917,40.56616]],[[-74.86967,40.50373],[-74.87097,40.50391],[-74.87047,40.50432],[-74.86346,40.50186],[-74.85903,40.50202],[-74.859,40.50166],[-74.85961,40.50177]],[[-74.8227,40.24302],[-74.82215,40.24389],[-74.81906,40.24483],[-74.81219,40.24886],[-74.81521,40.25284],[-74.81609,40.25702],[-74.81559,40.25921],[-74.81925,40.26591],[-74.83005,40.2602],[-74.83683,40.25767],[-74.83904,40.25572],[-74.84155,40.25217]],[[-74.69715,40.40838],[-74.70715,40.40717],[-74.71855,40.40434],[-74.72871,40.4027],[-74.73561,40.39868],[-74.7473,40.39328],[-74.76189,40.38921],[-74.77783,40.38117],[-74.77996,40.37735],[-74.78451,40.37257],[-74.78444,40.36856],[-74.78517,40.36621],[-74.7866,40.36538],[-74.78922,40.36512],[-74.79578,40.36172],[-74.79592,40.35869],[-74.79799,40.35533]],[[-74.80235,40.23709],[-74.79869,40.2361],[-74.7913,40.23244],[-74.79179,40.23138]],[[-74.75834,40.39023],[-74.75454,40.38279],[-74.74968,40.37899],[-74.74667,40.37166],[-74.74497,40.37063],[-74.73844,40.36916],[-74.73683,40.36764],[-74.73056,40.35512],[-74.73262,40.34852],[-74.73181,40.34737],[-74.72545,40.34324],[-74.71842,40.33366],[-74.71725,40.33096],[-74.71368,40.31386],[-74.71224,40.31005]],[[-74.73352,40.25224],[-74.72915,40.24905],[-74.72695,40.24815],[-74.72649,40.24728],[-74.71986,40.24853],[-74.71165,40.25061],[-74.70947,40.25184],[-74.7056,40.25242],[-74.70593,40.25196],[-74.70871,40.25155],[-74.71115,40.24956],[-74.71024,40.24335],[-74.70992,40.23299],[-74.7087,40.2302],[-74.70489,40.22769],[-74.70326,40.22721],[-74.69922,40.22727]],[[-74.71468,40.2838],[-74.70747,40.2931],[-74.71354,40.28556],[-74.7168,40.28051],[-74.72193,40.28413]],[[-74.74246,40.24982],[-74.73157,40.26302],[-74.72131,40.27362],[-74.7168,40.28051],[-74.7139,40.2792],[-74.71235,40.27676],[-74.71109,40.27592],[-74.70268,40.2742],[-74.69944,40.27444],[-74.69695,40.27398],[-74.69493,40.27175],[-74.69181,40.27085]],[[-74.75774,40.19776],[-74.7353,40.20085]],[[-74.90864,40.47937],[-74.90699,40.48068],[-74.90298,40.47855],[-74.90049,40.47796],[-74.89699,40.47248],[-74.89361,40.47091],[-74.88897,40.47012],[-74.88464,40.46691],[-74.88078,40.46035],[-74.87792,40.45764],[-74.87708,40.45258],[-74.874,40.44676],[-74.87394,40.44346],[-74.87221,40.43662],[-74.86838,40.43365],[-74.8676,40.42731]],[[-74.81219,40.24886],[-74.80737,40.24258],[-74.80314,40.23953],[-74.80316,40.23756]],[[-75.06703,40.52604],[-75.06092,40.52644],[-75.06288,40.50567],[-75.06002,40.48392],[-75.06019,40.47934],[-75.06208,40.46972],[-75.06373,40.46567],[-75.06746,40.46005],[-75.0683,40.45669],[-75.06714,40.45233],[-75.06474,40.44695],[-75.0608,40.43115],[-75.0602,40.4249],[-75.05861,40.42117],[-75.0569,40.41954],[-75.05455,40.41835],[-75.04648,40.4167],[-75.0423,40.41517],[-75.03427,40.41125],[-75.02915,40.40713],[-75.02534,40.40585],[-75.02039,40.40601],[-75.00566,40.41097],[-74.99899,40.41211],[-74.98953,40.4107],[-74.98671,40.41186],[-74.98519,40.40927],[-74.97907,40.4068]],[[-74.97741,40.40606],[-74.9662,40.40096],[-74.96307,40.39728],[-74.95994,40.39017],[-74.95738,40.38704],[-74.95393,40.38381],[-74.94773,40.38024],[-74.94568,40.37566],[-74.94285,40.36609]],[[-74.85487,40.25624],[-74.8656,40.28088],[-74.86972,40.28392],[-74.87806,40.28819],[-74.88173,40.29238],[-74.88681,40.29631],[-74.90327,40.30617],[-74.90568,40.30975],[-74.9057,40.31147],[-74.90184,40.31417],[-74.89553,40.3137],[-74.88858,40.30964],[-74.88324,40.3056],[-74.8706,40.29375],[-74.86653,40.29684]],[[-74.75227,40.24033],[-74.74756,40.23671],[-74.74294,40.22995],[-74.72513,40.21207],[-74.71545,40.20837],[-74.71516,40.20769],[-74.71593,40.20852]],[[-74.77561,40.24032],[-74.78024,40.24238],[-74.78368,40.23948],[-74.78561,40.23666],[-74.78864,40.23492],[-74.79269,40.23088]],[[-74.69409,40.50256],[-74.70442,40.50164],[-74.71378,40.50001],[-74.71889,40.49859],[-74.72165,40.49706],[-74.73982,40.49582],[-74.76009,40.49238],[-74.77496,40.49216],[-74.77846,40.4908],[-74.78567,40.4854],[-74.80498,40.48301],[-74.8108,40.4802],[-74.81735,40.47816],[-74.82535,40.47095],[-74.82623,40.46789],[-74.82915,40.46536],[-74.83005,40.46024],[-74.8341,40.45696],[-74.84013,40.4538],[-74.86086,40.43813],[-74.86595,40.43322],[-74.86749,40.42866]],[[-74.85903,40.50202],[-74.85749,40.50163],[-74.85422,40.50224]],[[-74.87196,40.50444],[-74.87173,40.50378],[-74.87315,40.50186],[-74.87655,40.49905],[-74.88769,40.49667],[-74.8906,40.49296],[-74.89305,40.49118],[-74.89522,40.48728],[-74.90293,40.48289],[-74.90502,40.48221],[-74.90699,40.48068]],[[-75.41595,39.7563],[-75.41611,39.7548],[-75.41926,39.75153],[-75.42663,39.7325],[-75.43407,39.72507],[-75.44458,39.71724],[-75.46811,39.69614]],[[-75.36779,39.71072],[-75.37819,39.69371],[-75.39187,39.67894]],[[-75.40337,39.70667],[-75.40509,39.71084],[-75.40657,39.74838],[-75.40715,39.7498],[-75.41051,39.75341],[-75.41471,39.75625],[-75.43027,39.75673],[-75.44193,39.75507]],[[-75.41739,39.76179],[-75.42201,39.77128],[-75.41471,39.75625]],[[-75.46913,39.69812],[-75.47021,39.70609]],[[-75.47883,40.32445],[-75.47468,40.32526],[-75.47008,40.32745],[-75.46796,40.33011],[-75.46469,40.33229],[-75.46228,40.33522],[-75.45995,40.33702],[-75.45827,40.34107],[-75.44821,40.34996],[-75.44407,40.35609],[-75.43755,40.36889],[-75.43692,40.37182],[-75.43799,40.37588],[-75.43738,40.38186],[-75.43492,40.38465],[-75.43039,40.38566],[-75.42577,40.38429],[-75.42136,40.3839],[-75.41399,40.38645],[-75.40646,40.38479],[-75.40169,40.38298],[-75.39762,40.38248],[-75.39209,40.38258],[-75.38598,40.38164],[-75.38318,40.38051],[-75.38161,40.37886],[-75.3772,40.37747],[-75.37701,40.37911],[-75.37553,40.38019],[-75.37345,40.38772],[-75.37733,40.39521],[-75.37816,40.41067],[-75.3808,40.41266],[-75.38849,40.41472],[-75.39191,40.41648],[-75.39518,40.41964],[-75.39611,40.42271],[-75.39554,40.42512],[-75.396,40.42764],[-75.39745,40.42922],[-75.39853,40.43259],[-75.39935,40.4389],[-75.3989,40.4414],[-75.40153,40.44407],[-75.40243,40.44914],[-75.40788,40.45571],[-75.41825,40.46247],[-75.42267,40.46815],[-75.4216,40.47173],[-75.41523,40.47886],[-75.41532,40.48531],[-75.41338,40.48954],[-75.40469,40.49836],[-75.4007,40.50046],[-75.39622,40.50388],[-75.39384,40.50487],[-75.39313,40.49873],[-75.39548,40.49024],[-75.3925,40.47545],[-75.39101,40.47328],[-75.39011,40.46936],[-75.38651,40.46579],[-75.3837,40.45367],[-75.38224,40.45275],[-75.37271,40.44993]],[[-75.54305,40.51629],[-75.54863,40.52224],[-75.54962,40.52439],[-75.54872,40.5271],[-75.55123,40.52943],[-75.5526,40.53233],[-75.55196,40.54615],[-75.55382,40.5591],[-75.55353,40.56642]],[[-75.54952,40.5127],[-75.54763,40.51479],[-75.54543,40.51582],[-75.53792,40.51721],[-75.52156,40.51873]],[[-75.70098,40.50346],[-75.70161,40.50334],[-75.70189,40.50412],[-75.70121,40.50423],[-75.69996,40.5002],[-75.69018,40.5022],[-75.68178,40.50508],[-75.67023,40.50476],[-75.66597,40.50547],[-75.66378,40.50491],[-75.66774,40.50774],[-75.66643,40.5087],[-75.66685,40.51044],[-75.66639,40.51421],[-75.66895,40.51992],[-75.66985,40.52844],[-75.66816,40.54003],[-75.6694,40.54157],[-75.67128,40.54257],[-75.67192,40.54414]],[[-75.39336,40.5272],[-75.39378,40.52812],[-75.39361,40.52734],[-75.39118,40.52577],[-75.39047,40.52427],[-75.39075,40.51864],[-75.38982,40.51319],[-75.39157,40.51025],[-75.3859,40.50944]],[[-75.67709,40.55231],[-75.67369,40.54828],[-75.67189,40.54508],[-75.66092,40.55065]],[[-75.60434,40.51219],[-75.60824,40.51889],[-75.60937,40.52763],[-75.60794,40.5309],[-75.60467,40.53278]],[[-75.48608,40.54291],[-75.48643,40.55085]],[[-75.1767,39.9539],[-75.17784,39.94862],[-75.16646,39.9472],[-75.16845,39.93807]],[[-75.17977,39.96422],[-75.18215,39.96405],[-75.17893,39.96304]],[[-75.13416,39.96453],[-75.13441,39.97229],[-75.13124,39.97779],[-75.12309,39.98638],[-75.12,39.98887],[-75.11211,39.99206],[-75.10502,39.99571],[-75.09837,40.00011],[-75.09261,40.00533]],[[-75.16041,39.96704],[-75.17957,39.96743],[-75.17677,39.96484]],[[-75.15081,39.99346],[-75.15609,39.96932],[-75.16141,39.97043],[-75.16408,39.95832]],[[-75.19384,39.9057],[-75.19341,39.90374],[-75.19378,39.89986],[-75.19159,39.89497],[-75.17861,39.89761],[-75.17542,39.89733]],[[-75.18282,39.91823],[-75.17698,39.94509],[-75.17857,39.94528],[-75.17784,39.94862],[-75.17901,39.94876],[-75.17973,39.94543],[-75.17857,39.94522],[-75.1844,39.91844]],[[-75.00774,40.10084],[-75.00898,40.10037],[-75.00818,40.09988]],[[-75.08833,40.04173],[-75.07227,40.03271],[-75.07445,40.03399]],[[-75.30452,39.93049],[-75.29627,39.91739],[-75.29238,39.91493],[-75.28322,39.9035]],[[-75.48018,39.89629],[-75.47888,39.89406],[-75.46967,39.88529],[-75.46804,39.88302],[-75.46842,39.87826],[-75.4664,39.87598],[-75.46791,39.87418],[-75.46842,39.86948],[-75.46714,39.86722],[-75.47013,39.86524],[-75.47122,39.86339],[-75.47661,39.85863],[-75.47959,39.8532],[-75.48222,39.85177],[-75.49215,39.84312],[-75.4943,39.83931]],[[-75.21766,39.99301],[-75.21884,39.99245],[-75.2204,39.99024],[-75.22545,39.98733],[-75.22698,39.98382],[-75.22709,39.98275],[-75.22604,39.98119],[-75.22472,39.98049],[-75.22683,39.97699],[-75.22422,39.96308],[-75.22742,39.94786],[-75.22684,39.94724],[-75.22621,39.94778]],[[-75.32919,40.06399],[-75.33236,40.06369],[-75.33745,40.06103],[-75.3429,40.05588],[-75.35042,40.05248],[-75.35078,40.05017],[-75.35362,40.04829],[-75.35632,40.04699],[-75.36155,40.04641],[-75.359,40.04365],[-75.3599,40.04252],[-75.3656,40.03969],[-75.36657,40.03617],[-75.36648,40.03036],[-75.36206,40.03033],[-75.36036,40.02902],[-75.35361,40.02795],[-75.35078,40.02665],[-75.33868,40.02595],[-75.33425,40.02506],[-75.33278,40.02337],[-75.32966,40.02347],[-75.32555,40.02234]],[[-75.21588,40.03407],[-75.22064,40.03109],[-75.22233,40.03059],[-75.2272,40.02691],[-75.22779,40.02718],[-75.23024,40.02904],[-75.22919,40.02964],[-75.23547,40.03555],[-75.24068,40.03892],[-75.2417,40.04041],[-75.24769,40.04459],[-75.2484,40.04578],[-75.24693,40.04831],[-75.24526,40.04954],[-75.23623,40.05274],[-75.23625,40.05096],[-75.23435,40.04717],[-75.23222,40.04545],[-75.22638,40.04251],[-75.2228,40.03813],[-75.21808,40.03631],[-75.21059,40.02904],[-75.20774,40.02379],[-75.21086,40.01941],[-75.21128,40.01685],[-75.203,40.01375],[-75.20046,40.01148],[-75.19645,40.00989],[-75.19799,40.00744],[-75.19363,40.00639],[-75.19267,40.0042],[-75.19259,40.0018],[-75.19393,39.99793],[-75.19793,39.99338],[-75.2025,39.98988],[-75.20511,39.98651],[-75.20585,39.98691],[-75.20755,39.98676]],[[-75.25613,39.94111],[-75.25463,39.95026],[-75.25847,39.9538],[-75.26265,39.95303],[-75.26808,39.95062],[-75.26856,39.95122],[-75.27059,39.95144],[-75.27844,39.94803]],[[-75.27006,39.96404],[-75.25825,39.97377]],[[-75.40066,39.82873],[-75.39171,39.83264],[-75.40294,39.84277]],[[-75.14395,40.01641],[-75.09615,40.00999],[-75.09272,40.00524]],[[-75.34914,39.94672],[-75.34703,39.94263],[-75.34095,39.93549],[-75.33909,39.93424],[-75.33043,39.93462],[-75.32615,39.93188],[-75.32244,39.93078],[-75.31581,39.93026],[-75.31061,39.93061],[-75.31031,39.93393],[-75.30817,39.93615],[-75.30732,39.93903],[-75.30295,39.94152],[-75.30708,39.93948],[-75.30883,39.93539]],[[-75.07095,40.11493],[-75.06925,40.11496],[-75.0664,40.11593],[-75.0622,40.11512],[-75.05576,40.11167],[-75.05161,40.10393],[-75.04712,40.09833],[-75.05391,40.09187],[-75.05674,40.09002],[-75.05912,40.08668],[-75.06828,40.08036],[-75.07589,40.0729],[-75.06736,40.06873],[-75.05568,40.06154],[-75.03199,40.04865],[-75.03162,40.04578],[-75.0282,40.04129],[-75.02412,40.03369],[-75.02176,40.03124],[-75.0288,40.02735],[-75.02736,40.02518],[-75.0321,40.02284],[-75.0347,40.02285],[-75.03822,40.02156]],[[-75.03739,40.08547],[-75.04114,40.08724],[-75.03835,40.08446],[-75.03647,40.07764],[-75.03473,40.07422]],[[-75.02646,40.10794],[-75.04712,40.09833],[-75.04674,40.09548],[-75.04752,40.09187],[-75.04561,40.08907],[-75.04114,40.08724]],[[-75.30295,39.94152],[-75.27007,39.95685],[-75.26298,39.96033],[-75.26139,39.96179]],[[-75.15408,40.07173],[-75.16557,40.05943],[-75.16597,40.05776],[-75.1875,40.03673],[-75.19173,40.03918]],[[-75.46762,39.86719],[-75.47156,39.86731],[-75.47464,39.86643],[-75.47949,39.86622],[-75.48188,39.86736],[-75.48784,39.86789],[-75.49079,39.86871],[-75.49722,39.8719],[-75.49862,39.87335],[-75.531,39.85816],[-75.54135,39.85507]],[[-75.45738,39.88125],[-75.45701,39.88107],[-75.46311,39.88598],[-75.46967,39.88529]],[[-75.43428,39.82922],[-75.42977,39.82783],[-75.43896,39.83061],[-75.44104,39.83228],[-75.4439,39.8437],[-75.45144,39.84937],[-75.45493,39.84693],[-75.46156,39.84007],[-75.46669,39.83751],[-75.46931,39.83482]],[[-75.38789,40.04407],[-75.38741,40.04025],[-75.38563,40.03628],[-75.38466,40.03574],[-75.39276,40.03223],[-75.39413,40.03042],[-75.39407,40.02869],[-75.39629,40.02669],[-75.39582,40.02335],[-75.39883,40.02303],[-75.40336,40.02099],[-75.40561,40.01697],[-75.41802,40.00842],[-75.41779,40.00873]],[[-75.27706,39.94665],[-75.26808,39.95062]],[[-75.17865,40.00504],[-75.14774,40.00094],[-75.14419,40.00213],[-75.14302,40.00032],[-75.11348,39.9965],[-75.10634,39.98852]],[[-75.42537,39.8432],[-75.42961,39.8408],[-75.43199,39.83537],[-75.43642,39.83208],[-75.44794,39.82811],[-75.45941,39.82629],[-75.46287,39.82454],[-75.46708,39.81941]],[[-75.31102,39.92465],[-75.31061,39.93061],[-75.3,39.9304],[-75.28947,39.92566],[-75.28116,39.92551],[-75.27828,39.92454],[-75.26822,39.91882],[-75.26473,39.91837]],[[-75.27457,39.98475],[-75.28225,39.98102],[-75.2869,39.98046],[-75.29189,39.98073],[-75.29388,39.97863],[-75.29727,39.97842],[-75.31356,39.97194]],[[-75.40454,39.83793],[-75.40003,39.84003],[-75.40099,39.8409]],[[-75.2202,40.00226],[-75.2066,39.99887],[-75.20351,39.99629],[-75.19736,39.99676],[-75.1919,39.99446],[-75.18954,39.99585],[-75.18688,39.9932],[-75.18688,39.99192],[-75.18638,39.99181]],[[-75.0864,40.00584],[-75.08499,40.00653],[-75.07268,40.0081]],[[-75.38787,39.9166],[-75.38524,39.92715],[-75.37937,39.93133],[-75.3759,39.93296],[-75.37377,39.93685]],[[-75.06251,40.02749],[-75.07336,40.02537],[-75.0791,40.02176],[-75.08788,40.01224],[-75.09183,40.00601],[-75.0883,40.00659],[-75.0754,40.01205],[-75.07043,40.01317],[-75.07257,40.01884],[-75.07686,40.02328],[-75.07636,40.02602],[-75.07435,40.02845],[-75.07227,40.03271]],[[-75.3179,40.02126],[-75.3218,40.01743],[-75.33213,40.01588],[-75.33421,40.01618],[-75.33605,40.01574],[-75.34979,40.00829],[-75.35218,40.00732],[-75.35602,40.00678],[-75.36192,40.00402],[-75.35831,39.99733],[-75.35624,39.99629],[-75.3554,39.99475],[-75.35638,39.99215],[-75.35836,39.99007],[-75.35884,39.98504],[-75.35838,39.98415],[-75.36106,39.98194]],[[-75.10504,40.02932],[-75.11446,40.01994],[-75.12342,40.00723],[-75.12731,40.00766],[-75.13184,40.00675],[-75.15112,40.00924]],[[-75.29831,39.99384],[-75.28763,40.00035],[-75.28055,40.00084],[-75.27704,40.00049],[-75.2748,40.00183]],[[-75.16985,39.95801],[-75.16909,39.9585],[-75.16416,39.95794],[-75.16508,39.95323]],[[-75.50597,39.89101],[-75.50644,39.89446],[-75.50778,39.89794],[-75.52288,39.91945],[-75.52448,39.92357],[-75.52274,39.92666],[-75.52282,39.92887],[-75.52827,39.93925],[-75.53043,39.94105],[-75.51047,39.95044],[-75.50879,39.95187],[-75.50867,39.9547],[-75.50585,39.95686],[-75.49607,39.96117],[-75.48873,39.96508]],[[-75.32113,39.87651],[-75.33028,39.88465],[-75.33431,39.89288],[-75.33268,39.90038],[-75.33015,39.90254],[-75.32745,39.90817],[-75.32773,39.90789]],[[-75.31089,39.98819],[-75.32094,39.99327],[-75.3284,39.99841],[-75.33333,40.00041],[-75.31373,40.0087]],[[-75.37817,39.98408],[-75.39153,39.9745],[-75.39231,39.97206],[-75.39798,39.96749]],[[-75.21075,40.00868],[-75.20817,40.00626],[-75.20336,40.00784],[-75.19992,40.00675],[-75.19799,40.00744]],[[-75.45664,39.88065],[-75.45374,39.87908],[-75.44693,39.87321],[-75.44491,39.87261]],[[-75.22642,40.00126],[-75.22537,40.00045],[-75.21953,39.99983]],[[-75.39666,39.94269],[-75.39959,39.94545],[-75.40608,39.94649],[-75.4105,39.94848],[-75.41385,39.94893],[-75.41595,39.95225],[-75.41889,39.95324],[-75.42136,39.95552],[-75.42371,39.95541],[-75.42708,39.95619],[-75.43079,39.95791],[-75.43289,39.95978],[-75.43435,39.96269],[-75.44037,39.96654],[-75.44388,39.96966],[-75.44488,39.97129],[-75.45029,39.97471]],[[-75.37696,39.85637],[-75.37594,39.85486],[-75.37696,39.85637],[-75.3722,39.85783],[-75.36594,39.85723],[-75.36022,39.85875]],[[-75.19107,40.0602],[-75.17958,40.07113],[-75.17676,40.0761],[-75.17176,40.0813],[-75.17144,40.08233],[-75.16852,40.08523],[-75.16424,40.08747],[-75.16213,40.09204],[-75.1334,40.12114],[-75.18133,40.14942],[-75.20012,40.16114]],[[-75.44337,40.04743],[-75.43774,40.04125],[-75.43567,40.03388],[-75.43749,40.03344],[-75.41817,40.0086],[-75.41853,40.00888]],[[-75.17255,39.92495],[-75.14114,39.92071]],[[-75.01223,40.13169],[-74.99029,40.1381],[-74.98807,40.13947]],[[-75.12538,39.99804],[-75.12342,40.00723],[-75.10924,40.00541],[-75.09183,40.00601],[-75.0924,40.00552]],[[-75.36128,40.00323],[-75.36344,40.00624],[-75.36953,40.02294],[-75.36915,40.02367],[-75.36604,40.02526],[-75.36522,40.02864],[-75.35842,40.03323],[-75.35613,40.03409],[-75.3533,40.03425],[-75.33953,40.04026],[-75.33278,40.04186],[-75.31254,40.05055],[-75.30452,40.05465],[-75.3011,40.05814],[-75.29675,40.051],[-75.29391,40.05047],[-75.29264,40.04744],[-75.29103,40.04701],[-75.28787,40.04758],[-75.28728,40.04662],[-75.28369,40.04441],[-75.27771,40.03706],[-75.2692,40.03127],[-75.26907,40.03308],[-75.26713,40.03359],[-75.2631,40.03097],[-75.26017,40.0336],[-75.25566,40.03579],[-75.25107,40.04136]],[[-75.18707,39.98867],[-75.16957,39.98641],[-75.16856,39.99105],[-75.16049,39.99437],[-75.13316,40.00454],[-75.12416,40.00383]],[[-75.39259,39.98502],[-75.39088,39.98623],[-75.38707,39.98751],[-75.37954,39.99452],[-75.36849,40.00076],[-75.36587,40.00299],[-75.36192,40.00402]],[[-75.18035,40.00964],[-75.16539,40.01815]],[[-75.59031,39.87215],[-75.58979,39.86686],[-75.59326,39.86539],[-75.59863,39.85957],[-75.59569,39.85498],[-75.59681,39.85236],[-75.59482,39.85027],[-75.59471,39.84901],[-75.59979,39.84165],[-75.59837,39.83848],[-75.59855,39.83368],[-75.60012,39.83035],[-75.60035,39.82823],[-75.59921,39.82506],[-75.59677,39.82327],[-75.59552,39.82498],[-75.58265,39.83456],[-75.57945,39.83757],[-75.57632,39.83907]],[[-75.00898,40.10037],[-75.01811,40.09717],[-75.02174,40.09692],[-75.03085,40.09431]],[[-75.14569,39.9502],[-75.14525,39.95219],[-75.14167,39.95174]],[[-75.19497,39.97523],[-75.1984,39.97619],[-75.19824,39.97728],[-75.20046,39.97791],[-75.20563,39.98133],[-75.20624,39.98336],[-75.20511,39.98651]],[[-75.17106,39.97958],[-75.16957,39.98641],[-75.14417,39.98309],[-75.14819,39.96141]],[[-75.4025,39.88723],[-75.3972,39.89111],[-75.39662,39.89247],[-75.39321,39.89543],[-75.39245,39.90239],[-75.39387,39.90319],[-75.39445,39.90457],[-75.39631,39.90531],[-75.39669,39.90663],[-75.39661,39.90969],[-75.394,39.91427],[-75.39325,39.91735]],[[-74.98902,40.10102],[-74.98024,40.09362],[-74.97976,40.094],[-74.98635,40.0995]],[[-75.19173,39.95032],[-75.18594,39.94628],[-75.17973,39.94543],[-75.18744,39.94045]],[[-75.17423,39.95767],[-75.17698,39.94509],[-75.15234,39.94202]],[[-75.15077,39.94182],[-75.14407,39.94099],[-75.14333,39.94431]],[[-75.15105,39.95721],[-75.15451,39.95708],[-75.16408,39.95829],[-75.16416,39.95794],[-75.15131,39.95659]],[[-75.2126,39.94086],[-75.21035,39.93848],[-75.21389,39.93592],[-75.22597,39.91856],[-75.22601,39.91545],[-75.22732,39.91349],[-75.2319,39.91013],[-75.23656,39.90555],[-75.23911,39.9044],[-75.24731,39.90228],[-75.24988,39.90043],[-75.25249,39.89753]],[[-75.1124,40.0475],[-75.10612,40.05181],[-75.10411,40.0546],[-75.10077,40.05514],[-75.09715,40.05713],[-75.09609,40.05836],[-75.09588,40.05981],[-75.08537,40.07021],[-75.08474,40.07397]],[[-75.14215,39.94968],[-75.1431,39.94526],[-75.14381,39.94535]],[[-75.21842,39.97302],[-75.22597,39.97142],[-75.23931,39.96995]],[[-75.19546,39.9277],[-75.17377,39.92472]],[[-75.21802,39.99435],[-75.21984,39.99119]],[[-75.15667,40.01463],[-75.16061,40.01972],[-75.16021,40.02131],[-75.1875,40.03673]],[[-75.08461,40.03228],[-75.05122,40.06707]],[[-75.11738,39.9815],[-75.11305,39.97664],[-75.06535,40.00146],[-75.06436,40.0025],[-75.06724,40.00429],[-75.06916,40.00926],[-75.072,40.00892]],[[-75.08524,40.07716],[-75.08175,40.0764],[-75.07589,40.0729],[-75.08354,40.06543]],[[-75.25435,40.44907],[-75.25547,40.45106],[-75.26156,40.45409],[-75.26677,40.45956],[-75.2704,40.46149],[-75.27242,40.4637],[-75.27355,40.46762],[-75.27168,40.47238],[-75.27178,40.47905],[-75.27472,40.49095],[-75.27663,40.4949],[-75.28247,40.49766],[-75.2843,40.49942],[-75.28583,40.50879],[-75.28844,40.51013],[-75.2886,40.51196],[-75.29115,40.51652],[-75.29097,40.51764],[-75.2917,40.51881],[-75.29185,40.51744],[-75.29399,40.51414],[-75.29849,40.51166],[-75.29948,40.5106],[-75.30524,40.49866],[-75.30826,40.49705],[-75.30917,40.49597],[-75.30924,40.49448],[-75.30591,40.49027],[-75.30566,40.48849],[-75.30817,40.48647],[-75.3109,40.48546],[-75.31352,40.48315],[-75.31531,40.4793],[-75.31511,40.47377],[-75.32033,40.47084],[-75.32247,40.46696],[-75.32746,40.44928],[-75.32888,40.44824],[-75.33427,40.44728],[-75.33292,40.4414]],[[-74.96397,40.36944],[-74.96165,40.37189],[-74.96293,40.37139]],[[-74.84196,40.16547],[-74.84352,40.16413],[-74.84037,40.16672],[-74.84196,40.16547]],[[-74.9057,40.31147],[-74.9071,40.31109],[-74.91005,40.30603],[-74.91679,40.303],[-74.92484,40.30106],[-74.93589,40.29994],[-74.93904,40.2984],[-74.939,40.29207],[-74.94133,40.28257],[-74.9466,40.27715],[-74.94744,40.27276],[-74.95059,40.26947],[-74.94621,40.2566],[-74.94661,40.25392],[-74.941,40.24089],[-74.94176,40.23631],[-74.93735,40.23605],[-74.93843,40.22938],[-74.94801,40.2297]],[[-75.20783,40.28575],[-75.20984,40.28851],[-75.21436,40.29201],[-75.21831,40.29599],[-75.21862,40.2989],[-75.22058,40.30226],[-75.22016,40.30778],[-75.22138,40.31146],[-75.22398,40.31353],[-75.23004,40.31659],[-75.23973,40.32326],[-75.2357,40.32719],[-75.2374,40.33013],[-75.27015,40.34902],[-75.27748,40.34151],[-75.29144,40.329],[-75.29881,40.32303],[-75.30349,40.32164]],[[-75.20974,40.28841],[-75.20698,40.2902],[-75.20457,40.29271],[-75.2036,40.29612],[-75.19979,40.304],[-75.19969,40.30504],[-75.2006,40.30646],[-75.18378,40.31422],[-75.17839,40.31605],[-75.17351,40.31908],[-75.17235,40.32076],[-75.1685,40.32377],[-75.15312,40.33898],[-75.14947,40.34319],[-75.14957,40.34518],[-75.14384,40.34598],[-75.1395,40.34954],[-75.13558,40.35173],[-75.1249,40.3619],[-75.11459,40.36755],[-75.10346,40.37619],[-75.10187,40.37798],[-75.09833,40.38636],[-75.09502,40.39684],[-75.09144,40.40301],[-75.08037,40.41506],[-75.07446,40.41884],[-75.07263,40.41935],[-75.07124,40.42056],[-75.06866,40.42112],[-75.06642,40.4226],[-75.06396,40.41983],[-75.0598,40.41666],[-75.05525,40.41505],[-75.04881,40.41385],[-75.04624,40.4126],[-75.04362,40.40931],[-75.04179,40.40798],[-75.039,40.40741],[-75.03103,40.40309],[-75.02258,40.40273],[-75.01161,40.40569],[-75.00625,40.40655],[-74.99655,40.40453],[-74.99146,40.40277],[-74.98562,40.40227],[-74.98197,40.40112],[-74.9799,40.40099],[-74.9703,40.39518],[-74.96421,40.3895],[-74.96198,40.38561],[-74.96472,40.38304],[-74.96483,40.38071],[-74.96245,40.37927],[-74.95933,40.37605],[-74.96165,40.37189]],[[-75.16544,40.47791],[-75.17041,40.47376],[-75.17343,40.46968],[-75.17595,40.46822],[-75.18277,40.46734],[-75.19024,40.46533],[-75.19559,40.46277],[-75.21061,40.46247],[-75.21421,40.46153],[-75.21676,40.46012],[-75.22318,40.45388],[-75.22852,40.43897],[-75.23964,40.42808],[-75.24479,40.42184],[-75.2497,40.41774],[-75.25262,40.41623],[-75.25566,40.41257],[-75.26728,40.40132],[-75.27731,40.39253],[-75.28726,40.38537],[-75.29462,40.38108],[-75.29923,40.38017],[-75.30472,40.3773],[-75.3082,40.37635],[-75.31075,40.37461],[-75.31979,40.37338],[-75.33162,40.36919],[-75.33412,40.3672],[-75.33571,40.36394],[-75.3384,40.36196],[-75.3504,40.35889],[-75.35418,40.35714],[-75.35927,40.35635],[-75.36489,40.35375],[-75.36947,40.35301],[-75.37245,40.35173],[-75.383,40.35806],[-75.38475,40.36134],[-75.38276,40.36713],[-75.38295,40.36864],[-75.37967,40.37217],[-75.37892,40.37468],[-75.37707,40.37634],[-75.3772,40.37747]],[[-74.91054,40.14297],[-74.91173,40.14251],[-74.90912,40.14554],[-74.87189,40.17123],[-74.87533,40.16395],[-74.876,40.15426],[-74.87452,40.14364],[-74.87475,40.13916],[-74.87331,40.13544],[-74.86675,40.12761],[-74.85297,40.13695],[-74.84523,40.14289],[-74.84685,40.14166]],[[-74.81425,40.14896],[-74.81279,40.15789],[-74.81663,40.15902],[-74.81964,40.15922],[-74.82867,40.15541],[-74.84207,40.14531],[-74.82874,40.15551],[-74.82013,40.15921],[-74.81666,40.15914],[-74.81279,40.15789],[-74.80997,40.15759],[-74.80316,40.15749]],[[-75.11464,40.4156],[-75.10732,40.41177],[-75.09747,40.40567],[-75.09345,40.4047],[-75.08686,40.40072],[-75.08232,40.39924],[-75.06439,40.38811],[-75.06319,40.38598],[-75.06252,40.38663],[-75.05769,40.38445],[-75.05529,40.384],[-75.05141,40.38036],[-75.02253,40.36332]],[[-75.02176,40.03124],[-75.00484,40.04012],[-74.98273,40.05301],[-74.98227,40.05585],[-74.98084,40.05741],[-74.97555,40.05929],[-74.95796,40.06726],[-74.95484,40.06819],[-74.94756,40.06823],[-74.94584,40.06865],[-74.92872,40.07597],[-74.93441,40.08314]],[[-75.30665,40.35698],[-75.29634,40.36614],[-75.29361,40.36739],[-75.28979,40.36629],[-75.28276,40.36244],[-75.27365,40.34914],[-75.27144,40.34771]],[[-75.12605,40.28059],[-75.12133,40.28266],[-75.08661,40.29478],[-75.08222,40.29622],[-75.08094,40.29601],[-75.07945,40.29507],[-75.07212,40.28586],[-75.06888,40.28263],[-75.06593,40.28078],[-75.06326,40.27919],[-75.05916,40.27806],[-75.04391,40.27214],[-75.02891,40.26374],[-75.0288,40.26247],[-75.03327,40.25985],[-75.03036,40.25784],[-75.02807,40.25958],[-75.02458,40.25948],[-75.02323,40.25903],[-75.02228,40.25796],[-75.0201,40.25829],[-75.01707,40.25673],[-75.01127,40.25653],[-75.00386,40.25387],[-74.99717,40.2541],[-74.99294,40.25255],[-74.98961,40.25055],[-74.98276,40.24929],[-74.97676,40.24891],[-74.95116,40.23335]],[[-74.77554,40.20817],[-74.77745,40.21078],[-74.78193,40.21504],[-74.78593,40.21667],[-74.79376,40.2174],[-74.80753,40.21749]],[[-75.30261,40.3096],[-75.33333,40.32811],[-75.3185,40.34246],[-75.31389,40.34416],[-75.3036,40.34519]],[[-74.93735,40.23605],[-74.93553,40.24107],[-74.92196,40.25154],[-74.90929,40.26265],[-74.89551,40.26531],[-74.89622,40.27133],[-74.89567,40.27282],[-74.88841,40.27985],[-74.88113,40.28495],[-74.87835,40.28911],[-74.8706,40.29375],[-74.86873,40.2911],[-74.86453,40.2884],[-74.86083,40.28274],[-74.85814,40.27515],[-74.85752,40.27029],[-74.85514,40.26446],[-74.85269,40.26079],[-74.84691,40.25469],[-74.84375,40.24947],[-74.83673,40.24508],[-74.82485,40.24025],[-74.817,40.23611],[-74.80773,40.23341],[-74.79396,40.22691],[-74.77733,40.21667],[-74.77619,40.21521],[-74.77565,40.21264],[-74.77291,40.20952]],[[-75.08508,40.55229],[-75.0783,40.54642],[-75.07011,40.54122],[-75.06897,40.53862],[-75.06763,40.53109],[-75.06699,40.52483],[-75.06956,40.5136],[-75.06696,40.50368],[-75.06958,40.49009],[-75.06899,40.48678],[-75.0699,40.46871],[-75.07169,40.464],[-75.0737,40.46129],[-75.0748,40.45738],[-75.06865,40.43729],[-75.06642,40.4226]],[[-74.85192,40.23694],[-74.86738,40.22674],[-74.87213,40.22541],[-74.87458,40.22287],[-74.8811,40.21894],[-74.88711,40.21231],[-74.89068,40.20989],[-74.89886,40.20278],[-74.90572,40.19504]],[[-74.93177,40.21676],[-74.93661,40.22491],[-74.93707,40.22625],[-74.93672,40.2293],[-74.93843,40.22938],[-74.93902,40.22662],[-74.94342,40.21902]],[[-75.12514,40.55861],[-75.12511,40.55615],[-75.12766,40.55258],[-75.13194,40.55033],[-75.13496,40.54751],[-75.13953,40.54572],[-75.14056,40.53743],[-75.14184,40.53294],[-75.14412,40.5303],[-75.14574,40.5262],[-75.14581,40.52209],[-75.1496,40.51879],[-75.15668,40.51397],[-75.15984,40.5157],[-75.16179,40.5149]],[[-74.96165,40.13987],[-74.96523,40.14199],[-74.95888,40.13828]],[[-75.23747,40.33018],[-75.22865,40.33883],[-75.22433,40.34675],[-75.22631,40.34868],[-75.22229,40.35196],[-75.20288,40.37145],[-75.20313,40.37362],[-75.19986,40.37679],[-75.1961,40.38026],[-75.19167,40.38221],[-75.17994,40.39311],[-75.18005,40.39418],[-75.18389,40.3966],[-75.18431,40.39767],[-75.17769,40.40394],[-75.1769,40.40632],[-75.17187,40.40894],[-75.16811,40.41024],[-75.1601,40.41727],[-75.1563,40.41766],[-75.15498,40.41714],[-75.14718,40.4219],[-75.14252,40.42315],[-75.14036,40.42543],[-75.13381,40.42702],[-75.13022,40.42894],[-75.12592,40.43325],[-75.12222,40.43606],[-75.12398,40.43744],[-75.1249,40.43971],[-75.12234,40.44311],[-75.11838,40.44519],[-75.10784,40.44859],[-75.09305,40.46562],[-75.09143,40.47229],[-75.09064,40.4734],[-75.08885,40.47483],[-75.08653,40.4757],[-75.0821,40.47696],[-75.07857,40.47704],[-75.07362,40.48011],[-75.06939,40.48133]],[[-75.05879,40.32599],[-75.0616,40.32549],[-75.06233,40.32639],[-75.06172,40.32547]],[[-74.81462,40.14361],[-74.81118,40.14694],[-74.80483,40.15646],[-74.80127,40.15872],[-74.78811,40.181],[-74.79621,40.18012]],[[-74.77412,40.20504],[-74.77326,40.20322],[-74.77567,40.20108],[-74.78258,40.18965],[-74.78335,40.18724],[-74.78285,40.18431]],[[-74.89743,40.16717],[-74.8977,40.16831],[-74.90075,40.17095],[-74.90418,40.17806]],[[-74.87234,40.0979],[-74.8697,40.09704],[-74.86043,40.09698],[-74.85637,40.09458],[-74.84494,40.10062],[-74.837,40.10912],[-74.83507,40.11444],[-74.83234,40.11932],[-74.82877,40.12937],[-74.82577,40.13206],[-74.81819,40.136],[-74.81596,40.13827],[-74.81601,40.14163],[-74.81538,40.14257],[-74.81592,40.14284]],[[-74.90255,40.12355],[-74.90085,40.12374],[-74.90434,40.12369],[-74.90833,40.11581],[-74.92033,40.09763],[-74.92316,40.0989],[-74.93029,40.10941],[-74.93293,40.10954],[-74.93588,40.11066],[-74.93953,40.11454],[-74.94173,40.12432],[-74.94321,40.13628],[-74.93897,40.1345],[-74.92406,40.13201],[-74.92264,40.12996]],[[-74.95933,40.37605],[-74.95701,40.37567],[-74.95548,40.37463],[-74.95383,40.3713],[-74.94923,40.35721]],[[-75.37721,40.37614],[-75.37398,40.37638],[-75.37078,40.37557],[-75.36717,40.3739],[-75.36101,40.37418],[-75.35524,40.37341],[-75.35292,40.37171],[-75.34857,40.37015],[-75.34067,40.36515],[-75.33956,40.36559],[-75.33543,40.36431]],[[-75.00523,40.29484],[-74.99865,40.29595],[-74.99384,40.29598],[-74.9913,40.29679],[-74.97736,40.29422],[-74.97173,40.29407],[-74.96769,40.29304],[-74.95817,40.29251],[-74.9548,40.2927],[-74.93906,40.29563]],[[-74.86058,40.09699],[-74.86477,40.1046],[-74.86361,40.11209],[-74.86422,40.11876],[-74.86884,40.12403],[-74.88081,40.12574],[-74.88805,40.13197],[-74.88976,40.13431],[-74.89021,40.13848],[-74.89429,40.14958],[-74.89912,40.15716],[-74.90319,40.15813],[-74.90985,40.15842],[-74.91111,40.15925]],[[-75.41925,40.38465],[-75.41938,40.38579],[-75.42195,40.38868],[-75.42303,40.39088],[-75.42287,40.39243],[-75.4218,40.39351],[-75.41924,40.39501],[-75.4137,40.39532],[-75.40506,40.39844],[-75.40355,40.40075],[-75.40347,40.40396],[-75.39547,40.40993],[-75.38288,40.40756],[-75.37823,40.41077]],[[-74.86675,40.12761],[-74.86519,40.12616],[-74.86427,40.12383],[-74.86422,40.11728]],[[-74.93672,40.2293],[-74.92402,40.22879],[-74.91607,40.23065],[-74.90768,40.23126],[-74.9061,40.23093],[-74.90353,40.22938]],[[-74.93692,40.22791],[-74.96625,40.2238],[-74.96764,40.22297],[-74.96891,40.22053],[-74.97048,40.21978],[-74.99621,40.2186],[-75.00505,40.21625],[-75.01053,40.21532],[-75.02957,40.21973],[-75.05735,40.23588],[-75.05849,40.2376],[-75.06152,40.23956],[-75.06469,40.24015],[-75.11193,40.26833],[-75.12122,40.26744],[-75.12949,40.27084]],[[-75.27015,40.34902],[-75.25732,40.36161],[-75.25635,40.36337],[-75.25125,40.36855],[-75.24415,40.37055],[-75.23613,40.37542],[-75.21973,40.3822],[-75.2113,40.38999],[-75.20893,40.39386],[-75.20713,40.39973],[-75.20404,40.40639],[-75.19566,40.41942],[-75.19325,40.4205],[-75.18623,40.42115],[-75.18383,40.42199],[-75.17488,40.43009],[-75.17154,40.4346],[-75.16391,40.43996],[-75.16009,40.44377],[-75.15395,40.44661],[-75.14996,40.44748]],[[-74.8028,40.19293],[-74.80131,40.19362],[-74.79889,40.19368],[-74.79315,40.19135],[-74.79164,40.1872],[-74.78884,40.18328],[-74.78831,40.18025]],[[-75.36251,40.12356],[-75.3602,40.12331],[-75.355,40.12035],[-75.33604,40.11324],[-75.32975,40.11259],[-75.32506,40.11313],[-75.32187,40.11418],[-75.31893,40.10779],[-75.31977,40.10569],[-75.31725,40.09918],[-75.31599,40.07934],[-75.31405,40.07692],[-75.30643,40.07228],[-75.30463,40.07201],[-75.29771,40.07314],[-75.2969,40.07397],[-75.30588,40.07284],[-75.30643,40.07228]],[[-74.9008,40.20073],[-74.89321,40.19434],[-74.89316,40.19332],[-74.89185,40.19317],[-74.89102,40.19246],[-74.88684,40.18435],[-74.88415,40.17428],[-74.87508,40.1665],[-74.86712,40.15857],[-74.85554,40.15415],[-74.84352,40.16413]],[[-75.02249,40.36309],[-75.02967,40.35613],[-75.03249,40.34874],[-75.03664,40.34547]],[[-74.83897,40.24247],[-74.8363,40.24487]],[[-75.20995,40.2841],[-75.20585,40.28045],[-75.20453,40.27245],[-75.19934,40.26811],[-75.1989,40.26341],[-75.19393,40.25066],[-75.19274,40.24459]],[[-75.2631,40.03097],[-75.25593,40.02349],[-75.24685,40.02154],[-75.24576,40.02051],[-75.24519,40.01885],[-75.24224,40.01912],[-75.24017,40.01826],[-75.23351,40.01016],[-75.23237,40.0064]],[[-75.37216,40.12911],[-75.35304,40.14865],[-75.34847,40.15238],[-75.3358,40.16473],[-75.327,40.15974],[-75.29548,40.19095],[-75.29453,40.19265],[-75.29186,40.18769],[-75.2736,40.17738],[-75.27047,40.1741],[-75.26676,40.16826],[-75.24939,40.15829],[-75.24496,40.15784],[-75.23665,40.15303],[-75.23409,40.15258],[-75.22948,40.14937],[-75.2284,40.14766],[-75.2165,40.13947],[-75.21405,40.1361],[-75.22148,40.13246],[-75.2263,40.12787]],[[-75.33001,40.21374],[-75.29641,40.19493],[-75.29453,40.19265],[-75.27867,40.2104],[-75.27606,40.21589],[-75.27087,40.22133],[-75.26798,40.22333],[-75.26088,40.23073],[-75.25431,40.23339],[-75.25085,40.23629],[-75.24216,40.24167],[-75.23964,40.24482]],[[-75.4376,40.0721],[-75.44867,40.0873],[-75.45219,40.08648],[-75.45602,40.08731],[-75.45668,40.09168],[-75.45625,40.09454],[-75.46159,40.0967],[-75.46168,40.09998]],[[-75.27688,40.42084],[-75.27477,40.42267],[-75.27228,40.42672],[-75.26696,40.43202],[-75.26468,40.43629],[-75.25833,40.44319],[-75.25361,40.45011],[-75.2449,40.46073],[-75.2327,40.47252],[-75.22992,40.47433],[-75.22677,40.47548],[-75.21412,40.4765],[-75.20614,40.47934],[-75.20238,40.48192],[-75.1825,40.49974]],[[-75.12407,40.32501],[-75.10477,40.34413],[-75.08782,40.35992]],[[-75.33479,40.14902],[-75.33338,40.1533],[-75.327,40.15974],[-75.31002,40.15]],[[-74.87513,40.0968],[-74.87343,40.09637],[-74.87487,40.09688],[-74.88328,40.09328],[-74.90408,40.08709],[-74.90724,40.09364],[-74.90854,40.09391]],[[-75.00912,40.13435],[-75.04888,40.15803]],[[-75.36386,40.09535],[-75.36293,40.09473],[-75.36571,40.09674],[-75.37015,40.10244],[-75.3649,40.1033],[-75.35438,40.10808],[-75.35108,40.1076],[-75.35009,40.10598],[-75.33296,40.10465],[-75.3312,40.10372],[-75.32897,40.10458],[-75.32687,40.10315],[-75.32492,40.09931],[-75.32641,40.0946],[-75.32625,40.08513],[-75.3275,40.08456],[-75.33341,40.07742],[-75.33781,40.07507],[-75.34414,40.07292],[-75.34364,40.07298]],[[-75.12541,40.0927],[-75.11014,40.10737],[-75.11149,40.10853],[-75.11323,40.10743],[-75.10979,40.10894],[-75.11149,40.10853],[-75.11452,40.11029],[-75.11544,40.11217],[-75.11827,40.11228],[-75.1334,40.12114],[-75.13264,40.12249],[-75.13274,40.12534],[-75.1171,40.14146],[-75.12172,40.13662]],[[-75.2969,40.07397],[-75.28125,40.07679],[-75.28195,40.07859],[-75.27103,40.08364],[-75.22642,40.12793]],[[-75.18136,40.35939],[-75.17947,40.36032],[-75.17242,40.36697],[-75.16734,40.36842],[-75.16165,40.37456],[-75.15526,40.37852],[-75.15033,40.38404],[-75.13815,40.39542],[-75.13002,40.40105],[-75.12307,40.40446],[-75.12165,40.40606],[-75.12013,40.41078],[-75.11185,40.41806],[-75.11062,40.42003],[-75.105,40.42459]],[[-75.66014,40.21096],[-75.65863,40.21416],[-75.65681,40.22382],[-75.65405,40.23325],[-75.65187,40.23764],[-75.65042,40.24567]],[[-74.98405,40.16312],[-74.96343,40.15138],[-74.95751,40.14445],[-74.94321,40.13628]],[[-75.14954,40.16076],[-75.16775,40.14299],[-75.17106,40.15086],[-75.17406,40.1545],[-75.1776,40.15606],[-75.17953,40.15751],[-75.18231,40.1643],[-75.18342,40.18662],[-75.18305,40.1898],[-75.1847,40.19844],[-75.18748,40.20334],[-75.18476,40.21654],[-75.18775,40.22519],[-75.19041,40.2308],[-75.19186,40.23669],[-75.19113,40.23807],[-75.19217,40.24054],[-75.19227,40.24291],[-75.19083,40.24506],[-75.18042,40.25567],[-75.17583,40.26141],[-75.1672,40.26734],[-75.1642,40.2703],[-75.10458,40.23393],[-75.00248,40.1738],[-75.00135,40.17296],[-74.99661,40.1659],[-74.99293,40.16369]],[[-75.4874,40.11756],[-75.47514,40.11678],[-75.47307,40.11563],[-75.46725,40.11384],[-75.46064,40.11343],[-75.45474,40.11432],[-75.45152,40.11581],[-75.44517,40.12004],[-75.43712,40.12322],[-75.42434,40.13576],[-75.41594,40.1361],[-75.40758,40.14335],[-75.39784,40.14474],[-75.3952,40.14686]],[[-74.95183,40.14885],[-74.9572,40.14525],[-74.96429,40.1428],[-74.97555,40.13238]],[[-75.00136,40.15379],[-75.00479,40.15886],[-75.00776,40.16725],[-75.00823,40.17067],[-75.01164,40.1761],[-75.01101,40.17873]],[[-75.01368,40.18028],[-75.01204,40.19821],[-75.01081,40.20019],[-75.01159,40.20209],[-75.01091,40.21108]],[[-75.33957,40.0684],[-75.34065,40.06859],[-75.34267,40.06758]],[[-75.24017,40.01826],[-75.23792,40.02031],[-75.2357,40.02089],[-75.23461,40.02182],[-75.23097,40.02181]],[[-75.31793,40.20702],[-75.31593,40.20816],[-75.27079,40.2547],[-75.25433,40.26696]],[[-74.91107,40.1433],[-74.90276,40.13768],[-74.89816,40.13231]],[[-74.90648,40.09405],[-74.90668,40.09837],[-74.90389,40.10039],[-74.90165,40.10453],[-74.90272,40.11705],[-74.89998,40.12392],[-74.85554,40.15415],[-74.84527,40.14147],[-74.84728,40.14396]],[[-75.22808,40.5701],[-75.2281,40.56628],[-75.22498,40.56265],[-75.22423,40.56045],[-75.22562,40.5576],[-75.22521,40.55383],[-75.22137,40.54792],[-75.22518,40.54015],[-75.22422,40.53631],[-75.22347,40.53583],[-75.22396,40.53515],[-75.22319,40.53436],[-75.22341,40.53251],[-75.2225,40.53083]],[[-75.34008,40.31458],[-75.33579,40.30696],[-75.33435,40.30003],[-75.33304,40.29738],[-75.3164,40.2899],[-75.29957,40.27959],[-75.29705,40.28175],[-75.29778,40.28428],[-75.28412,40.29842]],[[-74.87246,40.2358],[-74.87097,40.23008],[-74.87153,40.22458],[-74.87093,40.22163],[-74.86564,40.20974],[-74.86581,40.20739],[-74.86755,40.20478],[-74.86776,40.203],[-74.86486,40.19413]],[[-75.13155,40.18268],[-75.13322,40.18113],[-75.13385,40.17963],[-75.1511,40.1617]],[[-75.57382,40.41757],[-75.56228,40.41199],[-75.55976,40.40972],[-75.54643,40.40424],[-75.54226,40.40081],[-75.5377,40.398],[-75.53418,40.3938],[-75.53233,40.38956],[-75.53229,40.38694],[-75.53119,40.3856],[-75.52569,40.38049],[-75.51581,40.37538]],[[-74.90602,40.12026],[-74.92062,40.12786],[-74.92387,40.12809]],[[-75.60692,40.31586],[-75.60324,40.30995],[-75.59538,40.30475],[-75.59075,40.30316],[-75.58557,40.29989],[-75.5852,40.29948],[-75.58772,40.2971]],[[-75.13006,40.30922],[-75.12421,40.31176],[-75.12514,40.31227],[-75.12607,40.31208],[-75.13048,40.31]],[[-75.10565,40.17926],[-75.10145,40.1781],[-75.08447,40.19536],[-75.08165,40.1972],[-75.06187,40.21489],[-75.04666,40.22973]],[[-75.54536,40.21408],[-75.54544,40.21573],[-75.54663,40.21591],[-75.5456,40.21576],[-75.54551,40.21425],[-75.54264,40.20816],[-75.53207,40.19105]],[[-75.12743,40.29073],[-75.12143,40.28725],[-75.11945,40.28332]],[[-75.22931,40.18376],[-75.24146,40.17167],[-75.2442,40.17107],[-75.24754,40.16943],[-75.25026,40.1693],[-75.25208,40.16867],[-75.25702,40.16368],[-75.25825,40.16098],[-75.26561,40.15386],[-75.26687,40.15102],[-75.27389,40.14402],[-75.273,40.14168],[-75.27067,40.1394],[-75.27386,40.13552],[-75.2783,40.13195],[-75.27382,40.13098],[-75.27036,40.13087],[-75.25814,40.13286],[-75.25147,40.13464],[-75.24913,40.13382]],[[-75.383,40.35806],[-75.38133,40.34968],[-75.3815,40.34049],[-75.37988,40.33808],[-75.37748,40.33204],[-75.37635,40.32774],[-75.37655,40.32631],[-75.37315,40.32237],[-75.369,40.31491],[-75.35764,40.30777],[-75.35478,40.3032],[-75.34633,40.29818],[-75.33874,40.28878],[-75.33429,40.27709],[-75.33296,40.26545],[-75.33218,40.26383],[-75.33013,40.26176],[-75.32585,40.2606],[-75.32256,40.25732],[-75.30595,40.2478],[-75.30259,40.2419],[-75.30202,40.23882],[-75.29999,40.23452],[-75.29588,40.22742],[-75.2944,40.22169],[-75.29709,40.21864]],[[-75.58784,40.29699],[-75.6036,40.28183],[-75.60492,40.27941],[-75.61518,40.26948],[-75.6171,40.26851],[-75.62185,40.26938],[-75.62444,40.26855],[-75.63407,40.25924],[-75.64123,40.25565],[-75.64677,40.24922],[-75.6474,40.24635],[-75.65519,40.24732],[-75.6614,40.24899]],[[-75.19088,40.07408],[-75.18846,40.07801],[-75.1863,40.0791],[-75.17911,40.08623]],[[-75.30728,40.54568],[-75.30354,40.54339],[-75.30197,40.53862],[-75.30192,40.54051],[-75.29906,40.54304],[-75.29628,40.54756]],[[-75.20382,40.1331],[-75.20244,40.13174],[-75.20266,40.12875],[-75.2017,40.12739],[-75.194,40.12557],[-75.19167,40.12328],[-75.18678,40.12182],[-75.17527,40.11484],[-75.17196,40.11352],[-75.16924,40.11341],[-75.16455,40.10889],[-75.16643,40.11753],[-75.16632,40.12314],[-75.16508,40.12514],[-75.16702,40.12861],[-75.16679,40.13405],[-75.16576,40.13765],[-75.16414,40.13929],[-75.16449,40.13886]],[[-75.44415,40.32013],[-75.43512,40.31951],[-75.43136,40.31735],[-75.43466,40.31306]],[[-75.33333,40.32811],[-75.37245,40.35173],[-75.37698,40.34965],[-75.38813,40.34974],[-75.39075,40.34911],[-75.3953,40.34589],[-75.40655,40.33492],[-75.40898,40.33377],[-75.41352,40.33009],[-75.41971,40.32406],[-75.42293,40.32262],[-75.43127,40.31728]],[[-75.29584,40.0949],[-75.29615,40.09604],[-75.29516,40.09899],[-75.28951,40.10414],[-75.29477,40.09937],[-75.296,40.09611],[-75.29313,40.08731]],[[-75.11216,40.12991],[-75.10447,40.13258],[-75.10371,40.1334],[-75.11269,40.1388]],[[-74.98713,40.17121],[-74.98386,40.16798],[-74.98194,40.16427]],[[-75.26776,40.28887],[-75.28073,40.27576],[-75.2814,40.27551],[-75.28261,40.27595],[-75.28498,40.27324],[-75.28659,40.27228],[-75.30483,40.25412],[-75.30971,40.25251],[-75.31113,40.25102]],[[-75.17205,40.08103],[-75.17172,40.08182],[-75.18686,40.0908],[-75.18833,40.09253],[-75.19086,40.09358],[-75.19776,40.09794],[-75.18913,40.10657]],[[-75.33969,40.24453],[-75.34248,40.24306],[-75.35131,40.23443],[-75.35397,40.23059],[-75.35361,40.22874],[-75.36384,40.2186],[-75.3645,40.21674],[-75.36876,40.2125]],[[-75.24683,40.21716],[-75.24752,40.2176],[-75.24925,40.22455],[-75.24889,40.22605],[-75.23683,40.23826],[-75.23155,40.24096],[-75.22527,40.24662],[-75.19229,40.27867],[-75.19013,40.2798],[-75.18744,40.27998],[-75.18545,40.28318]],[[-74.94585,40.23637],[-74.94397,40.23648],[-74.94596,40.23636]],[[-75.54663,40.21591],[-75.55913,40.21468],[-75.56193,40.21315],[-75.56709,40.21181],[-75.56997,40.21028],[-75.57302,40.2059],[-75.58171,40.20499],[-75.58169,40.20224],[-75.58388,40.20006]],[[-75.44954,40.13401],[-75.45048,40.13614],[-75.4616,40.14321],[-75.47188,40.14655],[-75.4815,40.15288],[-75.48542,40.15579],[-75.48729,40.15988],[-75.4982,40.16856]],[[-75.40039,40.10357],[-75.4007,40.10315],[-75.39972,40.10452],[-75.39849,40.1038],[-75.395,40.10358],[-75.39171,40.10223],[-75.38208,40.10389],[-75.37957,40.10204],[-75.37445,40.10273],[-75.37015,40.10244]],[[-75.14113,40.43137],[-75.13974,40.4281],[-75.13842,40.42052],[-75.13553,40.4158],[-75.13413,40.41172],[-75.12349,40.4048],[-75.11746,40.3981],[-75.11403,40.38572],[-75.11108,40.38208],[-75.11063,40.37908],[-75.10796,40.37175],[-75.10493,40.3693],[-75.09691,40.36536],[-75.08629,40.35865],[-75.07315,40.34107],[-75.07131,40.33709],[-75.06867,40.33485],[-75.06233,40.32639]],[[-74.87087,40.1719],[-74.87139,40.17525],[-74.87025,40.17957]],[[-75.10689,40.19229],[-75.14316,40.15688]],[[-75.19776,40.09794],[-75.19952,40.09772],[-75.20143,40.09655],[-75.21193,40.08603]],[[-75.32625,40.08513],[-75.31855,40.07557],[-75.31056,40.06805],[-75.30885,40.06832],[-75.30738,40.06783],[-75.30636,40.0632],[-75.3011,40.05814]],[[-75.23528,39.99709],[-75.23926,40.00086],[-75.24264,40.00534]],[[-75.16142,40.08226],[-75.16048,40.08303],[-75.15437,40.08472],[-75.14818,40.0897],[-75.13885,40.09228],[-75.13686,40.09231],[-75.13172,40.08932]],[[-75.26733,40.00346],[-75.27478,40.00184]],[[-75.2228,40.20485],[-75.21721,40.21047],[-75.21097,40.21557],[-75.20575,40.22129],[-75.20523,40.22337],[-75.20268,40.22646],[-75.19186,40.23669]],[[-75.30197,40.53862],[-75.2958,40.52902],[-75.2917,40.51881]],[[-74.98721,40.17311],[-74.98562,40.17825],[-74.98734,40.18369],[-74.97932,40.21929]],[[-74.82028,40.1839],[-74.84037,40.16672]],[[-75.57519,39.97829],[-75.57901,39.9803],[-75.5825,39.97959],[-75.59086,39.97575],[-75.59473,39.98232],[-75.5956,39.98511],[-75.59504,39.98815],[-75.59394,39.98919],[-75.59469,39.99514],[-75.59313,39.99792],[-75.59379,40.00392],[-75.59104,40.00864],[-75.58638,40.00764],[-75.5712,39.99842],[-75.56584,39.99733],[-75.56106,39.99533],[-75.55571,39.99052],[-75.54628,39.98795],[-75.54322,39.98646],[-75.5439,39.99382],[-75.54776,40.00277],[-75.54573,40.00562],[-75.54607,40.00808],[-75.54779,40.01127],[-75.54735,40.01331],[-75.54833,40.0181],[-75.54789,40.02287],[-75.54878,40.02511],[-75.55071,40.02652],[-75.55683,40.02825],[-75.57007,40.02658],[-75.59226,40.01658],[-75.5968,40.01624],[-75.6,40.01391],[-75.61265,40.01075],[-75.6132,40.00938],[-75.61577,40.00968],[-75.61539,40.01317],[-75.61917,40.0158]],[[-75.82069,39.88265],[-75.77432,39.88654],[-75.77158,39.8878],[-75.75499,39.88945],[-75.75215,39.89095],[-75.74261,39.89412],[-75.73905,39.89598],[-75.73323,39.89514],[-75.73261,39.89623],[-75.72684,39.90044],[-75.7223,39.90231],[-75.71312,39.90476],[-75.70771,39.90705],[-75.69685,39.90913],[-75.68083,39.91329],[-75.67859,39.91512],[-75.67583,39.92289],[-75.67289,39.92567],[-75.67091,39.92645],[-75.66377,39.92576],[-75.6625,39.92653],[-75.66038,39.92603],[-75.65878,39.9268],[-75.65607,39.92702],[-75.65474,39.92784],[-75.64783,39.92501],[-75.6463,39.92915],[-75.64351,39.93349],[-75.63588,39.93501],[-75.63413,39.93941],[-75.6294,39.94079],[-75.62437,39.94446],[-75.61673,39.94716],[-75.61255,39.95468],[-75.61139,39.9552],[-75.61219,39.95628],[-75.60849,39.95789]],[[-75.70218,40.00097],[-75.69193,40.00188],[-75.6827,40.00424],[-75.66907,40.00668],[-75.66376,40.00635],[-75.65986,40.00469],[-75.65657,40.00447],[-75.65003,40.00181],[-75.64208,40.00231],[-75.6381,40.00391],[-75.63198,40.00537],[-75.62173,40.00951],[-75.61577,40.00968],[-75.61709,40.01374]],[[-75.72215,39.89089],[-75.72218,39.89126],[-75.72116,39.88228],[-75.71892,39.87874],[-75.7178,39.8744],[-75.77251,39.86883]],[[-75.82004,39.86934],[-75.78927,39.8722],[-75.77505,39.87035],[-75.77256,39.8698],[-75.77252,39.86935]],[[-75.69378,39.85578],[-75.70299,39.84766],[-75.70462,39.84679],[-75.72359,39.84403],[-75.74194,39.84003],[-75.73613,39.8422],[-75.72762,39.84449],[-75.7117,39.84674],[-75.71434,39.85031],[-75.7178,39.8744],[-75.67245,39.87908],[-75.6657,39.88121],[-75.66689,39.88584],[-75.66572,39.88807],[-75.66091,39.89166],[-75.65851,39.89437],[-75.65968,39.89909],[-75.65777,39.89989],[-75.65932,39.89924]],[[-75.53043,39.94105],[-75.6196,39.9005],[-75.62215,39.90095],[-75.62647,39.90005],[-75.63598,39.89529],[-75.63828,39.89486],[-75.64179,39.89306],[-75.64587,39.88906],[-75.64951,39.88667],[-75.6657,39.88121],[-75.66258,39.87813],[-75.66137,39.8733],[-75.66218,39.86855]],[[-75.52283,39.96649],[-75.53317,39.97313],[-75.54322,39.98646]],[[-75.82019,39.95038],[-75.81624,39.94971],[-75.80878,39.95064],[-75.79648,39.95076],[-75.79234,39.94997],[-75.78997,39.94829],[-75.78589,39.94714],[-75.78313,39.94738],[-75.77935,39.94617],[-75.77246,39.94819],[-75.7621,39.95325],[-75.75837,39.95405],[-75.74767,39.95451],[-75.74539,39.9537]],[[-75.60026,39.9558],[-75.6117,39.95061],[-75.60812,39.94585],[-75.60987,39.94285],[-75.60939,39.94048],[-75.6114,39.93788],[-75.61168,39.93661],[-75.61508,39.93333],[-75.61858,39.92773],[-75.62193,39.92453],[-75.62547,39.92355],[-75.62924,39.92106],[-75.63089,39.91852],[-75.63035,39.91623],[-75.62944,39.91537],[-75.63116,39.91313],[-75.63579,39.91057],[-75.63719,39.90843],[-75.63896,39.90699],[-75.64453,39.90458],[-75.6501,39.90419],[-75.65777,39.89989]],[[-75.7872,39.98915],[-75.78852,39.99756],[-75.79098,39.99926],[-75.79151,40.00085],[-75.78943,40.00293],[-75.78991,40.00692],[-75.78656,40.00717]],[[-75.61585,39.81916],[-75.61204,39.81872],[-75.59973,39.82011],[-75.59677,39.82327],[-75.59028,39.81911],[-75.58623,39.81352],[-75.58707,39.80777],[-75.5885,39.80455],[-75.58764,39.80301],[-75.5904,39.79589],[-75.58947,39.79006],[-75.60923,39.78867],[-75.6146,39.78983],[-75.61966,39.79191],[-75.62512,39.79337],[-75.62526,39.79083],[-75.62802,39.78979],[-75.63074,39.79024],[-75.63371,39.79222],[-75.6353,39.79109],[-75.63752,39.79088],[-75.64009,39.7916],[-75.64114,39.79302],[-75.64479,39.79376],[-75.64695,39.79789],[-75.65167,39.80139],[-75.65408,39.80137],[-75.65776,39.80026],[-75.66056,39.80147],[-75.66128,39.80252],[-75.66296,39.80317],[-75.66562,39.80528],[-75.6666,39.80852],[-75.67026,39.80874],[-75.6732,39.81012],[-75.67568,39.80826],[-75.67659,39.80843],[-75.68012,39.81013],[-75.68132,39.81407],[-75.68504,39.81454],[-75.68816,39.81603],[-75.69093,39.81644],[-75.69134,39.81794],[-75.69053,39.82043],[-75.69259,39.82131],[-75.69359,39.82413],[-75.693,39.82607],[-75.69046,39.82766],[-75.68969,39.82946],[-75.69174,39.83096],[-75.69178,39.83442],[-75.69741,39.83674],[-75.69711,39.83935],[-75.69905,39.84099],[-75.71004,39.84015],[-75.7117,39.84674],[-75.70342,39.84986],[-75.69789,39.85266],[-75.69387,39.85587]],[[-75.55987,40.03739],[-75.55427,40.02945],[-75.55059,40.02652],[-75.53686,40.03242],[-75.53319,40.03226],[-75.52932,40.03346],[-75.52338,40.03335],[-75.51661,40.03505],[-75.51289,40.03673],[-75.50962,40.03731],[-75.49645,40.04169]],[[-75.82429,40.32282],[-75.81786,40.32296],[-75.81483,40.32175],[-75.81172,40.31909],[-75.80707,40.31681],[-75.8001,40.31594],[-75.79309,40.31682],[-75.78822,40.31855],[-75.78302,40.31846],[-75.78091,40.31999],[-75.77413,40.32276],[-75.76953,40.32421],[-75.76732,40.3244],[-75.75875,40.32408],[-75.73747,40.3196],[-75.73046,40.3178],[-75.72239,40.31425],[-75.70841,40.31347],[-75.69675,40.31565],[-75.68185,40.31495],[-75.67224,40.31759],[-75.6656,40.31829],[-75.66121,40.31941],[-75.65105,40.32467],[-75.64478,40.33002],[-75.64173,40.33163],[-75.63887,40.33231],[-75.62725,40.34371],[-75.6239,40.34778]],[[-75.80642,40.46592],[-75.79833,40.47125],[-75.78396,40.47659],[-75.77021,40.47841],[-75.76561,40.47781],[-75.75785,40.47824],[-75.74834,40.48138],[-75.73485,40.48424],[-75.727,40.48864],[-75.71815,40.49129],[-75.70936,40.49803],[-75.69996,40.5002]],[[-75.55261,40.44852],[-75.55784,40.45207],[-75.5655,40.45463],[-75.5706,40.45932],[-75.57388,40.45934],[-75.57875,40.45746],[-75.58541,40.45648],[-75.58766,40.4572],[-75.58888,40.45916],[-75.59764,40.46326],[-75.60401,40.46801],[-75.60596,40.47082],[-75.60933,40.47335],[-75.61163,40.47621],[-75.61393,40.47707],[-75.61544,40.47936],[-75.6171,40.48062],[-75.61673,40.48423],[-75.61435,40.48715],[-75.61453,40.48972],[-75.61713,40.49161],[-75.62857,40.4919],[-75.63296,40.49026],[-75.63763,40.48944],[-75.64377,40.4901],[-75.64687,40.49296],[-75.65134,40.49444],[-75.65703,40.50056],[-75.66378,40.50491]],[[-75.54855,40.14414],[-75.55169,40.14714],[-75.55561,40.14978],[-75.56437,40.15408],[-75.57942,40.15811],[-75.58914,40.16253],[-75.59642,40.1642],[-75.6044,40.16865],[-75.6182,40.17515],[-75.62412,40.17586],[-75.63033,40.1778],[-75.63273,40.17764],[-75.63645,40.17647],[-75.67678,40.17421],[-75.688,40.17282],[-75.71392,40.17548],[-75.72046,40.17432],[-75.72817,40.17102],[-75.73446,40.17008],[-75.74192,40.16747],[-75.75616,40.16353],[-75.76053,40.16309],[-75.77849,40.1633],[-75.79025,40.16095],[-75.78927,40.16298],[-75.78394,40.1651],[-75.78424,40.16885],[-75.78223,40.17842],[-75.78555,40.18369],[-75.78484,40.18405],[-75.78489,40.18569],[-75.78298,40.18792],[-75.78247,40.191],[-75.77947,40.19321],[-75.77457,40.19467],[-75.77333,40.1956],[-75.77218,40.20118],[-75.76771,40.20511],[-75.76711,40.20863],[-75.76853,40.21094],[-75.77435,40.21393],[-75.77612,40.21659],[-75.77757,40.21757],[-75.77799,40.22213],[-75.78229,40.22863],[-75.78511,40.23022],[-75.78745,40.2331],[-75.78988,40.23496],[-75.79213,40.23629],[-75.79579,40.23667],[-75.7991,40.23929],[-75.79945,40.2419],[-75.79619,40.24437],[-75.79569,40.24811],[-75.79617,40.2491],[-75.79998,40.25131],[-75.80055,40.25222],[-75.79801,40.26491]],[[-75.81304,40.42636],[-75.80652,40.42541],[-75.79953,40.42894],[-75.79351,40.4304],[-75.78645,40.43435],[-75.7751,40.43856],[-75.77061,40.44083],[-75.76348,40.45167],[-75.75948,40.45429],[-75.75499,40.45877],[-75.75429,40.46041],[-75.75021,40.46326],[-75.74906,40.46509],[-75.74848,40.46858],[-75.74962,40.47197],[-75.75116,40.4736],[-75.75709,40.47676],[-75.75976,40.48253],[-75.75819,40.48309],[-75.7613,40.49297],[-75.76375,40.49531],[-75.77313,40.51201],[-75.7772,40.51749]],[[-75.61624,39.95912],[-75.61562,39.95927],[-75.62617,39.95925],[-75.63788,39.96056],[-75.65198,39.95722],[-75.65646,39.959],[-75.66959,39.95235],[-75.68046,39.94998],[-75.68667,39.95039],[-75.69755,39.94925],[-75.71377,39.94092],[-75.7193,39.93953],[-75.72285,39.93977],[-75.72645,39.93919],[-75.72926,39.93746],[-75.73273,39.93691],[-75.73613,39.93471],[-75.73595,39.93218],[-75.73537,39.93065],[-75.73055,39.92805],[-75.73079,39.92679],[-75.73002,39.9261],[-75.73144,39.92468],[-75.73661,39.92374],[-75.73702,39.92095],[-75.73685,39.91881],[-75.73557,39.91667],[-75.73627,39.91331],[-75.73573,39.9082],[-75.73383,39.90241],[-75.73459,39.89535]],[[-75.70189,40.50412],[-75.70425,40.51071],[-75.70398,40.51579],[-75.70585,40.52122],[-75.73488,40.5357],[-75.73838,40.54055],[-75.74227,40.55083],[-75.74847,40.55611]],[[-75.52933,40.04302],[-75.53828,40.04664],[-75.54127,40.04686],[-75.55227,40.05072],[-75.56018,40.05044],[-75.57398,40.0547],[-75.58234,40.05638],[-75.59659,40.05574],[-75.60191,40.05696],[-75.61228,40.06255],[-75.6164,40.0671],[-75.62172,40.07167],[-75.62914,40.07424],[-75.63467,40.07871],[-75.64258,40.08223],[-75.64871,40.08898],[-75.6537,40.09236],[-75.65693,40.10005],[-75.66143,40.10336],[-75.68837,40.11304],[-75.69862,40.11782],[-75.70223,40.11868],[-75.71043,40.12283],[-75.71237,40.12323],[-75.73777,40.12237],[-75.74509,40.12043],[-75.75314,40.11957],[-75.76101,40.12258],[-75.76198,40.12578],[-75.76192,40.12952],[-75.76469,40.13424],[-75.77552,40.14234],[-75.78874,40.14645],[-75.79325,40.14708],[-75.80056,40.14928],[-75.80699,40.14986],[-75.82087,40.14894]],[[-75.52427,40.03319],[-75.52923,40.03346]],[[-75.51274,40.03677],[-75.51346,40.03922],[-75.5155,40.03954],[-75.51404,40.03748],[-75.51534,40.03691],[-75.51465,40.03596]],[[-75.72699,40.25609],[-75.72557,40.26045],[-75.7262,40.26405],[-75.72441,40.27232],[-75.72253,40.27694],[-75.72328,40.27958],[-75.72962,40.28821],[-75.73122,40.2951],[-75.73642,40.30017],[-75.74276,40.30903],[-75.74614,40.31188],[-75.75274,40.31605],[-75.75259,40.31889],[-75.75559,40.32483],[-75.75608,40.32806],[-75.76668,40.35625],[-75.7694,40.35951],[-75.77805,40.37548],[-75.78387,40.38212],[-75.784,40.38295]],[[-75.42337,40.0458],[-75.42508,40.04997],[-75.42582,40.0499],[-75.42746,40.05326],[-75.4314,40.05757],[-75.43217,40.06462],[-75.43669,40.07094]],[[-75.70303,40.00886],[-75.70399,40.01101],[-75.70421,40.01377],[-75.70753,40.01844],[-75.70688,40.02151],[-75.70756,40.02283],[-75.70987,40.03726],[-75.70883,40.03858],[-75.70906,40.04242],[-75.711,40.04254],[-75.71274,40.04332],[-75.71567,40.04692],[-75.71801,40.04783],[-75.72173,40.0506],[-75.72566,40.0523],[-75.7268,40.05213],[-75.72902,40.0499],[-75.73168,40.04874],[-75.73758,40.05077],[-75.74356,40.05135],[-75.74541,40.05433],[-75.74447,40.05603],[-75.74488,40.06086],[-75.7438,40.06284],[-75.74249,40.06347],[-75.74219,40.06421],[-75.74705,40.07184],[-75.74992,40.07522],[-75.75514,40.07671],[-75.75934,40.07717],[-75.7607,40.07675],[-75.7652,40.07362],[-75.76766,40.07303],[-75.76949,40.0734],[-75.77044,40.0767],[-75.77178,40.07769],[-75.76964,40.07928],[-75.76953,40.08177],[-75.77026,40.084],[-75.76987,40.08575],[-75.77708,40.09396],[-75.77993,40.09924],[-75.79094,40.10483],[-75.79696,40.10717],[-75.8102,40.11003]],[[-75.57086,40.03538],[-75.57606,40.04095],[-75.57651,40.04246],[-75.57202,40.04845],[-75.57104,40.05384],[-75.56472,40.06334],[-75.56265,40.06587],[-75.54983,40.07429],[-75.545,40.07575],[-75.54145,40.07609],[-75.53905,40.07745]],[[-75.48579,40.04187],[-75.49185,40.03952],[-75.49543,40.03733],[-75.49931,40.02849],[-75.51909,40.02108],[-75.52443,40.01768],[-75.53031,40.01286],[-75.53438,40.01052],[-75.53704,40.00688],[-75.53983,39.99961],[-75.54354,39.99576],[-75.5429,39.99624]],[[-75.72629,40.25808],[-75.72877,40.25762]],[[-75.606,39.96142],[-75.60845,39.96464],[-75.60396,39.96663],[-75.599,39.97492],[-75.59257,39.97867]],[[-75.78099,39.8229],[-75.77908,39.8233],[-75.77167,39.82715],[-75.76465,39.82907],[-75.74194,39.84003]],[[-75.6035,39.95881],[-75.61139,39.9552]],[[-75.56338,39.96953],[-75.55623,39.97043],[-75.54658,39.97263],[-75.52402,39.97998],[-75.51999,39.98018],[-75.51555,39.98125],[-75.49937,39.98226],[-75.49421,39.98403],[-75.49055,39.9846],[-75.48116,39.98922],[-75.47737,39.99013],[-75.47112,39.99027],[-75.46122,39.98961],[-75.44974,39.98798],[-75.44476,39.98846],[-75.4415,39.98969],[-75.43014,39.99083],[-75.42445,39.99119],[-75.42101,39.99041],[-75.4168,39.99145],[-75.41391,39.99377],[-75.40759,39.99654]],[[-75.80468,40.14092],[-75.80181,40.14275],[-75.7959,40.14346],[-75.79439,40.14471],[-75.79269,40.15551],[-75.79025,40.16095],[-75.82025,40.15705]],[[-75.74486,39.95345],[-75.72905,39.94769],[-75.7094,39.94991],[-75.70285,39.94904],[-75.69755,39.94925]],[[-75.58658,40.55049],[-75.56621,40.54704],[-75.55451,40.54779],[-75.54526,40.54673],[-75.54206,40.54565],[-75.51998,40.54117]],[[-75.60896,39.71589],[-75.61437,39.72116],[-75.61567,39.72377]],[[-75.54141,39.75578],[-75.52293,39.76454],[-75.52069,39.76649],[-75.5173,39.77112],[-75.51744,39.76968],[-75.51537,39.76215],[-75.51215,39.76139],[-75.51121,39.76027],[-75.50739,39.77326],[-75.50944,39.77373],[-75.51198,39.77331],[-75.51543,39.77246],[-75.5173,39.77112],[-75.51697,39.77811],[-75.51891,39.78378],[-75.52385,39.79158],[-75.52883,39.79442],[-75.53353,39.7984],[-75.53572,39.80842],[-75.53062,39.80922],[-75.52258,39.81243],[-75.51306,39.80697],[-75.51713,39.80942]],[[-75.50452,39.77984],[-75.50637,39.77878],[-75.50614,39.78223],[-75.5065,39.77879],[-75.50794,39.77788]],[[-75.48224,39.80523],[-75.47769,39.80101],[-75.48648,39.80888],[-75.48813,39.81106],[-75.51802,39.82025],[-75.52349,39.8228],[-75.52789,39.82898]],[[-75.51969,39.73431],[-75.52696,39.73929],[-75.51732,39.73264],[-75.5104,39.73958],[-75.51067,39.74166],[-75.50432,39.74907],[-75.50101,39.75099]],[[-75.59043,39.74879],[-75.58966,39.74908],[-75.5914,39.7485],[-75.59845,39.74832],[-75.60109,39.74777],[-75.60623,39.74827],[-75.61004,39.74787],[-75.61567,39.7488],[-75.62399,39.74636],[-75.62553,39.75765],[-75.62422,39.76195]],[[-75.62689,39.73692],[-75.62707,39.73875],[-75.6212,39.7381],[-75.61719,39.74115]],[[-75.48125,39.78278],[-75.48583,39.78559],[-75.48903,39.79178],[-75.49368,39.79655],[-75.50506,39.80217],[-75.50614,39.78223]],[[-75.55211,39.74846],[-75.55137,39.74784],[-75.54224,39.76125]],[[-75.53668,39.74371],[-75.53553,39.74279],[-75.52696,39.73929]],[[-75.54509,39.74442],[-75.54966,39.74633],[-75.55137,39.74784],[-75.55647,39.74031],[-75.55751,39.73992]],[[-75.6588,39.82292],[-75.64685,39.81976],[-75.63853,39.81697],[-75.63459,39.81716],[-75.62471,39.81302],[-75.61177,39.8048]],[[-75.50318,39.76937],[-75.50646,39.77268],[-75.50823,39.7737],[-75.51005,39.77382],[-75.51494,39.77277],[-75.51727,39.77137],[-75.5221,39.76528],[-75.52537,39.76348]],[[-75.54438,39.82891],[-75.54964,39.83027],[-75.55022,39.8279],[-75.5551,39.82677],[-75.55717,39.82486],[-75.5649,39.82131],[-75.57642,39.81116],[-75.57842,39.80996],[-75.581,39.80928],[-75.58764,39.80301]],[[-75.46794,39.79409],[-75.47569,39.79894],[-75.47769,39.80101]],[[-75.50304,39.76943],[-75.50735,39.77339],[-75.50637,39.77878],[-75.50684,39.77522]],[[-75.54965,39.83022],[-75.54442,39.82875]],[[-75.50764,39.75579],[-75.5018,39.75067],[-75.5089,39.75689],[-75.51121,39.76027]],[[-75.76836,39.69992],[-75.77123,39.7042],[-75.77687,39.7084],[-75.77831,39.71149],[-75.78215,39.71581],[-75.7904,39.72107],[-75.7913,39.72444],[-75.79171,39.73242],[-75.79449,39.73611],[-75.80092,39.74067],[-75.8044,39.74153]],[[-75.02175,40.00408],[-75.01891,39.99632],[-75.0113,39.98933]],[[-74.70762,40.1966],[-74.71099,40.19828],[-74.71384,40.20139],[-74.71151,40.19885],[-74.70903,40.19722],[-74.70398,40.19476],[-74.695,40.19214]],[[-74.81279,40.30896],[-74.81274,40.31114],[-74.81365,40.31388],[-74.81671,40.31883],[-74.81585,40.32183],[-74.81648,40.32751],[-74.81559,40.32993]],[[-75.05352,39.80268],[-75.03372,39.79172],[-75.03962,39.79017],[-75.04332,39.78764],[-75.04274,39.788]],[[-75.40082,40.04446],[-75.39914,40.04328],[-75.39182,40.04021],[-75.38906,40.03793],[-75.38563,40.03628]],[[-75.33333,40.00041],[-75.34015,40.00176],[-75.34251,40.00131],[-75.34502,39.99954],[-75.34819,39.99864],[-75.35748,39.99834],[-75.35916,39.99871]],[[-74.86762,40.4272],[-74.87006,40.42336],[-74.87315,40.42063],[-74.87606,40.41923],[-74.87718,40.41774]],[[-75.3177,40.1834],[-75.3199,40.18133],[-75.31978,40.18039],[-75.3358,40.16473],[-75.36254,40.18008]],[[-75.08671,39.86663],[-75.10021,39.87127],[-75.1121,39.87721],[-75.11557,39.87842]],[[-75.06358,39.9706],[-75.06001,39.96667],[-75.05294,39.96204]],[[-75.27859,39.98873],[-75.27238,39.99189],[-75.2678,39.99545]],[[-74.8679,40.0085],[-74.87216,39.99833]],[[-75.08668,39.92225],[-75.08805,39.92272],[-75.0914,39.92106],[-75.10198,39.91813],[-75.11971,39.92212]],[[-74.89961,39.71815],[-74.85974,39.72235]],[[-75.38882,39.83992],[-75.39262,39.84405],[-75.39532,39.84569],[-75.39762,39.84626],[-75.40031,39.84807],[-75.40146,39.84975],[-75.40208,39.8529],[-75.40426,39.85534],[-75.40774,39.85724],[-75.42072,39.86682],[-75.42508,39.86714],[-75.43197,39.87053],[-75.44038,39.87062],[-75.44444,39.87257],[-75.4577,39.86814],[-75.46136,39.86771],[-75.45615,39.8587],[-75.45515,39.85427],[-75.45144,39.84937]],[[-75.40624,39.98635],[-75.40564,39.98821],[-75.40262,39.98924],[-75.40574,39.98826],[-75.40645,39.98646]],[[-75.05308,39.93536],[-75.05461,39.9339]],[[-75.11292,39.93137],[-75.1162,39.9311]],[[-74.90797,39.97377],[-74.91351,39.97056],[-74.91606,39.97017],[-74.91978,39.96871],[-74.92219,39.97241]],[[-74.91821,39.9662],[-74.91978,39.96871]],[[-75.35126,39.7482],[-75.3502,39.74703],[-75.34422,39.74405],[-75.33808,39.743],[-75.32297,39.7373],[-75.31889,39.73675]],[[-75.16487,39.95461],[-75.15787,39.95376],[-75.15456,39.96893],[-75.15609,39.96932],[-75.15768,39.96202]],[[-75.15771,39.96186],[-75.16306,39.93741]],[[-75.16638,39.95482],[-75.1656,39.95852],[-75.17235,39.95933]],[[-75.16554,39.95876],[-75.16509,39.95845],[-75.1656,39.95852],[-75.16466,39.96291]],[[-75.19116,39.95728],[-75.19686,39.96026]],[[-75.12421,40.31176],[-75.1156,40.31273],[-75.11032,40.31263],[-75.10853,40.31216]],[[-74.8563,40.25891],[-74.85505,40.25622]],[[-74.86763,40.20165],[-74.86507,40.19413]],[[-74.93521,40.01279],[-74.894,39.97616],[-74.89723,39.97583]],[[-74.75626,40.07913],[-74.75132,40.07532],[-74.74119,40.07237],[-74.73565,40.07151],[-74.72533,40.07293],[-74.72077,40.07279]],[[-75.25275,40.10163],[-75.26074,40.10334],[-75.27028,40.10882],[-75.2823,40.11112],[-75.28376,40.11193],[-75.28584,40.11184],[-75.29037,40.11276],[-75.28695,40.11205]],[[-74.69774,40.25145],[-74.70333,40.25205],[-74.69766,40.25134]],[[-75.4029,39.84272],[-75.40003,39.84003]],[[-75.37142,39.84833],[-75.37594,39.85486]],[[-75.39324,39.97142],[-75.39646,39.97216],[-75.39792,39.97181]],[[-75.19928,39.95129],[-75.24868,39.95734],[-75.24996,39.95694],[-75.25108,39.95572],[-75.25469,39.95436],[-75.2569,39.95465],[-75.25847,39.9538],[-75.25781,39.9567],[-75.259,39.96176]],[[-75.24788,39.95729],[-75.24966,39.95724],[-75.25169,39.95552]],[[-75.23661,39.94037],[-75.22684,39.94724]],[[-75.16527,39.95234],[-75.16646,39.9472],[-75.14401,39.94439]],[[-75.20941,39.95809],[-75.20627,39.95884],[-75.19719,39.95956]],[[-75.26376,40.28642],[-75.25967,40.29109],[-75.25921,40.29367],[-75.26221,40.30074],[-75.23973,40.32326]],[[-74.93268,40.08107],[-74.93433,40.08319]],[[-74.96167,40.12074],[-74.95537,40.12684],[-74.95303,40.12843],[-74.94519,40.13063],[-74.93869,40.13446]],[[-75.1642,40.01898],[-75.16876,40.016]],[[-75.3312,40.10372],[-75.32854,40.10224],[-75.32782,40.10249],[-75.32723,40.10185],[-75.3258,40.10172]],[[-75.35009,40.10598],[-75.34679,40.10579]],[[-75.32003,40.34131],[-75.31634,40.3434],[-75.31083,40.34439]],[[-75.00794,40.05236],[-75.00861,40.05358],[-75.00872,40.05779],[-75.01274,40.05642],[-75.02828,40.05658],[-75.03336,40.05703],[-75.03858,40.05863],[-75.04197,40.05799],[-75.04463,40.05924]],[[-75.03517,40.03012],[-75.03891,40.02819],[-75.03457,40.02287]],[[-74.76217,40.18167],[-74.77088,40.17988],[-74.77323,40.18027],[-74.77665,40.18239],[-74.77888,40.18298],[-74.79071,40.18131],[-74.77901,40.18292],[-74.77659,40.18228],[-74.77338,40.18024],[-74.77087,40.17981],[-74.76213,40.18158]],[[-75.19824,39.97728],[-75.19586,39.97668],[-75.19451,39.97577],[-75.19265,39.97063],[-75.19127,39.9689],[-75.18472,39.9648],[-75.18215,39.96405]],[[-75.18159,39.96917],[-75.17957,39.96743],[-75.18424,39.97136]],[[-75.82033,40.00437],[-75.81427,40.00439],[-75.8071,40.00368],[-75.80177,40.00528],[-75.79877,40.00519],[-75.79417,40.00435],[-75.78726,40.00195],[-75.78383,40.00263],[-75.77487,40.0059],[-75.76382,40.00728],[-75.75695,40.01084],[-75.75124,40.01281],[-75.7463,40.01293],[-75.74485,40.01197],[-75.74458,40.01095],[-75.74613,40.00646],[-75.74584,40.00337],[-75.74671,40.00177],[-75.74588,39.99603]],[[-75.73945,39.77291],[-75.7316,39.77061],[-75.72417,39.77031],[-75.71704,39.7678],[-75.70734,39.7665],[-75.68457,39.7785],[-75.67978,39.78017]],[[-75.69577,39.7886],[-75.68825,39.79134],[-75.68073,39.79734],[-75.67787,39.80045],[-75.67556,39.80543],[-75.6758,39.80823]],[[-75.58843,39.75247],[-75.58696,39.76131],[-75.58854,39.76618],[-75.58623,39.76815]],[[-75.11563,40.14366],[-75.1171,40.14146]],[[-75.61514,40.53755],[-75.61516,40.53928],[-75.617,40.54202]],[[-75.1642,40.2703],[-75.19825,40.29081]],[[-75.65901,40.21343],[-75.66031,40.21132]],[[-75.20313,40.37362],[-75.2054,40.39088],[-75.20832,40.39586]],[[-75.11309,39.94402],[-75.11274,39.94648]],[[-75.5346,39.82889],[-75.53458,39.82968],[-75.53445,39.82138],[-75.53582,39.81248],[-75.53572,39.80842],[-75.5492,39.80925]],[[-75.54919,39.80916],[-75.54332,39.80887]],[[-75.61654,39.72563],[-75.6175,39.72914],[-75.61659,39.72563]],[[-75.64474,39.74556],[-75.64034,39.74665],[-75.63875,39.74752],[-75.6336,39.74813],[-75.62399,39.74636],[-75.62216,39.7349],[-75.6175,39.72914]],[[-75.48705,39.82278],[-75.48744,39.82174],[-75.48695,39.82276]],[[-75.12241,40.0255],[-75.11204,40.03785],[-75.09801,40.04713],[-75.0835,40.06195]],[[-75.04472,40.05914],[-75.04204,40.05779],[-75.03836,40.05841],[-75.03348,40.05683],[-75.02904,40.0564],[-75.0129,40.05642],[-75.00861,40.05358],[-75.01319,40.05663],[-75.01115,40.05684],[-75.00875,40.05787],[-75.00949,40.06214],[-75.00924,40.05983]],[[-75.34065,40.06859],[-75.33781,40.07507]],[[-75.23623,40.05274],[-75.23606,40.0568],[-75.23845,40.06034],[-75.23852,40.06316]],[[-75.12169,39.97482],[-75.12471,39.97225]],[[-75.16932,39.95707],[-75.14808,39.95442]],[[-75.17654,39.97233],[-75.16141,39.97043],[-75.16113,39.97169]],[[-75.14657,39.96124],[-75.14588,39.96655],[-75.15456,39.96893],[-75.14924,39.99325]],[[-75.17294,40.08259],[-75.15839,40.07419]],[[-75.16655,40.07882],[-75.17158,40.08187],[-75.16833,40.0852],[-75.16391,40.08759],[-75.16297,40.09072],[-75.16192,40.09209],[-75.16223,40.09865],[-75.16462,40.10504],[-75.16433,40.10695],[-75.16335,40.10793],[-75.16455,40.10889]],[[-75.18186,39.91295],[-75.16662,39.91092],[-75.15788,39.90836],[-75.1512,39.90748]],[[-74.91889,40.18165],[-74.9096,40.18651],[-74.90597,40.19471]],[[-75.18042,40.25567],[-75.15925,40.24302],[-75.15673,40.24011],[-75.13882,40.22944]],[[-75.13877,40.22956],[-75.14114,40.23086]],[[-74.95071,40.1049],[-74.94577,40.10969],[-74.94338,40.11389],[-74.94005,40.11549]],[[-75.46583,39.6947],[-75.46257,39.69771],[-75.45178,39.70192],[-75.43949,39.70177],[-75.46416,39.72594]],[[-74.93496,40.02728],[-74.93831,40.02963]],[[-75.10979,40.10894],[-75.10416,40.11046],[-75.09358,40.11168],[-75.09013,40.11264],[-75.08592,40.11597],[-75.0821,40.1199],[-75.07871,40.12203]],[[-75.54354,39.99576],[-75.55209,39.98863],[-75.57503,39.9784],[-75.58177,39.97178],[-75.58379,39.9706],[-75.58169,39.97189]],[[-75.58379,39.9706],[-75.59307,39.96594]],[[-75.29043,40.12315],[-75.29199,40.12337],[-75.29021,40.12287]],[[-75.28336,40.10504],[-75.2815,40.10525],[-75.28786,40.10479],[-75.28951,40.10414]],[[-75.18276,39.90956],[-75.18291,39.90887],[-75.18205,39.91282]],[[-74.95598,39.96028],[-74.97897,39.95774]],[[-74.69639,40.20401],[-74.70958,40.20555],[-74.71624,40.2087]],[[-75.11812,39.82616],[-75.11522,39.82508]],[[-74.79099,40.23228],[-74.78921,40.23435]],[[-74.74807,40.23582],[-74.74612,40.2373]],[[-74.71516,40.20769],[-74.71384,40.20139]],[[-75.25236,39.89746],[-75.24722,39.90215],[-75.23897,39.90429],[-75.23653,39.9054],[-75.23196,39.90987],[-75.22718,39.9134],[-75.22584,39.91541],[-75.22607,39.91818],[-75.21708,39.93133]],[[-74.6988,40.23332],[-74.72009,40.22311],[-74.75905,40.21286]],[[-74.93655,39.79888],[-74.9362,39.79489]],[[-74.9287,39.79044],[-74.92525,39.78594],[-74.91113,39.74631]],[[-75.04904,39.94809],[-75.05162,39.95012]],[[-75.04869,39.95043],[-75.04852,39.94804]],[[-75.1623,39.90395],[-75.15983,39.91534]],[[-75.16146,39.93717],[-75.16059,39.94116]],[[-75.19188,40.06127],[-75.19712,40.05638],[-75.19351,40.054],[-75.19392,40.05191]],[[-75.14485,39.95402],[-75.14525,39.95219],[-75.15787,39.95376],[-75.16058,39.94122]],[[-75.16102,39.95415],[-75.16031,39.95744]],[[-75.17667,39.95402],[-75.17584,39.95787],[-75.17113,39.95755]],[[-75.09732,40.02695],[-75.08786,40.03607]],[[-75.07487,40.03422],[-75.07982,40.03698]],[[-75.07053,40.03561],[-75.0851,40.04373],[-75.07805,40.03982]],[[-75.61659,39.72277],[-75.60986,39.71543]],[[-75.54224,39.72059],[-75.53695,39.71842],[-75.54515,39.72169]],[[-75.09562,40.04958],[-75.0851,40.04373]],[[-75.14217,39.99234],[-75.14417,39.98309],[-75.14222,39.98284]],[[-74.85551,40.09506],[-74.8588,40.09709],[-74.85989,40.09668]],[[-74.83437,40.12875],[-74.84073,40.13709],[-74.84527,40.14147]],[[-75.23948,40.06313],[-75.23818,40.05977]],[[-75.12126,39.97155],[-75.11922,39.97339],[-75.11305,39.97664]],[[-75.0685,40.01362],[-75.07043,40.01317],[-75.06838,40.0069]],[[-75.38466,40.03574],[-75.38161,40.03421],[-75.37638,40.0331],[-75.37495,40.03321],[-75.36648,40.03036]],[[-74.77326,40.20322],[-74.76043,40.18212]],[[-75.11508,40.13482],[-75.1212,40.13725]],[[-75.6132,40.00938],[-75.59773,40.01002],[-75.59104,40.00864]],[[-75.27186,40.13765],[-75.27068,40.13413],[-75.24746,40.1214],[-75.24704,40.11977],[-75.24843,40.11756],[-75.2486,40.11455],[-75.24409,40.11026],[-75.22964,40.1015],[-75.22877,40.0976],[-75.22763,40.09605],[-75.22362,40.09291]],[[-75.73905,39.89598],[-75.75776,39.90038],[-75.76234,39.90004],[-75.77239,39.90074],[-75.79205,39.9036],[-75.8112,39.91229]],[[-74.94979,40.35694],[-74.95246,40.35486],[-74.96119,40.34328],[-74.97006,40.3281],[-74.97272,40.31974],[-74.98159,40.31173],[-74.98367,40.30838],[-74.98648,40.30164],[-74.99216,40.29577],[-74.99371,40.28088]],[[-75.5456,40.21576],[-75.54387,40.21838],[-75.53439,40.22777],[-75.53131,40.22857],[-75.52624,40.23439]],[[-75.42977,39.82783],[-75.42114,39.82512]],[[-74.82345,40.19002],[-74.87189,40.17123]],[[-74.9071,40.31109],[-74.90904,40.31119],[-74.91176,40.31229],[-74.92515,40.32147],[-74.92833,40.32462],[-74.93605,40.32906],[-74.93937,40.33169],[-74.94128,40.33601],[-74.94435,40.33947],[-74.94708,40.34475],[-74.9492,40.35715]],[[-75.41894,40.00758],[-75.41841,40.00847],[-75.41904,40.00729]],[[-75.41693,40.0069],[-75.41803,40.0084],[-75.41787,40.00799]],[[-74.85408,40.50266],[-74.85793,40.50188]],[[-75.51889,40.04372],[-75.51803,40.04186],[-75.5155,40.03954]],[[-75.60845,39.96464],[-75.61857,39.97895],[-75.61457,40.0026],[-75.61577,40.00968]],[[-75.20712,40.1652],[-75.20021,40.1612]],[[-75.18119,39.96748],[-75.17983,39.96743],[-75.17688,39.96476]],[[-74.75844,40.22982],[-74.76063,40.23213]],[[-74.95106,40.23345],[-74.9538,40.23507]],[[-75.51306,39.80697],[-75.50506,39.80217],[-75.49793,39.80987],[-75.48977,39.81505],[-75.48744,39.82174]],[[-75.19396,39.90564],[-75.19381,39.90126]],[[-75.54479,39.78002],[-75.54182,39.78018]],[[-75.14953,40.01694],[-75.14461,40.01644]],[[-75.18687,40.00053],[-75.18784,40.00609],[-75.1785,40.00491]],[[-75.18402,40.00286],[-75.18677,40.0005],[-75.18832,40.00029],[-75.18679,40.00044],[-75.184,40.00279]],[[-75.19054,39.99964],[-75.18832,40.00029]],[[-74.97373,40.09692],[-74.9706,40.0963],[-74.96733,40.09361],[-74.97153,40.09659],[-74.97373,40.09692],[-74.97547,40.09658],[-74.97976,40.094],[-74.97615,40.09098]],[[-74.96733,40.09361],[-74.96571,40.09166]],[[-74.98548,40.08834],[-74.98024,40.09362],[-74.98477,40.08957],[-74.98831,40.08516],[-74.99728,40.08007],[-74.98846,40.08492],[-74.98682,40.08631],[-74.98561,40.08838]],[[-74.97618,40.09033],[-74.98013,40.09353],[-74.9768,40.09602]],[[-74.9588,40.13835],[-74.96156,40.13997]],[[-75.58947,39.79006],[-75.58732,39.77314]],[[-75.52238,39.88648],[-75.51401,39.88143],[-75.50293,39.87723],[-75.49862,39.87335],[-75.49591,39.87453],[-75.49231,39.8744],[-75.48756,39.87648],[-75.47498,39.88239],[-75.47044,39.88594]],[[-75.14502,39.97026],[-75.1402,39.99209]],[[-75.1433,39.95194],[-75.14374,39.94995]],[[-75.18197,39.91313],[-75.18087,39.91811]],[[-75.42161,40.55012],[-75.42427,40.54841],[-75.42084,40.55043]],[[-75.17932,39.94734],[-75.14365,39.94289]],[[-75.71604,39.85937],[-75.71492,39.85507]],[[-75.62543,39.75913],[-75.62409,39.76194]],[[-74.94763,40.22652],[-74.95093,40.22597]],[[-74.81094,40.26751],[-74.80907,40.26705],[-74.81454,40.26805],[-74.81925,40.26591]],[[-75.72252,39.89159],[-75.73057,39.89469],[-75.73323,39.89514]],[[-75.53695,39.71842],[-75.53256,39.717],[-75.54046,39.73299]],[[-75.60614,39.74827],[-75.61023,39.74802],[-75.61451,39.74866]],[[-75.08666,39.94638],[-75.08715,39.94566],[-75.08657,39.94626],[-75.08201,39.94016]],[[-75.11278,40.10777],[-75.12168,40.10586],[-75.12401,40.10676]],[[-75.09171,40.09686],[-75.11014,40.10737]],[[-75.37254,40.44985],[-75.36329,40.44413]],[[-75.31862,39.73654],[-75.31793,39.72568],[-75.31788,39.69113]],[[-75.31895,39.73659],[-75.32932,39.70826],[-75.33322,39.69946]],[[-75.32187,40.11418],[-75.31531,40.11709],[-75.30977,40.1182],[-75.30714,40.11809],[-75.30047,40.11736],[-75.29371,40.1134],[-75.29037,40.11276]],[[-74.87044,39.97851],[-74.894,39.97616]],[[-75.20264,39.84047],[-75.19201,39.84382],[-75.18853,39.85013]],[[-75.17001,39.93827],[-75.16685,39.95278]],[[-75.30285,40.11773],[-75.2997,40.11844],[-75.29474,40.12291],[-75.29199,40.12337]],[[-74.80854,40.1812],[-74.80263,40.17957],[-74.79071,40.18131]],[[-75.00889,40.06737],[-75.0079,40.06878],[-75.0033,40.07163],[-75.00211,40.07424],[-75.00374,40.07141],[-75.00856,40.06827],[-75.00942,40.06573],[-75.00949,40.06214]],[[-74.95888,40.0751],[-74.94502,40.0961]],[[-75.18784,40.00609],[-75.18939,40.00732],[-75.19645,40.00989]],[[-75.00072,40.07616],[-74.99855,40.07875],[-75.00211,40.07424]],[[-74.92872,40.07597],[-74.91056,40.08509],[-74.90408,40.08709]],[[-75.16718,40.14178],[-75.16775,40.14299],[-75.17165,40.14028]],[[-74.90085,40.12374],[-74.89998,40.12392],[-74.90001,40.12743],[-74.89814,40.13066],[-74.89816,40.1323]],[[-75.03165,40.02569],[-75.0288,40.02735]],[[-75.18291,39.90887],[-75.18331,39.90666]],[[-75.19638,40.06664],[-75.1892,40.07318]],[[-75.80674,39.8325],[-75.80301,39.83371],[-75.79352,39.83433]],[[-74.90929,40.26265],[-74.91453,40.26302],[-74.92589,40.26511],[-74.93106,40.26323],[-74.93656,40.26413],[-74.93238,40.26331]],[[-74.92368,40.09138],[-74.92338,40.09302],[-74.92033,40.09763]],[[-74.80907,40.26705],[-74.80231,40.26378]],[[-75.21166,40.17977],[-75.20903,40.17905],[-75.19693,40.17823],[-75.18059,40.17923],[-75.14684,40.18883]],[[-74.99221,39.99615],[-74.98968,39.99247],[-74.98087,39.98819]],[[-75.12117,39.97143],[-75.11851,39.97373]],[[-75.70858,39.76663],[-75.70652,39.76653],[-75.70532,39.76741]],[[-75.48504,39.78499],[-75.48654,39.78728]],[[-74.83762,40.04944],[-74.83888,40.05332]],[[-75.06316,39.73267],[-75.05032,39.72483],[-75.05226,39.69475]],[[-75.54544,40.21573],[-75.54367,40.21851]],[[-74.95623,40.26588],[-74.95082,40.26576],[-74.9638,40.26588],[-74.96663,40.26497],[-74.96973,40.26269]],[[-74.96276,40.266],[-74.9599,40.26597]],[[-75.44009,40.55615],[-75.43298,40.55173],[-75.42919,40.54715],[-75.42312,40.54337],[-75.41685,40.5364],[-75.41469,40.5348],[-75.41241,40.53375],[-75.40549,40.53291],[-75.40472,40.53324]],[[-75.39054,40.52306],[-75.38682,40.52338],[-75.38688,40.5243],[-75.38355,40.5268],[-75.3788,40.52738],[-75.36948,40.53554],[-75.36391,40.53921],[-75.34864,40.552],[-75.34124,40.55708]],[[-74.86498,40.11944],[-74.86422,40.11876],[-74.86411,40.12018]],[[-75.12406,40.10666],[-75.12164,40.10576],[-75.11332,40.10738]],[[-74.92788,40.26461],[-74.92631,40.26504],[-74.92445,40.26486]],[[-74.93656,40.26413],[-74.94433,40.26559],[-74.95082,40.26576]],[[-75.16191,39.76085],[-75.16082,39.75958],[-75.16443,39.75025],[-75.16426,39.73169],[-75.17207,39.69473],[-75.1768,39.68625]],[[-75.11742,39.91269],[-75.11456,39.91257]],[[-75.14588,39.96655],[-75.14504,39.97015]],[[-74.70747,40.2931],[-74.69777,40.30499]],[[-75.57011,40.31762],[-75.57057,40.31571],[-75.57817,40.30836],[-75.57877,40.30581],[-75.5852,40.29948],[-75.58107,40.2973],[-75.57703,40.29115],[-75.56746,40.27871],[-75.56274,40.27356],[-75.56126,40.27087],[-75.55154,40.26714],[-75.54597,40.26022],[-75.53572,40.25305],[-75.53463,40.24809],[-75.53385,40.24683],[-75.53073,40.24437],[-75.52885,40.24172],[-75.52612,40.23544],[-75.52617,40.2344],[-75.52631,40.23473]],[[-75.65184,40.23783],[-75.65291,40.23554]],[[-75.10453,40.05407],[-75.10359,40.05479],[-75.10163,40.05495]],[[-74.91365,40.40352],[-74.91184,40.40304],[-74.90478,40.40289]],[[-75.80615,40.37547],[-75.79935,40.38258],[-75.7935,40.38657]],[[-75.17538,39.89746],[-75.17861,39.89761]],[[-74.84523,40.14289],[-74.84207,40.14531]],[[-75.70377,40.0146],[-75.70286,40.0156],[-75.70411,40.01894]],[[-75.09919,39.81016],[-75.09376,39.80869]],[[-75.46714,39.86722],[-75.46136,39.86771]],[[-75.04156,40.08742],[-75.04394,40.08836]],[[-75.06554,39.83378],[-75.06323,39.83306]],[[-75.16856,39.99105],[-75.16757,39.99562]]]}},{"type":"Feature","properties":{"t":1,"n":"I 95"},"geometry":{"type":"MultiLineString","coordinates":[[[-75.61075,39.69808],[-75.60149,39.70046],[-75.59164,39.70201],[-75.58884,39.70358],[-75.58779,39.70554],[-75.58749,39.70963],[-75.58338,39.71539],[-75.56692,39.73],[-75.56544,39.73366],[-75.56266,39.73693],[-75.56193,39.74128],[-75.55617,39.74978],[-75.55352,39.75268],[-75.5514,39.76046],[-75.54606,39.76546],[-75.54332,39.76675],[-75.53657,39.76801],[-75.52951,39.77384],[-75.52745,39.77492],[-75.52074,39.77553],[-75.50903,39.7785],[-75.50471,39.78032],[-75.49156,39.79083],[-75.48535,39.79891],[-75.48212,39.80144],[-75.47847,39.80371],[-75.47653,39.8043],[-75.46964,39.8035],[-75.46624,39.80434],[-75.46011,39.80988],[-75.45491,39.8133],[-75.45224,39.81653],[-75.44784,39.82035],[-75.43865,39.82423],[-75.42232,39.83468],[-75.39883,39.84242],[-75.38946,39.84638],[-75.37813,39.85002],[-75.35537,39.85917],[-75.35193,39.86113],[-75.34462,39.86683],[-75.34243,39.86783],[-75.34029,39.86803],[-75.3343,39.86724],[-75.32432,39.87062],[-75.32176,39.87099],[-75.31921,39.87065],[-75.31339,39.86868],[-75.30947,39.86849],[-75.28413,39.87604],[-75.27383,39.87566],[-75.25656,39.87639],[-75.25174,39.87771],[-75.24793,39.87966],[-75.24544,39.88207],[-75.24042,39.88943],[-75.23774,39.8913],[-75.23423,39.89263],[-75.2298,39.89312],[-75.22555,39.8925],[-75.22227,39.89117],[-75.2143,39.88639],[-75.21176,39.88567],[-75.20907,39.88562],[-75.20516,39.88687],[-75.19384,39.89507],[-75.18981,39.89685],[-75.17747,39.89909],[-75.1699,39.89876],[-75.15456,39.90062],[-75.15223,39.90138],[-75.15028,39.90366],[-75.14759,39.91564],[-75.14796,39.9204],[-75.14324,39.93947],[-75.14109,39.951],[-75.14057,39.95928],[-75.13938,39.96231],[-75.13671,39.96546],[-75.13452,39.9667],[-75.12714,39.96894],[-75.1104,39.97825],[-75.10423,39.98039],[-75.08977,39.98747],[-75.08729,39.98957],[-75.07686,40.00393],[-75.07301,40.00709],[-75.06982,40.00853],[-75.06226,40.01053],[-75.04331,40.02028],[-75.03068,40.02428],[-75.02461,40.02752],[-75.02248,40.02921],[-75.02054,40.03296],[-75.01903,40.03448],[-75.00778,40.03909],[-75.00515,40.04069],[-75.00141,40.04599],[-74.99942,40.04783],[-74.98844,40.05165],[-74.98068,40.05879],[-74.96785,40.06519],[-74.9616,40.06974],[-74.9525,40.07255],[-74.94746,40.07495],[-74.93483,40.08327],[-74.92181,40.09096],[-74.91497,40.09741],[-74.90674,40.10269],[-74.89794,40.10536],[-74.89485,40.10686],[-74.89211,40.10927],[-74.89032,40.11229],[-74.8882,40.11807],[-74.88761,40.12545],[-74.88542,40.12775],[-74.88214,40.12825],[-74.8781,40.1272],[-74.85266,40.12323],[-74.80835,40.11059],[-74.78729,40.10005],[-74.77852,40.09662],[-74.76991,40.09496],[-74.76182,40.09432],[-74.75315,40.09472],[-74.73027,40.09755],[-74.72798,40.09821],[-74.7141,40.11221],[-74.69961,40.12426]],[[-74.6984,40.12622],[-74.71342,40.11371],[-74.73009,40.09818],[-74.73258,40.09748],[-74.75275,40.09497],[-74.76113,40.09451],[-74.77145,40.09539],[-74.78035,40.09759],[-74.78713,40.10021],[-74.80845,40.11086],[-74.85248,40.12328],[-74.87815,40.12741],[-74.88209,40.12844],[-74.88582,40.12791],[-74.88829,40.12539],[-74.88864,40.11845],[-74.89087,40.1118],[-74.89256,40.10916],[-74.89486,40.10718],[-74.89809,40.1056],[-74.90695,40.1029],[-74.9152,40.09761],[-74.92217,40.09107],[-74.93493,40.08356],[-74.94794,40.075],[-74.95273,40.07272],[-74.96144,40.07014],[-74.96799,40.06545],[-74.9809,40.059],[-74.98866,40.05185],[-74.9997,40.04801],[-75.00147,40.04642],[-75.00342,40.04293],[-75.00556,40.0407],[-75.0189,40.03479],[-75.02072,40.03305],[-75.0226,40.02936],[-75.02438,40.02787],[-75.03102,40.02436],[-75.04346,40.02046],[-75.06282,40.01041],[-75.06978,40.00868],[-75.07361,40.0069],[-75.07721,40.00376],[-75.08749,39.98971],[-75.09003,39.98753],[-75.10181,39.98174],[-75.11059,39.97854],[-75.12717,39.96923],[-75.135,39.96677],[-75.13727,39.96549],[-75.13964,39.96256],[-75.14106,39.959],[-75.14203,39.94829],[-75.14821,39.92046],[-75.14779,39.91588],[-75.15048,39.9037],[-75.1522,39.9016],[-75.15435,39.90082],[-75.16963,39.89893],[-75.17743,39.89929],[-75.18988,39.89691],[-75.19388,39.89511],[-75.20472,39.88733],[-75.20896,39.88601],[-75.21403,39.88666],[-75.22231,39.8915],[-75.22559,39.89278],[-75.23014,39.89335],[-75.23437,39.89284],[-75.23775,39.89158],[-75.24081,39.88942],[-75.24559,39.88237],[-75.24803,39.87997],[-75.25182,39.87797],[-75.25661,39.87666],[-75.27389,39.87592],[-75.28393,39.87628],[-75.30948,39.86869],[-75.3133,39.86887],[-75.31904,39.87088],[-75.32191,39.87125],[-75.32443,39.87087],[-75.33427,39.86752],[-75.3421,39.86811],[-75.34422,39.86723],[-75.35276,39.86069],[-75.35532,39.8593],[-75.37843,39.85008],[-75.3907,39.84612],[-75.39858,39.84267],[-75.40132,39.84179],[-75.4062,39.84121],[-75.41155,39.83854],[-75.42276,39.83479],[-75.43866,39.82456],[-75.44808,39.82052],[-75.45517,39.81341],[-75.45994,39.81036],[-75.46631,39.80459],[-75.46974,39.80373],[-75.47455,39.80463],[-75.47718,39.80449],[-75.48349,39.80093],[-75.48588,39.79883],[-75.49139,39.79145],[-75.50522,39.78042],[-75.50933,39.77871],[-75.52113,39.77576],[-75.52762,39.77519],[-75.52957,39.77421],[-75.53701,39.76819],[-75.54329,39.76696],[-75.54597,39.76574],[-75.55153,39.76059],[-75.55358,39.75296],[-75.55645,39.74977],[-75.56207,39.74153],[-75.56298,39.73684],[-75.56559,39.73378],[-75.56773,39.72929],[-75.58312,39.71614],[-75.61319,39.69844]],[[-74.69686,40.12707],[-74.71254,40.11418],[-74.72806,40.09919],[-74.73215,40.09755]],[[-74.7316,40.09741],[-74.72723,40.09925],[-74.71259,40.11391],[-74.69987,40.12437]]]}},{"type":"Feature","properties":{"t":1,"n":"NJ 70"},"geometry":{"type":"MultiLineString","coordinates":[[[-74.66487,39.88779],[-74.68808,39.88566],[-74.73094,39.88618],[-74.74039,39.88721]],[[-75.0763,39.93414],[-75.0715,39.9349],[-75.06957,39.93458],[-75.0585,39.92935],[-75.02925,39.91751],[-74.98412,39.90911],[-74.94636,39.89599],[-74.94036,39.89585],[-74.92601,39.89397],[-74.88387,39.8941],[-74.82984,39.90213],[-74.82416,39.90471],[-74.81769,39.90524],[-74.81374,39.90479],[-74.79416,39.90047],[-74.78426,39.89699],[-74.76137,39.89034],[-74.74172,39.88707]],[[-75.07387,39.93414],[-75.06864,39.93398],[-75.05766,39.9288],[-75.02955,39.91737],[-74.98517,39.9092],[-74.94713,39.89595],[-74.94056,39.89571],[-74.92797,39.89379],[-74.89566,39.89399]]]}},{"type":"Feature","properties":{"t":2,"n":"CR 537"},"geometry":{"type":"MultiLineString","coordinates":[[[-74.95503,39.96041],[-74.94316,39.96533],[-74.93842,39.96627],[-74.92271,39.97228],[-74.91028,39.97434],[-74.90785,39.97371],[-74.90673,39.97633]],[[-75.02691,39.95279],[-75.06415,39.94877],[-75.06646,39.95008],[-75.06946,39.9499],[-75.0703,39.94942],[-75.07055,39.9481],[-75.10439,39.94401],[-75.11322,39.94422],[-75.11883,39.94524]],[[-74.90783,39.97404],[-74.9065,39.97666],[-74.90322,39.97532],[-74.89723,39.97583]],[[-75.06415,39.94877],[-75.06698,39.95025],[-75.06993,39.94988],[-75.0706,39.94841]],[[-75.11919,39.94409],[-75.1079,39.94399]]]}},{"type":"Feature","properties":{"t":2,"n":"CR 543"},"geometry":{"type":"MultiLineString","coordinates":[[[-75.10373,39.94407],[-75.10079,39.94902],[-75.09402,39.95584],[-75.08098,39.96281],[-75.07352,39.96378],[-75.06639,39.96717],[-75.05814,39.97674],[-75.05441,39.97922],[-75.04576,39.9873],[-75.03717,39.99255],[-75.0286,39.99635],[-75.03051,39.99893],[-74.97426,40.03186],[-74.95949,40.03893],[-74.95835,40.04385],[-74.95828,40.04786],[-74.95421,40.05047],[-74.91935,40.06526],[-74.87131,40.0672]]]}},{"type":"Feature","properties":{"t":2,"n":"NJ 41"},"geometry":{"type":"MultiLineString","coordinates":[[[-75.04908,39.87687],[-75.04972,39.87561],[-75.04908,39.87687]],[[-75.01094,39.91179],[-75.01209,39.91243],[-75.01028,39.91164],[-75.0101,39.91372],[-75.00903,39.91516],[-75.0102,39.91396],[-75.01042,39.9121]],[[-75.01209,39.91243],[-75.02229,39.90318],[-75.04062,39.89389],[-75.04908,39.87687]],[[-75.04972,39.87561],[-75.05522,39.8644],[-75.0609,39.85802],[-75.0832,39.84082],[-75.08621,39.83961],[-75.08773,39.83833],[-75.0929,39.81128],[-75.10175,39.78348]],[[-74.9836,39.94468],[-74.98406,39.94289],[-74.98264,39.93983],[-74.98357,39.93844],[-75.00871,39.91545],[-74.9845,39.93758]],[[-74.98357,39.93844],[-74.98252,39.93991],[-74.98386,39.94259],[-74.98387,39.94391],[-74.98305,39.94507],[-74.98158,39.94582]],[[-75.08974,39.82738],[-75.08933,39.82951]]]}},{"type":"Feature","properties":{"t":1,"n":"I 295"},"geometry":{"type":"MultiLineString","coordinates":[[[-74.69452,40.25663],[-74.70073,40.24447],[-74.7019,40.24008],[-74.70157,40.23594],[-74.69784,40.22416],[-74.69816,40.2207],[-74.70649,40.2098],[-74.70947,40.20226],[-74.71552,40.19605],[-74.72131,40.18779],[-74.72221,40.18555],[-74.72257,40.17137],[-74.71802,40.15677],[-74.71955,40.14658],[-74.71637,40.1379],[-74.71554,40.13298],[-74.71662,40.12635],[-74.72008,40.1205],[-74.72456,40.11641],[-74.73438,40.11042],[-74.74544,40.10223],[-74.74914,40.0983],[-74.75651,40.08788],[-74.76295,40.08229],[-74.79531,40.06567],[-74.79916,40.06431],[-74.80802,40.0623],[-74.81291,40.06029],[-74.83276,40.04639],[-74.83741,40.04061],[-74.84795,40.01433],[-74.85279,40.00786],[-74.868,39.99608],[-74.87941,39.99131],[-74.89067,39.9846],[-74.90301,39.97338],[-74.91134,39.96726],[-74.91971,39.95864],[-74.9325,39.94861],[-74.94135,39.94414],[-74.96001,39.938],[-74.96562,39.9351],[-74.97027,39.93179],[-74.9748,39.92738],[-74.97835,39.92243],[-74.98686,39.90378],[-74.9894,39.89973],[-74.99374,39.89525],[-75.00289,39.88825],[-75.01519,39.87593],[-75.02196,39.87257],[-75.02838,39.8714],[-75.03532,39.87186],[-75.0445,39.8747],[-75.0524,39.87575],[-75.0563,39.87527],[-75.0625,39.87266],[-75.06662,39.87183],[-75.07806,39.8728],[-75.08753,39.87222],[-75.09231,39.87305],[-75.09763,39.87529],[-75.10152,39.87815],[-75.10325,39.87831],[-75.10462,39.87686],[-75.10257,39.87307],[-75.10273,39.86861],[-75.10341,39.86716],[-75.10522,39.86581],[-75.11745,39.86088],[-75.12177,39.85964],[-75.12753,39.85897],[-75.13217,39.8592],[-75.14559,39.86117],[-75.15059,39.86108],[-75.15487,39.86023],[-75.15942,39.85841],[-75.19436,39.83987],[-75.22127,39.82911],[-75.24003,39.82029],[-75.24818,39.8177],[-75.28569,39.80875],[-75.31042,39.80427],[-75.31334,39.80255],[-75.31805,39.79749],[-75.32609,39.79344],[-75.32995,39.79078],[-75.33301,39.78755],[-75.33754,39.78071],[-75.34121,39.777],[-75.37662,39.75022],[-75.44277,39.71099],[-75.45825,39.70236],[-75.4669,39.69555]],[[-75.46406,39.69765],[-75.45869,39.70164],[-75.44199,39.71093],[-75.37388,39.75169],[-75.33993,39.77763],[-75.33693,39.78075],[-75.33303,39.78671],[-75.3296,39.79045],[-75.32569,39.79316],[-75.31894,39.79642],[-75.31374,39.80185],[-75.31065,39.80395],[-75.30782,39.80481],[-75.28655,39.80835],[-75.2486,39.81734],[-75.24122,39.81964],[-75.23445,39.82239],[-75.22171,39.82875],[-75.19286,39.84039],[-75.15981,39.85798],[-75.15367,39.86039],[-75.14995,39.86099],[-75.14529,39.86097],[-75.12861,39.8587],[-75.12318,39.8591],[-75.11822,39.86032],[-75.1013,39.86702],[-75.10058,39.8685],[-75.10169,39.87304],[-75.10052,39.87422],[-75.09535,39.87384],[-75.08861,39.87211],[-75.07771,39.87257],[-75.06742,39.87152],[-75.0625,39.8724],[-75.05627,39.87515],[-75.05189,39.87561],[-75.04462,39.87454],[-75.03494,39.87159],[-75.02951,39.87112],[-75.02224,39.87228],[-75.01548,39.87546],[-75.00206,39.88861],[-74.99319,39.89525],[-74.98946,39.89905],[-74.98645,39.90365],[-74.97744,39.92325],[-74.97411,39.92772],[-74.97,39.93167],[-74.96555,39.93481],[-74.96034,39.93756],[-74.94128,39.9439],[-74.93223,39.94849],[-74.91961,39.95838],[-74.91126,39.96697],[-74.90286,39.97316],[-74.89024,39.9846],[-74.87964,39.99091],[-74.86826,39.99561],[-74.8527,40.00757],[-74.84968,40.01093],[-74.84764,40.01433],[-74.83712,40.04058],[-74.83491,40.04382],[-74.83216,40.04651],[-74.81296,40.05995],[-74.80903,40.06155],[-74.79971,40.06348],[-74.79546,40.06499],[-74.76225,40.08244],[-74.75601,40.08802],[-74.74879,40.09822],[-74.74548,40.10178],[-74.73395,40.1104],[-74.72405,40.11643],[-74.7196,40.12062],[-74.71627,40.12644],[-74.71524,40.133],[-74.71614,40.13828],[-74.71922,40.14645],[-74.71768,40.15696],[-74.72222,40.1714],[-74.72194,40.18515],[-74.72092,40.18781],[-74.71523,40.19592],[-74.70917,40.20214],[-74.70634,40.20943],[-74.69783,40.22064],[-74.69753,40.22434],[-74.7016,40.2387],[-74.70087,40.24324],[-74.69852,40.24799]],[[-74.88791,40.11982],[-74.88867,40.12665],[-74.89929,40.15379],[-74.90018,40.15884],[-74.90019,40.1635],[-74.8988,40.17022],[-74.89451,40.1805],[-74.89201,40.18322],[-74.88585,40.18675],[-74.88233,40.18961],[-74.87732,40.19596],[-74.87529,40.2003],[-74.87484,40.20422],[-74.87544,40.20899],[-74.88048,40.22198],[-74.88198,40.23039],[-74.88175,40.2358],[-74.88054,40.24148],[-74.87898,40.24469],[-74.87687,40.24714],[-74.87137,40.25016],[-74.85345,40.25527],[-74.84377,40.26089],[-74.83644,40.26965],[-74.82598,40.27844],[-74.81856,40.28588],[-74.81504,40.28815],[-74.81179,40.28918],[-74.80851,40.28952],[-74.79478,40.28922],[-74.7723,40.29182],[-74.76969,40.29132],[-74.76247,40.28824],[-74.75591,40.28687],[-74.74351,40.28696],[-74.73473,40.28574],[-74.72397,40.28537],[-74.70593,40.28629],[-74.69995,40.28521]],[[-74.69839,40.28487],[-74.70176,40.28602],[-74.70524,40.28651],[-74.72433,40.28563],[-74.7347,40.28599],[-74.74413,40.28723],[-74.75536,40.28711],[-74.76177,40.28835],[-74.76769,40.29206],[-74.77126,40.29291],[-74.79382,40.28954],[-74.80822,40.28978],[-74.81184,40.28941],[-74.81549,40.2882],[-74.81851,40.28626],[-74.82636,40.27839],[-74.83712,40.26927],[-74.84393,40.26103],[-74.85401,40.25524],[-74.87169,40.25028],[-74.87707,40.24726],[-74.87936,40.24458],[-74.8809,40.24123],[-74.882,40.23619],[-74.88228,40.23057],[-74.88085,40.22216],[-74.87564,40.20848],[-74.87515,40.20402],[-74.87565,40.20012],[-74.87822,40.19511],[-74.88269,40.18966],[-74.88607,40.18692],[-74.89177,40.18373],[-74.89465,40.18084],[-74.89892,40.17086],[-74.90045,40.16406],[-74.90043,40.15809],[-74.89939,40.15301],[-74.88853,40.12499],[-74.88834,40.11907],[-74.89016,40.11349]],[[-75.58426,39.69937],[-75.59066,39.70588],[-75.59285,39.70685],[-75.59535,39.70703],[-75.59978,39.70605],[-75.61319,39.69844]],[[-75.60758,39.6989],[-75.59957,39.70057],[-75.59185,39.70149],[-75.58761,39.70076],[-75.5839,39.69861]]]}},{"type":"Feature","properties":{"t":2,"n":"Wright Avenue"},"geometry":{"type":"MultiLineString","coordinates":[[[-75.1093,39.94389],[-75.10744,39.94379],[-75.10648,39.94285]]]}},{"type":"Feature","properties":{"t":1,"n":"NJ 42"},"geometry":{"type":"MultiLineString","coordinates":[[[-75.00186,39.69846],[-75.04367,39.74058],[-75.04448,39.7426],[-75.04842,39.76547],[-75.04788,39.76816],[-75.04859,39.77055],[-75.04869,39.78682],[-75.05094,39.79555],[-75.05812,39.80716],[-75.0615,39.81132],[-75.06739,39.81621],[-75.08011,39.82342],[-75.08569,39.82778],[-75.08862,39.83103],[-75.09145,39.83637],[-75.09991,39.86121],[-75.10156,39.87057]],[[-75.10197,39.87114],[-75.10208,39.86778],[-75.10053,39.86225],[-75.09164,39.83579],[-75.08949,39.83168],[-75.08635,39.82797],[-75.08057,39.8234],[-75.06824,39.81639],[-75.06262,39.81197],[-75.05863,39.80734],[-75.05105,39.79493],[-75.04903,39.78679],[-75.04884,39.76692],[-75.04467,39.7428],[-75.04381,39.74056],[-75.00203,39.69842]]]}},{"type":"Feature","properties":{"t":2,"n":"CR 644"},"geometry":{"type":"MultiLineString","coordinates":[[[-75.01725,39.97989],[-75.02059,39.97716],[-75.02226,39.97427],[-75.02045,39.97714],[-75.0166,39.98069]],[[-75.02782,39.94874],[-75.02897,39.94322],[-75.02782,39.94874]],[[-75.03447,39.91853],[-75.03358,39.92244],[-75.03479,39.91688],[-75.0346,39.91489],[-75.03478,39.91638]],[[-75.02907,39.89949],[-75.03175,39.90261],[-75.0346,39.91489]],[[-75.0293,39.89937],[-75.02594,39.89575]],[[-75.02956,39.94047],[-75.02915,39.94241],[-75.03358,39.92244]],[[-75.02782,39.94874],[-75.02226,39.97427]]]}},{"type":"Feature","properties":{"t":1,"n":"NJ 38"},"geometry":{"type":"MultiLineString","coordinates":[[[-75.07895,39.93384],[-75.07387,39.93414],[-75.06863,39.93518],[-75.03953,39.93673],[-75.03067,39.93824],[-75.01104,39.94013],[-75.00834,39.94087],[-74.96993,39.94367],[-74.95726,39.94887],[-74.94803,39.95397],[-74.94104,39.95641],[-74.92237,39.96506],[-74.91821,39.9662],[-74.89672,39.96866],[-74.84772,39.97295],[-74.81222,39.98187],[-74.77746,39.98212],[-74.81265,39.98196],[-74.84785,39.97306],[-74.8999,39.96854],[-74.91832,39.96636],[-74.92344,39.96478],[-74.94087,39.95662],[-74.94788,39.95417],[-74.95713,39.94906],[-74.97001,39.94378],[-75.00871,39.94094],[-75.01118,39.94023],[-75.03037,39.93839],[-75.04063,39.93674],[-75.06848,39.93529],[-75.07325,39.93432],[-75.08089,39.93378],[-75.08283,39.93409]],[[-74.73537,39.96981],[-74.77746,39.98212]]]}},{"type":"Feature","properties":{"t":1,"n":"Walt Whitman Bridge Extension"},"geometry":{"type":"MultiLineString","coordinates":[[[-75.11635,39.90292],[-75.11119,39.90027],[-75.10524,39.90132],[-75.10024,39.90129],[-75.09559,39.90089],[-75.09378,39.89947]],[[-75.09328,39.90002],[-75.09427,39.90088],[-75.10942,39.9014],[-75.1155,39.90291]]]}},{"type":"Feature","properties":{"t":2,"n":"CR 616"},"geometry":{"type":"MultiLineString","coordinates":[[[-75.01062,39.94082],[-75.01022,39.94018],[-75.00898,39.94026],[-75.00941,39.94093],[-75.01062,39.94082]],[[-74.94898,39.92366],[-74.92164,39.91491],[-74.91944,39.91647]],[[-74.94979,39.92427],[-74.95679,39.92476],[-74.97878,39.93064],[-74.98979,39.93369],[-75.00898,39.94026]],[[-75.05294,39.96204],[-75.04154,39.95123],[-75.01062,39.94082]],[[-74.74332,39.93964],[-74.73822,39.94153],[-74.72848,39.9431],[-74.72122,39.94395],[-74.70074,39.94514],[-74.69818,39.9459]]]}},{"type":"Feature","properties":{"t":2,"n":"CR 561"},"geometry":{"type":"MultiLineString","coordinates":[[[-75.08805,39.92272],[-75.08733,39.92286],[-75.08849,39.92285],[-75.08805,39.92272]],[[-75.11699,39.94406],[-75.11639,39.94254],[-75.11684,39.94406]],[[-74.94115,39.80841],[-74.95807,39.83438],[-74.95872,39.83842],[-74.9597,39.84001],[-74.96154,39.84119],[-74.9661,39.84247],[-74.97334,39.84583],[-74.98461,39.85571],[-74.99688,39.86866],[-75.02406,39.89479],[-75.02549,39.89563],[-75.03027,39.89685],[-75.03165,39.89817],[-75.03451,39.89924],[-75.04894,39.91017],[-75.05252,39.91171],[-75.07074,39.91683],[-75.0848,39.92158],[-75.08591,39.92262],[-75.08733,39.92286]],[[-75.11639,39.94254],[-75.11144,39.93761],[-75.10276,39.93211],[-75.09139,39.92392],[-75.08849,39.92285]],[[-75.02406,39.89479],[-75.02531,39.89565],[-75.02798,39.89629]]]}},{"type":"Feature","properties":{"t":2},"geometry":{"type":"MultiLineString","coordinates":[[[-75.33782,40.4053],[-75.33676,40.40178],[-75.33308,40.3997],[-75.33185,40.39842]]]}},{"type":"Feature","properties":{"t":2,"n":"Flanders Boulevard"},"geometry":{"type":"MultiLineString","coordinates":[[[-75.10555,39.94397],[-75.10522,39.94287],[-75.10587,39.94204]]]}},{"type":"Feature","properties":{"t":2,"n":"NJ 154"},"geometry":{"type":"MultiLineString","coordinates":[[[-75.01851,39.89025],[-75.01881,39.88974],[-75.0118,39.90637],[-75.01028,39.91164]]]}},{"type":"Feature","properties":{"t":2,"n":"CR 689"},"geometry":{"type":"MultiLineString","coordinates":[[[-74.93215,39.80155],[-74.93303,39.7976],[-75.02487,39.7179],[-75.02694,39.71767],[-75.03229,39.71886],[-75.0343,39.71876],[-75.03664,39.71712],[-75.03937,39.71315],[-75.0413,39.71235],[-75.10287,39.70649],[-75.10797,39.70526]],[[-75.03771,39.71587],[-75.03542,39.7181],[-75.03363,39.71877],[-75.02565,39.71767]]]}},{"type":"Feature","properties":{"t":1,"n":"US 30"},"geometry":{"type":"MultiLineString","coordinates":[[[-75.04555,39.87256],[-75.04805,39.87488],[-75.02833,39.85669],[-75.01966,39.84543],[-75.00706,39.83539],[-75.0013,39.83012],[-74.99119,39.81552],[-74.9822,39.81092],[-74.97283,39.80738],[-74.94289,39.80201],[-74.9364,39.79978],[-74.93328,39.79739],[-74.92946,39.79143],[-74.90572,39.77502],[-74.91505,39.78148]],[[-74.84627,39.69964],[-74.8557,39.7169],[-74.86958,39.73604],[-74.8799,39.74842],[-74.88378,39.75943],[-74.90572,39.77502]],[[-75.08883,39.91869],[-75.08224,39.9085],[-75.07547,39.90039],[-75.04805,39.87488]],[[-75.08094,39.93458],[-75.08493,39.93537],[-75.0959,39.94021],[-75.10382,39.94135],[-75.1057,39.94244],[-75.10831,39.94515],[-75.1143,39.94634],[-75.11868,39.94847]],[[-75.11852,39.94796],[-75.11396,39.94609],[-75.10854,39.94511],[-75.1043,39.94138],[-75.09544,39.93991],[-75.08464,39.93508],[-75.08304,39.93391]],[[-75.08809,39.9195],[-75.08438,39.92541],[-75.08301,39.93117]],[[-75.08342,39.93014],[-75.08437,39.92573],[-75.08869,39.91887]],[[-75.49529,40.04165],[-75.50115,40.0422],[-75.49229,40.0416],[-75.45276,40.04301],[-75.44742,40.04499],[-75.44337,40.04743],[-75.4394,40.04827],[-75.4294,40.04462],[-75.42742,40.0444],[-75.41786,40.04799],[-75.4149,40.04845],[-75.40741,40.04699],[-75.40009,40.04432],[-75.38789,40.04407],[-75.37418,40.0429],[-75.37083,40.04203],[-75.36573,40.03944],[-75.36078,40.03765],[-75.34176,40.03462],[-75.33661,40.03191]],[[-75.23842,39.98174],[-75.24569,39.98425],[-75.25709,39.99002],[-75.26268,39.99126],[-75.27401,40.00021],[-75.28183,40.00333],[-75.32818,40.02631],[-75.33658,40.03189]],[[-75.52645,40.04359],[-75.52213,40.04383],[-75.5067,40.04275],[-75.52519,40.04387],[-75.54594,40.03969],[-75.57774,40.03405],[-75.58681,40.03287]],[[-75.8095,40.00102],[-75.80389,40.00203],[-75.78958,40.00626],[-75.78668,40.00626],[-75.77955,40.00465],[-75.77594,40.00442],[-75.74756,40.00767],[-75.7288,40.01121],[-75.72211,40.01404],[-75.70198,40.01875],[-75.68777,40.02034],[-75.68064,40.0201],[-75.66312,40.01658],[-75.65329,40.01354],[-75.64943,40.01304],[-75.64598,40.0132],[-75.64204,40.01411],[-75.62502,40.02041],[-75.60816,40.02414],[-75.59114,40.02893]],[[-75.59258,40.02924],[-75.60695,40.02463],[-75.62499,40.0206],[-75.64189,40.01434],[-75.64608,40.01336],[-75.65279,40.0136],[-75.66286,40.01669],[-75.68081,40.02027],[-75.68811,40.02043],[-75.7017,40.01891],[-75.722,40.01419],[-75.72892,40.0113],[-75.74511,40.00814],[-75.77574,40.00455],[-75.77963,40.0048],[-75.78661,40.00637],[-75.78943,40.0064],[-75.80225,40.00256],[-75.8096,40.00112]],[[-75.23839,39.98173],[-75.23196,39.97962],[-75.21777,39.97264],[-75.20431,39.97413],[-75.21276,39.97319]],[[-75.58676,40.03275],[-75.58092,40.03363]],[[-75.19513,39.97521],[-75.20431,39.97413]],[[-75.35406,40.03673],[-75.36145,40.03796],[-75.3699,40.04161]],[[-74.93557,39.79926],[-74.93222,39.79566]],[[-75.50115,40.0422],[-75.5067,40.04275]]]}},{"type":"Feature","properties":{"t":2,"n":"CR 606"},"geometry":{"type":"MultiLineString","coordinates":[[[-75.08917,39.91964],[-75.09037,39.92349]]]}},{"type":"Feature","properties":{"t":1,"n":"US 130"},"geometry":{"type":"MultiLineString","coordinates":[[[-74.69964,40.15255],[-74.70304,40.14248],[-74.7068,40.13973],[-74.71357,40.13626],[-74.73718,40.12693],[-74.74418,40.12273],[-74.75355,40.11839],[-74.76941,40.11268],[-74.83655,40.08391],[-74.839,40.08231],[-74.84345,40.07731],[-74.85167,40.07281],[-74.85778,40.07133],[-74.86569,40.07103],[-74.91565,40.03877],[-74.92996,40.03058],[-74.94152,40.02237],[-74.96649,40.00997],[-74.98183,40.00387],[-74.98852,39.99899],[-75.04257,39.97136],[-75.05857,39.95565],[-75.06476,39.95138],[-75.06797,39.94663],[-75.07615,39.93745],[-75.08314,39.9339],[-75.08342,39.93014]],[[-75.08301,39.93117],[-75.08167,39.93438],[-75.07602,39.9374],[-75.06792,39.94653],[-75.06471,39.95127],[-75.05867,39.95539],[-75.04222,39.97138],[-75.03113,39.97584],[-75.0244,39.98048],[-74.98794,39.9992],[-74.98197,40.0037],[-74.96675,40.00975],[-74.94179,40.02208],[-74.93749,40.02469],[-74.92993,40.03047],[-74.91562,40.03867],[-74.8656,40.07086],[-74.86098,40.07119],[-74.85712,40.07045],[-74.85019,40.07226],[-74.8477,40.07495],[-74.84265,40.07779],[-74.83906,40.08205],[-74.83691,40.08358],[-74.76899,40.11273],[-74.75391,40.11811],[-74.74445,40.12245],[-74.73723,40.12678],[-74.71043,40.13765],[-74.70291,40.14202],[-74.69988,40.15078]],[[-75.12441,39.87653],[-75.12465,39.87698],[-75.12938,39.87125],[-75.15082,39.86145]],[[-75.12233,39.87566],[-75.11667,39.8768],[-75.10964,39.88322],[-75.1038,39.88648],[-75.10412,39.88986],[-75.10265,39.89341],[-75.09895,39.90063],[-75.09569,39.904],[-75.09335,39.91083],[-75.09091,39.91365],[-75.08809,39.9195]],[[-75.14534,39.86346],[-75.13149,39.86998],[-75.12885,39.87074],[-75.12455,39.8765]],[[-75.08883,39.91869],[-75.09089,39.91388],[-75.0935,39.91079],[-75.09594,39.90398],[-75.09919,39.90046],[-75.10623,39.88685],[-75.11635,39.87714],[-75.12192,39.87582],[-75.12406,39.87648]],[[-75.31017,39.80437],[-75.32378,39.80316],[-75.34976,39.80287]],[[-75.34896,39.80277],[-75.32519,39.80289],[-75.31618,39.8035],[-75.31264,39.80264],[-75.30888,39.80456]]]}},{"type":"Feature","properties":{"t":2,"n":"CR 666"},"geometry":{"type":"MultiLineString","coordinates":[[[-75.04649,39.87329],[-75.04376,39.87542]]]}},{"type":"Feature","properties":{"t":2,"n":"Dr Martin Luther King Boulevard"},"geometry":{"type":"MultiLineString","coordinates":[[[-75.11925,39.94242],[-75.11181,39.94274],[-75.11924,39.94255]]]}},{"type":"Feature","properties":{"t":2,"n":"CR 536 Spur"},"geometry":{"type":"MultiLineString","coordinates":[[[-74.91976,39.76791],[-74.91478,39.77464],[-74.92674,39.75854],[-74.9469,39.73781],[-74.96523,39.72148],[-74.98026,39.70612],[-74.98632,39.69814]],[[-74.91178,39.77864],[-74.91478,39.77464]]]}},{"type":"Feature","properties":{"t":2,"n":"CR 626"},"geometry":{"type":"MultiLineString","coordinates":[[[-74.92143,40.06446],[-74.92039,40.05993],[-74.92121,40.05366]],[[-74.80327,39.99764],[-74.80717,39.99898],[-74.81307,40.00297],[-74.82172,40.00425],[-74.82625,40.00607],[-74.8391,40.00902],[-74.84643,40.0097],[-74.86314,40.00755],[-74.87068,40.00924],[-74.875,40.01325],[-74.88748,40.01628],[-74.89385,40.01939],[-74.89852,40.02543],[-74.90568,40.02717],[-74.91144,40.02961],[-74.91494,40.03696],[-74.91245,40.03062],[-74.91143,40.02948],[-74.90587,40.02709],[-74.8985,40.02528],[-74.89389,40.01923],[-74.8878,40.01622],[-74.87549,40.01333],[-74.871,40.00924],[-74.86289,40.00742],[-74.84747,40.00949],[-74.84296,40.00952]],[[-74.91494,40.03696],[-74.92149,40.05291]],[[-74.80318,39.99775],[-74.80576,39.99856]]]}},{"type":"Feature","properties":{"t":2,"n":"CR 551 Spur"},"geometry":{"type":"MultiLineString","coordinates":[[[-75.11734,39.87651],[-75.11444,39.87698],[-75.11595,39.87678],[-75.11635,39.87714]],[[-75.04062,39.89389],[-75.074,39.88159],[-75.08635,39.88144],[-75.11444,39.87698]]]}},{"type":"Feature","properties":{"t":1,"n":"NJ 73"},"geometry":{"type":"MultiLineString","coordinates":[[[-74.88938,39.68456],[-74.8975,39.70777],[-74.89728,39.70934],[-74.89587,39.71155],[-74.89596,39.71307],[-74.89695,39.71469],[-74.89987,39.71632],[-74.90113,39.71776],[-74.91029,39.74437],[-74.91043,39.74752],[-74.90872,39.75361],[-74.90848,39.7576],[-74.91229,39.76842],[-74.91279,39.77168],[-74.91232,39.77442],[-74.91002,39.77973],[-74.90948,39.78643],[-74.91109,39.78839],[-74.92339,39.79556],[-74.92964,39.79991],[-74.93156,39.80247],[-74.92942,39.8177],[-74.92158,39.85439],[-74.92225,39.88554],[-74.92736,39.89353],[-74.93968,39.90873],[-74.94829,39.923],[-74.96959,39.93737]],[[-74.9697,39.93727],[-74.94827,39.92263],[-74.93985,39.90869],[-74.92738,39.89323],[-74.92245,39.88564],[-74.92176,39.85439],[-74.92881,39.82175],[-74.93179,39.80306],[-74.93024,39.80014],[-74.92353,39.79544],[-74.91114,39.78822],[-74.90957,39.78627],[-74.91024,39.77968],[-74.91251,39.77448],[-74.913,39.77169],[-74.91248,39.76838],[-74.90871,39.75761],[-74.90895,39.75363],[-74.91068,39.74713],[-74.91003,39.74329]],[[-75.04297,40.01201],[-75.03816,40.0061],[-75.035,39.99826],[-75.02093,39.98688],[-75.01305,39.97807],[-75.01187,39.97583],[-75.00068,39.9655],[-74.9985,39.96413],[-74.9918,39.9614],[-74.98929,39.9596],[-74.98787,39.95726],[-74.9874,39.95158],[-74.98636,39.94904],[-74.98444,39.94702],[-74.9784,39.94293]],[[-74.97833,39.94317],[-74.9844,39.94717],[-74.98618,39.94905],[-74.98722,39.9515],[-74.9878,39.95741],[-74.98906,39.95951],[-74.9917,39.96146],[-74.9999,39.96511],[-75.00715,39.9717],[-75.02083,39.98696],[-75.03489,39.9983],[-75.03792,40.00619],[-75.03982,40.00791]]]}},{"type":"Feature","properties":{"t":2,"n":"Greentree Road"},"geometry":{"type":"MultiLineString","coordinates":[[[-74.95246,39.90602],[-74.92992,39.9109],[-74.92583,39.91202],[-74.92369,39.91327]]]}},{"type":"Feature","properties":{"t":1,"n":"NJ 413"},"geometry":{"type":"MultiLineString","coordinates":[[[-74.86419,40.07117],[-74.86486,40.07185],[-74.86462,40.07298],[-74.86581,40.07349],[-74.86809,40.07783],[-74.86494,40.07107]]]}},{"type":"Feature","properties":{"t":2,"n":"NJ 168"},"geometry":{"type":"MultiLineString","coordinates":[[[-75.07804,39.86319],[-75.07858,39.86441],[-75.06731,39.83445],[-75.06836,39.80542],[-75.06485,39.79784],[-75.0554,39.78493],[-75.04991,39.76964],[-75.05183,39.77402],[-75.05362,39.78052]],[[-75.07858,39.86441],[-75.093,39.89815]],[[-75.08926,39.88898],[-75.10198,39.91813]],[[-75.09444,39.90115],[-75.0965,39.90585]],[[-75.04991,39.76964],[-75.04884,39.76692]]]}},{"type":"Feature","properties":{"t":2,"n":"CR 635"},"geometry":{"type":"MultiLineString","coordinates":[[[-75.07145,39.89663],[-75.0799,39.89313],[-75.0915,39.89418]],[[-75.09025,39.89395],[-75.08573,39.89357]]]}},{"type":"Feature","properties":{"t":2,"n":"CR 541"},"geometry":{"type":"MultiLineString","coordinates":[[[-74.73906,39.77007],[-74.75032,39.78351],[-74.80333,39.86091],[-74.80434,39.86228],[-74.80773,39.86474],[-74.81271,39.87394],[-74.81412,39.87497],[-74.81271,39.87394]],[[-74.80445,39.98079],[-74.8058,39.97503],[-74.80464,39.97372],[-74.802,39.97285],[-74.80738,39.96228],[-74.8078,39.95696],[-74.82013,39.93914],[-74.82452,39.92994],[-74.82757,39.92575],[-74.82814,39.92236],[-74.82586,39.91736],[-74.82623,39.912],[-74.82351,39.90103],[-74.82352,39.89268],[-74.82022,39.8834],[-74.81662,39.87649],[-74.81412,39.87497]],[[-74.80468,39.98206],[-74.80585,39.97576]]]}},{"type":"Feature","properties":{"t":2,"n":"CR 544"},"geometry":{"type":"MultiLineString","coordinates":[[[-75.0832,39.84082],[-75.05288,39.84984],[-75.01608,39.85933],[-74.97462,39.86062],[-74.92187,39.87523]],[[-75.08758,39.83854],[-75.10703,39.83073],[-75.09139,39.83706],[-75.08788,39.83788]],[[-75.10703,39.83073],[-75.11812,39.82616]]]}},{"type":"Feature","properties":{"t":2,"n":"CR 534"},"geometry":{"type":"MultiLineString","coordinates":[[[-74.9362,39.79969],[-74.93989,39.80029],[-74.96667,39.79976],[-74.97939,39.8023],[-74.98328,39.80493],[-74.99205,39.8058],[-75.06694,39.80209]],[[-75.15315,39.83818],[-75.14485,39.83422],[-75.13451,39.83207],[-75.11812,39.82616]]]}},{"type":"Feature","properties":{"t":1,"n":"CR 541"},"geometry":{"type":"MultiLineString","coordinates":[[[-74.85546,40.07171],[-74.85041,40.06053],[-74.79767,40.00782]],[[-74.80445,39.98079],[-74.80479,39.98374],[-74.80905,39.98944],[-74.80937,39.99202],[-74.80813,39.99393],[-74.80304,39.9979],[-74.79879,40.00594],[-74.79692,40.00726],[-74.84088,40.05112]],[[-74.79793,40.0068],[-74.79898,40.00586],[-74.80309,39.99809],[-74.80847,39.99378],[-74.80952,39.99201],[-74.80925,39.9895],[-74.80534,39.98449],[-74.80468,39.98206]]]}},{"type":"Feature","properties":{"t":1,"n":"I 676"},"geometry":{"type":"MultiLineString","coordinates":[[[-75.10883,39.89778],[-75.11371,39.90654],[-75.11556,39.91127],[-75.11628,39.9163],[-75.11577,39.92766],[-75.11206,39.93227],[-75.11128,39.93458],[-75.11421,39.94648],[-75.12274,39.9509],[-75.14774,39.95533],[-75.15007,39.95687]],[[-75.18215,39.96095],[-75.17911,39.95992],[-75.15475,39.95683],[-75.15132,39.95688],[-75.14932,39.95641],[-75.14907,39.95489],[-75.14778,39.95521],[-75.12351,39.95097],[-75.12115,39.95011],[-75.11903,39.94818],[-75.11456,39.94584],[-75.11149,39.93493],[-75.11207,39.93262],[-75.11516,39.92927],[-75.11608,39.92742],[-75.11658,39.91723],[-75.11604,39.91231],[-75.11271,39.90182],[-75.10834,39.89643]],[[-75.15529,39.95702],[-75.18068,39.96023],[-75.18206,39.96106],[-75.1839,39.96344]]]}},{"type":"Feature","properties":{"t":2,"n":"South 11th Street"},"geometry":{"type":"MultiLineString","coordinates":[[[-75.10587,39.94204],[-75.1082,39.94119],[-75.11085,39.94257]]]}},{"type":"Feature","properties":{"t":1,"n":"NJ 90"},"geometry":{"type":"MultiLineString","coordinates":[[[-75.06569,39.98463],[-75.05548,39.98022],[-75.04356,39.9741],[-75.0397,39.9729],[-75.03304,39.97292],[-75.02519,39.97564],[-75.02187,39.97618],[-75.01354,39.97581],[-75.00955,39.97404]],[[-75.00939,39.9741],[-75.01259,39.97588],[-75.02187,39.97631],[-75.02549,39.97574],[-75.03312,39.97308],[-75.03962,39.9731],[-75.0436,39.97437],[-75.05616,39.98067],[-75.06563,39.98472]]]}},{"type":"Feature","properties":{"t":2,"n":"CR 551"},"geometry":{"type":"MultiLineString","coordinates":[[[-75.12431,39.87694],[-75.12069,39.88183],[-75.12002,39.90895],[-75.11847,39.90944],[-75.11809,39.91006],[-75.11803,39.9147],[-75.11987,39.91559],[-75.11919,39.94409],[-75.11811,39.9475]],[[-75.31088,39.74731],[-75.30699,39.75023],[-75.22977,39.79514],[-75.21274,39.80964],[-75.20289,39.81246],[-75.15707,39.8329]],[[-75.12609,39.8716],[-75.14123,39.85262]],[[-75.13678,39.85837],[-75.13441,39.8613]]]}},{"type":"Feature","properties":{"t":1,"n":"Bridge Boulevard"},"geometry":{"type":"MultiLineString","coordinates":[[[-75.08283,39.93409],[-75.08493,39.93537]]]}},{"type":"Feature","properties":{"t":1,"n":"ACE"},"geometry":{"type":"MultiLineString","coordinates":[[[-75.04896,39.77101],[-75.04842,39.76837],[-75.04124,39.75916],[-75.03894,39.75735],[-75.02923,39.75203],[-75.02285,39.74733],[-74.99621,39.72043],[-74.98997,39.71555],[-74.98108,39.70983],[-74.97468,39.70708],[-74.94866,39.70117],[-74.9354,39.69665]],[[-74.93537,39.69695],[-74.95102,39.70215],[-74.97496,39.70737],[-74.98026,39.70973],[-74.99159,39.71712],[-74.99691,39.72166],[-75.02258,39.74756],[-75.02928,39.75241],[-75.03875,39.75751],[-75.04146,39.75984],[-75.04856,39.76921],[-75.04866,39.77918]]]}},{"type":"Feature","properties":{"t":1,"n":"NJTP"},"geometry":{"type":"MultiLineString","coordinates":[[[-75.39982,39.69565],[-75.38027,39.70174],[-75.35313,39.71152],[-75.32278,39.72545],[-75.25284,39.76773],[-75.19165,39.80226],[-75.13746,39.82828],[-75.11034,39.84882],[-75.10417,39.8525],[-75.0991,39.85465],[-75.09188,39.85662],[-75.03355,39.86709],[-75.01852,39.87275],[-75.01134,39.8765],[-75.00565,39.881],[-74.96972,39.91737],[-74.94459,39.938],[-74.92717,39.95102],[-74.91319,39.9623],[-74.89728,39.97664],[-74.89231,39.97995],[-74.87663,39.98825],[-74.86099,39.99856],[-74.84692,40.00461],[-74.84077,40.00819],[-74.83618,40.01193],[-74.80999,40.0379],[-74.80513,40.04207],[-74.79815,40.04683],[-74.77352,40.06088],[-74.7462,40.08125],[-74.73675,40.08954]],[[-74.72348,40.10353],[-74.74293,40.08443],[-74.77023,40.0635],[-74.77826,40.05798],[-74.80003,40.04585],[-74.80612,40.04148],[-74.84021,40.00879],[-74.84674,40.00487],[-74.86125,39.99857],[-74.87723,39.98806],[-74.89232,39.98012],[-74.89767,39.97654],[-74.91277,39.96285],[-74.92731,39.95112],[-74.9463,39.93684],[-74.97095,39.91652],[-75.00307,39.8838],[-75.01142,39.87662],[-75.01888,39.87275],[-75.03521,39.86681],[-75.09306,39.8565],[-75.10303,39.85319],[-75.11094,39.84857],[-75.13703,39.8287],[-75.1916,39.80243],[-75.25295,39.76784],[-75.32159,39.7262],[-75.35338,39.71159],[-75.37906,39.70231],[-75.39043,39.69873]],[[-74.74986,40.07856],[-74.73916,40.08756],[-74.72267,40.10399]],[[-74.73524,40.09101],[-74.7222,40.10406]],[[-74.72431,40.10315],[-74.73685,40.09047]]]}},{"type":"Feature","properties":{"t":2,"n":"CR 674"},"geometry":{"type":"MultiLineString","coordinates":[[[-74.97254,39.90483],[-74.97131,39.90505],[-74.97268,39.90505]],[[-74.84482,39.97496],[-74.89125,39.93438],[-74.90749,39.92506],[-74.91944,39.91647]],[[-74.97131,39.90505],[-74.95246,39.90602]],[[-74.92369,39.91327],[-74.92164,39.91491]]]}},{"type":"Feature","properties":{"t":2,"n":"Maple Avenue"},"geometry":{"type":"MultiLineString","coordinates":[[[-75.06659,39.94852],[-75.06415,39.94877]]]}},{"type":"Feature","properties":{"t":2,"n":"Wynnwood Avenue"},"geometry":{"type":"MultiLineString","coordinates":[[[-75.03051,39.91956],[-75.03402,39.92093]]]}},{"type":"Feature","properties":{"t":2,"n":"Penn Avenue"},"geometry":{"type":"MultiLineString","coordinates":[[[-75.04104,39.91886],[-75.03921,39.92139]]]}},{"type":"Feature","properties":{"t":2,"n":"Collins Road"},"geometry":{"type":"MultiLineString","coordinates":[[[-74.97018,39.93776],[-74.96908,39.93861],[-74.96708,39.93904]]]}},{"type":"Feature","properties":{"t":2,"n":"Nixon Drive"},"geometry":{"type":"MultiLineString","coordinates":[[[-74.96122,39.94077],[-74.9641,39.93955],[-74.96708,39.93904],[-74.96441,39.93935],[-74.96172,39.94043]]]}},{"type":"Feature","properties":{"t":2,"n":"CR 603"},"geometry":{"type":"MultiLineString","coordinates":[[[-75.01206,40.00975],[-74.99885,40.00451],[-74.99379,39.9976],[-74.99275,39.99766],[-74.99194,39.9968]]]}},{"type":"Feature","properties":{"t":1,"n":"NJ 68"},"geometry":{"type":"MultiLineString","coordinates":[[[-74.70637,40.11353],[-74.70384,40.11244],[-74.69828,40.10795]],[[-74.6982,40.10811],[-74.70316,40.11232],[-74.70636,40.1136]]]}},{"type":"Feature","properties":{"t":1,"n":"NJ/PA 413"},"geometry":{"type":"MultiLineString","coordinates":[[[-74.86809,40.07783],[-74.87044,40.08377]]]}},{"type":"Feature","properties":{"t":2,"n":"CR 553"},"geometry":{"type":"MultiLineString","coordinates":[[[-75.11646,39.72441],[-75.1159,39.72417],[-75.11646,39.72441],[-75.12751,39.74983],[-75.13362,39.76591],[-75.13333,39.76492]],[[-75.13362,39.76591],[-75.15175,39.82668]],[[-75.15115,39.82671],[-75.14606,39.83152],[-75.14345,39.83746],[-75.14467,39.84331],[-75.14161,39.85043],[-75.14123,39.85262]],[[-75.11336,39.69685],[-75.11104,39.70658],[-75.11099,39.71152],[-75.11722,39.71827]],[[-75.13184,39.76019],[-75.12833,39.75179]]]}},{"type":"Feature","properties":{"t":2,"n":"CR 528"},"geometry":{"type":"MultiLineString","coordinates":[[[-74.70229,40.14551],[-74.68213,40.14186]],[[-74.70001,40.14509],[-74.701,40.14465],[-74.70261,40.14515]]]}},{"type":"Feature","properties":{"t":2,"n":"CR 667"},"geometry":{"type":"MultiLineString","coordinates":[[[-75.23515,39.81921],[-75.23629,39.82295]]]}},{"type":"Feature","properties":{"t":2,"n":"NJ 47"},"geometry":{"type":"MultiLineString","coordinates":[[[-75.12305,39.87569],[-75.12579,39.87181],[-75.12508,39.86763],[-75.12433,39.80448],[-75.11191,39.79204],[-75.10175,39.78348],[-75.11325,39.74744],[-75.11332,39.74054],[-75.11421,39.73557],[-75.11332,39.74054]],[[-75.10626,39.70144],[-75.10461,39.69774]],[[-75.10873,39.70693],[-75.11584,39.72356],[-75.11421,39.73557]]]}},{"type":"Feature","properties":{"t":2,"n":"CR 641"},"geometry":{"type":"MultiLineString","coordinates":[[[-75.11195,39.70275],[-75.10626,39.70144]]]}},{"type":"Feature","properties":{"t":2,"n":"CR 678"},"geometry":{"type":"MultiLineString","coordinates":[[[-75.16598,39.76759],[-75.20688,39.80487],[-75.21175,39.81003],[-75.24012,39.82102]]]}},{"type":"Feature","properties":{"t":2,"n":"CR 605"},"geometry":{"type":"MultiLineString","coordinates":[[[-75.31088,39.74731],[-75.31538,39.74187],[-75.31879,39.73649]],[[-75.11133,39.93703],[-75.10198,39.91813]]]}},{"type":"Feature","properties":{"t":2,"n":"NJ 45"},"geometry":{"type":"MultiLineString","coordinates":[[[-75.17274,39.79371],[-75.16026,39.82514],[-75.17274,39.79371],[-75.18477,39.77954],[-75.19527,39.77033],[-75.21602,39.74953],[-75.22478,39.7428],[-75.22458,39.73128],[-75.22425,39.73164]],[[-75.22458,39.73128],[-75.28586,39.69031],[-75.29325,39.68473]],[[-75.13601,39.86137],[-75.13918,39.85843],[-75.14082,39.85516],[-75.13601,39.86137]],[[-75.14082,39.85516],[-75.14341,39.85013],[-75.15106,39.84112],[-75.15686,39.83323],[-75.16026,39.82514]],[[-75.13601,39.86137],[-75.12842,39.87109]],[[-75.12874,39.87171],[-75.13055,39.86896]]]}},{"type":"Feature","properties":{"t":1,"n":"US 322"},"geometry":{"type":"MultiLineString","coordinates":[[[-75.05226,39.69475],[-75.08388,39.70051],[-75.10626,39.70144],[-75.10873,39.70693],[-75.11046,39.70651],[-75.11421,39.70671],[-75.14393,39.71642],[-75.16135,39.7211],[-75.15901,39.72047]],[[-75.16135,39.7211],[-75.20623,39.73339],[-75.20969,39.73783],[-75.21594,39.73844],[-75.2193,39.74145],[-75.2234,39.74205],[-75.24644,39.75388],[-75.28932,39.75826],[-75.32346,39.76559],[-75.33082,39.76836],[-75.3352,39.77157],[-75.33827,39.77572],[-75.3471,39.79803],[-75.34864,39.8038],[-75.35186,39.80956],[-75.37869,39.83508],[-75.38797,39.84669],[-75.38967,39.84697],[-75.39399,39.84463]],[[-75.39333,39.84474],[-75.38927,39.84613],[-75.38764,39.8456],[-75.37845,39.83467],[-75.35371,39.81131],[-75.34954,39.80541],[-75.34746,39.79933]],[[-75.40318,39.84155],[-75.40869,39.84175],[-75.43313,39.84786],[-75.40681,39.84083],[-75.40493,39.84067],[-75.40249,39.84119]],[[-75.11306,39.70696],[-75.11632,39.70763]],[[-75.52805,39.88564],[-75.50477,39.87377],[-75.47553,39.85752],[-75.45491,39.85082],[-75.43313,39.84786]],[[-75.34113,39.78239],[-75.33863,39.77602],[-75.3366,39.77284],[-75.33332,39.76975],[-75.3285,39.76735]],[[-75.15033,39.71813],[-75.14364,39.71631]],[[-75.52752,39.885],[-75.50484,39.87367],[-75.4872,39.86386]],[[-75.2743,39.75659],[-75.28042,39.75727]]]}},{"type":"Feature","properties":{"t":2,"n":"CR 555"},"geometry":{"type":"MultiLineString","coordinates":[[[-75.01783,39.6892],[-75.02965,39.71264],[-75.03311,39.72987]]]}},{"type":"Feature","properties":{"t":2,"n":"NJ 77"},"geometry":{"type":"MultiLineString","coordinates":[[[-75.22423,39.73144],[-75.22393,39.72869],[-75.22184,39.72492],[-75.21496,39.71983],[-75.20429,39.70567],[-75.20413,39.70382],[-75.20698,39.68887],[-75.20646,39.68434],[-75.20713,39.67963]]]}},{"type":"Feature","properties":{"t":2,"n":"CR 640"},"geometry":{"type":"MultiLineString","coordinates":[[[-75.15315,39.83818],[-75.15587,39.83933],[-75.17534,39.84346],[-75.18243,39.84696]]]}},{"type":"Feature","properties":{"t":2,"n":"CR 553 Alt"},"geometry":{"type":"MultiLineString","coordinates":[[[-75.17255,39.79409],[-75.17152,39.78951],[-75.17008,39.78674],[-75.16892,39.78089],[-75.16874,39.77395],[-75.16647,39.76992],[-75.16598,39.76759],[-75.16241,39.76322],[-75.14942,39.75457],[-75.14789,39.75269],[-75.14634,39.74863],[-75.11722,39.71827]]]}},{"type":"Feature","properties":{"t":2,"n":"CR 650"},"geometry":{"type":"MultiLineString","coordinates":[[[-75.15964,39.82478],[-75.15337,39.82742],[-75.15146,39.82717]]]}},{"type":"Feature","properties":{"t":1,"n":"NJ 55"},"geometry":{"type":"MultiLineString","coordinates":[[[-75.14945,39.69975],[-75.15428,39.71084],[-75.15499,39.71494],[-75.14879,39.73927],[-75.14634,39.74332],[-75.13792,39.75152],[-75.12622,39.75835],[-75.12377,39.76039],[-75.11715,39.77097],[-75.11544,39.77732],[-75.116,39.78714],[-75.11537,39.79129],[-75.11324,39.79535],[-75.10568,39.80298],[-75.10454,39.8053],[-75.10589,39.81517],[-75.10437,39.82274],[-75.10352,39.83228],[-75.10246,39.83454],[-75.09865,39.83827],[-75.09463,39.84515],[-75.09462,39.84688],[-75.09636,39.85092]],[[-75.09645,39.85012],[-75.09857,39.83957],[-75.10312,39.83469],[-75.10419,39.83238],[-75.10501,39.823],[-75.10647,39.8156],[-75.10506,39.80701],[-75.10533,39.80475],[-75.10648,39.80295],[-75.11362,39.79581],[-75.11607,39.79127],[-75.11668,39.78763],[-75.11617,39.77669],[-75.11771,39.77123],[-75.12409,39.76086],[-75.12701,39.75846],[-75.13835,39.75158],[-75.1462,39.74386],[-75.14914,39.73905],[-75.1551,39.71759],[-75.15538,39.7146],[-75.15495,39.71167],[-75.15191,39.70313],[-75.14993,39.69962]]]}},{"type":"Feature","properties":{"t":2,"n":"Deptford Center Road"},"geometry":{"type":"MultiLineString","coordinates":[[[-75.08943,39.82861],[-75.10033,39.8282]]]}},{"type":"Feature","properties":{"t":2,"n":"Brunswick Circle Extension"},"geometry":{"type":"MultiLineString","coordinates":[[[-74.74632,40.24569],[-74.74341,40.2452]]]}},{"type":"Feature","properties":{"t":2,"n":"NJ 33"},"geometry":{"type":"MultiLineString","coordinates":[[[-74.69867,40.23383],[-74.72017,40.23211],[-74.74515,40.21989],[-74.75066,40.2178],[-74.75439,40.21688],[-74.75657,40.2182],[-74.75903,40.21752]],[[-74.7592,40.21729],[-74.75671,40.21807],[-74.75462,40.21688]]]}},{"type":"Feature","properties":{"t":1,"n":"NJ 31"},"geometry":{"type":"MultiLineString","coordinates":[[[-74.78775,40.30919],[-74.7866,40.30893],[-74.78543,40.30728],[-74.78448,40.30439],[-74.78546,40.30668],[-74.78722,40.30801],[-74.79421,40.3161],[-74.79857,40.31924],[-74.79962,40.32129],[-74.7979,40.33521],[-74.79604,40.34181],[-74.7988,40.36209],[-74.79923,40.36803],[-74.79824,40.37177],[-74.79875,40.37346],[-74.80476,40.3799],[-74.81253,40.38096],[-74.82451,40.3853],[-74.82829,40.38751],[-74.83382,40.39208],[-74.84582,40.39647],[-74.85792,40.40398],[-74.85937,40.40553],[-74.86175,40.41033],[-74.86092,40.41485],[-74.86154,40.41715],[-74.86564,40.42357]],[[-74.85278,40.5032],[-74.85314,40.50382],[-74.85181,40.50666],[-74.85252,40.50519]],[[-74.78361,40.29226],[-74.78516,40.28898],[-74.78233,40.29554],[-74.78367,40.29915],[-74.78448,40.30439]],[[-74.82033,40.38373],[-74.81707,40.38258]],[[-74.85394,40.55003],[-74.85594,40.54765],[-74.85709,40.54494],[-74.8576,40.53504],[-74.85707,40.52995],[-74.85494,40.52432],[-74.85364,40.51712],[-74.85139,40.51285],[-74.85075,40.51033],[-74.85181,40.50666]],[[-74.85594,40.54765],[-74.8534,40.55035]],[[-74.85749,40.5381],[-74.85758,40.53591]],[[-74.85164,40.51337],[-74.85312,40.51586]],[[-74.85429,40.50108],[-74.85264,40.50312]]]}},{"type":"Feature","properties":{"t":1,"n":"NJ 129"},"geometry":{"type":"MultiLineString","coordinates":[[[-74.75222,40.19532],[-74.75739,40.21776]],[[-74.75776,40.21782],[-74.75143,40.19195]]]}},{"type":"Feature","properties":{"t":2,"n":"US 206"},"geometry":{"type":"MultiLineString","coordinates":[[[-74.74646,40.24604],[-74.74246,40.24982],[-74.74186,40.25953],[-74.74053,40.26376],[-74.73993,40.2689],[-74.73323,40.27446],[-74.73171,40.28105],[-74.73223,40.28542]],[[-74.74684,40.24573],[-74.76307,40.22972],[-74.76491,40.2261],[-74.76456,40.2257],[-74.7551,40.23209],[-74.75185,40.23754],[-74.74332,40.24475],[-74.7423,40.24503],[-74.74246,40.24982]],[[-74.76491,40.2261],[-74.76606,40.2193],[-74.76579,40.21723],[-74.76447,40.21622]],[[-74.70503,40.18815],[-74.75373,40.20855],[-74.75618,40.21011],[-74.76405,40.21775],[-74.76456,40.2257]],[[-74.70489,40.18839],[-74.73603,40.20113]],[[-74.73235,40.28541],[-74.73175,40.28343]]]}},{"type":"Feature","properties":{"t":2,"n":"Lawrence Road"},"geometry":{"type":"MultiLineString","coordinates":[[[-75.35609,39.96303],[-75.35704,39.96238],[-75.33789,39.97579],[-75.33696,39.97754]],[[-75.3373,39.97662],[-75.34276,39.97242]]]}},{"type":"Feature","properties":{"t":2,"n":"CR 653"},"geometry":{"type":"MultiLineString","coordinates":[[[-74.77434,40.22303],[-74.76085,40.23661],[-74.75529,40.23735]]]}},{"type":"Feature","properties":{"t":2,"n":"Bridge Street"},"geometry":{"type":"MultiLineString","coordinates":[[[-74.7683,40.2104],[-74.76491,40.21086]],[[-74.76399,40.21137],[-74.76832,40.21047]],[[-75.56782,40.18264],[-75.56034,40.18357],[-75.55729,40.18248],[-75.54907,40.18184],[-75.54854,40.18143]],[[-75.51232,40.13438],[-75.51848,40.1337]]]}},{"type":"Feature","properties":{"t":1,"n":"US 1"},"geometry":{"type":"MultiLineString","coordinates":[[[-74.69409,40.2852],[-74.71471,40.26778],[-74.71591,40.26254],[-74.71959,40.25485],[-74.7212,40.25286],[-74.73298,40.24539],[-74.73726,40.2418],[-74.75847,40.22725],[-74.75914,40.22537],[-74.7575,40.21733],[-74.75867,40.21501],[-74.76425,40.21089],[-74.77585,40.20533],[-74.78073,40.20176],[-74.78761,40.1989],[-74.79143,40.19856],[-74.79468,40.19741],[-74.80424,40.19661],[-74.81897,40.19419],[-74.82313,40.19423],[-74.83158,40.19556],[-74.84508,40.19392],[-74.87828,40.19319],[-74.88314,40.19252],[-74.89627,40.18841],[-74.89851,40.18673],[-74.90885,40.17579],[-74.91443,40.17145],[-74.92562,40.16574],[-74.93372,40.16336],[-74.93837,40.16102],[-74.95422,40.14584],[-74.96393,40.13564],[-74.97196,40.12561],[-75.01446,40.09568],[-75.03934,40.06988],[-75.04443,40.05919],[-75.05085,40.05251],[-75.05201,40.04693],[-75.06252,40.03728],[-75.08383,40.03208],[-75.09515,40.0265],[-75.09733,40.0268],[-75.10181,40.02963],[-75.104,40.0299],[-75.11205,40.02747],[-75.12775,40.02517],[-75.13584,40.02335],[-75.14451,40.01957],[-75.15823,40.02066],[-75.16588,40.01876],[-75.17151,40.01796],[-75.17644,40.01577],[-75.18317,40.01127],[-75.19056,40.00864],[-75.19361,40.00659]],[[-75.19324,40.00637],[-75.19008,40.0086],[-75.18309,40.01118],[-75.17659,40.01557],[-75.17162,40.01783],[-75.16615,40.01861],[-75.15822,40.02057],[-75.14408,40.0195],[-75.13463,40.02349],[-75.11198,40.02716],[-75.10395,40.0296],[-75.10187,40.0293],[-75.09722,40.0264],[-75.09494,40.02621],[-75.08445,40.03173],[-75.06228,40.03703],[-75.05162,40.04709],[-75.05054,40.05241],[-75.04429,40.05906],[-75.0393,40.06966],[-75.01451,40.09536],[-74.97146,40.12579],[-74.96438,40.1347],[-74.94124,40.15854],[-74.93831,40.16096],[-74.93367,40.16329],[-74.92557,40.16567],[-74.91601,40.17038],[-74.90925,40.1753],[-74.89709,40.1878],[-74.89401,40.18932],[-74.88394,40.19222],[-74.87823,40.19305],[-74.84464,40.19383],[-74.83157,40.19545],[-74.82314,40.19415],[-74.81896,40.19411],[-74.80422,40.19653],[-74.79101,40.19763],[-74.78063,40.20166],[-74.77579,40.20527],[-74.76392,40.21096],[-74.75836,40.21511],[-74.75735,40.21728],[-74.75901,40.22542],[-74.75842,40.22715],[-74.74666,40.23544],[-74.73892,40.24018],[-74.73295,40.2453],[-74.7212,40.25274],[-74.71949,40.25482],[-74.71613,40.26179],[-74.71461,40.26772],[-74.69883,40.28112]],[[-75.34629,39.93935],[-75.35536,39.93709],[-75.36118,39.93734],[-75.36724,39.93649],[-75.37786,39.93626],[-75.38606,39.93656],[-75.39365,39.93554],[-75.39623,39.9342],[-75.40451,39.92703],[-75.41146,39.92405],[-75.41641,39.91881],[-75.41857,39.91525],[-75.42208,39.91548],[-75.43524,39.9136],[-75.44311,39.91117],[-75.44851,39.90891],[-75.46327,39.89985],[-75.47197,39.89847],[-75.47917,39.89622],[-75.49054,39.89719],[-75.49381,39.8967],[-75.50923,39.88946],[-75.51144,39.88902],[-75.51707,39.8892],[-75.52141,39.88673],[-75.52318,39.88627],[-75.5171,39.88927],[-75.51145,39.88909],[-75.50927,39.88953],[-75.4938,39.89681],[-75.49032,39.89727],[-75.47919,39.89633],[-75.47243,39.89848],[-75.46317,39.89996],[-75.44888,39.9088],[-75.44527,39.91051],[-75.43548,39.91367],[-75.42033,39.91599],[-75.41796,39.91743],[-75.41157,39.92413],[-75.40482,39.92697],[-75.39634,39.93429],[-75.39344,39.93573],[-75.38607,39.93668],[-75.36783,39.93656],[-75.36149,39.93745],[-75.35494,39.93727],[-75.33101,39.94312],[-75.32666,39.94543],[-75.32482,39.94716],[-75.32281,39.95449],[-75.32036,39.95694],[-75.26346,39.98278],[-75.25606,39.98734],[-75.21034,40.00871]],[[-74.98226,40.11836],[-75.01472,40.09571],[-75.03926,40.07025],[-75.04446,40.05945],[-75.05104,40.05257],[-75.05216,40.04711],[-75.06248,40.03747],[-75.0847,40.03206],[-75.09496,40.02666],[-75.09716,40.02688],[-75.10188,40.0298],[-75.10416,40.03002],[-75.11208,40.0276],[-75.13491,40.0238],[-75.14172,40.02074]],[[-75.14332,40.01938],[-75.13522,40.02312],[-75.12763,40.02473],[-75.11173,40.02708],[-75.104,40.02946],[-75.10195,40.02919],[-75.09723,40.02626],[-75.09477,40.02611],[-75.08442,40.03154],[-75.06201,40.03703],[-75.05149,40.04687],[-75.05035,40.05235],[-75.04424,40.05875],[-75.03915,40.0696],[-75.01436,40.09527],[-74.98297,40.11753]],[[-75.52318,39.88627],[-75.52685,39.88594],[-75.54668,39.88104],[-75.55704,39.8763],[-75.57084,39.87348],[-75.57987,39.87383],[-75.59304,39.87189],[-75.60447,39.87149],[-75.61737,39.87441],[-75.62901,39.87372],[-75.63685,39.87467],[-75.64558,39.87191],[-75.65345,39.86825],[-75.66859,39.86886],[-75.67731,39.86399],[-75.68464,39.8612],[-75.69176,39.85756],[-75.69859,39.85764],[-75.70781,39.85653],[-75.71593,39.85674],[-75.72308,39.8556],[-75.73039,39.85372],[-75.75042,39.85058],[-75.75921,39.84782],[-75.76949,39.84586],[-75.78518,39.84555],[-75.79344,39.84433],[-75.79752,39.84312],[-75.80728,39.83832]],[[-75.20966,40.00926],[-75.21836,40.00504]],[[-75.80728,39.83805],[-75.79737,39.84292],[-75.79338,39.8441],[-75.7852,39.84531],[-75.76943,39.84563],[-75.75912,39.8476],[-75.75034,39.85036],[-75.73087,39.8534],[-75.723,39.85538],[-75.71589,39.85651],[-75.70736,39.85631],[-75.69823,39.85746],[-75.69173,39.85749],[-75.68456,39.86109],[-75.67727,39.86388],[-75.66853,39.86875],[-75.65326,39.86819],[-75.64552,39.87181],[-75.6371,39.87452],[-75.62901,39.87364],[-75.61738,39.87433],[-75.60416,39.8714],[-75.59251,39.87184],[-75.5807,39.87368],[-75.57085,39.87339],[-75.5575,39.87603],[-75.54741,39.8807],[-75.52602,39.88602]],[[-75.34571,39.9395],[-75.33146,39.94282],[-75.32656,39.94534],[-75.32482,39.94716]]]}},{"type":"Feature","properties":{"t":2,"n":"US 1 Business"},"geometry":{"type":"MultiLineString","coordinates":[[[-74.71253,40.26993],[-74.74233,40.24558]],[[-74.74221,40.24518],[-74.71791,40.2653],[-74.71435,40.26728],[-74.71206,40.27014]],[[-74.74051,40.2432],[-74.74214,40.24467]]]}},{"type":"Feature","properties":{"t":2,"n":"NJ 31"},"geometry":{"type":"MultiLineString","coordinates":[[[-74.78516,40.28898],[-74.7848,40.28685],[-74.78105,40.2826],[-74.77987,40.28019],[-74.7812,40.27379],[-74.78291,40.27154],[-74.78389,40.26854],[-74.77758,40.25511],[-74.77553,40.24927],[-74.77514,40.24682],[-74.77606,40.2433],[-74.77561,40.24032],[-74.77456,40.2381],[-74.7702,40.23321],[-74.76852,40.22906],[-74.76491,40.2261]]]}},{"type":"Feature","properties":{"t":1,"n":"NJ 29"},"geometry":{"type":"MultiLineString","coordinates":[[[-74.72265,40.18368],[-74.74165,40.18553],[-74.74588,40.18755],[-74.74964,40.19164],[-74.75104,40.192],[-74.75425,40.19178],[-74.75588,40.1923],[-74.75701,40.1936],[-74.75948,40.20311],[-74.76249,40.20674],[-74.76619,40.20874],[-74.76946,40.2163],[-74.77326,40.22003],[-74.79286,40.23037],[-74.80307,40.23719],[-74.80793,40.23859],[-74.81037,40.23861],[-74.81852,40.24127],[-74.8351,40.24721],[-74.83954,40.24972],[-74.84164,40.2523],[-74.84405,40.25692],[-74.84664,40.26231],[-74.84698,40.26512],[-74.8511,40.2707],[-74.85223,40.2732],[-74.85282,40.27718],[-74.85436,40.28012],[-74.86334,40.2927],[-74.87255,40.30384],[-74.89164,40.31486],[-74.89855,40.31709],[-74.9045,40.31731],[-74.91263,40.32068],[-74.92474,40.32994],[-74.92659,40.33389],[-74.93347,40.33884],[-74.93811,40.34041],[-74.94043,40.34241],[-74.94309,40.34665],[-74.9437,40.3523],[-74.94267,40.35673],[-74.94189,40.36625]],[[-74.72265,40.18387],[-74.74174,40.18576],[-74.7455,40.18754],[-74.74959,40.1918],[-74.7511,40.19219],[-74.75433,40.19192],[-74.75577,40.19238],[-74.75687,40.19362],[-74.75951,40.20355],[-74.76135,40.20621],[-74.76503,40.20828],[-74.76948,40.21678],[-74.77196,40.21939],[-74.7929,40.23067],[-74.80307,40.23752],[-74.81851,40.24138],[-74.83773,40.24861],[-74.84052,40.25087],[-74.84317,40.25545],[-74.84328,40.26027],[-74.84618,40.26221],[-74.8468,40.26354]],[[-74.94239,40.36222],[-74.94301,40.35542]]]}},{"type":"Feature","properties":{"t":1,"n":"South Warren Street"},"geometry":{"type":"MultiLineString","coordinates":[[[-74.76483,40.2093],[-74.76405,40.20818],[-74.76428,40.20754]]]}},{"type":"Feature","properties":{"t":2,"n":"New Warren Street"},"geometry":{"type":"MultiLineString","coordinates":[[[-74.76358,40.21482],[-74.76238,40.21298],[-74.76343,40.21478]],[[-74.76238,40.21298],[-74.76399,40.21137]]]}},{"type":"Feature","properties":{"t":1,"n":"Route 206 North"},"geometry":{"type":"MultiLineString","coordinates":[[[-74.7047,40.1859],[-74.70466,40.1881]]]}},{"type":"Feature","properties":{"t":1,"n":"US 202"},"geometry":{"type":"MultiLineString","coordinates":[[[-74.96129,40.37732],[-74.95003,40.38142],[-74.93749,40.38899],[-74.92848,40.39306],[-74.91618,40.40124],[-74.89078,40.41446],[-74.88635,40.41605],[-74.8737,40.41911],[-74.86816,40.42128],[-74.86492,40.42382],[-74.85893,40.43658],[-74.85783,40.4418],[-74.85979,40.45648],[-74.8593,40.46103],[-74.86043,40.46726],[-74.86366,40.47758],[-74.86377,40.48388],[-74.86154,40.4922],[-74.85342,40.502],[-74.84956,40.50421],[-74.81506,40.51803],[-74.80565,40.52385],[-74.79385,40.52648],[-74.74915,40.54422],[-74.71708,40.55571]],[[-74.71723,40.55582],[-74.749,40.54445],[-74.79445,40.52643],[-74.80544,40.52411],[-74.81558,40.51796],[-74.85208,40.50304],[-74.85398,40.50274],[-74.85444,40.50109],[-74.86179,40.492],[-74.86391,40.48373],[-74.86378,40.47755],[-74.86064,40.46757],[-74.85947,40.46137],[-74.85992,40.45651],[-74.85802,40.44221],[-74.85914,40.43663],[-74.86497,40.42406],[-74.86719,40.42207],[-74.87075,40.42034],[-74.87726,40.41818],[-74.88698,40.41607],[-74.89094,40.41459],[-74.9156,40.40178],[-74.92842,40.39331],[-74.93743,40.38922],[-74.95013,40.38148],[-74.96322,40.37667],[-74.96413,40.3752],[-74.96298,40.37176],[-74.96324,40.37031],[-74.97213,40.36093],[-74.97448,40.36],[-74.97218,40.36074],[-74.9698,40.36331]],[[-75.54456,39.77695],[-75.54969,39.81377],[-75.54494,39.8259],[-75.54253,39.83461],[-75.53792,39.84181],[-75.53757,39.84606],[-75.53901,39.85269],[-75.54334,39.8623],[-75.54424,39.86562],[-75.54365,39.85996],[-75.53803,39.84924],[-75.5378,39.84306],[-75.53852,39.84092],[-75.54292,39.83405],[-75.54534,39.82542],[-75.54975,39.81468],[-75.55014,39.80987],[-75.5483,39.80239],[-75.54344,39.76887]],[[-75.14093,40.29199],[-75.12952,40.29819],[-75.12229,40.30015],[-75.11966,40.30138],[-75.10988,40.31109],[-75.10447,40.31446],[-75.11029,40.31095],[-75.11967,40.30161],[-75.1222,40.30039],[-75.12982,40.29827],[-75.14093,40.29199]],[[-74.97448,40.36],[-74.99666,40.35388],[-75.00214,40.35169],[-75.01432,40.35051],[-75.03648,40.34554],[-75.04218,40.34244],[-75.04748,40.33733],[-75.05031,40.3332],[-75.05799,40.32597]],[[-75.58937,39.94162],[-75.58225,39.94964],[-75.57977,39.96035],[-75.58021,39.96328],[-75.58372,39.97318],[-75.5887,39.9815],[-75.58952,39.98417],[-75.58881,39.99125],[-75.58444,40.00185],[-75.58105,40.0075],[-75.58065,40.00921],[-75.58112,40.01122],[-75.58859,40.02413],[-75.58892,40.02728],[-75.58799,40.02923],[-75.58034,40.03884],[-75.57734,40.04079],[-75.57013,40.0435],[-75.56642,40.0484],[-75.5643,40.05025],[-75.56166,40.05145],[-75.55828,40.05201],[-75.54701,40.05087],[-75.53892,40.05185],[-75.52138,40.05129],[-75.50177,40.0557],[-75.49391,40.05599],[-75.47794,40.06016],[-75.47265,40.06376],[-75.47011,40.06483],[-75.45679,40.0662],[-75.44314,40.07121],[-75.43455,40.0719],[-75.41315,40.07685],[-75.40368,40.0811],[-75.39019,40.08445],[-75.38034,40.08889],[-75.36083,40.09522],[-75.38105,40.08876],[-75.39109,40.08436],[-75.40304,40.08147],[-75.41246,40.07724],[-75.43224,40.07247],[-75.4433,40.07136],[-75.45727,40.06628],[-75.47004,40.06502],[-75.47267,40.06395],[-75.47801,40.06033],[-75.49372,40.05622],[-75.50157,40.05593],[-75.52109,40.05146],[-75.53888,40.052],[-75.54702,40.05103],[-75.55803,40.0522],[-75.56121,40.05176],[-75.56468,40.05021],[-75.56663,40.04852],[-75.57023,40.04365],[-75.5775,40.04094],[-75.58049,40.0389],[-75.5882,40.02932],[-75.58916,40.0273],[-75.58888,40.02419],[-75.58133,40.01111],[-75.5809,40.00913],[-75.58133,40.00744],[-75.58434,40.00266],[-75.58895,39.9916],[-75.58975,39.98416],[-75.58894,39.98151],[-75.58381,39.97316],[-75.58033,39.96333],[-75.57987,39.9604],[-75.58239,39.94958],[-75.58951,39.94169]],[[-75.35404,40.09842],[-75.35245,40.09883],[-75.34964,40.10097],[-75.33833,40.11995],[-75.32464,40.12952],[-75.31256,40.14177],[-75.3141,40.14016]],[[-75.5428,39.77025],[-75.54354,39.77129],[-75.54422,39.77523]],[[-75.54424,39.86562],[-75.54499,39.87751],[-75.54563,39.87939],[-75.56779,39.90605],[-75.57415,39.91665],[-75.58174,39.92487],[-75.58705,39.93192],[-75.58942,39.937]],[[-75.60566,39.70356],[-75.6037,39.69942]],[[-75.34819,40.11732],[-75.34969,40.11535],[-75.35164,40.10244],[-75.35595,40.09717],[-75.35809,40.09607],[-75.35621,40.09679],[-75.35513,40.09792]],[[-75.31256,40.14177],[-75.30513,40.15218],[-75.27398,40.18372],[-75.26587,40.19018],[-75.2614,40.19263],[-75.26599,40.19021],[-75.26947,40.18692]],[[-75.25428,40.20927],[-75.25402,40.21014],[-75.25493,40.207],[-75.25508,40.20306],[-75.25639,40.19949],[-75.2614,40.19263]],[[-75.25402,40.21014],[-75.2451,40.21897],[-75.24246,40.22329],[-75.24329,40.22187]],[[-75.06153,40.32541],[-75.07189,40.3241],[-75.08164,40.31961],[-75.08887,40.31974],[-75.09193,40.31925],[-75.10236,40.31564],[-75.10447,40.31446]],[[-75.36083,40.09522],[-75.35809,40.09607]],[[-75.0616,40.32549],[-75.06446,40.32515]],[[-75.24246,40.22329],[-75.24181,40.22824],[-75.24069,40.23012],[-75.23542,40.23381],[-75.2277,40.24048],[-75.22211,40.2426],[-75.21243,40.25238],[-75.20937,40.2536],[-75.20433,40.25751],[-75.20369,40.25856],[-75.20379,40.26106],[-75.20102,40.26382],[-75.19984,40.26658],[-75.19604,40.26883],[-75.19186,40.2702],[-75.18795,40.27424],[-75.18554,40.27559],[-75.17963,40.28164],[-75.1718,40.28346],[-75.168,40.28331],[-75.1622,40.28896],[-75.15956,40.29023],[-75.15693,40.2905],[-75.14804,40.28955],[-75.14442,40.29029],[-75.14093,40.29199]],[[-75.32497,40.12973],[-75.33268,40.13445],[-75.3344,40.13123],[-75.3467,40.11882]],[[-75.24497,40.21925],[-75.24829,40.21558]],[[-75.54482,39.87583],[-75.5458,39.87989],[-75.56697,39.90511],[-75.57406,39.91669],[-75.5809,39.924],[-75.58696,39.93199],[-75.59018,39.93921]]]}},{"type":"Feature","properties":{"t":1,"n":"I 195"},"geometry":{"type":"MultiLineString","coordinates":[[[-74.72265,40.18368],[-74.71729,40.18382],[-74.70329,40.18566],[-74.69997,40.18543]],[[-74.69389,40.1864],[-74.69734,40.18544],[-74.70317,40.18586],[-74.71778,40.18397],[-74.72265,40.18387]]]}},{"type":"Feature","properties":{"t":1,"n":"NJ 179"},"geometry":{"type":"MultiLineString","coordinates":[[[-74.94189,40.36625],[-74.94161,40.36811],[-74.93907,40.37235],[-74.93471,40.37464],[-74.92356,40.38416],[-74.91225,40.39096],[-74.91087,40.39298],[-74.90897,40.39867],[-74.90584,40.40212],[-74.89994,40.40543],[-74.88894,40.40819],[-74.88605,40.40953],[-74.88156,40.41233],[-74.87718,40.41774]]]}},{"type":"Feature","properties":{"t":2,"n":"US 130"},"geometry":{"type":"MultiLineString","coordinates":[[[-75.34976,39.80287],[-75.35447,39.80177],[-75.36876,39.79522],[-75.40268,39.78698],[-75.4065,39.78509],[-75.42963,39.76446],[-75.43444,39.7614],[-75.45401,39.74504],[-75.46121,39.7303],[-75.46772,39.72073],[-75.4709,39.71821],[-75.47024,39.7064],[-75.48524,39.69132],[-75.48798,39.68735]],[[-75.40533,39.78582],[-75.40254,39.78691],[-75.36868,39.79508],[-75.35442,39.80168],[-75.34896,39.80277]]]}},{"type":"Feature","properties":{"t":2,"n":"PA 100"},"geometry":{"type":"MultiLineString","coordinates":[[[-75.52788,40.49749],[-75.53481,40.50028],[-75.53515,40.50218],[-75.53365,40.50424],[-75.53703,40.50728],[-75.54055,40.5082],[-75.55956,40.51764],[-75.5736,40.52053],[-75.5875,40.52471],[-75.60453,40.53284],[-75.60955,40.5365],[-75.6172,40.5381],[-75.61902,40.5389],[-75.62094,40.54098],[-75.6215,40.54379]],[[-75.62196,40.54441],[-75.62149,40.5409],[-75.61938,40.53875],[-75.61726,40.53792],[-75.61038,40.53666],[-75.60467,40.53278],[-75.60157,40.53152]]]}},{"type":"Feature","properties":{"t":1,"n":"Chestnut Street"},"geometry":{"type":"MultiLineString","coordinates":[[[-75.49094,40.53522],[-75.5076,40.5282]]]}},{"type":"Feature","properties":{"t":2,"n":"PA 29"},"geometry":{"type":"MultiLineString","coordinates":[[[-75.50772,40.52865],[-75.5076,40.5282],[-75.50974,40.53246],[-75.51399,40.53421],[-75.52005,40.53908],[-75.51811,40.5501],[-75.51777,40.56055]],[[-75.55261,40.44852],[-75.54815,40.44502],[-75.5479,40.44092],[-75.54631,40.43771],[-75.54603,40.43337],[-75.54505,40.43198],[-75.54014,40.42912],[-75.53514,40.42806],[-75.53177,40.42635],[-75.52742,40.42514],[-75.509,40.41424],[-75.50029,40.40374],[-75.49586,40.39591],[-75.49196,40.39089],[-75.48209,40.37532],[-75.4819,40.37322],[-75.48302,40.37008],[-75.48309,40.3676],[-75.48214,40.35527],[-75.48096,40.34927],[-75.47844,40.34479],[-75.47728,40.34113],[-75.47276,40.34077],[-75.47164,40.33916],[-75.47305,40.33642],[-75.47908,40.33569],[-75.48099,40.33405],[-75.47992,40.33051],[-75.4768,40.32714],[-75.47734,40.32586],[-75.48185,40.32153],[-75.48229,40.32026],[-75.48078,40.31411],[-75.48016,40.30327],[-75.48034,40.29845],[-75.48177,40.29368],[-75.48096,40.28001],[-75.47993,40.27713],[-75.47208,40.27174],[-75.47053,40.26927],[-75.46664,40.26748],[-75.46531,40.2649],[-75.46463,40.26132],[-75.46497,40.25939],[-75.46378,40.25704],[-75.46351,40.25289],[-75.45932,40.25006],[-75.45687,40.24501],[-75.45617,40.23961],[-75.45297,40.23192],[-75.45334,40.22613],[-75.45274,40.22321],[-75.45362,40.21901],[-75.45316,40.21598],[-75.45361,40.21177],[-75.45282,40.20692],[-75.45299,40.20308],[-75.44944,40.18698],[-75.44954,40.18618],[-75.45057,40.18561],[-75.45073,40.18341],[-75.45065,40.18525]],[[-75.53675,40.06791],[-75.53453,40.06209],[-75.52938,40.05767],[-75.52786,40.05332],[-75.52345,40.04698],[-75.52316,40.04548],[-75.52372,40.04388],[-75.52353,40.04669],[-75.52796,40.05321],[-75.52918,40.05717],[-75.53372,40.06092],[-75.53525,40.06316],[-75.53679,40.06773],[-75.53548,40.07344],[-75.53765,40.07673],[-75.53905,40.07745],[-75.53806,40.07951],[-75.53837,40.08267],[-75.54181,40.08801],[-75.54434,40.08981],[-75.54173,40.09402],[-75.54316,40.09837],[-75.54219,40.09937],[-75.5366,40.10123],[-75.53307,40.10331],[-75.52977,40.10678],[-75.52707,40.11114],[-75.52334,40.11141],[-75.52206,40.11393],[-75.50989,40.12624],[-75.51232,40.13438],[-75.51039,40.13462],[-75.50502,40.13699],[-75.49701,40.14404],[-75.47854,40.16285],[-75.47407,40.16592],[-75.4697,40.16745],[-75.47581,40.16462],[-75.48149,40.15978]],[[-75.4697,40.16745],[-75.46728,40.16989],[-75.46478,40.17135],[-75.46384,40.17316],[-75.45796,40.17879],[-75.45115,40.18061],[-75.45073,40.18341]],[[-75.48042,40.27781],[-75.48054,40.2771],[-75.47899,40.27664]]]}},{"type":"Feature","properties":{"t":1,"n":"PA 309"},"geometry":{"type":"MultiLineString","coordinates":[[[-75.42763,40.55103],[-75.40072,40.5298],[-75.39858,40.5289],[-75.39333,40.52798],[-75.39085,40.52662],[-75.38768,40.52248],[-75.38634,40.51943],[-75.38499,40.51407],[-75.3859,40.50944],[-75.38482,40.51381],[-75.38632,40.5197],[-75.38821,40.52355],[-75.39206,40.52818],[-75.39374,40.52927],[-75.40519,40.53353],[-75.42642,40.55021]],[[-75.3859,40.50944],[-75.38682,40.50502],[-75.3866,40.50271],[-75.38187,40.49525],[-75.37781,40.48574],[-75.37158,40.47483],[-75.36879,40.46076],[-75.35202,40.43311],[-75.33858,40.40642],[-75.33614,40.4029],[-75.33623,40.40021],[-75.34113,40.39196],[-75.34155,40.38966],[-75.34071,40.38756],[-75.33705,40.3832],[-75.33005,40.37664],[-75.32899,40.37496],[-75.32895,40.37233],[-75.33228,40.364],[-75.33018,40.35863],[-75.33032,40.35447],[-75.32877,40.34974],[-75.32706,40.34791],[-75.31693,40.34186],[-75.31063,40.3342],[-75.30998,40.33182],[-75.31088,40.32454],[-75.30849,40.31729],[-75.30664,40.31577],[-75.3013,40.31349],[-75.29512,40.30513],[-75.28813,40.30081],[-75.29532,40.3055],[-75.30098,40.31337],[-75.30638,40.31582],[-75.30834,40.3173],[-75.31066,40.32403],[-75.30983,40.33192],[-75.31059,40.33441],[-75.31665,40.3418],[-75.3267,40.34783],[-75.32876,40.35005],[-75.33016,40.35442],[-75.33003,40.35865],[-75.3321,40.36389],[-75.33186,40.36566],[-75.32881,40.3723],[-75.32881,40.37489],[-75.32986,40.37664],[-75.33717,40.38354],[-75.34059,40.38763],[-75.34138,40.38959],[-75.34093,40.39204],[-75.33603,40.40031],[-75.33595,40.40282],[-75.33852,40.40661],[-75.35133,40.43212],[-75.36257,40.45052]],[[-75.26503,40.28726],[-75.26279,40.28576],[-75.26202,40.28338],[-75.26349,40.28624],[-75.28813,40.30081]],[[-75.22469,40.20666],[-75.22432,40.19642],[-75.21473,40.18982],[-75.21106,40.18576],[-75.21081,40.18301],[-75.21333,40.17746],[-75.21327,40.17491],[-75.20409,40.16649],[-75.2017,40.16256],[-75.20137,40.15543],[-75.2047,40.14614],[-75.20175,40.13963],[-75.20145,40.13649],[-75.20235,40.1286],[-75.20463,40.12413],[-75.20497,40.12214],[-75.19756,40.10566],[-75.1957,40.10317],[-75.19275,40.10124],[-75.18901,40.1002],[-75.18084,40.09959],[-75.17072,40.09327],[-75.16332,40.08532],[-75.16048,40.08077],[-75.15839,40.07419],[-75.16055,40.08126],[-75.16418,40.08672],[-75.17065,40.09335],[-75.18078,40.09969],[-75.18905,40.10031],[-75.19342,40.10167],[-75.19558,40.10319],[-75.19726,40.10539],[-75.20482,40.12223],[-75.2022,40.12871],[-75.20129,40.13683],[-75.20152,40.13957],[-75.20456,40.14638],[-75.20126,40.15538],[-75.20157,40.16254],[-75.20376,40.16635],[-75.21308,40.17496],[-75.21326,40.17714],[-75.21061,40.18327],[-75.21094,40.18581],[-75.21406,40.18943],[-75.222,40.19479],[-75.22335,40.19641],[-75.22498,40.21097],[-75.23263,40.22357],[-75.23681,40.22897],[-75.23897,40.23389],[-75.24218,40.23827],[-75.24283,40.24098],[-75.24228,40.23818],[-75.23912,40.23383],[-75.23721,40.22933],[-75.23275,40.22345],[-75.22529,40.21133],[-75.22469,40.20666]],[[-75.13941,40.06339],[-75.15839,40.07419]],[[-75.24341,40.24495],[-75.24383,40.24734],[-75.24509,40.2492],[-75.2437,40.24644],[-75.24283,40.24098]],[[-75.26202,40.28338],[-75.26203,40.28133],[-75.25979,40.27562],[-75.25392,40.26632],[-75.24961,40.26114],[-75.24828,40.2584],[-75.24738,40.25279],[-75.24509,40.2492]]]}},{"type":"Feature","properties":{"t":1,"n":"Main Street"},"geometry":{"type":"MultiLineString","coordinates":[[[-75.48659,40.54078],[-75.48764,40.53857],[-75.49094,40.53522]]]}},{"type":"Feature","properties":{"t":1,"n":"State Avenue"},"geometry":{"type":"MultiLineString","coordinates":[[[-75.48608,40.54291],[-75.49092,40.54959],[-75.49139,40.55115]]]}},{"type":"Feature","properties":{"t":1,"n":"East Main Street"},"geometry":{"type":"MultiLineString","coordinates":[[[-75.48659,40.54078],[-75.48608,40.54291]]]}},{"type":"Feature","properties":{"t":2,"n":"SR 2003"},"geometry":{"type":"MultiLineString","coordinates":[[[-75.14893,39.95056],[-75.14834,39.95333]]]}},{"type":"Feature","properties":{"t":2,"n":"Stenton Avenue"},"geometry":{"type":"MultiLineString","coordinates":[[[-75.14282,40.04749],[-75.15807,40.05531],[-75.21185,40.08612]],[[-75.21193,40.08603],[-75.20904,40.08467]],[[-75.18973,40.07348],[-75.19643,40.07732]]]}},{"type":"Feature","properties":{"t":1,"n":"South 26th Street"},"geometry":{"type":"MultiLineString","coordinates":[[[-75.19384,39.9057],[-75.19048,39.92165],[-75.19194,39.92358]],[[-75.192,39.92352],[-75.19061,39.92146],[-75.19396,39.90564]]]}},{"type":"Feature","properties":{"t":2,"n":"Haverford Avenue"},"geometry":{"type":"MultiLineString","coordinates":[[[-75.19016,39.96423],[-75.20897,39.96232],[-75.2164,39.9625],[-75.23708,39.96893],[-75.24192,39.9715],[-75.24877,39.97234],[-75.25144,39.97212],[-75.25825,39.97377],[-75.26305,39.97575],[-75.26819,39.97888],[-75.26927,39.98019]]]}},{"type":"Feature","properties":{"t":2,"n":"South Broad Street"},"geometry":{"type":"MultiLineString","coordinates":[[[-75.17554,39.89919],[-75.17561,39.89736]]]}},{"type":"Feature","properties":{"t":1,"n":"Vine Street Expressway"},"geometry":{"type":"MultiLineString","coordinates":[[[-75.15303,39.95687],[-75.14934,39.95768],[-75.1452,39.95704]],[[-75.14657,39.95748],[-75.14941,39.95777],[-75.15311,39.95697],[-75.15529,39.95702]]]}},{"type":"Feature","properties":{"t":2,"n":"PA 611"},"geometry":{"type":"MultiLineString","coordinates":[[[-75.15132,40.00872],[-75.15091,40.01052],[-75.16339,39.95368],[-75.16508,39.95323],[-75.1652,39.9519],[-75.16388,39.9515],[-75.17554,39.89919]],[[-75.17488,39.89892],[-75.16374,39.95149],[-75.1628,39.9516],[-75.16254,39.95251],[-75.16251,39.95315],[-75.1633,39.95346],[-75.16141,39.96247]],[[-75.15091,40.01052],[-75.14079,40.0552],[-75.1415,40.0536]],[[-75.13708,40.06125],[-75.14079,40.0552]],[[-75.14452,40.03984],[-75.14514,40.03699]],[[-75.15919,39.97263],[-75.15964,39.9706]]]}},{"type":"Feature","properties":{"t":2,"n":"North Lansdowne Avenue"},"geometry":{"type":"MultiLineString","coordinates":[[[-75.27228,39.93825],[-75.27314,39.94277],[-75.2822,39.9517],[-75.2886,39.96096]],[[-75.28726,39.95843],[-75.2882,39.96022]]]}},{"type":"Feature","properties":{"t":2,"n":"PA 3"},"geometry":{"type":"MultiLineString","coordinates":[[[-75.29427,39.96857],[-75.26456,39.96303],[-75.26154,39.96202],[-75.25884,39.96176],[-75.25009,39.96303],[-75.24718,39.96271]],[[-75.19879,39.95366],[-75.24728,39.95967],[-75.24708,39.96118],[-75.18185,39.95309],[-75.18116,39.95457],[-75.16522,39.95258]],[[-75.16423,39.95349],[-75.1805,39.95557],[-75.18056,39.95674],[-75.18252,39.95708],[-75.18317,39.95597],[-75.18671,39.95626],[-75.18713,39.95532],[-75.19814,39.95669]],[[-75.60447,39.95973],[-75.58945,39.96641],[-75.58214,39.96736]],[[-75.58296,39.96736],[-75.59187,39.96642],[-75.60211,39.96187],[-75.6033,39.96261],[-75.606,39.96142]],[[-75.25009,39.96303],[-75.24676,39.96275],[-75.24708,39.96118]],[[-75.2946,39.96847],[-75.26462,39.96289],[-75.26213,39.96184],[-75.259,39.96176]]]}},{"type":"Feature","properties":{"t":2,"n":"Bethlehem Pike"},"geometry":{"type":"MultiLineString","coordinates":[[[-75.20819,40.07704],[-75.20811,40.08077],[-75.21065,40.08558]],[[-75.33185,40.39842],[-75.31494,40.37844],[-75.31384,40.37582],[-75.31312,40.37004]],[[-75.29363,40.30398],[-75.30261,40.3096],[-75.3039,40.3116],[-75.30311,40.32522],[-75.3036,40.34519]],[[-75.28813,40.30081],[-75.29046,40.3026],[-75.29251,40.30569],[-75.29814,40.30683]],[[-75.21144,40.08578],[-75.20973,40.08398]],[[-75.21565,40.11965],[-75.2127,40.09991],[-75.21343,40.0946],[-75.21476,40.09082],[-75.21242,40.08637]]]}},{"type":"Feature","properties":{"t":2,"n":"PA 291"},"geometry":{"type":"MultiLineString","coordinates":[[[-75.35332,39.85105],[-75.34287,39.85619],[-75.3187,39.86503],[-75.30996,39.86698],[-75.29443,39.86674],[-75.27157,39.87524],[-75.26836,39.87559],[-75.26184,39.87519],[-75.26118,39.8765],[-75.25748,39.87809],[-75.25496,39.87988],[-75.24569,39.88993],[-75.23677,39.89454],[-75.23378,39.88964],[-75.23099,39.88956],[-75.22698,39.89097]],[[-75.17211,39.91698],[-75.18191,39.9131]],[[-75.26232,39.87534],[-75.26891,39.87567],[-75.27418,39.87504],[-75.2871,39.87018],[-75.29445,39.86685],[-75.31042,39.86705],[-75.32385,39.86347]],[[-75.23409,39.89053],[-75.23665,39.89474],[-75.23926,39.89366],[-75.24599,39.88985],[-75.25521,39.87982],[-75.26132,39.87655],[-75.26193,39.8757]],[[-75.22122,39.89353],[-75.22544,39.89164],[-75.22831,39.89142],[-75.23106,39.8897],[-75.23239,39.88964]],[[-75.18186,39.91303],[-75.17221,39.91689],[-75.17126,39.91682]],[[-75.18575,39.91057],[-75.18311,39.91258]]]}},{"type":"Feature","properties":{"t":2,"n":"Darby Road"},"geometry":{"type":"MultiLineString","coordinates":[[[-75.30446,39.97867],[-75.30086,39.97277],[-75.2969,39.96891],[-75.30198,39.97446],[-75.30573,39.98241],[-75.30975,39.9874],[-75.30588,39.98238],[-75.30446,39.97867]]]}},{"type":"Feature","properties":{"t":2,"n":"North 6th Street"},"geometry":{"type":"MultiLineString","coordinates":[[[-75.14819,39.96141],[-75.14881,39.95801]],[[-75.14923,39.95577],[-75.14994,39.95277]]]}},{"type":"Feature","properties":{"t":2,"n":"Lansdowne Avenue"},"geometry":{"type":"MultiLineString","coordinates":[[[-75.2886,39.96096],[-75.29586,39.9679]]]}},{"type":"Feature","properties":{"t":2,"n":"PA 352"},"geometry":{"type":"MultiLineString","coordinates":[[[-75.52045,39.96643],[-75.5199,39.96219],[-75.51251,39.95233],[-75.50988,39.95001],[-75.5034,39.94606],[-75.49517,39.94364],[-75.48873,39.94279],[-75.48452,39.94286],[-75.47653,39.94485],[-75.46703,39.94269],[-75.45614,39.93772],[-75.45291,39.93448],[-75.44816,39.93237],[-75.44588,39.92977],[-75.44335,39.92324],[-75.44294,39.91989],[-75.44053,39.9177],[-75.43846,39.91734],[-75.42896,39.91862],[-75.43708,39.91754]],[[-75.36069,39.85272],[-75.36137,39.85769],[-75.36391,39.86193],[-75.38322,39.8697],[-75.39189,39.87428],[-75.39681,39.87827],[-75.40214,39.8865],[-75.40632,39.89685],[-75.41382,39.90354],[-75.42322,39.91329],[-75.42625,39.91732],[-75.42896,39.91862]],[[-75.4251,39.91599],[-75.42632,39.91748],[-75.42841,39.91847]],[[-75.51978,39.96204],[-75.52062,39.96519]]]}},{"type":"Feature","properties":{"t":2,"n":"West Eagle Road"},"geometry":{"type":"MultiLineString","coordinates":[[[-75.31089,39.98819],[-75.31803,39.98245]]]}},{"type":"Feature","properties":{"t":2,"n":"Wissinoming Street"},"geometry":{"type":"MultiLineString","coordinates":[[[-75.02784,40.02641],[-75.03109,40.02497]]]}},{"type":"Feature","properties":{"t":2,"n":"PA 252"},"geometry":{"type":"MultiLineString","coordinates":[[[-75.36229,39.87946],[-75.3617,39.87908],[-75.36623,39.88423],[-75.38797,39.931],[-75.39656,39.94237],[-75.39664,39.94352],[-75.39252,39.95545],[-75.39454,39.96106],[-75.39785,39.966],[-75.39787,39.98279],[-75.4064,39.99411],[-75.40848,39.99842],[-75.41764,40.00714],[-75.42775,40.00979],[-75.43466,40.01538],[-75.44188,40.01706],[-75.44872,40.01996],[-75.45907,40.02328],[-75.46969,40.0343],[-75.47609,40.03944],[-75.47636,40.04286],[-75.47542,40.04481],[-75.47533,40.04687],[-75.4761,40.05163],[-75.47483,40.0543],[-75.46869,40.06056],[-75.46516,40.0616],[-75.45834,40.06434],[-75.45677,40.0656],[-75.45344,40.06666],[-75.45713,40.06578],[-75.46004,40.06394]],[[-75.45344,40.06666],[-75.44293,40.07099],[-75.43669,40.07094],[-75.4376,40.0721]],[[-75.42357,40.00842],[-75.41727,40.00685],[-75.41328,40.00243],[-75.41024,40.00028],[-75.40858,39.99836],[-75.40652,39.99404],[-75.39999,39.98576]],[[-75.3928,39.93724],[-75.39126,39.93529]]]}},{"type":"Feature","properties":{"t":2,"n":"Emlen Street"},"geometry":{"type":"MultiLineString","coordinates":[[[-75.1945,40.05209],[-75.19957,40.05547],[-75.20099,40.06003]]]}},{"type":"Feature","properties":{"t":2,"n":"North Eagle Road"},"geometry":{"type":"MultiLineString","coordinates":[[[-75.31963,39.97316],[-75.31803,39.98245]]]}},{"type":"Feature","properties":{"t":2,"n":"South Stewart Avenue"},"geometry":{"type":"MultiLineString","coordinates":[[[-75.32621,39.87387],[-75.323,39.87058],[-75.32064,39.86921],[-75.31661,39.86555],[-75.32621,39.87387]]]}},{"type":"Feature","properties":{"t":2,"n":"Macdade Boulevard"},"geometry":{"type":"MultiLineString","coordinates":[[[-75.28391,39.9088],[-75.26456,39.91742]],[[-75.34467,39.87804],[-75.34866,39.87558],[-75.35463,39.87058],[-75.34854,39.8755],[-75.34342,39.87873],[-75.34467,39.87804]],[[-75.34342,39.87873],[-75.33028,39.88687],[-75.33194,39.88582]],[[-75.33028,39.88687],[-75.31701,39.89514],[-75.30191,39.90067]]]}},{"type":"Feature","properties":{"t":2,"n":"PA 420"},"geometry":{"type":"MultiLineString","coordinates":[[[-75.35243,39.93388],[-75.3476,39.93227],[-75.34511,39.93071],[-75.3426,39.92687],[-75.33654,39.92149],[-75.33348,39.91694],[-75.33096,39.91117],[-75.31659,39.89865],[-75.31378,39.89271],[-75.30455,39.88055],[-75.30528,39.87752],[-75.30078,39.86983],[-75.30068,39.86668],[-75.3006,39.86964],[-75.30496,39.87728],[-75.30496,39.87869]]]}},{"type":"Feature","properties":{"t":2,"n":"East Eagle Road"},"geometry":{"type":"MultiLineString","coordinates":[[[-75.31089,39.98819],[-75.29845,39.99374]]]}},{"type":"Feature","properties":{"t":2,"n":"West Baltimore Avenue"},"geometry":{"type":"MultiLineString","coordinates":[[[-75.3897,39.91686],[-75.3974,39.91792],[-75.3983,39.91763]],[[-75.27228,39.93825],[-75.28103,39.93637],[-75.28464,39.93453]],[[-75.29708,39.92918],[-75.30828,39.92557]]]}},{"type":"Feature","properties":{"t":2,"n":"West Ridge Road"},"geometry":{"type":"MultiLineString","coordinates":[[[-75.42058,39.82444],[-75.436,39.81762],[-75.44036,39.81508]]]}},{"type":"Feature","properties":{"t":2,"n":"Oregon Avenue"},"geometry":{"type":"MultiLineString","coordinates":[[[-75.15001,39.91407],[-75.17139,39.91688]],[[-75.18839,39.91971],[-75.18684,39.91875],[-75.17221,39.91689]],[[-75.17211,39.91698],[-75.1866,39.91885],[-75.18824,39.91979]]]}},{"type":"Feature","properties":{"t":2,"n":"PA 73"},"geometry":{"type":"MultiLineString","coordinates":[[[-75.04905,40.01662],[-75.04786,40.01603],[-75.04682,40.01616],[-75.04632,40.0167],[-75.04709,40.01816],[-75.0433,40.01999],[-75.04129,40.02018],[-75.03838,40.02148],[-75.03672,40.02337],[-75.03165,40.02569],[-75.0403,40.03641],[-75.09443,40.06764],[-75.11951,40.08276],[-75.13172,40.08932],[-75.13339,40.08829],[-75.13923,40.08648],[-75.14219,40.08374],[-75.14342,40.08397],[-75.14796,40.08695],[-75.15252,40.08755],[-75.16147,40.09291],[-75.16907,40.09529],[-75.17794,40.10093],[-75.1815,40.102],[-75.21342,40.12005],[-75.21565,40.11965],[-75.21684,40.12082],[-75.21721,40.12223],[-75.22157,40.12501],[-75.2822,40.16219],[-75.33342,40.19279],[-75.34218,40.19889],[-75.35663,40.20756],[-75.37106,40.21347],[-75.38085,40.21906],[-75.38648,40.22139],[-75.3994,40.22321],[-75.40249,40.22522],[-75.40723,40.22976],[-75.42283,40.23907],[-75.42875,40.2404],[-75.43481,40.24286],[-75.4503,40.24197],[-75.45212,40.24229],[-75.4538,40.24368],[-75.45573,40.24834],[-75.45839,40.25142],[-75.45978,40.25198],[-75.46104,40.25116]],[[-75.78369,40.38293],[-75.77969,40.38299],[-75.75399,40.38763],[-75.73646,40.38643],[-75.72483,40.37989],[-75.71964,40.37418],[-75.7139,40.37215],[-75.70393,40.36609],[-75.69206,40.36213],[-75.68003,40.36261],[-75.67096,40.36218],[-75.66796,40.36119],[-75.66619,40.35951],[-75.6629,40.353],[-75.66182,40.34835],[-75.65824,40.33997],[-75.65057,40.33342],[-75.6485,40.33317],[-75.64167,40.33472],[-75.63823,40.33398],[-75.63383,40.3309],[-75.62518,40.32767],[-75.62056,40.32651],[-75.61629,40.32249],[-75.61136,40.32095],[-75.60656,40.31571],[-75.58706,40.31614],[-75.58165,40.31553],[-75.57011,40.31762],[-75.56541,40.31948],[-75.55803,40.31847],[-75.54934,40.31453],[-75.54499,40.31371],[-75.54093,40.31226],[-75.53062,40.30365],[-75.51775,40.29493],[-75.51088,40.28704],[-75.50566,40.28456],[-75.49872,40.28029],[-75.49085,40.27838],[-75.48054,40.2771]],[[-75.80498,40.39647],[-75.80097,40.39349],[-75.79545,40.38751],[-75.78608,40.38361],[-75.78395,40.3832]],[[-75.12952,40.08804],[-75.12632,40.08618]],[[-75.20368,40.11454],[-75.19844,40.11177]]]}},{"type":"Feature","properties":{"t":2,"n":"Northeast Boulevard"},"geometry":{"type":"MultiLineString","coordinates":[[[-75.02976,40.10047],[-75.02757,40.1018]]]}},{"type":"Feature","properties":{"t":2,"n":"Springfield Road"},"geometry":{"type":"MultiLineString","coordinates":[[[-75.36414,39.97487],[-75.37407,39.98375],[-75.37394,39.983],[-75.37169,39.9812]]]}},{"type":"Feature","properties":{"t":2,"n":"Harbison Avenue"},"geometry":{"type":"MultiLineString","coordinates":[[[-75.06807,40.01499],[-75.06675,40.01666],[-75.06375,40.01831],[-75.06327,40.02164],[-75.06388,40.01833],[-75.06684,40.01676],[-75.06919,40.01249],[-75.07268,40.0081],[-75.07747,40.00423],[-75.07249,40.00812],[-75.06887,40.01275],[-75.06807,40.01499]],[[-75.06235,40.02751],[-75.06281,40.02942],[-75.06319,40.02205],[-75.06235,40.02751]],[[-75.06438,40.03677],[-75.06556,40.04045],[-75.06438,40.03677]],[[-75.06281,40.02942],[-75.06431,40.03633],[-75.06407,40.0354]]]}},{"type":"Feature","properties":{"t":2,"n":"State Road"},"geometry":{"type":"MultiLineString","coordinates":[[[-75.28779,39.95934],[-75.31061,39.95084],[-75.3177,39.94871],[-75.32126,39.94693],[-75.32597,39.94594]],[[-75.04012,40.02183],[-75.03806,40.02277]]]}},{"type":"Feature","properties":{"t":2,"n":"Henry Avenue"},"geometry":{"type":"MultiLineString","coordinates":[[[-75.23852,40.06316],[-75.23632,40.06139],[-75.23267,40.05619],[-75.23312,40.05727]],[[-75.19315,40.02102],[-75.19409,40.0222],[-75.18069,40.01001],[-75.18175,40.01118]],[[-75.23267,40.05619],[-75.23114,40.05376],[-75.22689,40.05252],[-75.21845,40.04846],[-75.21772,40.04727],[-75.21716,40.04275],[-75.20979,40.03701],[-75.20771,40.03159],[-75.20394,40.02638],[-75.20232,40.02563],[-75.19925,40.02612],[-75.19778,40.02586],[-75.19409,40.0222]],[[-75.17865,40.00504],[-75.18069,40.01001]],[[-75.22709,40.05256],[-75.21847,40.04834],[-75.21713,40.04255],[-75.21056,40.03766],[-75.20857,40.03457]],[[-75.23948,40.06313],[-75.23853,40.06207],[-75.23619,40.06114]],[[-75.20196,40.02562],[-75.19881,40.02601],[-75.19695,40.02514]]]}},{"type":"Feature","properties":{"t":2,"n":"North Drexel Avenue"},"geometry":{"type":"MultiLineString","coordinates":[[[-75.31416,39.95968],[-75.31757,39.96478]]]}},{"type":"Feature","properties":{"t":2,"n":"East Oak Lane"},"geometry":{"type":"MultiLineString","coordinates":[[[-75.28134,39.90185],[-75.28322,39.9035]]]}},{"type":"Feature","properties":{"t":2,"n":"Walnut Street"},"geometry":{"type":"MultiLineString","coordinates":[[[-75.14281,39.94664],[-75.19879,39.95366]]]}},{"type":"Feature","properties":{"t":2,"n":"Chester Pike"},"geometry":{"type":"MultiLineString","coordinates":[[[-75.26456,39.91742],[-75.26232,39.91865]]]}},{"type":"Feature","properties":{"t":2,"n":"East Lehigh Avenue"},"geometry":{"type":"MultiLineString","coordinates":[[[-75.1309,39.99089],[-75.12584,39.99016],[-75.11738,39.9815]]]}},{"type":"Feature","properties":{"t":2,"n":"PA 452"},"geometry":{"type":"MultiLineString","coordinates":[[[-75.44011,39.91753],[-75.44001,39.90432],[-75.43783,39.90098],[-75.43565,39.89535],[-75.43262,39.89337],[-75.43161,39.89191],[-75.43095,39.88907],[-75.43105,39.88527],[-75.42877,39.8812],[-75.43119,39.87729],[-75.43157,39.87522],[-75.42914,39.87157],[-75.42841,39.86921],[-75.42368,39.82876],[-75.41722,39.81995]],[[-75.42454,39.83621],[-75.42402,39.83145]]]}},{"type":"Feature","properties":{"t":2,"n":"Hook Road"},"geometry":{"type":"MultiLineString","coordinates":[[[-75.25525,39.89882],[-75.25988,39.90038],[-75.26155,39.9004],[-75.26524,39.89875],[-75.27423,39.89665],[-75.27654,39.89546]],[[-75.27648,39.89538],[-75.27422,39.89653],[-75.26541,39.8986],[-75.26133,39.90032],[-75.25982,39.90027],[-75.25527,39.89875]]]}},{"type":"Feature","properties":{"t":1,"n":"I 476"},"geometry":{"type":"MultiLineString","coordinates":[[[-75.55373,40.57089],[-75.5484,40.5625],[-75.50457,40.51335],[-75.50298,40.51042],[-75.50123,40.50486],[-75.49865,40.5012],[-75.49595,40.49901],[-75.4912,40.49677],[-75.48103,40.49518],[-75.47497,40.49332],[-75.47098,40.49125],[-75.46736,40.48858],[-75.4649,40.48607],[-75.45794,40.47646],[-75.42932,40.44208],[-75.41827,40.42706],[-75.41522,40.41947],[-75.40888,40.38247],[-75.3838,40.33759],[-75.36901,40.29752],[-75.35113,40.25851],[-75.34425,40.2451],[-75.31986,40.20339],[-75.30496,40.16855],[-75.29287,40.15277],[-75.28961,40.14163],[-75.28362,40.12489],[-75.27821,40.11591],[-75.27813,40.11304],[-75.28005,40.11036],[-75.2887,40.10644],[-75.29076,40.10178],[-75.29219,40.10028],[-75.29903,40.09853],[-75.3028,40.09618],[-75.30859,40.09027],[-75.31028,40.08531],[-75.31175,40.08291],[-75.32178,40.07551],[-75.32257,40.0733],[-75.32142,40.06583],[-75.32314,40.06199],[-75.32606,40.05982],[-75.34172,40.05318],[-75.34499,40.05119],[-75.34796,40.04802],[-75.35297,40.03896],[-75.35489,40.03724],[-75.36059,40.03391],[-75.36326,40.03002],[-75.36335,40.02597],[-75.35861,40.01768],[-75.35421,40.00624],[-75.34309,39.98828],[-75.3387,39.98412],[-75.33861,39.98168],[-75.34114,39.97703],[-75.34138,39.97499],[-75.34059,39.97341],[-75.33555,39.96791],[-75.3339,39.96167],[-75.33462,39.95773],[-75.33716,39.95455],[-75.34829,39.94579],[-75.36196,39.9394],[-75.36379,39.93751],[-75.36463,39.93553],[-75.3645,39.93316],[-75.36272,39.929],[-75.36223,39.90903],[-75.36408,39.90529],[-75.36411,39.90341],[-75.35964,39.89729],[-75.35907,39.89108],[-75.35237,39.88279],[-75.3513,39.87496],[-75.34951,39.87244]],[[-75.34889,39.87226],[-75.35107,39.87503],[-75.35148,39.88072],[-75.35224,39.88302],[-75.35888,39.89117],[-75.35956,39.8977],[-75.36386,39.9034],[-75.36392,39.90507],[-75.36201,39.90947],[-75.36251,39.92905],[-75.36429,39.93336],[-75.36433,39.93578],[-75.36356,39.93756],[-75.36189,39.93923],[-75.34801,39.94568],[-75.33696,39.95444],[-75.33431,39.95782],[-75.33368,39.96169],[-75.33498,39.96739],[-75.34055,39.9737],[-75.34117,39.97512],[-75.34102,39.97678],[-75.33829,39.98203],[-75.33851,39.98425],[-75.34296,39.98847],[-75.35407,40.00668],[-75.35799,40.01721],[-75.36308,40.02611],[-75.36302,40.03012],[-75.36057,40.03364],[-75.35483,40.03702],[-75.35269,40.0389],[-75.34807,40.0474],[-75.34539,40.05051],[-75.3422,40.05261],[-75.32627,40.05942],[-75.32324,40.06145],[-75.32106,40.06553],[-75.32221,40.07317],[-75.32133,40.07552],[-75.31144,40.08274],[-75.31009,40.08478],[-75.30842,40.08992],[-75.30171,40.09668],[-75.29861,40.09841],[-75.29185,40.10013],[-75.29071,40.10124],[-75.2885,40.10627],[-75.28111,40.10939],[-75.27915,40.1108],[-75.27769,40.11325],[-75.27806,40.11595],[-75.28327,40.12445],[-75.28922,40.14094],[-75.29235,40.15197],[-75.30497,40.1688],[-75.32023,40.20442],[-75.34361,40.24429],[-75.35149,40.25959],[-75.3688,40.29759],[-75.38343,40.33733],[-75.40858,40.38261],[-75.41487,40.41945],[-75.41813,40.42748],[-75.42931,40.44222],[-75.45601,40.47429],[-75.46717,40.48858],[-75.47067,40.4912],[-75.47646,40.49396],[-75.48076,40.49521],[-75.48969,40.49648],[-75.49341,40.49768],[-75.49704,40.49988],[-75.49915,40.50188],[-75.50096,40.50454],[-75.50294,40.5106],[-75.50476,40.51371],[-75.54833,40.56256],[-75.55381,40.57124]],[[-75.2884,40.10636],[-75.28368,40.10835]],[[-75.28201,40.10916],[-75.28663,40.10779],[-75.2887,40.10644]]]}},{"type":"Feature","properties":{"t":2,"n":"North 33rd Street"},"geometry":{"type":"MultiLineString","coordinates":[[[-75.18948,39.95561],[-75.18945,39.96037]]]}},{"type":"Feature","properties":{"t":2,"n":"East Ridge Road"},"geometry":{"type":"MultiLineString","coordinates":[[[-75.42058,39.82444],[-75.41435,39.82735]]]}},{"type":"Feature","properties":{"t":1,"n":"US 13"},"geometry":{"type":"MultiLineString","coordinates":[[[-75.07186,40.03445],[-75.06013,40.02784]],[[-74.80239,40.19764],[-74.80103,40.19227],[-74.80162,40.18881],[-74.80323,40.18652],[-74.8105,40.17993],[-74.8122,40.17687],[-74.81257,40.16828],[-74.81165,40.16341],[-74.81206,40.15866],[-74.81432,40.14674],[-74.81554,40.14344],[-74.81752,40.14105],[-74.81485,40.14361],[-74.81383,40.14589],[-74.81155,40.16319],[-74.81246,40.16828],[-74.8121,40.17686],[-74.81039,40.17993],[-74.80332,40.18629],[-74.80162,40.18858],[-74.80091,40.19205],[-74.80214,40.19717]],[[-75.5728,39.69856],[-75.57098,39.70172],[-75.55877,39.71537]],[[-75.05789,40.02853],[-75.06945,40.03501]],[[-74.82099,40.13823],[-74.83152,40.13177],[-74.84329,40.11976],[-74.83141,40.1317],[-74.81899,40.13974],[-74.82099,40.13823]],[[-74.8448,40.1184],[-74.85532,40.11031],[-74.86292,40.10246],[-74.86556,40.10112],[-74.8739,40.09849],[-74.8655,40.10102],[-74.86283,40.10238],[-74.85515,40.1103],[-74.84329,40.11976]],[[-75.55901,39.71552],[-75.57347,39.69942]]]}},{"type":"Feature","properties":{"t":2,"n":"Haverford Road"},"geometry":{"type":"MultiLineString","coordinates":[[[-75.31663,40.01283],[-75.31868,40.01412],[-75.3218,40.01743]],[[-75.26927,39.98019],[-75.27133,39.98276],[-75.27457,39.98475],[-75.2777,39.98756],[-75.27902,39.98961],[-75.28458,39.99271],[-75.2964,39.99267],[-75.30721,39.99946],[-75.31446,40.00995]]]}},{"type":"Feature","properties":{"t":2,"n":"East Dutton Mill Road"},"geometry":{"type":"MultiLineString","coordinates":[[[-75.39766,39.87921],[-75.40352,39.87497],[-75.40562,39.87198],[-75.40804,39.87118],[-75.40936,39.86685],[-75.41492,39.86579],[-75.41657,39.86395]]]}},{"type":"Feature","properties":{"t":2,"n":"South 34th Street"},"geometry":{"type":"MultiLineString","coordinates":[[[-75.19145,39.95585],[-75.19293,39.9487]],[[-75.19942,39.93581],[-75.19644,39.94367]]]}},{"type":"Feature","properties":{"t":2,"n":"East 22nd Street"},"geometry":{"type":"MultiLineString","coordinates":[[[-75.35859,39.86849],[-75.3686,39.86386]]]}},{"type":"Feature","properties":{"t":2,"n":"South Cobbs Creek Parkway"},"geometry":{"type":"MultiLineString","coordinates":[[[-75.24741,39.95969],[-75.24954,39.94763],[-75.24828,39.94685],[-75.24027,39.94586],[-75.23783,39.94384],[-75.23916,39.94252],[-75.23388,39.93757],[-75.2351,39.93519],[-75.23762,39.93319],[-75.24005,39.93354],[-75.24262,39.93209],[-75.2435,39.92699],[-75.24516,39.92489],[-75.24653,39.92162],[-75.24691,39.91833],[-75.24632,39.9172]]]}},{"type":"Feature","properties":{"t":2,"n":"South Lansdowne Avenue"},"geometry":{"type":"MultiLineString","coordinates":[[[-75.27228,39.93825],[-75.26811,39.92688]]]}},{"type":"Feature","properties":{"t":2,"n":"Eakins Oval"},"geometry":{"type":"MultiLineString","coordinates":[[[-75.17773,39.96435],[-75.17889,39.96484],[-75.1799,39.96371],[-75.17763,39.96283],[-75.17715,39.96328],[-75.17773,39.96435]]]}},{"type":"Feature","properties":{"t":2,"n":"Belmont Avenue"},"geometry":{"type":"MultiLineString","coordinates":[[[-75.21134,39.96874],[-75.21221,39.97325]],[[-75.2207,40.00394],[-75.2296,40.01617],[-75.23105,40.02131],[-75.23037,40.02396],[-75.22872,40.02549]]]}},{"type":"Feature","properties":{"t":2,"n":"US 1 Alternate Truck"},"geometry":{"type":"MultiLineString","coordinates":[[[-75.21221,39.97325],[-75.21531,39.9845]],[[-75.21542,39.98489],[-75.2207,40.00394]]]}},{"type":"Feature","properties":{"t":2,"n":"PA 532"},"geometry":{"type":"MultiLineString","coordinates":[[[-75.02879,40.10255],[-75.02938,40.10131],[-75.02621,40.10844],[-75.01672,40.12097],[-75.01234,40.13155],[-75.00854,40.13508],[-75.00136,40.15379],[-74.99992,40.15458],[-74.99989,40.15566],[-74.98715,40.17027],[-74.98706,40.17333],[-74.94861,40.21053],[-74.94342,40.21902]],[[-75.02938,40.10131],[-75.03101,40.09398],[-75.03385,40.08913],[-75.03835,40.08446]]]}},{"type":"Feature","properties":{"t":2,"n":"West Lehigh Avenue"},"geometry":{"type":"MultiLineString","coordinates":[[[-75.18761,39.99822],[-75.13242,39.99108]]]}},{"type":"Feature","properties":{"t":2,"n":"East Baltimore Avenue"},"geometry":{"type":"MultiLineString","coordinates":[[[-75.3897,39.91686],[-75.38048,39.91556]],[[-75.29708,39.92918],[-75.28464,39.93453]],[[-75.27228,39.93825],[-75.25613,39.94111]]]}},{"type":"Feature","properties":{"t":1,"n":"Betsy Ross Bridge"},"geometry":{"type":"MultiLineString","coordinates":[[[-75.06563,39.98472],[-75.07415,39.98889],[-75.07975,39.99486]],[[-75.0774,39.99164],[-75.07291,39.98794],[-75.06569,39.98463]]]}},{"type":"Feature","properties":{"t":2,"n":"South State Road"},"geometry":{"type":"MultiLineString","coordinates":[[[-75.27021,39.96392],[-75.2735,39.9617],[-75.28193,39.96069],[-75.28779,39.95934]]]}},{"type":"Feature","properties":{"t":2,"n":"West Dutton Mill Road"},"geometry":{"type":"MultiLineString","coordinates":[[[-75.41657,39.86395],[-75.41821,39.8616],[-75.41939,39.85787],[-75.42695,39.85709]]]}},{"type":"Feature","properties":{"t":2,"n":"Poplar Drive"},"geometry":{"type":"MultiLineString","coordinates":[[[-75.18581,39.97174],[-75.18817,39.97516]]]}},{"type":"Feature","properties":{"t":2,"n":"Knights Road"},"geometry":{"type":"MultiLineString","coordinates":[[[-74.95071,40.1049],[-74.96147,40.09392],[-74.96571,40.09166],[-74.97123,40.08764],[-74.97725,40.08051],[-74.98126,40.07178],[-74.98233,40.06469]],[[-74.98221,40.06471],[-74.98114,40.07166],[-74.97713,40.08043],[-74.97121,40.08747],[-74.96572,40.09147],[-74.96163,40.09362],[-74.95831,40.09748]]]}},{"type":"Feature","properties":{"t":2,"n":"West 9th Street"},"geometry":{"type":"MultiLineString","coordinates":[[[-75.39506,39.83593],[-75.39887,39.83385],[-75.41435,39.82735]]]}},{"type":"Feature","properties":{"t":2,"n":"Callowhill Street"},"geometry":{"type":"MultiLineString","coordinates":[[[-75.14881,39.95801],[-75.1621,39.95961]],[[-75.14219,39.95722],[-75.14528,39.95754]]]}},{"type":"Feature","properties":{"t":1,"n":"PA 291"},"geometry":{"type":"MultiLineString","coordinates":[[[-75.22122,39.89353],[-75.18962,39.90785],[-75.18575,39.91057]],[[-75.22698,39.89097],[-75.18962,39.90785]]]}},{"type":"Feature","properties":{"t":2,"n":"North Macdade Boulevard"},"geometry":{"type":"MultiLineString","coordinates":[[[-75.29221,39.90505],[-75.28656,39.90761]]]}},{"type":"Feature","properties":{"t":2,"n":"Roberts Avenue"},"geometry":{"type":"MultiLineString","coordinates":[[[-75.16204,40.02232],[-75.16304,40.01989],[-75.16539,40.01815]]]}},{"type":"Feature","properties":{"t":2,"n":"Spring Garden Street"},"geometry":{"type":"MultiLineString","coordinates":[[[-75.17964,39.96435],[-75.18295,39.96446],[-75.1863,39.96351],[-75.20015,39.96197]],[[-75.1821,39.96446],[-75.17893,39.96304]],[[-75.17599,39.9642],[-75.15773,39.96176],[-75.1482,39.96131],[-75.13713,39.96005]],[[-75.13708,39.96018],[-75.14819,39.96141],[-75.15771,39.96186],[-75.17785,39.96454]]]}},{"type":"Feature","properties":{"t":2,"n":"Grant Avenue"},"geometry":{"type":"MultiLineString","coordinates":[[[-75.02856,40.08081],[-74.99428,40.06178],[-74.99161,40.06114],[-74.99441,40.06202],[-75.02988,40.08157],[-75.02944,40.08131]],[[-75.03739,40.08547],[-75.02988,40.08157]],[[-75.03502,40.08425],[-75.03259,40.08299]]]}},{"type":"Feature","properties":{"t":2,"n":"South Macdade Boulevard"},"geometry":{"type":"MultiLineString","coordinates":[[[-75.29221,39.90505],[-75.30191,39.90067]]]}},{"type":"Feature","properties":{"t":2,"n":"South Eagle Road"},"geometry":{"type":"MultiLineString","coordinates":[[[-75.31757,39.96478],[-75.32054,39.96888],[-75.31966,39.97301]]]}},{"type":"Feature","properties":{"t":1,"n":"Adams Avenue"},"geometry":{"type":"MultiLineString","coordinates":[[[-75.10307,40.02992],[-75.10691,40.03313],[-75.11033,40.03968],[-75.11357,40.04275]]]}},{"type":"Feature","properties":{"t":2,"n":"East Haverford Road"},"geometry":{"type":"MultiLineString","coordinates":[[[-75.31446,40.00995],[-75.31603,40.01242]]]}},{"type":"Feature","properties":{"t":2,"n":"Aramingo Avenue"},"geometry":{"type":"MultiLineString","coordinates":[[[-75.12322,39.97324],[-75.12326,39.97064]],[[-75.12329,39.97076],[-75.12162,39.97469],[-75.11992,39.97603],[-75.11738,39.9815],[-75.11561,39.98355],[-75.08008,40.00226],[-75.07747,40.00423]],[[-75.12112,39.97531],[-75.12367,39.97271]]]}},{"type":"Feature","properties":{"t":2,"n":"Woodhaven Road"},"geometry":{"type":"MultiLineString","coordinates":[[[-74.97618,40.09033],[-74.96932,40.08465],[-74.9667,40.0817]],[[-74.96992,40.08631],[-74.97615,40.09098]]]}},{"type":"Feature","properties":{"t":1,"n":"PA 63"},"geometry":{"type":"MultiLineString","coordinates":[[[-74.96245,40.07227],[-74.96603,40.0814],[-74.96845,40.08443],[-74.99745,40.10868]],[[-74.99444,40.10585],[-74.96989,40.08571],[-74.96618,40.08125],[-74.96289,40.07259]]]}},{"type":"Feature","properties":{"t":1,"n":"Crescentville Road"},"geometry":{"type":"MultiLineString","coordinates":[[[-75.11357,40.04275],[-75.11233,40.04754]]]}},{"type":"Feature","properties":{"t":2,"n":"West Cayuga Street"},"geometry":{"type":"MultiLineString","coordinates":[[[-75.14882,40.02016],[-75.15755,40.0211]]]}},{"type":"Feature","properties":{"t":2,"n":"Ogontz Avenue"},"geometry":{"type":"MultiLineString","coordinates":[[[-75.15328,40.02996],[-75.15113,40.03278],[-75.15059,40.03491],[-75.14918,40.03686],[-75.14929,40.03805],[-75.1514,40.04056],[-75.15125,40.04117],[-75.15144,40.04064]],[[-75.15125,40.04117],[-75.1501,40.04237],[-75.14962,40.04451],[-75.15107,40.04731],[-75.14922,40.05843],[-75.15284,40.06377],[-75.15596,40.06614],[-75.15839,40.07419]]]}},{"type":"Feature","properties":{"t":2,"n":"South 5th Street"},"geometry":{"type":"MultiLineString","coordinates":[[[-75.15095,39.94095],[-75.14893,39.95056]]]}},{"type":"Feature","properties":{"t":2,"n":"Woodland Avenue"},"geometry":{"type":"MultiLineString","coordinates":[[[-75.24698,39.91686],[-75.21259,39.94087],[-75.21058,39.94367],[-75.20528,39.94843],[-75.20144,39.94978]]]}},{"type":"Feature","properties":{"t":2,"n":"West Berkley Street"},"geometry":{"type":"MultiLineString","coordinates":[[[-75.15957,40.02397],[-75.16204,40.02232]]]}},{"type":"Feature","properties":{"t":2,"n":"Benjamin Franklin Parkway"},"geometry":{"type":"MultiLineString","coordinates":[[[-75.17813,39.9628],[-75.17692,39.96252],[-75.17156,39.95856],[-75.17133,39.95788]],[[-75.1706,39.95739],[-75.16638,39.95482],[-75.16985,39.95785]],[[-75.16986,39.95807],[-75.17147,39.95867],[-75.17715,39.96328]]]}},{"type":"Feature","properties":{"t":2,"n":"Kelly Drive"},"geometry":{"type":"MultiLineString","coordinates":[[[-75.17922,39.96469],[-75.17929,39.96626],[-75.18029,39.96717],[-75.18454,39.96929],[-75.1897,39.97029],[-75.19031,39.97315],[-75.19266,39.97641],[-75.19455,39.97821],[-75.19798,39.98057],[-75.20049,39.98151],[-75.20307,39.98373],[-75.20265,39.98521],[-75.20024,39.98693],[-75.19593,39.99147],[-75.19266,39.99374],[-75.19111,39.99666],[-75.19025,40.00209],[-75.19076,40.00509],[-75.19199,40.00706],[-75.2021,40.0109],[-75.20614,40.01447]],[[-75.20626,40.01453],[-75.20648,40.01318],[-75.20477,40.01171],[-75.20115,40.01055]],[[-75.17773,39.96435],[-75.17929,39.96626]]]}},{"type":"Feature","properties":{"t":2,"n":"Cresheim Valley Drive"},"geometry":{"type":"MultiLineString","coordinates":[[[-75.20099,40.06003],[-75.19999,40.06169],[-75.2004,40.06343],[-75.19638,40.06664]]]}},{"type":"Feature","properties":{"t":2,"n":"Essington Avenue"},"geometry":{"type":"MultiLineString","coordinates":[[[-75.2296,39.89449],[-75.22598,39.8987],[-75.22137,39.91484],[-75.2201,39.91621]],[[-75.22138,39.91457],[-75.22009,39.91612]]]}},{"type":"Feature","properties":{"t":2,"n":"Spruce Street"},"geometry":{"type":"MultiLineString","coordinates":[[[-75.19928,39.95129],[-75.19173,39.95032]]]}},{"type":"Feature","properties":{"t":2,"n":"Island Avenue"},"geometry":{"type":"MultiLineString","coordinates":[[[-75.24632,39.9172],[-75.24349,39.91362],[-75.24017,39.90285],[-75.23677,39.89454]],[[-75.23665,39.89474],[-75.23805,39.89734],[-75.2433,39.91309]]]}},{"type":"Feature","properties":{"t":2,"n":"West Godfrey Avenue"},"geometry":{"type":"MultiLineString","coordinates":[[[-75.11945,40.04448],[-75.13567,40.04619],[-75.14282,40.04749]]]}},{"type":"Feature","properties":{"t":2,"n":"Pattison Avenue"},"geometry":{"type":"MultiLineString","coordinates":[[[-75.14227,39.90241],[-75.14583,39.9018],[-75.19033,39.90759]],[[-75.15222,39.90265],[-75.14564,39.90171],[-75.14227,39.90232]]]}},{"type":"Feature","properties":{"t":2,"n":"Lincoln Drive"},"geometry":{"type":"MultiLineString","coordinates":[[[-75.20614,40.01447],[-75.20538,40.01593],[-75.20259,40.01659],[-75.19971,40.02179],[-75.19526,40.02425],[-75.19261,40.02732],[-75.19076,40.02768],[-75.19014,40.029],[-75.18822,40.02954],[-75.18771,40.03017],[-75.18843,40.03499],[-75.1911,40.03755],[-75.19174,40.0414],[-75.19357,40.04306],[-75.19209,40.04736],[-75.19432,40.05029],[-75.19392,40.05191]],[[-75.18776,40.03117],[-75.18813,40.02968],[-75.19014,40.0291],[-75.19073,40.0278],[-75.19267,40.02737],[-75.19521,40.02437],[-75.19981,40.02181],[-75.20267,40.01663],[-75.20537,40.01602],[-75.20626,40.01453]]]}},{"type":"Feature","properties":{"t":2,"n":"Washington Avenue"},"geometry":{"type":"MultiLineString","coordinates":[[[-75.14335,39.93333],[-75.15089,39.93432],[-75.16157,39.93719],[-75.18662,39.94036],[-75.18512,39.94014],[-75.18615,39.94026]]]}},{"type":"Feature","properties":{"t":2,"n":"West Wingohocking Street"},"geometry":{"type":"MultiLineString","coordinates":[[[-75.14201,40.02064],[-75.14853,40.02148]]]}},{"type":"Feature","properties":{"t":2,"n":"North 16th Street"},"geometry":{"type":"MultiLineString","coordinates":[[[-75.16685,39.95278],[-75.16638,39.95482]]]}},{"type":"Feature","properties":{"t":2,"n":"Church Lane"},"geometry":{"type":"MultiLineString","coordinates":[[[-75.2457,39.92488],[-75.24656,39.92847]]]}},{"type":"Feature","properties":{"t":2,"n":"PA 63"},"geometry":{"type":"MultiLineString","coordinates":[[[-75.045,40.11058],[-75.03946,40.10736],[-75.03522,40.1065],[-75.02879,40.10255],[-75.03506,40.10653],[-75.03926,40.10739],[-75.04779,40.11226],[-75.045,40.11058]],[[-75.33958,40.24464],[-75.34156,40.24573],[-75.33969,40.24453],[-75.32393,40.26017],[-75.31939,40.26309],[-75.25554,40.22474],[-75.25909,40.22688]],[[-75.04779,40.11226],[-75.05376,40.11578],[-75.05713,40.1207],[-75.06524,40.119],[-75.06739,40.11957],[-75.06998,40.12156],[-75.07636,40.12066],[-75.08924,40.12735],[-75.09601,40.12647],[-75.09899,40.12741],[-75.10656,40.12605],[-75.11169,40.12907],[-75.11216,40.12991]],[[-75.14422,40.15754],[-75.14155,40.156],[-75.25554,40.22474]],[[-75.47164,40.33905],[-75.46192,40.33551],[-75.45799,40.33163],[-75.45154,40.32805],[-75.44094,40.31707],[-75.40675,40.29584],[-75.3936,40.28331],[-75.38007,40.27476],[-75.37913,40.27301],[-75.37951,40.26981],[-75.37885,40.26895],[-75.37062,40.26399],[-75.3672,40.26092],[-75.3608,40.25703],[-75.35729,40.25682],[-75.35145,40.2543],[-75.34992,40.25287],[-75.34875,40.25003],[-75.34156,40.24573]],[[-75.12143,40.14398],[-75.11652,40.14106],[-75.14155,40.156]],[[-75.02879,40.10255],[-75.02696,40.10155],[-75.02174,40.10017],[-75.01506,40.09454]],[[-75.0264,40.1014],[-75.02197,40.10017],[-75.0175,40.09657]],[[-75.06882,40.12092],[-75.0676,40.11955],[-75.06583,40.11905]],[[-75.11269,40.1388],[-75.11652,40.14106]],[[-75.12768,40.1477],[-75.1314,40.14994]],[[-75.39047,40.28169],[-75.39377,40.28349]]]}},{"type":"Feature","properties":{"t":2,"n":"North Delaware Avenue"},"geometry":{"type":"MultiLineString","coordinates":[[[-75.13708,39.96018],[-75.13604,39.96281],[-75.1336,39.96498],[-75.13025,39.96638],[-75.12628,39.96924],[-75.12326,39.97064]],[[-75.12329,39.97076],[-75.12644,39.96933],[-75.13008,39.96666],[-75.13373,39.96513],[-75.13622,39.96288],[-75.1373,39.96023]]]}},{"type":"Feature","properties":{"t":2,"n":"Evans Street"},"geometry":{"type":"MultiLineString","coordinates":[[[-75.00077,40.11145],[-75.00355,40.11085]]]}},{"type":"Feature","properties":{"t":2,"n":"Montgomery Drive"},"geometry":{"type":"MultiLineString","coordinates":[[[-75.21568,39.98581],[-75.21414,39.98602],[-75.21211,39.98531],[-75.20755,39.98676]]]}},{"type":"Feature","properties":{"t":2,"n":"East Oregon Avenue"},"geometry":{"type":"MultiLineString","coordinates":[[[-75.15001,39.91407],[-75.13808,39.91253]]]}},{"type":"Feature","properties":{"t":1,"n":"PA 73"},"geometry":{"type":"MultiLineString","coordinates":[[[-75.04297,40.01201],[-75.04569,40.01563],[-75.04795,40.01742]]]}},{"type":"Feature","properties":{"t":2,"n":"Saint Lukes Street"},"geometry":{"type":"MultiLineString","coordinates":[[[-75.1522,40.02],[-75.14895,40.01959]]]}},{"type":"Feature","properties":{"t":2,"n":"North 63rd Street"},"geometry":{"type":"MultiLineString","coordinates":[[[-75.24668,39.96311],[-75.24488,39.97187],[-75.24752,39.98566],[-75.25082,39.9898]]]}},{"type":"Feature","properties":{"t":2,"n":"North 5th Street"},"geometry":{"type":"MultiLineString","coordinates":[[[-75.14834,39.95333],[-75.14657,39.96124]],[[-75.14762,39.95625],[-75.14715,39.9583]]]}},{"type":"Feature","properties":{"t":2,"n":"South 84th Street"},"geometry":{"type":"MultiLineString","coordinates":[[[-75.24173,39.89194],[-75.25525,39.89882]],[[-75.25527,39.89875],[-75.24185,39.89186]]]}},{"type":"Feature","properties":{"t":2,"n":"Independence Mall West"},"geometry":{"type":"MultiLineString","coordinates":[[[-75.14994,39.95277],[-75.15038,39.95074]]]}},{"type":"Feature","properties":{"t":2,"n":"Ridge Avenue"},"geometry":{"type":"MultiLineString","coordinates":[[[-75.2433,40.07351],[-75.24069,40.06949],[-75.23948,40.06313]]]}},{"type":"Feature","properties":{"t":2,"n":"Passyunk Avenue"},"geometry":{"type":"MultiLineString","coordinates":[[[-75.16935,39.92559],[-75.2201,39.91621]],[[-75.20813,39.91849],[-75.18816,39.92212]]]}},{"type":"Feature","properties":{"t":2,"n":"Green Lane"},"geometry":{"type":"MultiLineString","coordinates":[[[-75.22872,40.02549],[-75.2272,40.02691]]]}},{"type":"Feature","properties":{"t":2,"n":"Race Street"},"geometry":{"type":"MultiLineString","coordinates":[[[-75.14808,39.95442],[-75.14252,39.95378]]]}},{"type":"Feature","properties":{"t":2,"n":"City Avenue"},"geometry":{"type":"MultiLineString","coordinates":[[[-75.20511,40.01242],[-75.20966,40.00926]],[[-75.20824,40.00974],[-75.20474,40.01207]]]}},{"type":"Feature","properties":{"t":1,"n":"SR 4006"},"geometry":{"type":"MultiLineString","coordinates":[[[-75.21034,40.00871],[-75.20824,40.00974]]]}},{"type":"Feature","properties":{"t":2,"n":"East Godfrey Avenue"},"geometry":{"type":"MultiLineString","coordinates":[[[-75.11882,40.0444],[-75.1156,40.0439],[-75.11945,40.04448]]]}},{"type":"Feature","properties":{"t":2,"n":"PA 213"},"geometry":{"type":"MultiLineString","coordinates":[[[-74.99992,40.15458],[-74.99312,40.15754],[-74.98776,40.16128],[-74.97612,40.16739],[-74.9677,40.17363]],[[-74.8802,40.17901],[-74.89388,40.17667],[-74.89905,40.17703],[-74.89352,40.17661],[-74.88092,40.17841]],[[-74.96742,40.17387],[-74.95393,40.17428],[-74.94433,40.17545],[-74.93414,40.17413],[-74.91749,40.17665],[-74.90829,40.17887],[-74.89905,40.17703]]]}},{"type":"Feature","properties":{"t":2,"n":"PA 313"},"geometry":{"type":"MultiLineString","coordinates":[[[-75.33464,40.44137],[-75.33556,40.441],[-75.33901,40.44144],[-75.32823,40.44157],[-75.32428,40.43815],[-75.316,40.43843],[-75.29789,40.43181],[-75.28331,40.42562],[-75.26057,40.40776],[-75.19082,40.3642],[-75.18617,40.36233],[-75.1325,40.33001],[-75.13841,40.33355]],[[-75.1325,40.33001],[-75.08261,40.30054]],[[-75.33901,40.44144],[-75.35222,40.44255],[-75.35576,40.44361],[-75.3583,40.44372]]]}},{"type":"Feature","properties":{"t":2,"n":"PA 132"},"geometry":{"type":"MultiLineString","coordinates":[[[-74.93433,40.08319],[-74.94847,40.10029],[-74.95336,40.11063],[-74.95748,40.11473],[-74.96018,40.11867],[-74.96228,40.12206],[-74.96295,40.12565],[-74.96452,40.12761],[-74.97157,40.13023],[-74.9879,40.13936],[-74.99126,40.14436],[-75.10622,40.21037],[-75.09842,40.20593]],[[-75.12221,40.21969],[-75.12894,40.22335],[-75.11869,40.21768],[-75.12221,40.21969]],[[-75.12894,40.22335],[-75.13877,40.22956]],[[-74.93824,40.08779],[-74.93441,40.08314]],[[-75.13882,40.22944],[-75.13683,40.22833]],[[-75.10622,40.21037],[-75.11869,40.21768]],[[-74.97934,40.13452],[-74.97189,40.13027],[-74.9646,40.12753],[-74.96301,40.1255],[-74.9623,40.12182],[-74.96018,40.11867]]]}},{"type":"Feature","properties":{"t":1,"n":"PA 332"},"geometry":{"type":"MultiLineString","coordinates":[[[-74.9478,40.22644],[-74.9462,40.22181],[-74.94349,40.21887],[-74.93946,40.21717],[-74.93307,40.21639],[-74.92562,40.21874],[-74.90989,40.22233],[-74.90808,40.2236],[-74.90288,40.23014],[-74.90075,40.23149],[-74.88753,40.23298],[-74.88311,40.234],[-74.90063,40.23166],[-74.90299,40.23022],[-74.90824,40.22364],[-74.9099,40.22245],[-74.92731,40.21842],[-74.93292,40.21653],[-74.93957,40.21734],[-74.94342,40.21902],[-74.94602,40.22186],[-74.94763,40.22652]],[[-74.88311,40.234],[-74.87925,40.23497]]]}},{"type":"Feature","properties":{"t":2,"n":"US 202 Business"},"geometry":{"type":"MultiLineString","coordinates":[[[-75.1468,40.30328],[-75.15538,40.29995],[-75.15939,40.29902],[-75.16873,40.3008],[-75.17676,40.30092],[-75.18098,40.2996],[-75.19383,40.29368],[-75.19963,40.28992],[-75.20571,40.28762],[-75.20783,40.28575]],[[-75.22582,40.26832],[-75.22417,40.26991],[-75.23397,40.26034],[-75.23738,40.2557],[-75.23852,40.25288],[-75.24398,40.24733]],[[-75.20995,40.2841],[-75.22417,40.26991]],[[-75.14682,40.3034],[-75.15433,40.30034]],[[-75.24383,40.24734],[-75.24225,40.24899]]]}},{"type":"Feature","properties":{"t":1,"n":"PA 611"},"geometry":{"type":"MultiLineString","coordinates":[[[-75.12724,40.27688],[-75.13055,40.26688],[-75.12724,40.27688]],[[-75.18116,40.5543],[-75.18094,40.55338],[-75.18328,40.54576],[-75.17902,40.5334],[-75.17657,40.53051],[-75.17046,40.5251],[-75.16923,40.52325],[-75.16441,40.51921],[-75.16157,40.51528],[-75.16533,40.51318],[-75.16693,40.51004],[-75.17411,40.5033],[-75.17466,40.50182],[-75.17433,40.49808],[-75.17589,40.49517],[-75.17585,40.49402],[-75.16626,40.47943],[-75.15141,40.45113],[-75.1484,40.44363],[-75.14265,40.43741],[-75.14109,40.43345],[-75.14175,40.42919],[-75.1517,40.41161],[-75.15242,40.40796],[-75.14889,40.39715],[-75.14681,40.38841],[-75.1447,40.36861],[-75.13398,40.34395],[-75.13429,40.33511],[-75.13531,40.33175],[-75.14782,40.3137],[-75.14948,40.30872],[-75.14945,40.30406],[-75.14808,40.30079],[-75.14566,40.29795],[-75.12883,40.28836],[-75.12644,40.28566],[-75.12582,40.28314],[-75.1261,40.28527],[-75.1289,40.28858],[-75.14283,40.2962],[-75.1458,40.29839],[-75.14802,40.30112],[-75.14935,40.30492],[-75.14912,40.30931],[-75.14753,40.31374],[-75.13436,40.3333],[-75.13398,40.34054],[-75.13222,40.34455],[-75.13626,40.34944],[-75.13407,40.3445]],[[-75.1392,40.22835],[-75.13726,40.23405],[-75.14004,40.22596],[-75.13944,40.2105],[-75.13943,40.2119]],[[-75.13055,40.26688],[-75.13105,40.26157],[-75.13383,40.24948]],[[-75.13548,40.24655],[-75.13634,40.24388],[-75.1354,40.2465]],[[-75.12543,40.09265],[-75.12789,40.08667],[-75.12781,40.08427],[-75.12619,40.07931],[-75.12738,40.07694],[-75.12629,40.07934],[-75.12792,40.08422],[-75.12801,40.08669],[-75.12528,40.09305],[-75.12583,40.09727],[-75.12554,40.10341],[-75.12319,40.10809],[-75.12321,40.11201],[-75.11948,40.11852]],[[-75.12724,40.27688],[-75.12582,40.28314]],[[-75.12242,40.15769],[-75.12165,40.1543],[-75.12555,40.16696],[-75.12807,40.17202],[-75.12836,40.17793],[-75.1304,40.17999],[-75.13193,40.18362],[-75.13659,40.1913],[-75.13979,40.20491],[-75.13944,40.2105]],[[-75.12738,40.07694],[-75.13385,40.07114],[-75.13503,40.06529],[-75.13687,40.06174]],[[-75.13675,40.0617],[-75.13491,40.06523],[-75.13372,40.0711],[-75.12948,40.07474]],[[-75.11405,40.1363],[-75.11222,40.13992],[-75.11508,40.13482],[-75.11645,40.13042],[-75.11756,40.12221],[-75.12331,40.11208],[-75.12331,40.10816],[-75.12553,40.10395],[-75.12587,40.10003]],[[-75.1173,40.12259],[-75.11668,40.12899],[-75.11406,40.13628]],[[-75.11696,40.14537],[-75.11563,40.14366],[-75.11974,40.14905],[-75.12165,40.1543]],[[-75.11563,40.14366],[-75.11251,40.14201],[-75.11192,40.1409],[-75.11222,40.13992]],[[-75.12337,40.16095],[-75.12805,40.17289]],[[-75.13726,40.23405],[-75.13634,40.24388]],[[-75.1307,40.18053],[-75.12866,40.17823],[-75.12823,40.17674]],[[-75.11924,40.11893],[-75.11731,40.12253]],[[-75.1346,40.24817],[-75.13329,40.25042],[-75.13274,40.25445]]]}},{"type":"Feature","properties":{"t":2,"n":"PA 152"},"geometry":{"type":"MultiLineString","coordinates":[[[-75.20783,40.28575],[-75.20995,40.2841]],[[-75.30665,40.35698],[-75.30518,40.35185],[-75.30378,40.34952],[-75.3036,40.34519]]]}},{"type":"Feature","properties":{"t":2,"n":"Bethlehem Road"},"geometry":{"type":"MultiLineString","coordinates":[[[-75.33185,40.39842],[-75.33724,40.40484]]]}},{"type":"Feature","properties":{"t":2,"n":"PA 413"},"geometry":{"type":"MultiLineString","coordinates":[[[-74.90943,40.16127],[-74.91206,40.15999],[-74.91111,40.15925]],[[-74.9223,40.18729],[-74.92397,40.18886],[-74.92212,40.18707],[-74.92136,40.18506],[-74.9193,40.18326],[-74.91741,40.17642],[-74.91379,40.16917],[-74.91415,40.16816],[-74.91575,40.1675],[-74.91333,40.1635],[-74.91206,40.15999]],[[-74.89743,40.16717],[-74.89802,40.16424],[-74.88277,40.1296],[-74.8804,40.11437]],[[-74.93177,40.21676],[-74.93004,40.20842],[-74.9295,40.19571],[-74.9269,40.19083],[-74.92397,40.18886]],[[-74.91588,40.17305],[-74.91386,40.16905],[-74.91432,40.16815],[-74.91579,40.16764],[-74.91488,40.1663]],[[-74.94587,40.23649],[-74.94681,40.23926],[-74.95797,40.25453],[-74.96906,40.26242],[-74.97968,40.26512],[-74.98386,40.26741],[-74.9943,40.28168],[-74.99952,40.2874],[-75.00198,40.2893],[-75.00363,40.29268],[-75.00588,40.29555],[-75.00891,40.29706],[-75.01496,40.30183],[-75.03142,40.30474],[-75.03908,40.30853],[-75.04308,40.30815],[-75.04767,40.30922],[-75.05168,40.31214],[-75.05204,40.31815],[-75.06057,40.32353]],[[-74.88178,40.12495],[-74.88228,40.12772]],[[-74.93173,40.21633],[-74.93105,40.21358]]]}},{"type":"Feature","properties":{"t":2,"n":"West Oakland Avenue"},"geometry":{"type":"MultiLineString","coordinates":[[[-75.1318,40.30793],[-75.13006,40.30922]]]}},{"type":"Feature","properties":{"t":1,"n":"PA 413"},"geometry":{"type":"MultiLineString","coordinates":[[[-74.8748,40.10205],[-74.8739,40.09849],[-74.87501,40.10263],[-74.8804,40.11437]],[[-74.87044,40.08377],[-74.87369,40.08733],[-74.87432,40.09401],[-74.87234,40.0979],[-74.8739,40.09849]],[[-75.06172,40.32547],[-75.06057,40.32353],[-75.0616,40.32549]],[[-74.94673,40.23635],[-74.94892,40.23542],[-74.95116,40.23335],[-74.9495,40.23143],[-74.9478,40.22644]],[[-74.87343,40.09637],[-74.87432,40.09401]],[[-74.95033,40.23395],[-74.94842,40.23557],[-74.94596,40.23636]],[[-74.94763,40.22652],[-74.95016,40.2327]],[[-74.8806,40.11436],[-74.87853,40.11016]]]}},{"type":"Feature","properties":{"t":2,"n":"Yardley-Morrisville Road"},"geometry":{"type":"MultiLineString","coordinates":[[[-74.80753,40.21749],[-74.81223,40.22091],[-74.82031,40.22813],[-74.82778,40.23323]]]}},{"type":"Feature","properties":{"t":2,"n":"South Main Street"},"geometry":{"type":"MultiLineString","coordinates":[[[-75.1279,40.29801],[-75.12846,40.30174],[-75.12802,40.29853]],[[-75.12846,40.30174],[-75.12958,40.30833],[-75.13048,40.31]],[[-75.27828,40.2109],[-75.27216,40.20877],[-75.26965,40.20726]],[[-74.83897,40.24247],[-74.83424,40.23912],[-74.82778,40.23323]],[[-75.39384,40.50487],[-75.39157,40.51025]]]}},{"type":"Feature","properties":{"t":2,"n":"PA 332"},"geometry":{"type":"MultiLineString","coordinates":[[[-74.87925,40.23497],[-74.85831,40.23746],[-74.85192,40.23694],[-74.84438,40.24172],[-74.83897,40.24247]]]}},{"type":"Feature","properties":{"t":2,"n":"Woolston Drive"},"geometry":{"type":"MultiLineString","coordinates":[[[-74.8242,40.19512],[-74.824,40.19367],[-74.8242,40.19512]],[[-74.82374,40.19147],[-74.824,40.19367]],[[-74.82406,40.19449],[-74.82364,40.19504],[-74.82204,40.19525],[-74.8242,40.19512]],[[-74.81514,40.19575],[-74.82204,40.19525]]]}},{"type":"Feature","properties":{"t":2,"n":"North Main Street"},"geometry":{"type":"MultiLineString","coordinates":[[[-74.83897,40.24247],[-74.84845,40.24873]],[[-75.13048,40.31],[-75.13073,40.32133],[-75.13006,40.32533]],[[-75.31312,40.37004],[-75.31186,40.361],[-75.31097,40.35973],[-75.30665,40.35698]],[[-75.27828,40.2109],[-75.28128,40.2116]]]}},{"type":"Feature","properties":{"t":2,"n":"West Trenton Avenue"},"geometry":{"type":"MultiLineString","coordinates":[[[-74.78407,40.21596],[-74.80381,40.20729],[-74.81519,40.19582]],[[-74.80434,40.2068],[-74.80018,40.20876]]]}},{"type":"Feature","properties":{"t":2,"n":"East Bridge Street"},"geometry":{"type":"MultiLineString","coordinates":[[[-74.76832,40.21047],[-74.77291,40.20952],[-74.7683,40.2104]],[[-75.54854,40.18143],[-75.54539,40.18254]]]}},{"type":"Feature","properties":{"t":1,"n":"PA 263"},"geometry":{"type":"MultiLineString","coordinates":[[[-75.10282,40.19131],[-75.1031,40.19006],[-75.10282,40.19131]],[[-75.10282,40.19131],[-75.09891,40.21256],[-75.09945,40.21854],[-75.0965,40.22439],[-75.09253,40.22854],[-75.09147,40.23096],[-75.09009,40.24224],[-75.09065,40.24627],[-75.08958,40.25353],[-75.08715,40.25844],[-75.08388,40.27244],[-75.08462,40.28408],[-75.08226,40.29574],[-75.08244,40.30117],[-75.07946,40.30528],[-75.05799,40.32597]],[[-75.1172,40.14568],[-75.11602,40.14622],[-75.11324,40.15331],[-75.11017,40.16772],[-75.11059,40.17036],[-75.10701,40.17418],[-75.1031,40.19006]],[[-75.11597,40.14434],[-75.11579,40.14705]],[[-75.09041,40.2482],[-75.09079,40.2457],[-75.09019,40.24239],[-75.09165,40.23068],[-75.09275,40.22844],[-75.09654,40.22454],[-75.0995,40.21877],[-75.09901,40.21283],[-75.10005,40.20546]],[[-75.11112,40.16338],[-75.11172,40.16079]]]}},{"type":"Feature","properties":{"t":2,"n":"Fayette Street"},"geometry":{"type":"MultiLineString","coordinates":[[[-75.31124,40.06881],[-75.29736,40.08291]]]}},{"type":"Feature","properties":{"t":2,"n":"PA 179"},"geometry":{"type":"MultiLineString","coordinates":[[[-74.97272,40.36044],[-74.97059,40.36113],[-74.97172,40.36136]],[[-74.94875,40.36492],[-74.95551,40.36385],[-74.95977,40.36473],[-74.96199,40.3647],[-74.97059,40.36113]]]}},{"type":"Feature","properties":{"t":2,"n":"PA 23"},"geometry":{"type":"MultiLineString","coordinates":[[[-75.23237,40.0064],[-75.23082,40.00683],[-75.22642,40.00126]],[[-75.54855,40.14414],[-75.54678,40.14021],[-75.54236,40.13573],[-75.53955,40.13398],[-75.50433,40.12024],[-75.49368,40.12048],[-75.4874,40.11756],[-75.47959,40.11019],[-75.47514,40.1018],[-75.47072,40.09893],[-75.46331,40.09997],[-75.45924,40.09986],[-75.45287,40.10313],[-75.44615,40.10348],[-75.44451,40.10423],[-75.42611,40.10412],[-75.42318,40.1045],[-75.42169,40.10377],[-75.42042,40.1007],[-75.41216,40.10317],[-75.40896,40.10492],[-75.40779,40.10617],[-75.40412,40.10404],[-75.4007,40.10315]],[[-75.4153,40.1022],[-75.41984,40.10087]],[[-75.40066,40.10326],[-75.40425,40.10413]]]}},{"type":"Feature","properties":{"t":2,"n":"US 1 BUS"},"geometry":{"type":"MultiLineString","coordinates":[[[-74.90031,40.16583],[-74.89663,40.16766],[-74.88671,40.17545]],[[-74.85562,40.18427],[-74.86063,40.18273],[-74.85278,40.18518],[-74.84131,40.19017],[-74.82006,40.19195],[-74.82722,40.19111]],[[-74.90044,40.16576],[-74.9022,40.16483],[-74.89983,40.16593]],[[-74.95183,40.14885],[-74.95008,40.15],[-74.93417,40.15512],[-74.92608,40.15532],[-74.91177,40.15894],[-74.90929,40.16135],[-74.9022,40.16483]],[[-74.82006,40.19195],[-74.8174,40.19374]],[[-74.89962,40.16603],[-74.89743,40.16717]],[[-74.88271,40.17763],[-74.87942,40.17899],[-74.8671,40.18115],[-74.88054,40.17893],[-74.88664,40.1755],[-74.88335,40.17735]],[[-74.8671,40.18115],[-74.86063,40.18273]],[[-74.94801,40.1503],[-74.94385,40.15194]],[[-74.80492,40.19671],[-74.81519,40.19582],[-74.81772,40.19354]]]}},{"type":"Feature","properties":{"t":2,"n":"Oxford Valley Road"},"geometry":{"type":"MultiLineString","coordinates":[[[-74.86507,40.19413],[-74.86584,40.19086],[-74.87034,40.18433],[-74.87025,40.17957],[-74.85478,40.17352],[-74.84921,40.16843],[-74.84173,40.16549]],[[-74.86949,40.17928],[-74.87025,40.17957],[-74.87023,40.18414],[-74.86569,40.19081],[-74.86486,40.19413]]]}},{"type":"Feature","properties":{"t":2,"n":"County Line Road"},"geometry":{"type":"MultiLineString","coordinates":[[[-75.19171,40.24396],[-75.13943,40.2119]],[[-75.19274,40.24459],[-75.26147,40.28507]],[[-75.3218,40.01743],[-75.32851,40.02594]],[[-75.00912,40.13435],[-75.00691,40.13308]]]}},{"type":"Feature","properties":{"t":2,"n":"West Butler Avenue"},"geometry":{"type":"MultiLineString","coordinates":[[[-75.22385,40.15375],[-75.22752,40.1523],[-75.23109,40.14924],[-75.23546,40.14817]]]}},{"type":"Feature","properties":{"t":2,"n":"Ridge Pike"},"geometry":{"type":"MultiLineString","coordinates":[[[-75.2433,40.07351],[-75.25086,40.07906],[-75.25498,40.08409],[-75.25948,40.08683],[-75.28032,40.09298]],[[-75.3952,40.14686],[-75.40027,40.15481],[-75.41752,40.16503],[-75.42824,40.17003],[-75.43166,40.17222],[-75.44437,40.18309],[-75.44655,40.18427],[-75.44872,40.18426],[-75.44954,40.1849]]]}},{"type":"Feature","properties":{"t":2,"n":"East Trenton Avenue"},"geometry":{"type":"MultiLineString","coordinates":[[[-74.78407,40.21596],[-74.77962,40.21856]]]}},{"type":"Feature","properties":{"t":2,"n":"PA 363"},"geometry":{"type":"MultiLineString","coordinates":[[[-75.40038,40.13189],[-75.40671,40.12575],[-75.38978,40.14224],[-75.3952,40.14686],[-75.37592,40.16573],[-75.37317,40.16725],[-75.36852,40.17175],[-75.36586,40.17679],[-75.35464,40.18826],[-75.35146,40.19235],[-75.34806,40.19918],[-75.34375,40.20443],[-75.34212,40.20551],[-75.33766,40.20662],[-75.33593,40.2076],[-75.29519,40.24841]],[[-75.42085,40.11199],[-75.40671,40.12575]]]}},{"type":"Feature","properties":{"t":2,"n":"North Bethlehem Pike"},"geometry":{"type":"MultiLineString","coordinates":[[[-75.21495,40.15942],[-75.21594,40.16024],[-75.21787,40.16427],[-75.22379,40.17136],[-75.22778,40.18482],[-75.22738,40.18679],[-75.22424,40.19146],[-75.22418,40.20024]],[[-75.21233,40.13781],[-75.21287,40.14191],[-75.21251,40.14812]],[[-75.22407,40.19721],[-75.22398,40.19936]]]}},{"type":"Feature","properties":{"t":2,"n":"PA 32"},"geometry":{"type":"MultiLineString","coordinates":[[[-74.78824,40.2009],[-74.78749,40.20146],[-74.79271,40.19833]],[[-74.77291,40.20952],[-74.78749,40.20146]]]}},{"type":"Feature","properties":{"t":2,"n":"PA 463"},"geometry":{"type":"MultiLineString","coordinates":[[[-75.29778,40.27848],[-75.26521,40.25864],[-75.25108,40.25164],[-75.24168,40.24614],[-75.21785,40.23107],[-75.13384,40.18083],[-75.12998,40.17953]],[[-75.29781,40.2785],[-75.29957,40.27959],[-75.30364,40.27629],[-75.30768,40.27448],[-75.31939,40.26309]],[[-75.24168,40.24614],[-75.24815,40.24995]]]}},{"type":"Feature","properties":{"t":2,"n":"PA 113"},"geometry":{"type":"MultiLineString","coordinates":[[[-75.52814,40.1296],[-75.5268,40.12915],[-75.5225,40.13055],[-75.52138,40.13275],[-75.51848,40.1337],[-75.51869,40.1379],[-75.51947,40.13961],[-75.51432,40.14106],[-75.51507,40.14252],[-75.51446,40.1437],[-75.5107,40.14652],[-75.50738,40.15046],[-75.50744,40.15464],[-75.50872,40.15685],[-75.51111,40.15809],[-75.51427,40.16162],[-75.51015,40.16248],[-75.49977,40.16686],[-75.49615,40.17138],[-75.45834,40.20934],[-75.45137,40.20959],[-75.44744,40.209],[-75.44499,40.20932],[-75.43512,40.2074],[-75.43292,40.20761],[-75.42422,40.21592],[-75.42108,40.21592],[-75.41661,40.22019],[-75.41427,40.22008],[-75.40236,40.23198],[-75.40185,40.23834],[-75.40262,40.24635],[-75.40377,40.24893],[-75.40377,40.25453],[-75.40673,40.26148],[-75.40303,40.26625],[-75.40032,40.26792],[-75.39571,40.27241],[-75.39556,40.27377],[-75.39695,40.27657],[-75.39638,40.27821],[-75.38325,40.29072],[-75.37731,40.29325],[-75.36608,40.30375],[-75.35866,40.30695],[-75.35318,40.31203],[-75.35107,40.31321],[-75.33139,40.31564],[-75.32093,40.30934],[-75.31725,40.31163],[-75.31368,40.31304],[-75.30795,40.31769],[-75.30886,40.31691]],[[-75.30349,40.32164],[-75.30795,40.31769]],[[-75.69555,40.01343],[-75.69561,40.01141],[-75.69509,40.0169],[-75.69389,40.02007],[-75.68924,40.02601],[-75.67677,40.03338],[-75.67315,40.03616],[-75.66956,40.04011],[-75.66388,40.04302],[-75.65954,40.05429],[-75.64958,40.06511],[-75.63894,40.07218],[-75.63546,40.0755],[-75.63378,40.07971],[-75.63015,40.08359],[-75.62828,40.08807],[-75.62282,40.09315],[-75.61549,40.09621],[-75.60317,40.10728],[-75.59677,40.10963],[-75.59216,40.11277],[-75.58131,40.12344],[-75.56796,40.12669],[-75.55869,40.12994],[-75.5559,40.1302],[-75.5427,40.12946],[-75.5377,40.13068],[-75.53491,40.13216]]]}},{"type":"Feature","properties":{"t":2,"n":"Swede Road"},"geometry":{"type":"MultiLineString","coordinates":[[[-75.33268,40.13445],[-75.32616,40.14107],[-75.32016,40.14386],[-75.31869,40.14519],[-75.31954,40.1444]],[[-75.31869,40.14519],[-75.31688,40.1469],[-75.30513,40.15218]]]}},{"type":"Feature","properties":{"t":2,"n":"Washington Lane"},"geometry":{"type":"MultiLineString","coordinates":[[[-75.15408,40.07173],[-75.14219,40.08374]]]}},{"type":"Feature","properties":{"t":2,"n":"Taylorsville Road"},"geometry":{"type":"MultiLineString","coordinates":[[[-74.84845,40.24873],[-74.85117,40.25068],[-74.85505,40.25622]],[[-74.85345,40.25393],[-74.85487,40.25624]]]}},{"type":"Feature","properties":{"t":2,"n":"South Bethlehem Pike"},"geometry":{"type":"MultiLineString","coordinates":[[[-75.21233,40.13781],[-75.21408,40.13333],[-75.21616,40.13132],[-75.21786,40.12824],[-75.21721,40.12223]],[[-75.21495,40.15942],[-75.2141,40.15854],[-75.21251,40.14812]]]}},{"type":"Feature","properties":{"t":2,"n":"South Township Line Road"},"geometry":{"type":"MultiLineString","coordinates":[[[-75.52941,40.19326],[-75.5266,40.19402],[-75.52006,40.1992],[-75.51411,40.20054],[-75.49973,40.21495]],[[-75.52704,40.19379],[-75.52266,40.19722]]]}},{"type":"Feature","properties":{"t":2,"n":"Sumneytown Pike"},"geometry":{"type":"MultiLineString","coordinates":[[[-75.22783,40.18558],[-75.24777,40.19669],[-75.25539,40.20208],[-75.26024,40.20424]],[[-75.29224,40.21656],[-75.29909,40.21941],[-75.31437,40.22952],[-75.33969,40.24453]]]}},{"type":"Feature","properties":{"t":2,"n":"PA 412"},"geometry":{"type":"MultiLineString","coordinates":[[[-75.29628,40.54756],[-75.3022,40.54598],[-75.3068,40.54553],[-75.31822,40.55049],[-75.3383,40.55442],[-75.34086,40.55595],[-75.34127,40.55815]],[[-75.26832,40.55656],[-75.26626,40.55473],[-75.25946,40.5533],[-75.25378,40.55026],[-75.25144,40.54962],[-75.25096,40.54786],[-75.25184,40.54528],[-75.25158,40.54354],[-75.24702,40.54082],[-75.24089,40.53868],[-75.23633,40.53396],[-75.23046,40.53328],[-75.22607,40.53143],[-75.2225,40.53083],[-75.21881,40.52938],[-75.21428,40.52656],[-75.20588,40.52354],[-75.2006,40.52084],[-75.19538,40.51337],[-75.18917,40.50797],[-75.18307,40.50025],[-75.17595,40.49441]]]}},{"type":"Feature","properties":{"t":2,"n":"PA 232"},"geometry":{"type":"MultiLineString","coordinates":[[[-74.99371,40.28088],[-74.99419,40.2768],[-74.99933,40.26113],[-75.00472,40.25754],[-75.00873,40.25268],[-75.00822,40.24099],[-75.01091,40.21108],[-75.01739,40.20672],[-75.03184,40.19259],[-75.03243,40.19129],[-75.03193,40.18783],[-75.03233,40.18657],[-75.04352,40.17532],[-75.04871,40.15827],[-75.05195,40.15398],[-75.05912,40.14837],[-75.05985,40.14721],[-75.06159,40.1372],[-75.06235,40.12703],[-75.0637,40.12341],[-75.07104,40.11486],[-75.07816,40.11009],[-75.08299,40.10783],[-75.07835,40.10987],[-75.07095,40.11481],[-75.06658,40.12042]],[[-75.08895,40.08049],[-75.09351,40.08485],[-75.08842,40.07999],[-75.08895,40.08049]],[[-75.08905,40.04437],[-75.08616,40.05002],[-75.08679,40.05314],[-75.08588,40.05446],[-75.08564,40.0576],[-75.0835,40.06188],[-75.08522,40.0771],[-75.08842,40.07999]],[[-75.08502,40.03129],[-75.08545,40.03179],[-75.08497,40.03302],[-75.08716,40.03481],[-75.08869,40.03797],[-75.08817,40.04094],[-75.08899,40.04423]],[[-75.09048,40.09827],[-75.09209,40.09584],[-75.09145,40.09724],[-75.08637,40.10242],[-75.0848,40.10592],[-75.08299,40.10783]],[[-75.09365,40.09024],[-75.0938,40.08853],[-75.09293,40.09279],[-75.09365,40.09024]],[[-75.09293,40.09279],[-75.09209,40.09584]],[[-75.09351,40.08485],[-75.0938,40.08853]]]}},{"type":"Feature","properties":{"t":2,"n":"Plank Road"},"geometry":{"type":"MultiLineString","coordinates":[[[-75.45212,40.24229],[-75.45387,40.24093]],[[-75.45395,40.24091],[-75.45633,40.24037]]]}},{"type":"Feature","properties":{"t":2,"n":"East Montgomery Avenue"},"geometry":{"type":"MultiLineString","coordinates":[[[-75.27294,40.01296],[-75.27653,40.01015],[-75.28023,40.00855],[-75.28998,40.00951]]]}},{"type":"Feature","properties":{"t":2,"n":"Norristown Road"},"geometry":{"type":"MultiLineString","coordinates":[[[-75.22783,40.18558],[-75.21166,40.17977]]]}},{"type":"Feature","properties":{"t":2,"n":"Church Road"},"geometry":{"type":"MultiLineString","coordinates":[[[-75.12738,40.07694],[-75.12817,40.07898],[-75.13026,40.08051],[-75.13527,40.08152],[-75.13949,40.08331],[-75.14219,40.08374]]]}},{"type":"Feature","properties":{"t":2,"n":"East Germantown Pike"},"geometry":{"type":"MultiLineString","coordinates":[[[-75.31256,40.14177],[-75.30614,40.13696],[-75.3034,40.13561],[-75.30127,40.13286],[-75.30073,40.13023],[-75.29934,40.12864],[-75.29021,40.12287]],[[-75.27866,40.10267],[-75.26565,40.09561],[-75.25428,40.08785]]]}},{"type":"Feature","properties":{"t":2,"n":"West High Street"},"geometry":{"type":"MultiLineString","coordinates":[[[-75.65557,40.24632],[-75.66873,40.24953],[-75.67272,40.24898],[-75.68368,40.24535],[-75.69194,40.24733]]]}},{"type":"Feature","properties":{"t":2,"n":"West County Line Road"},"geometry":{"type":"MultiLineString","coordinates":[[[-75.13943,40.2119],[-75.1031,40.19006]],[[-75.09019,40.18248],[-75.08082,40.17688]]]}},{"type":"Feature","properties":{"t":2,"n":"Levittown Parkway"},"geometry":{"type":"MultiLineString","coordinates":[[[-74.84196,40.16547],[-74.83363,40.16202],[-74.8179,40.1407],[-74.83352,40.16209],[-74.84173,40.16549]]]}},{"type":"Feature","properties":{"t":2,"n":"East Ridge Pike"},"geometry":{"type":"MultiLineString","coordinates":[[[-75.28659,40.09422],[-75.28032,40.09298]],[[-75.32474,40.10854],[-75.318,40.10769],[-75.31396,40.10524]],[[-75.49484,40.21187],[-75.49973,40.21495]]]}},{"type":"Feature","properties":{"t":2,"n":"PA 212"},"geometry":{"type":"MultiLineString","coordinates":[[[-75.29628,40.54756],[-75.29177,40.555]]]}},{"type":"Feature","properties":{"t":2,"n":"West Butler Pike"},"geometry":{"type":"MultiLineString","coordinates":[[[-75.23546,40.14817],[-75.24426,40.13898]]]}},{"type":"Feature","properties":{"t":2,"n":"Matsonford Road"},"geometry":{"type":"MultiLineString","coordinates":[[[-75.31512,40.06738],[-75.31124,40.06881],[-75.31238,40.06801],[-75.31654,40.06708],[-75.32084,40.06751],[-75.32919,40.06399]]]}},{"type":"Feature","properties":{"t":2,"n":"Byberry Road"},"geometry":{"type":"MultiLineString","coordinates":[[[-75.10688,40.1746],[-75.09994,40.17458],[-75.0985,40.17412],[-75.09469,40.17053],[-75.00711,40.11867],[-75.00334,40.11039],[-74.99891,40.10647]]]}},{"type":"Feature","properties":{"t":2,"n":"South Gulph Road"},"geometry":{"type":"MultiLineString","coordinates":[[[-75.38743,40.08448],[-75.36176,40.0774],[-75.34801,40.07453],[-75.34414,40.07292]]]}},{"type":"Feature","properties":{"t":2,"n":"North Trooper Road"},"geometry":{"type":"MultiLineString","coordinates":[[[-75.38978,40.14224],[-75.37374,40.15825]]]}},{"type":"Feature","properties":{"t":2,"n":"Meyers Road"},"geometry":{"type":"MultiLineString","coordinates":[[[-75.47183,40.24199],[-75.46484,40.24341],[-75.46309,40.24311]]]}},{"type":"Feature","properties":{"t":2,"n":"PA 663"},"geometry":{"type":"MultiLineString","coordinates":[[[-75.56599,40.31938],[-75.55124,40.33459],[-75.54247,40.34715],[-75.54069,40.35145],[-75.53945,40.35247],[-75.53519,40.3541],[-75.52938,40.35833],[-75.52261,40.36603],[-75.52088,40.37128],[-75.51549,40.37573],[-75.50625,40.38763],[-75.50412,40.39136],[-75.49305,40.4023],[-75.48736,40.40523],[-75.49278,40.40264],[-75.49461,40.40062]],[[-75.35825,40.44364],[-75.3668,40.44406],[-75.3851,40.44176],[-75.40155,40.43831],[-75.41112,40.43576],[-75.42971,40.43383],[-75.43245,40.43226],[-75.44211,40.4235],[-75.45141,40.4201],[-75.46078,40.41379],[-75.47842,40.40937],[-75.48736,40.40523]],[[-75.3583,40.44372],[-75.36494,40.44413]],[[-75.43264,40.43206],[-75.4303,40.43347],[-75.42813,40.43407],[-75.41244,40.43557]]]}},{"type":"Feature","properties":{"t":1,"n":"US 422"},"geometry":{"type":"MultiLineString","coordinates":[[[-75.7196,40.25339],[-75.71768,40.25086],[-75.71508,40.2491],[-75.69836,40.24354],[-75.69102,40.23946],[-75.68645,40.23948],[-75.68069,40.2426],[-75.67635,40.24313],[-75.66609,40.24146],[-75.65778,40.23905],[-75.65109,40.23775],[-75.64055,40.2341],[-75.62871,40.23119],[-75.61738,40.23338],[-75.60995,40.23945],[-75.60628,40.24076],[-75.59456,40.2411],[-75.58759,40.24306],[-75.57631,40.24142],[-75.5716,40.23974],[-75.55136,40.22802],[-75.54383,40.21578],[-75.53391,40.20137],[-75.53159,40.19885],[-75.52463,40.19495],[-75.52183,40.19247],[-75.51947,40.18911],[-75.51635,40.18129],[-75.51285,40.17728],[-75.5087,40.17462],[-75.49935,40.17087],[-75.48925,40.16516],[-75.476,40.15948],[-75.46473,40.15358],[-75.46245,40.15158],[-75.45909,40.14643],[-75.45265,40.14167],[-75.44902,40.13816],[-75.44755,40.13576],[-75.44737,40.13362],[-75.45084,40.128],[-75.45114,40.12266],[-75.45449,40.11714],[-75.45453,40.11519],[-75.45329,40.11331],[-75.45076,40.11212],[-75.44782,40.11205],[-75.4268,40.11633],[-75.42407,40.11595],[-75.42186,40.11465],[-75.42035,40.11196],[-75.41996,40.10399],[-75.41838,40.1],[-75.41796,40.09428],[-75.409,40.08221]],[[-75.40853,40.08194],[-75.41773,40.09456],[-75.41814,40.10005],[-75.41968,40.10395],[-75.42009,40.11211],[-75.42147,40.11461],[-75.42385,40.11609],[-75.42691,40.11658],[-75.44829,40.1123],[-75.45075,40.11244],[-75.45268,40.11326],[-75.45411,40.11513],[-75.45418,40.11679],[-75.45086,40.12236],[-75.45059,40.12749],[-75.44745,40.13226],[-75.44688,40.13447],[-75.44836,40.13816],[-75.45456,40.14543],[-75.45966,40.15009],[-75.46541,40.15426],[-75.47598,40.15971],[-75.48899,40.16525],[-75.4997,40.17125],[-75.50853,40.17475],[-75.51269,40.17741],[-75.51638,40.18182],[-75.51906,40.18883],[-75.52156,40.19255],[-75.52443,40.19506],[-75.52975,40.19788],[-75.53304,40.2006],[-75.54296,40.21489],[-75.55129,40.22828],[-75.5719,40.24012],[-75.57586,40.24151],[-75.58812,40.2432],[-75.59437,40.24125],[-75.60665,40.24083],[-75.61012,40.2395],[-75.61754,40.23345],[-75.62801,40.23129],[-75.64094,40.23432],[-75.65029,40.23766],[-75.65771,40.23916],[-75.66545,40.24144],[-75.67615,40.24322],[-75.67847,40.24327],[-75.68099,40.24262],[-75.68625,40.23965],[-75.69043,40.23944],[-75.69265,40.2402],[-75.6983,40.24366],[-75.71579,40.2496],[-75.71826,40.25164],[-75.72055,40.25493],[-75.72426,40.25614],[-75.72879,40.26038],[-75.73294,40.26257],[-75.73722,40.26363],[-75.75029,40.26466],[-75.75462,40.26577],[-75.77948,40.2735],[-75.79091,40.27907],[-75.80792,40.2852],[-75.81532,40.28728]],[[-75.80504,40.28026],[-75.80311,40.27961],[-75.79723,40.27899],[-75.7929,40.27711],[-75.78494,40.27595],[-75.77956,40.27345],[-75.75214,40.26492],[-75.73592,40.26234],[-75.73291,40.26107],[-75.72715,40.25615],[-75.72177,40.25476]]]}},{"type":"Feature","properties":{"t":2,"n":"Butler Pike"},"geometry":{"type":"MultiLineString","coordinates":[[[-75.24426,40.13898],[-75.26772,40.1142],[-75.27108,40.11316],[-75.27055,40.11134],[-75.27866,40.10267]],[[-75.29736,40.08291],[-75.2783,40.10247]]]}},{"type":"Feature","properties":{"t":2,"n":"Ott Road"},"geometry":{"type":"MultiLineString","coordinates":[[[-75.46309,40.24311],[-75.45794,40.24035],[-75.45633,40.24037]]]}},{"type":"Feature","properties":{"t":2,"n":"West State Street"},"geometry":{"type":"MultiLineString","coordinates":[[[-75.13048,40.31],[-75.1331,40.30865],[-75.14084,40.3065],[-75.14437,40.30421],[-75.14682,40.3034]],[[-75.1468,40.30328],[-75.14433,40.30407],[-75.14301,40.30507]]]}},{"type":"Feature","properties":{"t":2,"n":"North Warner Road"},"geometry":{"type":"MultiLineString","coordinates":[[[-75.4009,40.08547],[-75.40122,40.08253]]]}},{"type":"Feature","properties":{"t":1,"n":"Cheltenham Avenue"},"geometry":{"type":"MultiLineString","coordinates":[[[-75.11953,40.0517],[-75.13913,40.06323]],[[-75.13898,40.063],[-75.12212,40.05317]]]}},{"type":"Feature","properties":{"t":2,"n":"East High Street"},"geometry":{"type":"MultiLineString","coordinates":[[[-75.65557,40.24632],[-75.63478,40.24372],[-75.62803,40.24426],[-75.61926,40.24322],[-75.6151,40.24406],[-75.60116,40.24434],[-75.59488,40.2451],[-75.57381,40.24374]],[[-75.57373,40.24381],[-75.57626,40.24396]]]}},{"type":"Feature","properties":{"t":2,"n":"North Sumneytown Pike"},"geometry":{"type":"MultiLineString","coordinates":[[[-75.28128,40.2116],[-75.28668,40.21317],[-75.29224,40.21656]]]}},{"type":"Feature","properties":{"t":2,"n":"West Montgomery Avenue"},"geometry":{"type":"MultiLineString","coordinates":[[[-75.28998,40.00951],[-75.29466,40.01176]],[[-75.31891,40.02474],[-75.32199,40.02621],[-75.33278,40.04186]]]}},{"type":"Feature","properties":{"t":2,"n":"West Ridge Pike"},"geometry":{"type":"MultiLineString","coordinates":[[[-75.49973,40.21495],[-75.51323,40.22284],[-75.51885,40.22924],[-75.52293,40.23142],[-75.53232,40.23428],[-75.5452,40.24152],[-75.54926,40.24218],[-75.57373,40.24381]],[[-75.57381,40.24374],[-75.56946,40.24281],[-75.56616,40.24328]],[[-75.31148,40.10364],[-75.30675,40.1021],[-75.29536,40.09558],[-75.29389,40.09533],[-75.3019,40.09934]],[[-75.28659,40.09422],[-75.29389,40.09533]]]}},{"type":"Feature","properties":{"t":2,"n":"Pennsylvania Avenue"},"geometry":{"type":"MultiLineString","coordinates":[[[-75.21233,40.13781],[-75.20379,40.13299]]]}},{"type":"Feature","properties":{"t":2,"n":"Main Street"},"geometry":{"type":"MultiLineString","coordinates":[[[-75.54539,40.18254],[-75.54082,40.18382],[-75.52941,40.19326]],[[-75.24698,39.91686],[-75.24971,39.91645],[-75.25842,39.9184],[-75.2602,39.9181],[-75.26211,39.91851],[-75.26753,39.92541],[-75.26811,39.92688]]]}},{"type":"Feature","properties":{"t":2,"n":"Montgomery Avenue"},"geometry":{"type":"MultiLineString","coordinates":[[[-75.27294,40.01296],[-75.27129,40.01345],[-75.26513,40.01322],[-75.2429,40.00536],[-75.23472,40.00557],[-75.23237,40.0064]],[[-75.29466,40.01176],[-75.29683,40.01285],[-75.30274,40.01743],[-75.31668,40.02373]],[[-75.31684,40.0238],[-75.31891,40.02474]]]}},{"type":"Feature","properties":{"t":2,"n":"PA 513"},"geometry":{"type":"MultiLineString","coordinates":[[[-74.94502,40.0961],[-74.92176,40.13132],[-74.91173,40.14251],[-74.91284,40.14413],[-74.91178,40.1534],[-74.91206,40.15999]]]}},{"type":"Feature","properties":{"t":2,"n":"West Germantown Pike"},"geometry":{"type":"MultiLineString","coordinates":[[[-75.27866,40.10267],[-75.28068,40.10379],[-75.28483,40.11111],[-75.28648,40.11876],[-75.28519,40.11147],[-75.28168,40.1056]],[[-75.4022,40.17252],[-75.39818,40.17185],[-75.39371,40.16985],[-75.38418,40.16403],[-75.37078,40.15702],[-75.36669,40.1559],[-75.35677,40.15434],[-75.33939,40.14985],[-75.31855,40.14532],[-75.31434,40.14299],[-75.3181,40.14505],[-75.32033,40.14564]],[[-75.28648,40.11876],[-75.28816,40.1214],[-75.29043,40.12315]],[[-75.31434,40.14299],[-75.31256,40.14177]]]}},{"type":"Feature","properties":{"t":2,"n":"East Butler Avenue"},"geometry":{"type":"MultiLineString","coordinates":[[[-75.22385,40.15375],[-75.21817,40.15635],[-75.21495,40.15942]]]}},{"type":"Feature","properties":{"t":2,"n":"Old Welsh Road"},"geometry":{"type":"MultiLineString","coordinates":[[[-75.11216,40.12991],[-75.11299,40.13247],[-75.11508,40.13482]]]}},{"type":"Feature","properties":{"t":2,"n":"East Township Line Road"},"geometry":{"type":"MultiLineString","coordinates":[[[-75.28729,40.13698],[-75.30765,40.14861]]]}},{"type":"Feature","properties":{"t":2,"n":"South Sumneytown Pike"},"geometry":{"type":"MultiLineString","coordinates":[[[-75.26965,40.20726],[-75.26024,40.20424]]]}},{"type":"Feature","properties":{"t":2,"n":"Germantown Pike"},"geometry":{"type":"MultiLineString","coordinates":[[[-75.4022,40.17252],[-75.40631,40.17373],[-75.41478,40.17828],[-75.42049,40.18016],[-75.42391,40.18077],[-75.42806,40.18049],[-75.4374,40.18317],[-75.44583,40.18389]],[[-75.25428,40.08785],[-75.24946,40.08418],[-75.23896,40.08614],[-75.23176,40.08658],[-75.23051,40.08604]]]}},{"type":"Feature","properties":{"t":2,"n":"Allendale Road"},"geometry":{"type":"MultiLineString","coordinates":[[[-75.38204,40.08822],[-75.38311,40.09002],[-75.38673,40.0928],[-75.38447,40.09107]],[[-75.4007,40.10315],[-75.39878,40.10212],[-75.40066,40.10326]],[[-75.38673,40.0928],[-75.39878,40.10212]]]}},{"type":"Feature","properties":{"t":2,"n":"East Butler Pike"},"geometry":{"type":"MultiLineString","coordinates":[[[-75.21495,40.15942],[-75.21111,40.1634],[-75.20522,40.16626],[-75.1871,40.18489],[-75.18326,40.18814]]]}},{"type":"Feature","properties":{"t":2,"n":"Egypt Road"},"geometry":{"type":"MultiLineString","coordinates":[[[-75.37836,40.13264],[-75.43266,40.1283],[-75.44142,40.1331],[-75.44453,40.13414],[-75.44767,40.13419],[-75.45633,40.13284],[-75.46653,40.1357],[-75.488,40.1401],[-75.50262,40.13908]],[[-75.44507,40.13422],[-75.44834,40.13424],[-75.45418,40.133]]]}},{"type":"Feature","properties":{"t":2,"n":"North Easton Road"},"geometry":{"type":"MultiLineString","coordinates":[[[-75.13006,40.32533],[-75.12928,40.32985],[-75.12946,40.3332],[-75.13407,40.3445]]]}},{"type":"Feature","properties":{"t":2,"n":"PA 724"},"geometry":{"type":"MultiLineString","coordinates":[[[-75.62644,40.22924],[-75.62813,40.23007],[-75.60162,40.21404],[-75.58635,40.20244],[-75.56884,40.18339]],[[-75.62813,40.23007],[-75.63458,40.23173],[-75.64544,40.23312],[-75.66623,40.2334],[-75.67982,40.23547],[-75.6894,40.23551],[-75.69193,40.2364],[-75.69568,40.2403],[-75.69866,40.24206],[-75.71141,40.24524],[-75.71387,40.24681],[-75.72405,40.24873],[-75.72666,40.24995],[-75.73074,40.25352],[-75.73233,40.2539],[-75.7357,40.25365],[-75.74044,40.25688],[-75.74572,40.2577],[-75.75658,40.25738],[-75.76334,40.25605],[-75.769,40.2562],[-75.7764,40.25892],[-75.77918,40.25907],[-75.78193,40.25845],[-75.78341,40.25875],[-75.79801,40.26491]],[[-75.56882,40.18338],[-75.56218,40.17864],[-75.55856,40.17401],[-75.54855,40.14414]],[[-75.66339,40.23334],[-75.65905,40.23344]]]}},{"type":"Feature","properties":{"t":1,"n":"PA 100"},"geometry":{"type":"MultiLineString","coordinates":[[[-75.5903,39.99291],[-75.59362,39.9956],[-75.59588,39.99949],[-75.59796,40.00171],[-75.60138,40.00376],[-75.61282,40.00795],[-75.61761,40.01466],[-75.62236,40.01803],[-75.63209,40.03402],[-75.63196,40.03799],[-75.63402,40.04203],[-75.63386,40.04779],[-75.63923,40.05297],[-75.64167,40.05505],[-75.64359,40.05584],[-75.65252,40.05597],[-75.66314,40.05805],[-75.68068,40.07138],[-75.66316,40.05791],[-75.65229,40.05583],[-75.644,40.05582],[-75.64055,40.05398],[-75.63402,40.04783],[-75.63411,40.04166],[-75.63206,40.03796],[-75.63223,40.03386],[-75.62267,40.01826],[-75.61775,40.01467],[-75.61446,40.00943],[-75.61253,40.00762],[-75.60189,40.00384],[-75.59874,40.00218],[-75.59649,40.00008],[-75.59343,39.99516]],[[-75.62749,40.35055],[-75.6222,40.34174],[-75.62098,40.3315],[-75.62395,40.32209],[-75.63332,40.31257],[-75.63709,40.30725],[-75.63746,40.30521],[-75.63628,40.29748],[-75.63832,40.29331],[-75.64232,40.29008],[-75.64357,40.28828],[-75.6459,40.27609],[-75.6465,40.2691],[-75.66107,40.25167],[-75.66137,40.24948],[-75.65877,40.23962],[-75.66101,40.22981],[-75.66094,40.22583],[-75.66115,40.22982],[-75.6589,40.23929],[-75.6614,40.24899],[-75.66139,40.25121],[-75.64662,40.2692],[-75.6461,40.27578],[-75.64377,40.28817],[-75.6424,40.29019],[-75.63834,40.2935],[-75.63644,40.29749],[-75.63761,40.30522],[-75.6372,40.30734],[-75.63351,40.31255],[-75.62426,40.32186],[-75.6211,40.33164],[-75.62235,40.34173],[-75.62815,40.35233],[-75.62783,40.35912],[-75.62572,40.36295],[-75.62455,40.3681],[-75.62351,40.36919],[-75.61223,40.37574],[-75.59016,40.3968],[-75.58745,40.40125],[-75.57121,40.42092],[-75.5658,40.42995],[-75.55562,40.44119],[-75.55261,40.44852]],[[-75.68817,40.07812],[-75.68786,40.07774],[-75.69518,40.09557],[-75.69506,40.09857],[-75.6961,40.10486],[-75.69401,40.11171],[-75.6944,40.12019],[-75.69053,40.1324],[-75.69076,40.13768],[-75.68985,40.14064],[-75.68563,40.1451],[-75.67539,40.14997],[-75.67185,40.15038],[-75.67072,40.15106],[-75.67024,40.1533],[-75.67088,40.15814],[-75.66974,40.16027],[-75.6702,40.1634],[-75.66609,40.16673],[-75.66334,40.17208],[-75.6626,40.17566],[-75.66127,40.17733],[-75.66192,40.18631],[-75.66388,40.19063],[-75.6625,40.19425],[-75.66241,40.1998],[-75.66049,40.20394],[-75.65976,40.22042],[-75.66094,40.22583]],[[-75.66003,40.21378],[-75.66023,40.2089]],[[-75.55328,40.44657],[-75.5525,40.44847]],[[-75.68068,40.07138],[-75.68786,40.07774]]]}},{"type":"Feature","properties":{"t":1,"n":"PA 41"},"geometry":{"type":"MultiLineString","coordinates":[[[-75.71391,39.79447],[-75.72336,39.79778],[-75.73822,39.8019],[-75.75187,39.80944],[-75.76795,39.81636],[-75.77897,39.82181],[-75.78321,39.8247],[-75.787,39.83094],[-75.80002,39.83803]],[[-75.74292,39.80446],[-75.74592,39.80616]]]}},{"type":"Feature","properties":{"t":2,"n":"US 322"},"geometry":{"type":"MultiLineString","coordinates":[[[-75.8125,40.0625],[-75.78977,40.05062],[-75.76568,40.0341],[-75.75827,40.03092],[-75.74817,40.02487],[-75.74102,40.0218],[-75.73098,40.01378],[-75.72496,40.0125],[-75.70595,40.00533],[-75.70325,40.00666],[-75.70134,39.99656],[-75.69608,39.99277],[-75.68505,39.97905],[-75.68307,39.97542],[-75.67955,39.973],[-75.67507,39.96848],[-75.67287,39.96828],[-75.66885,39.96961],[-75.66596,39.96988],[-75.65873,39.96787],[-75.64433,39.96852],[-75.63602,39.96735],[-75.63255,39.96617],[-75.62935,39.96768],[-75.62092,39.9702],[-75.59649,39.98154],[-75.59332,39.98204],[-75.59016,39.98135]],[[-75.72251,40.01161],[-75.72695,40.01295]]]}},{"type":"Feature","properties":{"t":2,"n":"Benjamin Franklin Highway"},"geometry":{"type":"MultiLineString","coordinates":[[[-75.72177,40.25476],[-75.70873,40.25168],[-75.69688,40.24799],[-75.69236,40.2474],[-75.6968,40.24807],[-75.70843,40.25167],[-75.71881,40.25415]]]}},{"type":"Feature","properties":{"t":2,"n":"US 322 BUS"},"geometry":{"type":"MultiLineString","coordinates":[[[-75.60447,39.95973],[-75.606,39.96142],[-75.61157,39.95901],[-75.6093,39.95894],[-75.60849,39.95789],[-75.60447,39.95973],[-75.59595,39.95186],[-75.59421,39.94938],[-75.58942,39.937]],[[-75.61177,39.95902],[-75.61692,39.95958],[-75.63255,39.96617]]]}},{"type":"Feature","properties":{"t":2,"n":"West Swedesford Road"},"geometry":{"type":"MultiLineString","coordinates":[[[-75.47516,40.06313],[-75.46962,40.05985]]]}},{"type":"Feature","properties":{"t":2,"n":"US 30 BUS"},"geometry":{"type":"MultiLineString","coordinates":[[[-75.72704,39.99877],[-75.80257,39.98671]],[[-75.66437,40.02149],[-75.67294,40.01961],[-75.65905,40.02265],[-75.62812,40.02811]],[[-75.70595,40.00533],[-75.71147,40.00205],[-75.71943,39.99983],[-75.72643,39.99886]],[[-75.70325,40.00666],[-75.70037,40.0073],[-75.69457,40.01201],[-75.6822,40.01733],[-75.67294,40.01961]],[[-75.58676,40.03275],[-75.60591,40.03024],[-75.62598,40.02852],[-75.63185,40.0274]],[[-75.6277,40.02817],[-75.62535,40.02849]]]}},{"type":"Feature","properties":{"t":2,"n":"US 322 Truck"},"geometry":{"type":"MultiLineString","coordinates":[[[-75.67305,40.01541],[-75.67592,40.01893],[-75.67305,40.01541]]]}},{"type":"Feature","properties":{"t":2,"n":"East Swedesford Road"},"geometry":{"type":"MultiLineString","coordinates":[[[-75.43669,40.07094],[-75.42681,40.07319]],[[-75.40122,40.08253],[-75.41186,40.08068],[-75.42926,40.07347],[-75.43458,40.07225],[-75.4376,40.0721]]]}},{"type":"Feature","properties":{"t":1,"n":"PA 3"},"geometry":{"type":"MultiLineString","coordinates":[[[-75.29427,39.96857],[-75.32684,39.97443],[-75.33307,39.97666],[-75.34732,39.97987],[-75.37524,39.98391],[-75.39138,39.98496],[-75.40051,39.98688],[-75.41636,39.98556],[-75.4281,39.97995],[-75.43919,39.97552],[-75.45067,39.97467],[-75.46218,39.97271],[-75.47197,39.97044],[-75.48873,39.96508],[-75.50179,39.96516],[-75.52692,39.96685],[-75.54523,39.96568],[-75.56505,39.96979],[-75.58296,39.96736]],[[-75.58214,39.96736],[-75.56505,39.96968],[-75.54505,39.96558],[-75.52697,39.96675],[-75.50188,39.96505],[-75.48879,39.96496],[-75.47192,39.97033],[-75.46209,39.97262],[-75.45065,39.97456],[-75.43914,39.97542],[-75.42803,39.97986],[-75.41631,39.98544],[-75.40078,39.98675],[-75.39122,39.98478],[-75.37527,39.98376],[-75.34736,39.97972],[-75.33314,39.97651],[-75.32672,39.97425],[-75.2946,39.96847]]]}},{"type":"Feature","properties":{"t":2,"n":"DE 2"},"geometry":{"type":"MultiLineString","coordinates":[[[-75.56773,39.75607],[-75.56881,39.75541],[-75.57716,39.74313],[-75.57843,39.74215],[-75.59113,39.73895],[-75.59485,39.73875],[-75.59875,39.73961],[-75.60824,39.73842],[-75.62484,39.73737],[-75.63689,39.73445],[-75.64023,39.73318],[-75.67144,39.71699],[-75.68747,39.70511],[-75.70379,39.69975]],[[-75.70263,39.69999],[-75.68683,39.70531],[-75.67136,39.71687],[-75.63731,39.73414],[-75.62475,39.73722],[-75.60692,39.73843],[-75.59856,39.73947],[-75.59485,39.73864],[-75.59131,39.73882],[-75.58319,39.74114],[-75.57633,39.74242],[-75.56712,39.7557]]]}},{"type":"Feature","properties":{"t":1,"n":"I 495"},"geometry":{"type":"MultiLineString","coordinates":[[[-75.44836,39.82032],[-75.45429,39.81578],[-75.45548,39.81353],[-75.45515,39.81133],[-75.45171,39.80633],[-75.45088,39.80407],[-75.45112,39.80119],[-75.45277,39.79848],[-75.45476,39.79675],[-75.46696,39.78914],[-75.47386,39.7827],[-75.48207,39.77347],[-75.48958,39.75968],[-75.49112,39.75792],[-75.49348,39.75643],[-75.49957,39.7542],[-75.50383,39.75103],[-75.51044,39.74798],[-75.52492,39.73226],[-75.54004,39.72044],[-75.54318,39.71858],[-75.54673,39.7175],[-75.56769,39.71686],[-75.58644,39.71349],[-75.58963,39.71219]],[[-75.58779,39.70554],[-75.58635,39.7109],[-75.58443,39.71276],[-75.58176,39.71403],[-75.56671,39.71672],[-75.54784,39.71711],[-75.54203,39.71895],[-75.5246,39.73227],[-75.51054,39.74759],[-75.504,39.7506],[-75.49972,39.75385],[-75.49324,39.75628],[-75.49089,39.75779],[-75.48914,39.75995],[-75.48206,39.773],[-75.47417,39.78199],[-75.46752,39.78839],[-75.45479,39.79636],[-75.45158,39.79956],[-75.45055,39.80215],[-75.45057,39.80404],[-75.45366,39.8098],[-75.45424,39.81227],[-75.45353,39.81471],[-75.45176,39.81697]]]}},{"type":"Feature","properties":{"t":2,"n":"DE 41"},"geometry":{"type":"MultiLineString","coordinates":[[[-75.63076,39.7361],[-75.6336,39.73854],[-75.63715,39.73997],[-75.64217,39.74293],[-75.66739,39.76768],[-75.67194,39.77383]],[[-75.67269,39.77412],[-75.67129,39.77266]],[[-75.64542,39.74627],[-75.64359,39.7444]],[[-75.65643,39.75714],[-75.65151,39.75207]],[[-75.63052,39.73602],[-75.63344,39.73855],[-75.63641,39.73965]]]}},{"type":"Feature","properties":{"t":2,"n":"DE 48"},"geometry":{"type":"MultiLineString","coordinates":[[[-75.60423,39.75871],[-75.55019,39.73698]],[[-75.54969,39.73767],[-75.57411,39.74763]],[[-75.60167,39.7578],[-75.60411,39.75882]]]}},{"type":"Feature","properties":{"t":1,"n":"DE 41"},"geometry":{"type":"MultiLineString","coordinates":[[[-75.68606,39.78575],[-75.70409,39.79109],[-75.68554,39.78553],[-75.67586,39.77623],[-75.67269,39.77412]],[[-75.71391,39.79447],[-75.70409,39.79109]],[[-75.67194,39.77383],[-75.67438,39.77518]],[[-75.682,39.7825],[-75.67839,39.77868]]]}},{"type":"Feature","properties":{"t":2,"n":"DE 4"},"geometry":{"type":"MultiLineString","coordinates":[[[-75.60952,39.71376],[-75.60659,39.71408],[-75.60474,39.7154],[-75.61125,39.7145],[-75.61367,39.71353],[-75.60952,39.71376]],[[-75.60474,39.7154],[-75.58104,39.73173],[-75.5591,39.74059]],[[-75.6488,39.71188],[-75.63813,39.71579],[-75.63163,39.71593],[-75.61424,39.71357],[-75.6327,39.71609],[-75.64058,39.71569],[-75.64834,39.71256]],[[-75.55969,39.74175],[-75.56103,39.73983]]]}},{"type":"Feature","properties":{"t":2,"n":"DE 100"},"geometry":{"type":"MultiLineString","coordinates":[[[-75.58713,39.75194],[-75.58968,39.74896],[-75.58969,39.73836],[-75.5875,39.73421],[-75.58426,39.73238],[-75.58442,39.72961]],[[-75.58225,39.731],[-75.5842,39.73272],[-75.58743,39.73431],[-75.58945,39.73791],[-75.58942,39.74013]]]}},{"type":"Feature","properties":{"t":2,"n":"DE 202"},"geometry":{"type":"MultiLineString","coordinates":[[[-75.5409,39.75223],[-75.54306,39.76662]],[[-75.5424,39.76233],[-75.54456,39.77695]]]}},{"type":"Feature","properties":{"t":2,"n":"Adams Street"},"geometry":{"type":"MultiLineString","coordinates":[[[-75.55619,39.74897],[-75.55476,39.75106]]]}},{"type":"Feature","properties":{"t":1,"n":"DE 141"},"geometry":{"type":"MultiLineString","coordinates":[[[-75.54413,39.77789],[-75.54614,39.77787],[-75.54789,39.77856],[-75.55413,39.78428],[-75.55681,39.78495],[-75.55881,39.78429],[-75.56557,39.77885],[-75.57358,39.77543],[-75.57666,39.77323],[-75.58621,39.7729],[-75.58769,39.77325]],[[-75.60162,39.70101],[-75.60372,39.70454],[-75.60735,39.70831],[-75.6091,39.71555],[-75.61544,39.72197],[-75.6208,39.73166],[-75.62127,39.73363],[-75.62079,39.73592],[-75.61786,39.74036],[-75.61053,39.7457],[-75.60887,39.75441],[-75.60373,39.75922]],[[-75.6044,39.75876],[-75.60907,39.75432],[-75.61069,39.74574],[-75.61809,39.74032],[-75.62087,39.73614],[-75.62153,39.7336],[-75.62098,39.73146],[-75.61553,39.72187],[-75.60929,39.7156],[-75.60766,39.70802],[-75.60566,39.70356]],[[-75.57197,39.77616],[-75.56539,39.77876],[-75.55852,39.78422],[-75.55685,39.78475],[-75.55418,39.78409],[-75.54923,39.77933],[-75.54699,39.77797]],[[-75.58732,39.773],[-75.58057,39.77314]]]}},{"type":"Feature","properties":{"t":1,"n":"DE 100"},"geometry":{"type":"MultiLineString","coordinates":[[[-75.60373,39.75922],[-75.59931,39.76344],[-75.59821,39.76722],[-75.59707,39.76871],[-75.59177,39.77271],[-75.58911,39.77327],[-75.58732,39.773]],[[-75.58769,39.77325],[-75.59211,39.77278],[-75.59707,39.76894],[-75.59836,39.7673],[-75.59947,39.7635],[-75.6044,39.75876]]]}},{"type":"Feature","properties":{"t":2,"n":"Newport Gap Pike"},"geometry":{"type":"MultiLineString","coordinates":[[[-75.61846,39.72515],[-75.61659,39.72277]]]}},{"type":"Feature","properties":{"t":2,"n":"DE 52"},"geometry":{"type":"MultiLineString","coordinates":[[[-75.54387,39.74623],[-75.55334,39.74983],[-75.55635,39.75249],[-75.55772,39.75288],[-75.55651,39.75245],[-75.55211,39.74846],[-75.54445,39.74536]],[[-75.59239,39.77285],[-75.59637,39.77672],[-75.60135,39.78315],[-75.59406,39.77389],[-75.58623,39.76815],[-75.59239,39.77285]],[[-75.58623,39.76815],[-75.57827,39.76208],[-75.56712,39.7557],[-75.55772,39.75288]],[[-75.62694,39.83213],[-75.62417,39.82896],[-75.61984,39.82636],[-75.61676,39.82165],[-75.61548,39.81774],[-75.61572,39.81874]],[[-75.60135,39.78315],[-75.61278,39.80711],[-75.61548,39.81774]]]}},{"type":"Feature","properties":{"t":1,"n":"DE 7"},"geometry":{"type":"MultiLineString","coordinates":[[[-75.65142,39.69989],[-75.65377,39.70428],[-75.65388,39.70576],[-75.65141,39.70997],[-75.64829,39.71233],[-75.65465,39.72042],[-75.65864,39.72428],[-75.66476,39.72841],[-75.66782,39.73191],[-75.6731,39.73365],[-75.67837,39.73326],[-75.6813,39.73394],[-75.68618,39.73843],[-75.69952,39.74604],[-75.70263,39.75115],[-75.70404,39.76161],[-75.70605,39.76583],[-75.71071,39.77092],[-75.71879,39.77752],[-75.725,39.78602]],[[-75.70832,39.76855],[-75.70445,39.76234],[-75.70273,39.75086],[-75.69952,39.74582],[-75.68621,39.73825],[-75.68114,39.73373],[-75.6785,39.73313],[-75.67285,39.73349],[-75.66807,39.73187],[-75.66516,39.72859],[-75.65853,39.72397],[-75.65423,39.71966],[-75.64872,39.71284],[-75.65255,39.70877],[-75.65409,39.70562],[-75.65386,39.70401],[-75.65158,39.69984]]]}},{"type":"Feature","properties":{"t":2,"n":"South Adams Street"},"geometry":{"type":"MultiLineString","coordinates":[[[-75.56231,39.73932],[-75.5613,39.74143]]]}},{"type":"Feature","properties":{"t":2,"n":"DE 9"},"geometry":{"type":"MultiLineString","coordinates":[[[-75.57297,39.74927],[-75.54393,39.73741]],[[-75.54357,39.72702],[-75.55242,39.69981]],[[-75.5446,39.72325],[-75.54539,39.72044]],[[-75.55233,39.69966],[-75.54784,39.71301]]]}},{"type":"Feature","properties":{"t":2,"n":"DE 261"},"geometry":{"type":"MultiLineString","coordinates":[[[-75.49896,39.83351],[-75.50055,39.82629],[-75.50187,39.8231],[-75.5252,39.79747],[-75.54204,39.7801]],[[-75.54289,39.77865],[-75.50161,39.82327],[-75.50055,39.82629]]]}},{"type":"Feature","properties":{"t":2,"n":"DE 491"},"geometry":{"type":"MultiLineString","coordinates":[[[-75.44524,39.81283],[-75.44481,39.81392],[-75.44565,39.8174]]]}},{"type":"Feature","properties":{"t":2,"n":"Ridge Road"},"geometry":{"type":"MultiLineString","coordinates":[[[-75.44036,39.81508],[-75.44441,39.81202],[-75.4437,39.81255]]]}},{"type":"Feature","properties":{"t":2,"n":"DE 62"},"geometry":{"type":"MultiLineString","coordinates":[[[-75.63076,39.7361],[-75.61846,39.72515],[-75.61699,39.72564],[-75.61235,39.72543],[-75.59398,39.72292]],[[-75.61336,39.72549],[-75.61803,39.72548]]]}},{"type":"Feature","properties":{"t":2,"n":"Darley Road"},"geometry":{"type":"MultiLineString","coordinates":[[[-75.48335,39.8208],[-75.48428,39.8222],[-75.48421,39.82144],[-75.48117,39.81897],[-75.47544,39.81542],[-75.47049,39.8145],[-75.45952,39.81043],[-75.45419,39.80457]]]}},{"type":"Feature","properties":{"t":2,"n":"East 11th Street"},"geometry":{"type":"MultiLineString","coordinates":[[[-75.54445,39.74536],[-75.53849,39.74294]]]}},{"type":"Feature","properties":{"t":2,"n":"DE 92"},"geometry":{"type":"MultiLineString","coordinates":[[[-75.54442,39.82875],[-75.53635,39.82984],[-75.52883,39.829],[-75.46514,39.81917],[-75.44656,39.81335],[-75.44207,39.80977],[-75.44455,39.81231],[-75.44683,39.81361],[-75.46513,39.81929],[-75.5348,39.82987],[-75.54438,39.82891]]]}},{"type":"Feature","properties":{"t":2,"n":"North Jackson Street"},"geometry":{"type":"MultiLineString","coordinates":[[[-75.55469,39.75243],[-75.55561,39.75182],[-75.56238,39.74187]]]}},{"type":"Feature","properties":{"t":2,"n":"CR 708"},"geometry":{"type":"MultiLineString","coordinates":[[[-74.94115,39.80841],[-74.93366,39.80226],[-74.93154,39.80185]],[[-74.93275,39.80185],[-74.93024,39.80014]]]}},{"type":"Feature","properties":{"t":2,"n":"CR 524"},"geometry":{"type":"MultiLineString","coordinates":[[[-74.70366,40.18829],[-74.69611,40.18779]]]}},{"type":"Feature","properties":{"t":2,"n":"South 6th Street"},"geometry":{"type":"MultiLineString","coordinates":[[[-75.15038,39.95074],[-75.15254,39.94115]]]}},{"type":"Feature","properties":{"t":2,"n":"CR 691"},"geometry":{"type":"MultiLineString","coordinates":[[[-74.802,39.97285],[-74.79784,39.98146],[-74.79676,39.98201],[-74.79685,39.98349],[-74.79784,39.98146]]]}},{"type":"Feature","properties":{"t":2,"n":"PA 737"},"geometry":{"type":"MultiLineString","coordinates":[[[-75.80112,40.54148],[-75.79995,40.53824],[-75.79917,40.53758],[-75.79102,40.53848],[-75.7888,40.53778],[-75.7863,40.53386],[-75.78275,40.53179],[-75.78185,40.52596]],[[-75.78172,40.52594],[-75.78229,40.52983]]]}},{"type":"Feature","properties":{"t":2,"n":"North Gulph Road"},"geometry":{"type":"MultiLineString","coordinates":[[[-75.41781,40.09706],[-75.41669,40.09339],[-75.41386,40.09012],[-75.40677,40.08808],[-75.4014,40.08554],[-75.39011,40.08583],[-75.38743,40.08448],[-75.39013,40.08571],[-75.40145,40.08544],[-75.40669,40.08793],[-75.41402,40.0901],[-75.41671,40.09319],[-75.41781,40.09706],[-75.42042,40.1007]]]}},{"type":"Feature","properties":{"t":2,"n":"Old Eagle School Road"},"geometry":{"type":"MultiLineString","coordinates":[[[-75.40505,40.046],[-75.40442,40.04688],[-75.40399,40.05104],[-75.40611,40.05478],[-75.40629,40.06109],[-75.40563,40.06667],[-75.41316,40.08023]]]}},{"type":"Feature","properties":{"t":1,"n":"I 276"},"geometry":{"type":"MultiLineString","coordinates":[[[-75.41325,40.09057],[-75.40288,40.09311],[-75.39586,40.09357],[-75.39032,40.09296],[-75.3632,40.08737],[-75.36022,40.08731],[-75.35186,40.08855],[-75.34882,40.08999],[-75.34145,40.09713],[-75.31997,40.1049],[-75.30957,40.10642],[-75.2661,40.11484],[-75.26243,40.11588],[-75.25327,40.11972],[-75.23544,40.12309],[-75.21405,40.12862],[-75.17815,40.13586],[-75.15848,40.14322],[-75.14546,40.15112],[-75.12682,40.16016],[-75.12157,40.16149],[-75.10538,40.16321],[-75.07662,40.16213],[-75.05397,40.16327],[-75.04893,40.16274],[-75.02897,40.15299],[-75.00538,40.14401],[-74.98888,40.1353],[-74.97276,40.13233],[-74.95355,40.12804],[-74.89247,40.12906],[-74.87021,40.12597]],[[-74.87815,40.12741],[-74.89289,40.12916],[-74.95366,40.12814],[-74.98948,40.1357],[-75.00682,40.14484],[-75.02913,40.1532],[-75.04574,40.16171],[-75.04946,40.16301],[-75.05316,40.16344],[-75.07661,40.16225],[-75.10494,40.16338],[-75.12194,40.16158],[-75.12786,40.15998],[-75.14622,40.15086],[-75.15887,40.1432],[-75.17826,40.13603],[-75.21498,40.12855],[-75.2355,40.1232],[-75.25332,40.11984],[-75.26574,40.11507],[-75.30935,40.1066],[-75.32011,40.105],[-75.3412,40.09741],[-75.34371,40.09567],[-75.34894,40.09004],[-75.35199,40.08865],[-75.35982,40.08745],[-75.36301,40.08744],[-75.39467,40.09367],[-75.40155,40.09346],[-75.40898,40.09182]]]}},{"type":"Feature","properties":{"t":2,"n":"Hamilton Boulevard"},"geometry":{"type":"MultiLineString","coordinates":[[[-75.62561,40.53979],[-75.62357,40.54071],[-75.6191,40.54119],[-75.61165,40.54436],[-75.60701,40.5475],[-75.6023,40.54942],[-75.59708,40.55076]],[[-75.62606,40.53943],[-75.62235,40.54001],[-75.6191,40.54119]]]}},{"type":"Feature","properties":{"t":1,"n":"DE 202"},"geometry":{"type":"MultiLineString","coordinates":[[[-75.54344,39.76887],[-75.54306,39.76662]]]}},{"type":"Feature","properties":{"t":2,"n":"South University Avenue"},"geometry":{"type":"MultiLineString","coordinates":[[[-75.19967,39.94959],[-75.19869,39.94773],[-75.19847,39.94539],[-75.19644,39.94367],[-75.19792,39.94465],[-75.19869,39.94773]]]}},{"type":"Feature","properties":{"t":2,"n":"CR 613"},"geometry":{"type":"MultiLineString","coordinates":[[[-74.93496,40.02728],[-74.93273,40.02518],[-74.93238,40.02054],[-74.93521,40.01279]],[[-74.93541,40.02751],[-74.9332,40.02576],[-74.93263,40.02452]]]}},{"type":"Feature","properties":{"t":2,"n":"West Broad Street"},"geometry":{"type":"MultiLineString","coordinates":[[[-75.03051,39.99893],[-75.03357,39.99715]]]}},{"type":"Feature","properties":{"t":2,"n":"Baltimore Pike"},"geometry":{"type":"MultiLineString","coordinates":[[[-75.42208,39.91548],[-75.41,39.91716],[-75.40027,39.91673],[-75.3983,39.91763],[-75.40019,39.91682],[-75.41001,39.91724],[-75.42154,39.91566]],[[-75.37996,39.91543],[-75.36266,39.91286],[-75.34757,39.9137]]]}},{"type":"Feature","properties":{"t":2,"n":"North 7th Street"},"geometry":{"type":"MultiLineString","coordinates":[[[-75.11647,39.94826],[-75.11674,39.94615]],[[-75.11658,39.94611],[-75.1163,39.94823]]]}},{"type":"Feature","properties":{"t":2,"n":"Haddon Avenue"},"geometry":{"type":"MultiLineString","coordinates":[[[-75.11674,39.94615],[-75.11699,39.94406]],[[-75.11684,39.94406],[-75.11658,39.94611]]]}},{"type":"Feature","properties":{"t":2,"n":"Marter Avenue"},"geometry":{"type":"MultiLineString","coordinates":[[[-74.91625,39.96328],[-74.91821,39.9662]]]}},{"type":"Feature","properties":{"t":2,"n":"East Baltimore Pike"},"geometry":{"type":"MultiLineString","coordinates":[[[-75.35941,39.9129],[-75.34565,39.9139],[-75.34003,39.91501],[-75.30828,39.92557],[-75.31326,39.92403]],[[-75.36055,39.91292],[-75.36755,39.91342]]]}},{"type":"Feature","properties":{"t":2,"n":"North Chester Road"},"geometry":{"type":"MultiLineString","coordinates":[[[-75.34911,39.91066],[-75.34427,39.91406]]]}},{"type":"Feature","properties":{"t":2,"n":"Market Street"},"geometry":{"type":"MultiLineString","coordinates":[[[-74.75903,40.21752],[-74.76494,40.21402],[-74.7668,40.21374]],[[-75.19814,39.95669],[-75.24676,39.96275]],[[-75.16208,39.9522],[-75.14374,39.94995]],[[-75.14893,39.95056],[-75.14285,39.94978]],[[-74.76631,40.2136],[-74.76469,40.21394],[-74.7592,40.21729]],[[-75.24718,39.96271],[-75.21209,39.95842]],[[-75.18713,39.95532],[-75.18116,39.95457]]]}},{"type":"Feature","properties":{"t":2,"n":"North 22nd Street"},"geometry":{"type":"MultiLineString","coordinates":[[[-75.17556,39.9592],[-75.17445,39.96413]]]}},{"type":"Feature","properties":{"t":2,"n":"East Girard Avenue"},"geometry":{"type":"MultiLineString","coordinates":[[[-75.11955,39.97291],[-75.12097,39.9734],[-75.13042,39.97014]],[[-75.12642,39.97161],[-75.124,39.97239]],[[-75.12711,39.97136],[-75.13443,39.9689]],[[-75.13443,39.96874],[-75.13174,39.96968]]]}},{"type":"Feature","properties":{"t":2,"n":"South Easton Road"},"geometry":{"type":"MultiLineString","coordinates":[[[-75.12793,40.2866],[-75.12603,40.28464]],[[-75.12802,40.29853],[-75.1278,40.29302],[-75.12881,40.29119]],[[-75.1261,40.28527],[-75.12748,40.28818],[-75.1276,40.29053]],[[-75.12901,40.29095],[-75.12978,40.2889],[-75.12898,40.2873]],[[-75.12751,40.29083],[-75.12773,40.29421]]]}},{"type":"Feature","properties":{"t":1,"n":"Pine Grove Road"},"geometry":{"type":"MultiLineString","coordinates":[[[-74.80214,40.19717],[-74.80293,40.20039],[-74.80239,40.19764]]]}},{"type":"Feature","properties":{"t":1,"n":"PA 29"},"geometry":{"type":"MultiLineString","coordinates":[[[-75.5525,40.44847],[-75.55183,40.45263],[-75.54907,40.45712],[-75.55024,40.46198],[-75.54954,40.46389],[-75.52921,40.47804],[-75.5237,40.48334],[-75.52369,40.48881],[-75.52671,40.49392],[-75.52855,40.49988],[-75.52547,40.50731],[-75.52473,40.5137],[-75.51799,40.52392],[-75.5076,40.5282],[-75.5098,40.52725]],[[-75.55219,40.451],[-75.55261,40.44852]]]}},{"type":"Feature","properties":{"t":2,"n":"South 33rd Street"},"geometry":{"type":"MultiLineString","coordinates":[[[-75.19252,39.94964],[-75.19026,39.95158],[-75.18948,39.95561]]]}},{"type":"Feature","properties":{"t":2,"n":"John F. Kennedy Boulevard"},"geometry":{"type":"MultiLineString","coordinates":[[[-75.18086,39.95533],[-75.17302,39.95457]]]}},{"type":"Feature","properties":{"t":2,"n":"Cooper Street"},"geometry":{"type":"MultiLineString","coordinates":[[[-75.11846,39.94638],[-75.11479,39.94579]]]}},{"type":"Feature","properties":{"t":2,"n":"Calhoun Street"},"geometry":{"type":"MultiLineString","coordinates":[[[-74.77662,40.22119],[-74.77563,40.22131],[-74.77479,40.22235]],[[-74.77495,40.22244],[-74.7757,40.22137],[-74.77651,40.22128]]]}},{"type":"Feature","properties":{"t":1,"n":"Powder Mill Road Extension"},"geometry":{"type":"MultiLineString","coordinates":[[[-75.55358,39.78357],[-75.54591,39.78557],[-75.55369,39.78368]]]}},{"type":"Feature","properties":{"t":2,"n":"Chestnut Street"},"geometry":{"type":"MultiLineString","coordinates":[[[-75.18185,39.95309],[-75.14247,39.94818]]]}},{"type":"Feature","properties":{"t":2,"n":"Bartram Avenue"},"geometry":{"type":"MultiLineString","coordinates":[[[-75.23677,39.89454],[-75.23436,39.89531],[-75.23198,39.89542],[-75.22281,39.89242]],[[-75.22257,39.89251],[-75.22798,39.8939],[-75.23185,39.89552],[-75.23408,39.89551],[-75.23665,39.89474]]]}},{"type":"Feature","properties":{"t":2,"n":"West Oregon Vare Avenue"},"geometry":{"type":"MultiLineString","coordinates":[[[-75.19043,39.92178],[-75.18876,39.92009]]]}},{"type":"Feature","properties":{"t":2,"n":"North Adams Street"},"geometry":{"type":"MultiLineString","coordinates":[[[-75.5613,39.74143],[-75.55619,39.74897]]]}},{"type":"Feature","properties":{"t":2,"n":"NJ 179"},"geometry":{"type":"MultiLineString","coordinates":[[[-74.94875,40.36492],[-74.94285,40.36609]]]}},{"type":"Feature","properties":{"t":2,"n":"Grays Ferry Avenue"},"geometry":{"type":"MultiLineString","coordinates":[[[-75.19167,39.93908],[-75.18966,39.93918],[-75.18744,39.94045],[-75.19023,39.93921],[-75.19815,39.93964],[-75.19546,39.93909],[-75.19167,39.93908]]]}},{"type":"Feature","properties":{"t":2,"n":"Lancaster Avenue"},"geometry":{"type":"MultiLineString","coordinates":[[[-75.19686,39.96026],[-75.21777,39.97264]]]}},{"type":"Feature","properties":{"t":2,"n":"North 34th Street"},"geometry":{"type":"MultiLineString","coordinates":[[[-75.19089,39.96021],[-75.19145,39.95585]]]}},{"type":"Feature","properties":{"t":2,"n":"Rising Sun Road"},"geometry":{"type":"MultiLineString","coordinates":[[[-74.71749,40.12597],[-74.71023,40.12018],[-74.71262,40.12207]],[[-74.71023,40.12018],[-74.70827,40.11851]]]}},{"type":"Feature","properties":{"t":2,"n":"West Girard Avenue"},"geometry":{"type":"MultiLineString","coordinates":[[[-75.19014,39.97537],[-75.17785,39.97385]],[[-75.19835,39.97479],[-75.19494,39.9751]],[[-75.15937,39.97153],[-75.14654,39.97039],[-75.15252,39.97051],[-75.17106,39.97295]],[[-75.14252,39.96989],[-75.14355,39.97002],[-75.14066,39.96966]],[[-75.18731,39.97507],[-75.18998,39.97548]],[[-75.14056,39.96964],[-75.135,39.9687]],[[-75.14355,39.97002],[-75.14607,39.97033]],[[-75.14407,39.97008],[-75.14548,39.97026],[-75.14454,39.97014]],[[-75.13856,39.96933],[-75.14105,39.9697]]]}},{"type":"Feature","properties":{"t":2,"n":"Germantown Avenue"},"geometry":{"type":"MultiLineString","coordinates":[[[-75.15101,40.00986],[-75.15479,40.01765],[-75.15902,40.02281],[-75.16006,40.02602],[-75.16116,40.02748],[-75.17521,40.03626],[-75.1812,40.04366],[-75.18837,40.05743],[-75.19424,40.06444],[-75.19599,40.06544],[-75.19664,40.06725],[-75.19985,40.06963],[-75.20348,40.07424],[-75.20806,40.07699],[-75.21759,40.08064],[-75.22168,40.0833],[-75.22449,40.08434],[-75.22777,40.08435],[-75.23051,40.08604]]]}},{"type":"Feature","properties":{"t":1,"n":"Dekalb Street"},"geometry":{"type":"MultiLineString","coordinates":[[[-75.35229,40.09899],[-75.35464,40.09866]]]}},{"type":"Feature","properties":{"t":1,"n":"East Dekalb Pike"},"geometry":{"type":"MultiLineString","coordinates":[[[-75.3546,40.09855],[-75.35148,40.10257],[-75.34998,40.11281]]]}},{"type":"Feature","properties":{"t":1,"n":"Woodhaven Road"},"geometry":{"type":"MultiLineString","coordinates":[[[-74.99745,40.10868],[-75.00077,40.11145]],[[-74.9972,40.10824],[-74.99444,40.10585]],[[-75.00096,40.11139],[-74.99779,40.10873]]]}},{"type":"Feature","properties":{"t":1,"n":"Levick Street"},"geometry":{"type":"MultiLineString","coordinates":[[[-75.05014,40.01858],[-75.0493,40.01856],[-75.04795,40.01742],[-75.05789,40.02853]]]}},{"type":"Feature","properties":{"t":2,"n":"Pine Grove Road"},"geometry":{"type":"MultiLineString","coordinates":[[[-74.80308,40.20342],[-74.80304,40.20232],[-74.80338,40.21028],[-74.80434,40.21495],[-74.80753,40.21749]],[[-74.80293,40.20039],[-74.80304,40.20232]]]}},{"type":"Feature","properties":{"t":2,"n":"West 11th Street"},"geometry":{"type":"MultiLineString","coordinates":[[[-75.55554,39.74989],[-75.55211,39.74846]]]}},{"type":"Feature","properties":{"t":1,"n":"DE 48"},"geometry":{"type":"MultiLineString","coordinates":[[[-75.60423,39.75871],[-75.61145,39.76076],[-75.63128,39.76276],[-75.64187,39.76239],[-75.64587,39.76388],[-75.65235,39.76523],[-75.66099,39.76977],[-75.67194,39.77383]],[[-75.67269,39.77412],[-75.66924,39.77293]],[[-75.60411,39.75882],[-75.61166,39.76092],[-75.63179,39.76293],[-75.64114,39.76226]]]}},{"type":"Feature","properties":{"t":2,"n":"North Broad Street"},"geometry":{"type":"MultiLineString","coordinates":[[[-75.13941,40.06339],[-75.13967,40.06194],[-75.13941,40.06339]],[[-75.14131,40.0542],[-75.14106,40.05562],[-75.14132,40.05463]],[[-75.14106,40.05562],[-75.13967,40.06194]]]}},{"type":"Feature","properties":{"t":1,"n":"East Cheltenham Avenue"},"geometry":{"type":"MultiLineString","coordinates":[[[-75.1124,40.0475],[-75.11953,40.0517]]]}},{"type":"Feature","properties":{"t":2,"n":"MacDade Boulevard"},"geometry":{"type":"MultiLineString","coordinates":[[[-75.35859,39.86849],[-75.35463,39.87058]]]}},{"type":"Feature","properties":{"t":2,"n":"Walton Road"},"geometry":{"type":"MultiLineString","coordinates":[[[-75.2783,40.13195],[-75.28866,40.12191]]]}},{"type":"Feature","properties":{"t":2,"n":"East County Line Road"},"geometry":{"type":"MultiLineString","coordinates":[[[-75.04888,40.15803],[-75.08082,40.17688]],[[-75.1031,40.19006],[-75.09019,40.18248]]]}},{"type":"Feature","properties":{"t":2,"n":"Murphy Road"},"geometry":{"type":"MultiLineString","coordinates":[[[-75.54591,39.78557],[-75.5336,39.78889]]]}},{"type":"Feature","properties":{"t":2,"n":"Trexlertown Road"},"geometry":{"type":"MultiLineString","coordinates":[[[-75.60241,40.53376],[-75.60212,40.53878],[-75.60674,40.54995],[-75.60795,40.5561]]]}},{"type":"Feature","properties":{"t":2,"n":"Brunswick Avenue"},"geometry":{"type":"MultiLineString","coordinates":[[[-74.74337,40.24509],[-74.74584,40.24223]]]}},{"type":"Feature","properties":{"t":2,"n":"PA 378"},"geometry":{"type":"MultiLineString","coordinates":[[[-75.39378,40.52812],[-75.39633,40.53921],[-75.3943,40.55085]]]}},{"type":"Feature","properties":{"t":2,"n":"Castor Avenue"},"geometry":{"type":"MultiLineString","coordinates":[[[-75.09699,40.01803],[-75.09705,40.0152],[-75.10009,40.00098],[-75.08821,39.98748]],[[-75.09413,40.02177],[-75.09724,40.01826]]]}},{"type":"Feature","properties":{"t":2,"n":"South Gulph Roadd"},"geometry":{"type":"MultiLineString","coordinates":[[[-75.34213,40.06845],[-75.34206,40.06983],[-75.34414,40.07292]]]}},{"type":"Feature","properties":{"t":2,"n":"North Christopher Columbus Boulevard"},"geometry":{"type":"MultiLineString","coordinates":[[[-75.14075,39.94995],[-75.13708,39.96018]],[[-75.1373,39.96023],[-75.14098,39.94998]]]}},{"type":"Feature","properties":{"t":2,"n":"South Christopher Columbus Boulevard"},"geometry":{"type":"MultiLineString","coordinates":[[[-75.13933,39.91807],[-75.14481,39.92687],[-75.14344,39.93306],[-75.14212,39.93597],[-75.14203,39.94367],[-75.14075,39.94995]],[[-75.14098,39.94998],[-75.14227,39.94357],[-75.1423,39.93614],[-75.14373,39.93305],[-75.14506,39.92687],[-75.13777,39.91469],[-75.14005,39.90467],[-75.14227,39.90241]],[[-75.14227,39.90232],[-75.14001,39.90449],[-75.13808,39.91253]]]}},{"type":"Feature","properties":{"t":2,"n":"Christopher Columbus Boulevard"},"geometry":{"type":"MultiLineString","coordinates":[[[-75.13808,39.91253],[-75.13763,39.9151],[-75.13933,39.91807]]]}},{"type":"Feature","properties":{"t":2,"n":"Berkley Street"},"geometry":{"type":"MultiLineString","coordinates":[[[-75.16245,40.0219],[-75.1657,40.01975]]]}},{"type":"Feature","properties":{"t":2,"n":"Civic Center Boulevard"},"geometry":{"type":"MultiLineString","coordinates":[[[-75.19293,39.9487],[-75.19346,39.94796],[-75.19856,39.94611],[-75.19705,39.94627]]]}},{"type":"Feature","properties":{"t":2,"n":"Adams Avenue"},"geometry":{"type":"MultiLineString","coordinates":[[[-75.08582,39.99926],[-75.08691,40.00135],[-75.08533,40.00465],[-75.08783,40.00679]],[[-75.09749,40.02636],[-75.09405,40.02153]]]}},{"type":"Feature","properties":{"t":2,"n":"Bustleton Avenue"},"geometry":{"type":"MultiLineString","coordinates":[[[-75.03835,40.08446],[-75.04116,40.0819],[-75.04306,40.07845],[-75.05075,40.06954],[-75.05202,40.05953],[-75.0542,40.05443],[-75.05989,40.04768],[-75.06069,40.04536],[-75.07144,40.03422]],[[-75.0512,40.06662],[-75.05047,40.06972],[-75.0462,40.07473]]]}},{"type":"Feature","properties":{"t":1,"n":"Robbins Avenue"},"geometry":{"type":"MultiLineString","coordinates":[[[-75.06013,40.02784],[-75.05138,40.01799]]]}},{"type":"Feature","properties":{"t":2,"n":"Frankford Avenue"},"geometry":{"type":"MultiLineString","coordinates":[[[-75.06251,40.02749],[-75.06013,40.02784]]]}},{"type":"Feature","properties":{"t":1,"n":"NJ-73"},"geometry":{"type":"MultiLineString","coordinates":[[[-74.9784,39.94293],[-74.9697,39.93727]],[[-74.96959,39.93737],[-74.97833,39.94317]]]}},{"type":"Feature","properties":{"t":2,"n":"Federal Street"},"geometry":{"type":"MultiLineString","coordinates":[[[-75.07055,39.9481],[-75.06733,39.94844]]]}},{"type":"Feature","properties":{"t":2,"n":"Linden Street"},"geometry":{"type":"MultiLineString","coordinates":[[[-75.10886,39.94582],[-75.11122,39.94724],[-75.11788,39.94846]]]}},{"type":"Feature","properties":{"t":2,"n":"CR 607"},"geometry":{"type":"MultiLineString","coordinates":[[[-74.94582,39.95494],[-74.93625,39.93684]]]}},{"type":"Feature","properties":{"t":2,"n":"CR 621"},"geometry":{"type":"MultiLineString","coordinates":[[[-75.10117,39.83312],[-75.10033,39.8282]]]}},{"type":"Feature","properties":{"t":2,"n":"CR 628"},"geometry":{"type":"MultiLineString","coordinates":[[[-75.04104,39.91886],[-75.03667,39.91723],[-75.03473,39.9173]]]}},{"type":"Feature","properties":{"t":2,"n":"Tacony Street"},"geometry":{"type":"MultiLineString","coordinates":[[[-75.07268,40.0081],[-75.06598,40.00903],[-75.06228,40.0102],[-75.04989,40.01679]]]}},{"type":"Feature","properties":{"t":2,"n":"CR 533"},"geometry":{"type":"MultiLineString","coordinates":[[[-74.7046,40.18871],[-74.69654,40.20371]]]}},{"type":"Feature","properties":{"t":2,"n":"Connector Road"},"geometry":{"type":"MultiLineString","coordinates":[[[-74.71011,40.12008],[-74.70683,40.12111]],[[-74.70683,40.12127],[-74.71023,40.12018]]]}},{"type":"Feature","properties":{"t":2,"n":"NJ 44"},"geometry":{"type":"MultiLineString","coordinates":[[[-75.18243,39.84696],[-75.18521,39.84596]]]}},{"type":"Feature","properties":{"t":2,"n":"South Front Street"},"geometry":{"type":"MultiLineString","coordinates":[[[-75.15001,39.91407],[-75.15222,39.90265]]]}},{"type":"Feature","properties":{"t":2,"n":"Erie Avenue"},"geometry":{"type":"MultiLineString","coordinates":[[[-75.15112,40.00924],[-75.1642,40.01113]]]}},{"type":"Feature","properties":{"t":1,"n":"SR 2005"},"geometry":{"type":"MultiLineString","coordinates":[[[-75.14881,39.95801],[-75.14915,39.95619]]]}},{"type":"Feature","properties":{"t":2,"n":"Belfield Avenue"},"geometry":{"type":"MultiLineString","coordinates":[[[-75.14711,40.02129],[-75.15328,40.02996]]]}},{"type":"Feature","properties":{"t":2,"n":"Old Lincoln Highway"},"geometry":{"type":"MultiLineString","coordinates":[[[-74.97666,40.12384],[-74.97692,40.12183],[-74.97555,40.13238]]]}},{"type":"Feature","properties":{"t":2,"n":"DE 72"},"geometry":{"type":"MultiLineString","coordinates":[[[-75.72073,39.69582],[-75.72816,39.70259],[-75.73425,39.7093],[-75.73742,39.71391],[-75.7409,39.71545],[-75.73412,39.71816],[-75.72921,39.72262],[-75.72852,39.72442],[-75.72862,39.72713],[-75.72615,39.73558],[-75.72303,39.743],[-75.70786,39.75018],[-75.70253,39.75089]],[[-75.74077,39.71541],[-75.73869,39.71629]]]}},{"type":"Feature","properties":{"t":2,"n":"Logan Circle"},"geometry":{"type":"MultiLineString","coordinates":[[[-75.1706,39.95739],[-75.16985,39.95785],[-75.17051,39.95849],[-75.17132,39.95793],[-75.1706,39.95739]]]}},{"type":"Feature","properties":{"t":2,"n":"Stony Hill Road"},"geometry":{"type":"MultiLineString","coordinates":[[[-74.82983,40.19348],[-74.824,40.19367]]]}},{"type":"Feature","properties":{"t":2,"n":"Tyburn Road"},"geometry":{"type":"MultiLineString","coordinates":[[[-74.81564,40.18317],[-74.8193,40.18355],[-74.82119,40.18451],[-74.82368,40.19087],[-74.82126,40.18441],[-74.81923,40.18342],[-74.81564,40.18317]],[[-74.81564,40.18317],[-74.80854,40.1812]]]}},{"type":"Feature","properties":{"t":2,"n":"Lincoln Highway"},"geometry":{"type":"MultiLineString","coordinates":[[[-74.8174,40.19374],[-74.81514,40.19575],[-74.81428,40.19586]]]}},{"type":"Feature","properties":{"t":2,"n":"Red Lion Road"},"geometry":{"type":"MultiLineString","coordinates":[[[-75.05713,40.1207],[-75.0587,40.12282],[-75.06289,40.12514]]]}},{"type":"Feature","properties":{"t":2,"n":"Philmont Avenue"},"geometry":{"type":"MultiLineString","coordinates":[[[-75.05713,40.1207],[-75.03878,40.12449],[-75.03445,40.12676],[-75.0245,40.12938],[-75.02019,40.12946],[-75.01223,40.13169]]]}},{"type":"Feature","properties":{"t":2,"n":"Township Line Road"},"geometry":{"type":"MultiLineString","coordinates":[[[-75.2783,40.13195],[-75.28729,40.13698]]]}},{"type":"Feature","properties":{"t":2,"n":"Primos Avenue"},"geometry":{"type":"MultiLineString","coordinates":[[[-75.27648,39.89538],[-75.28134,39.90185]]]}},{"type":"Feature","properties":{"t":2,"n":"Montchanin Road"},"geometry":{"type":"MultiLineString","coordinates":[[[-75.58813,39.7695],[-75.58731,39.77038],[-75.58813,39.7695]],[[-75.58731,39.77038],[-75.58732,39.773],[-75.58731,39.77202]]]}},{"type":"Feature","properties":{"t":2,"n":"Oregon Avenue/Vare Avenue"},"geometry":{"type":"MultiLineString","coordinates":[[[-75.18824,39.91979],[-75.19009,39.92169]]]}},{"type":"Feature","properties":{"t":2,"n":"South Henderson Road"},"geometry":{"type":"MultiLineString","coordinates":[[[-75.3529,40.07577],[-75.35693,40.08185],[-75.35781,40.08803],[-75.36279,40.09462]]]}},{"type":"Feature","properties":{"t":2,"n":"PA 491"},"geometry":{"type":"MultiLineString","coordinates":[[[-75.53812,39.84946],[-75.51758,39.84369],[-75.51353,39.84318],[-75.50924,39.84186],[-75.4715,39.83547],[-75.4595,39.8318],[-75.45667,39.83068],[-75.44952,39.82504],[-75.44818,39.82325],[-75.44796,39.82191],[-75.44637,39.82049],[-75.44565,39.8174]]]}},{"type":"Feature","properties":{"t":2,"n":"Paper Mill Road"},"geometry":{"type":"MultiLineString","coordinates":[[[-75.75009,39.69717],[-75.7465,39.70381],[-75.74472,39.70969],[-75.7409,39.71545]]]}},{"type":"Feature","properties":{"t":1,"n":"Markley Street"},"geometry":{"type":"MultiLineString","coordinates":[[[-75.34998,40.11281],[-75.34916,40.11602],[-75.3467,40.11882]]]}},{"type":"Feature","properties":{"t":2,"n":"Black Horse Pike"},"geometry":{"type":"MultiLineString","coordinates":[[[-75.093,39.89815],[-75.09444,39.90115]]]}},{"type":"Feature","properties":{"t":1,"n":"Callowhill Street"},"geometry":{"type":"MultiLineString","coordinates":[[[-75.14528,39.95754],[-75.14881,39.95801]]]}},{"type":"Feature","properties":{"t":2,"n":"DE 141"},"geometry":{"type":"MultiLineString","coordinates":[[[-75.54204,39.7801],[-75.54413,39.77789]],[[-75.54699,39.77797],[-75.54443,39.77772],[-75.54289,39.77865]]]}},{"type":"Feature","properties":{"t":2,"n":"South College Avenue"},"geometry":{"type":"MultiLineString","coordinates":[[[-75.17106,39.97295],[-75.17654,39.97233]]]}},{"type":"Feature","properties":{"t":2,"n":"PA 52"},"geometry":{"type":"MultiLineString","coordinates":[[[-75.6557,39.86818],[-75.65156,39.86482],[-75.64982,39.86249],[-75.64427,39.85813],[-75.64008,39.85219],[-75.63104,39.8443],[-75.62962,39.83677],[-75.62694,39.83213]]]}},{"type":"Feature","properties":{"t":2,"n":"Centerville Road"},"geometry":{"type":"MultiLineString","coordinates":[[[-75.61567,39.72377],[-75.61654,39.72563]]]}},{"type":"Feature","properties":{"t":2,"n":"Martin Luther King Boulevard"},"geometry":{"type":"MultiLineString","coordinates":[[[-75.55274,39.73831],[-75.55736,39.74011]]]}},{"type":"Feature","properties":{"t":2,"n":"Swedesford Road"},"geometry":{"type":"MultiLineString","coordinates":[[[-75.52104,40.05471],[-75.52915,40.05215],[-75.52783,40.05217],[-75.52353,40.05406],[-75.5211,40.05458]],[[-75.52915,40.05215],[-75.53206,40.05248],[-75.53427,40.05079]]]}},{"type":"Feature","properties":{"t":2,"n":"Trenton Avenue"},"geometry":{"type":"MultiLineString","coordinates":[[[-74.81514,40.19575],[-74.81344,40.19753]]]}},{"type":"Feature","properties":{"t":1,"n":"Limestone Road"},"geometry":{"type":"MultiLineString","coordinates":[[[-75.72486,39.79845],[-75.72692,39.79451],[-75.725,39.78602]]]}},{"type":"Feature","properties":{"t":2,"n":"PA 261"},"geometry":{"type":"MultiLineString","coordinates":[[[-75.4943,39.83931],[-75.49853,39.83508],[-75.49896,39.83351]]]}},{"type":"Feature","properties":{"t":2,"n":"South Jackson Street"},"geometry":{"type":"MultiLineString","coordinates":[[[-75.56238,39.74187],[-75.56487,39.73831]]]}},{"type":"Feature","properties":{"t":1,"n":"New Jersey Turnpike"},"geometry":{"type":"MultiLineString","coordinates":[[[-74.73675,40.08954],[-74.73524,40.09101]],[[-74.73685,40.09047],[-74.74417,40.08362],[-74.75295,40.07656]]]}},{"type":"Feature","properties":{"t":2,"n":"South Pennsylvania Avenue"},"geometry":{"type":"MultiLineString","coordinates":[[[-74.77554,40.20817],[-74.77412,40.20504]]]}},{"type":"Feature","properties":{"t":2,"n":"Spring Creek Road"},"geometry":{"type":"MultiLineString","coordinates":[[[-75.60467,40.53278],[-75.60241,40.53376]]]}},{"type":"Feature","properties":{"t":2,"n":"Ford Street"},"geometry":{"type":"MultiLineString","coordinates":[[[-75.31999,40.06786],[-75.31154,40.06915]]]}},{"type":"Feature","properties":{"t":2,"n":"West Township Line Road"},"geometry":{"type":"MultiLineString","coordinates":[[[-75.31002,40.15],[-75.30765,40.14861]]]}},{"type":"Feature","properties":{"t":2,"n":"North Township Line Road"},"geometry":{"type":"MultiLineString","coordinates":[[[-75.47277,40.24227],[-75.49973,40.21495]]]}},{"type":"Feature","properties":{"t":2,"n":"Matthews Road"},"geometry":{"type":"MultiLineString","coordinates":[[[-75.52491,40.04955],[-75.52134,40.05014]],[[-75.5214,40.05025],[-75.52514,40.04959]]]}},{"type":"Feature","properties":{"t":2,"n":"Bear Hill Road"},"geometry":{"type":"MultiLineString","coordinates":[[[-75.47608,40.05097],[-75.47464,40.05433],[-75.47129,40.05783]]]}},{"type":"Feature","properties":{"t":2,"n":"Sedgley Drive"},"geometry":{"type":"MultiLineString","coordinates":[[[-75.18474,39.96935],[-75.18493,39.97095],[-75.18581,39.97174]]]}},{"type":"Feature","properties":{"t":2,"n":"Calhoun Street Bridge"},"geometry":{"type":"MultiLineString","coordinates":[[[-74.77962,40.21856],[-74.77662,40.22119]]]}},{"type":"Feature","properties":{"t":2,"n":"PA 345"},"geometry":{"type":"MultiLineString","coordinates":[[[-75.80615,40.26651],[-75.80339,40.26657],[-75.79801,40.26491]]]}},{"type":"Feature","properties":{"t":1,"n":"US 322 East"},"geometry":{"type":"MultiLineString","coordinates":[[[-75.3471,39.79803],[-75.34113,39.78239]]]}},{"type":"Feature","properties":{"t":1,"n":"Lawrenceville Road"},"geometry":{"type":"MultiLineString","coordinates":[[[-74.70124,40.31913],[-74.70307,40.31732]]]}},{"type":"Feature","properties":{"t":2,"n":"Skippack Pike"},"geometry":{"type":"MultiLineString","coordinates":[[[-75.28815,40.16576],[-75.29012,40.16692]]]}}],"note":"tier 1 motorway/trunk, 2 primary, 3 secondary, 4 ramps"}
