{"type":"FeatureCollection","attribution":"(c) OpenStreetMap contributors, ODbL 1.0","generator":"tools/build_vectors.py","region":{"west":-75.8,"east":-74.7,"south":39.7,"north":40.55},"features":[{"type":"Feature","properties":{"n":"Schuylkill River","w":"river","rank":1},"geometry":{"type":"MultiLineString","coordinates":[[[-75.18625,39.96738],[-75.18466,39.96751],[-75.18539,39.96862],[-75.18683,39.96889],[-75.18862,39.96844],[-75.1868,39.96787],[-75.18527,39.96653],[-75.18098,39.96158],[-75.17948,39.95882],[-75.1795,39.95679],[-75.18125,39.95253],[-75.1834,39.94954],[-75.18976,39.94501],[-75.19257,39.94245],[-75.19476,39.94212],[-75.20053,39.94395],[-75.20293,39.94366],[-75.2046,39.94267],[-75.20517,39.94148],[-75.20543,39.93616],[-75.21116,39.9287],[-75.21212,39.92642],[-75.21228,39.92437],[-75.21212,39.92317],[-75.21049,39.92157],[-75.20826,39.92087],[-75.20399,39.92098],[-75.20195,39.92014],[-75.20185,39.91896],[-75.20479,39.91321],[-75.20637,39.91125],[-75.20857,39.91059],[-75.2135,39.91064],[-75.21524,39.90943],[-75.21557,39.90855],[-75.21534,39.90447],[-75.21405,39.90049],[-75.21307,39.89902],[-75.21077,39.89711],[-75.20693,39.89514],[-75.1995,39.89344],[-75.19745,39.89262],[-75.19634,39.89152],[-75.19502,39.88875],[-75.1942,39.88261],[-75.19274,39.87901]],[[-75.8193,40.27026],[-75.81717,40.26896],[-75.81109,40.26781],[-75.8089,40.26809],[-75.80569,40.27038],[-75.80064,40.27105],[-75.79004,40.27003],[-75.78515,40.26861],[-75.78062,40.26619],[-75.77421,40.26013],[-75.77136,40.25853],[-75.76751,40.25867],[-75.75979,40.26055],[-75.75855,40.26035],[-75.75389,40.26075],[-75.74676,40.26007],[-75.73962,40.26138],[-75.73623,40.26135],[-75.73535,40.26089],[-75.73358,40.25854],[-75.73383,40.25748],[-75.73299,40.25626],[-75.72528,40.24989],[-75.72305,40.24896],[-75.71151,40.24732],[-75.69913,40.24301],[-75.69213,40.23879],[-75.69075,40.23676],[-75.68937,40.23624],[-75.68656,40.23625],[-75.6853,40.23669],[-75.6765,40.24255],[-75.66849,40.24509],[-75.66308,40.24463],[-75.65888,40.24189],[-75.65674,40.24113],[-75.65507,40.24117],[-75.65179,40.24206],[-75.65093,40.24191],[-75.63719,40.23609],[-75.6331,40.23504],[-75.63103,40.23367],[-75.62459,40.23137],[-75.62006,40.23027],[-75.61888,40.22937],[-75.61614,40.22484],[-75.61398,40.22342],[-75.61194,40.22294],[-75.60928,40.22321],[-75.6067,40.22412],[-75.60507,40.22493],[-75.60332,40.22676],[-75.6032,40.22876],[-75.60465,40.23031],[-75.60661,40.23159],[-75.60774,40.23367],[-75.60735,40.23562],[-75.60608,40.23715],[-75.60501,40.23778],[-75.60181,40.23799],[-75.5976,40.23714],[-75.59618,40.23605],[-75.59479,40.23041],[-75.59155,40.22285],[-75.58998,40.22083],[-75.58991,40.21884],[-75.58797,40.21498],[-75.58118,40.20662],[-75.57941,40.20035],[-75.5772,40.19761],[-75.574,40.19524],[-75.57064,40.19373],[-75.56931,40.19369],[-75.56695,40.19431],[-75.56494,40.19549],[-75.56287,40.19736],[-75.56228,40.19957],[-75.56297,40.20249],[-75.56404,40.20384],[-75.56491,40.20621],[-75.56434,40.20895],[-75.56302,40.2098],[-75.56085,40.20975],[-75.55854,40.20853],[-75.55711,40.20707],[-75.55291,40.1991],[-75.54984,40.19224],[-75.54937,40.18989],[-75.54701,40.18776],[-75.54558,40.18284],[-75.54064,40.17573],[-75.52983,40.1694],[-75.5288,40.16844],[-75.52665,40.15931],[-75.52788,40.1534],[-75.5278,40.15124],[-75.52644,40.14905],[-75.52444,40.14764],[-75.52277,40.14706],[-75.52112,40.14713],[-75.51952,40.14767],[-75.51848,40.1486],[-75.51633,40.154],[-75.5127,40.15849],[-75.50905,40.15997],[-75.50663,40.16007],[-75.50354,40.15949],[-75.50139,40.15775],[-75.50081,40.15452],[-75.50235,40.15215],[-75.50925,40.14571],[-75.51081,40.14076],[-75.51054,40.1386],[-75.50968,40.137],[-75.50695,40.13411],[-75.50625,40.13283],[-75.50548,40.13223],[-75.50059,40.13061],[-75.49457,40.1271],[-75.4894,40.1257],[-75.48843,40.12558],[-75.47965,40.12702],[-75.47532,40.12882],[-75.47343,40.12928],[-75.47152,40.12925],[-75.46287,40.12562],[-75.4618,40.12486],[-75.46129,40.12432],[-75.46113,40.12302],[-75.46219,40.11971],[-75.46891,40.1172],[-75.46998,40.11621],[-75.47154,40.11309],[-75.47132,40.11104],[-75.47032,40.1091],[-75.46822,40.10635],[-75.46455,40.10383],[-75.4621,40.10301],[-75.45972,40.10329],[-75.44922,40.10754],[-75.44485,40.10893],[-75.43538,40.11016],[-75.42854,40.10964],[-75.42519,40.10859],[-75.42101,40.10785],[-75.41767,40.10791],[-75.40689,40.1119],[-75.39421,40.11766],[-75.37904,40.11829],[-75.37135,40.11627],[-75.36794,40.11478],[-75.3603,40.1131],[-75.35322,40.1103],[-75.35134,40.1099],[-75.3417,40.10975],[-75.334,40.10677],[-75.32752,40.1055],[-75.3255,40.10406],[-75.32217,40.10038],[-75.32132,40.09871],[-75.32127,40.08889],[-75.32103,40.08688],[-75.31963,40.08372],[-75.31939,40.08098],[-75.31606,40.07527],[-75.31428,40.07354],[-75.30825,40.06998],[-75.30593,40.06921],[-75.304,40.06903],[-75.30051,40.06922],[-75.29482,40.07044],[-75.28535,40.07344],[-75.28216,40.07297],[-75.27826,40.07001],[-75.27467,40.06491],[-75.27254,40.06263],[-75.26956,40.06032],[-75.26454,40.05428],[-75.26089,40.05062],[-75.25658,40.04697],[-75.25334,40.04508],[-75.24828,40.04125],[-75.24568,40.03776],[-75.24218,40.03577],[-75.23909,40.03275],[-75.22676,40.02517],[-75.22568,40.02487],[-75.22197,40.02258],[-75.21934,40.02189],[-75.21598,40.01925],[-75.21247,40.01565],[-75.20533,40.01116],[-75.1946,40.00762],[-75.19268,40.00667],[-75.19149,40.00475],[-75.19137,40.0023],[-75.1927,39.99693],[-75.19407,39.99564],[-75.19444,39.99462],[-75.19964,39.98987],[-75.20072,39.98805],[-75.20349,39.98617],[-75.20424,39.98515],[-75.20428,39.98398],[-75.20375,39.9826],[-75.20186,39.98061],[-75.19357,39.97625],[-75.19207,39.97344],[-75.19092,39.96997],[-75.18999,39.96902],[-75.18862,39.96844]],[[-75.37135,40.11627],[-75.36237,40.11627],[-75.35541,40.11519],[-75.35196,40.11394],[-75.34525,40.10978]],[[-75.49457,40.1271],[-75.49201,40.12568],[-75.4894,40.1257]],[[-75.50968,40.137],[-75.51032,40.13618],[-75.50927,40.13581],[-75.50793,40.13397],[-75.50685,40.13357]],[[-75.19964,39.98987],[-75.20164,39.9893],[-75.20308,39.98743],[-75.20306,39.98659]],[[-75.50291,40.13131],[-75.50268,40.13061],[-75.50133,40.1295],[-75.49667,40.12747],[-75.49426,40.1258],[-75.4923,40.12541],[-75.49154,40.12562]],[[-75.73358,40.25854],[-75.73185,40.25552]],[[-75.79944,40.27107],[-75.79465,40.27174],[-75.78756,40.27071],[-75.78435,40.26946],[-75.78243,40.26784],[-75.78202,40.26695]],[[-75.32103,40.08688],[-75.32136,40.08562],[-75.32086,40.08335],[-75.31939,40.08098]],[[-75.49124,40.12623],[-75.48962,40.12708],[-75.48585,40.12617]],[[-75.20586,39.93493],[-75.2052,39.93548],[-75.20543,39.93616],[-75.20635,39.93458]],[[-75.27254,40.06263],[-75.27233,40.0613],[-75.27148,40.06033],[-75.27066,40.06005]]]}},{"type":"Feature","properties":{"n":"Ramset Run","w":"stream","rank":3},"geometry":{"type":"MultiLineString","coordinates":[[[-75.36938,40.0226],[-75.36471,40.02478]]]}},{"type":"Feature","properties":{"n":"Meadowbrook Run","w":"stream","rank":3},"geometry":{"type":"MultiLineString","coordinates":[[[-75.32888,40.01458],[-75.33185,40.01639],[-75.33623,40.01712],[-75.33977,40.01542],[-75.34381,40.01256],[-75.34352,40.01202],[-75.34463,40.01024],[-75.34754,40.00857],[-75.34937,40.00603],[-75.35085,40.00187],[-75.35186,40.00151]]]}},{"type":"Feature","properties":{"n":"Trib 00984 Of Trout Creek","w":"stream","rank":3},"geometry":{"type":"MultiLineString","coordinates":[[[-75.41141,40.06349],[-75.41486,40.06973],[-75.41642,40.07136],[-75.41583,40.07318],[-75.41637,40.07406],[-75.41587,40.07596],[-75.41704,40.07874],[-75.4184,40.08051],[-75.41859,40.08235],[-75.41927,40.08359],[-75.41768,40.08604],[-75.4178,40.08657]]]}},{"type":"Feature","properties":{"n":"Browns Run","w":"stream","rank":3},"geometry":{"type":"MultiLineString","coordinates":[[[-75.35274,40.03703],[-75.354,40.038],[-75.35777,40.03827],[-75.36196,40.03708],[-75.36274,40.03598],[-75.36391,40.0354],[-75.36343,40.03498],[-75.36362,40.03436],[-75.3631,40.03409],[-75.36363,40.03354],[-75.36351,40.03276],[-75.36399,40.03258],[-75.36367,40.03075]]]}},{"type":"Feature","properties":{"n":"Trib 00774 To Darby Creek","w":"stream","rank":3},"geometry":{"type":"MultiLineString","coordinates":[[[-75.33148,39.98878],[-75.3368,39.98382],[-75.33766,39.98358]]]}},{"type":"Feature","properties":{"n":"Darby Creek","w":"stream","rank":3},"geometry":{"type":"MultiLineString","coordinates":[[[-75.4426,40.03182],[-75.44104,40.03181],[-75.44004,40.03091],[-75.43912,40.03131],[-75.43917,40.0305],[-75.43837,40.02949],[-75.43862,40.02869],[-75.43786,40.02801],[-75.43432,40.02736],[-75.43199,40.02785],[-75.42986,40.02711],[-75.42852,40.02795],[-75.42732,40.02799],[-75.4272,40.02756],[-75.42618,40.02715],[-75.4265,40.02674],[-75.42461,40.02595],[-75.42386,40.02406],[-75.42247,40.02271],[-75.41839,40.0229],[-75.41649,40.02181],[-75.41551,40.02176],[-75.41522,40.02125],[-75.41467,40.02125],[-75.4149,40.02013],[-75.41426,40.01954],[-75.41474,40.01969],[-75.41491,40.01942],[-75.41018,40.01815],[-75.40975,40.01735],[-75.40798,40.01753],[-75.40727,40.01834],[-75.4067,40.01834],[-75.40542,40.01736],[-75.40381,40.01693],[-75.40359,40.01628],[-75.40278,40.01608],[-75.402,40.01512],[-75.39891,40.01607],[-75.3985,40.01588],[-75.39893,40.01515],[-75.39795,40.01468],[-75.39447,40.01452],[-75.39361,40.01367],[-75.39233,40.01436],[-75.39105,40.01432],[-75.39027,40.01319],[-75.38739,40.01288],[-75.38662,40.01078],[-75.38288,40.00749],[-75.38242,40.00623],[-75.38129,40.00604],[-75.37779,40.00646],[-75.37708,40.00474],[-75.37628,40.0043],[-75.37527,40.0048],[-75.37366,40.00492],[-75.37033,40.00283],[-75.36972,40.00279],[-75.36862,40.00104],[-75.36689,40.00022],[-75.36676,39.99957],[-75.36413,39.99842],[-75.36379,39.99789],[-75.36307,39.99799]]]}},{"type":"Feature","properties":{"n":"Trib 00795 Of Foxes Run","w":"stream","rank":3},"geometry":{"type":"MultiLineString","coordinates":[[[-75.38997,39.98648],[-75.3876,39.98743],[-75.38475,39.99027],[-75.38202,39.99133]]]}},{"type":"Feature","properties":{"n":"Foxes Run","w":"stream","rank":3},"geometry":{"type":"MultiLineString","coordinates":[[[-75.40385,39.99183],[-75.40304,39.99024],[-75.40173,39.98997],[-75.39618,39.99223],[-75.39412,39.99277],[-75.39328,39.9926],[-75.39014,39.99433],[-75.38921,39.99422],[-75.38707,39.99278],[-75.38496,39.9941],[-75.38401,39.99411],[-75.38166,39.99328],[-75.38073,39.99366],[-75.37915,39.99533],[-75.37394,39.99736],[-75.37175,39.99934],[-75.36895,39.99974],[-75.36782,40.00058]]]}},{"type":"Feature","properties":{"n":"Wigwam Run","w":"stream","rank":3},"geometry":{"type":"MultiLineString","coordinates":[[[-75.38344,40.02217],[-75.38423,40.0207],[-75.3844,40.01805],[-75.38547,40.01738],[-75.38585,40.01598],[-75.3883,40.01444]]]}},{"type":"Feature","properties":{"n":"Trib 00780 To Meadowbrook Run","w":"stream","rank":3},"geometry":{"type":"MultiLineString","coordinates":[[[-75.33259,40.01136],[-75.33442,40.01287],[-75.34223,40.01358]]]}},{"type":"Feature","properties":{"n":"Andorra Creek","w":"stream","rank":3},"geometry":{"type":"MultiLineString","coordinates":[[[-75.25775,40.0834],[-75.2609,40.08271],[-75.26438,40.08054],[-75.26664,40.07968],[-75.26989,40.07874],[-75.2708,40.07897],[-75.27299,40.07862],[-75.27642,40.07751],[-75.27759,40.07609],[-75.28074,40.07512],[-75.28183,40.07409],[-75.28216,40.07297]]]}},{"type":"Feature","properties":{"n":"Trib 00805 To Darby Creek","w":"stream","rank":3},"geometry":{"type":"MultiLineString","coordinates":[[[-75.40342,40.00978],[-75.40291,40.01017],[-75.40163,40.0102],[-75.39971,40.00948],[-75.39906,40.00958],[-75.39699,40.01144],[-75.39449,40.01205],[-75.39344,40.01289],[-75.39124,40.01284],[-75.39037,40.01338]]]}},{"type":"Feature","properties":{"n":"Valley Run","w":"stream","rank":3},"geometry":{"type":"MultiLineString","coordinates":[[[-75.34254,40.02902],[-75.34265,40.02722],[-75.34333,40.02598],[-75.34302,40.02456],[-75.34398,40.02348],[-75.34395,40.02271],[-75.34286,40.02182],[-75.34194,40.01957],[-75.34129,40.01915],[-75.34169,40.0177],[-75.33977,40.01542]],[[-75.59124,40.41462],[-75.58881,40.41314],[-75.58754,40.41175],[-75.58238,40.40949],[-75.57907,40.40671],[-75.57718,40.40712],[-75.57744,40.40753],[-75.57685,40.40921],[-75.57581,40.41042],[-75.57535,40.41307],[-75.57465,40.41354],[-75.5745,40.41455],[-75.57296,40.41542],[-75.57221,40.41894],[-75.5716,40.41927],[-75.57131,40.42058],[-75.56942,40.42317],[-75.5685,40.42372]],[[-75.79221,39.9916],[-75.78879,39.99063],[-75.78434,39.99269],[-75.7825,39.99282],[-75.77932,39.99236],[-75.77688,39.99262],[-75.77576,39.99321],[-75.76819,39.99458],[-75.76668,39.99549],[-75.76464,39.99584],[-75.76147,39.99562],[-75.75796,39.99674],[-75.75471,39.9983],[-75.74979,39.99811],[-75.74633,39.99737],[-75.74434,39.99751],[-75.73799,39.99989],[-75.73772,40.0002],[-75.73823,40.00291]]]}},{"type":"Feature","properties":{"n":"Trib 00791 To Darby Creek","w":"stream","rank":3},"geometry":{"type":"MultiLineString","coordinates":[[[-75.37454,39.98931],[-75.37367,39.99228],[-75.37232,39.99489],[-75.36569,39.9989]]]}},{"type":"Feature","properties":{"n":"Gulph Creek","w":"stream","rank":3},"geometry":{"type":"MultiLineString","coordinates":[[[-75.39991,40.04973],[-75.39849,40.0496],[-75.39677,40.05039],[-75.39361,40.04946],[-75.39145,40.04997],[-75.39009,40.04937],[-75.38914,40.04947],[-75.38716,40.04704],[-75.38582,40.04642],[-75.38328,40.04727],[-75.38184,40.04721],[-75.37985,40.04828],[-75.37947,40.04905],[-75.37818,40.04912],[-75.37753,40.05092],[-75.37643,40.0517],[-75.37496,40.05143],[-75.37489,40.05074],[-75.37425,40.05028],[-75.37124,40.0511],[-75.3698,40.0521],[-75.36867,40.05178],[-75.36497,40.05274],[-75.36182,40.05226],[-75.3607,40.05305],[-75.35978,40.0531],[-75.35847,40.05396],[-75.35695,40.05429],[-75.35728,40.05477],[-75.35693,40.0551],[-75.35575,40.05507],[-75.35519,40.05463],[-75.35124,40.05552],[-75.34988,40.05627],[-75.34887,40.056],[-75.34791,40.05676],[-75.34662,40.05687],[-75.34537,40.05785],[-75.34107,40.05966],[-75.34064,40.06094],[-75.34133,40.06148],[-75.34185,40.06403],[-75.34299,40.06601],[-75.34397,40.06635],[-75.34445,40.06733],[-75.34316,40.06817],[-75.34205,40.06826],[-75.34084,40.06894],[-75.3396,40.06864],[-75.33821,40.06893],[-75.33711,40.06961],[-75.33443,40.06917],[-75.33382,40.06934],[-75.33388,40.06997],[-75.33327,40.07043],[-75.33178,40.07034],[-75.3293,40.07124],[-75.32527,40.07079],[-75.32357,40.07127],[-75.32266,40.0722],[-75.32084,40.07301],[-75.31642,40.07337],[-75.31484,40.07408]]]}},{"type":"Feature","properties":{"n":"Croton Creek","w":"stream","rank":3},"geometry":{"type":"MultiLineString","coordinates":[[[-75.39794,40.06084],[-75.3974,40.06409],[-75.39579,40.06633],[-75.39588,40.06787],[-75.39418,40.06911],[-75.39358,40.07069]]]}},{"type":"Feature","properties":{"n":"Trout Creek","w":"stream","rank":3},"geometry":{"type":"MultiLineString","coordinates":[[[-75.44332,40.06533],[-75.44284,40.06737],[-75.43924,40.06816],[-75.43801,40.06951],[-75.43645,40.0702],[-75.4374,40.07212],[-75.43581,40.07232],[-75.43595,40.07306],[-75.43171,40.07491],[-75.43112,40.07635],[-75.43161,40.07748],[-75.43122,40.07897],[-75.43165,40.08029],[-75.43241,40.08071],[-75.43232,40.08122],[-75.4283,40.08289],[-75.42592,40.08463],[-75.4244,40.0866],[-75.42499,40.08827],[-75.42395,40.08959],[-75.42275,40.09019],[-75.42191,40.09146],[-75.42152,40.09385],[-75.41889,40.09798]],[[-75.41851,40.09822],[-75.41698,40.09822],[-75.41522,40.09753],[-75.41054,40.09795],[-75.40834,40.09861],[-75.40619,40.09999],[-75.40599,40.1009],[-75.40819,40.10164],[-75.40913,40.10322],[-75.40577,40.10816],[-75.40616,40.11013],[-75.40573,40.11079],[-75.40723,40.11177]]]}},{"type":"Feature","properties":{"n":"Kirks Run","w":"stream","rank":3},"geometry":{"type":"MultiLineString","coordinates":[[[-75.35054,40.02749],[-75.35126,40.02615],[-75.35091,40.02415],[-75.35194,40.0227],[-75.35514,40.02049],[-75.35526,40.01957],[-75.35475,40.01891],[-75.355,40.0181],[-75.35667,40.01604]]]}},{"type":"Feature","properties":{"n":"Trib 00935 To Gulph Creek","w":"stream","rank":3},"geometry":{"type":"MultiLineString","coordinates":[[[-75.36011,40.0612],[-75.35528,40.06445],[-75.35171,40.06553],[-75.3495,40.06669],[-75.34748,40.06649],[-75.34551,40.06733],[-75.34445,40.06733]]]}},{"type":"Feature","properties":{"n":"Cobbs Creek","w":"stream","rank":3},"geometry":{"type":"MultiLineString","coordinates":[[[-75.31688,40.01058],[-75.31674,40.01003],[-75.31386,40.00749],[-75.31321,40.00495],[-75.31214,40.00411],[-75.31192,40.00262],[-75.31094,40.00217],[-75.31075,39.99996],[-75.30957,39.99882],[-75.31001,39.99796],[-75.30908,39.99698],[-75.30824,39.9971],[-75.30671,39.99537],[-75.30594,39.99506],[-75.30311,39.99489],[-75.30232,39.99447],[-75.30176,39.99509],[-75.30038,39.99441],[-75.29733,39.99131],[-75.29624,39.99152],[-75.29462,39.99001],[-75.29275,39.98965],[-75.29106,39.98657],[-75.28838,39.98659],[-75.28414,39.98379],[-75.28384,39.98224],[-75.28131,39.98067],[-75.28336,39.97899],[-75.28294,39.97845],[-75.28308,39.97693],[-75.27917,39.97399],[-75.27861,39.97226],[-75.27717,39.97121],[-75.27655,39.97131],[-75.27641,39.97042],[-75.27565,39.97026],[-75.27527,39.96936],[-75.27296,39.96929],[-75.2717,39.96873],[-75.27067,39.96872],[-75.26992,39.96738],[-75.26913,39.96736],[-75.26851,39.96665],[-75.26714,39.96606],[-75.26606,39.96597],[-75.26539,39.96522],[-75.26251,39.96561],[-75.26196,39.96617],[-75.26006,39.9662],[-75.2588,39.96557],[-75.25793,39.96362],[-75.25713,39.96376]]]}},{"type":"Feature","properties":{"n":"Trib 00779 To Meadowbrook Run","w":"stream","rank":3},"geometry":{"type":"MultiLineString","coordinates":[[[-75.33447,40.00725],[-75.33756,40.00779],[-75.33902,40.00767],[-75.34154,40.00827],[-75.34486,40.01026]]]}},{"type":"Feature","properties":{"n":"Ithan Creek","w":"stream","rank":3},"geometry":{"type":"MultiLineString","coordinates":[[[-75.37859,40.03981],[-75.3774,40.03732],[-75.3741,40.0371],[-75.37184,40.03661],[-75.37071,40.03594],[-75.36965,40.03596],[-75.36889,40.03381],[-75.3671,40.03122],[-75.36367,40.03075],[-75.36359,40.0295],[-75.36521,40.02801],[-75.36528,40.02608],[-75.36471,40.02583],[-75.3643,40.02374],[-75.36273,40.02236],[-75.362,40.01976],[-75.3607,40.0197],[-75.36031,40.02],[-75.35894,40.01969],[-75.35659,40.01596],[-75.35679,40.015],[-75.35636,40.01405],[-75.35471,40.013],[-75.35371,40.00707],[-75.35305,40.00574],[-75.35243,40.00571],[-75.35261,40.0046],[-75.3534,40.00339],[-75.35396,40.00328],[-75.35392,40.00234],[-75.35308,40.00236],[-75.35264,40.0016],[-75.35199,40.00183],[-75.35172,40.0005],[-75.35019,39.99919],[-75.35049,39.99831],[-75.3497,39.99731],[-75.35012,39.99701]]]}},{"type":"Feature","properties":{"n":"Trib 00982 To Trout Creek","w":"stream","rank":3},"geometry":{"type":"MultiLineString","coordinates":[[[-75.39046,40.09144],[-75.39176,40.09194],[-75.39229,40.09479],[-75.39332,40.0956],[-75.39489,40.09577],[-75.39619,40.09511],[-75.39808,40.09518],[-75.3996,40.09574],[-75.40318,40.0956],[-75.40453,40.09737],[-75.40355,40.09938],[-75.40603,40.10056]]]}},{"type":"Feature","properties":{"n":"Trib 00912 To Mill Creek","w":"stream","rank":3},"geometry":{"type":"MultiLineString","coordinates":[[[-75.33425,40.04358],[-75.33038,40.0436],[-75.32842,40.04106],[-75.32676,40.04112],[-75.32494,40.03895],[-75.32222,40.03749],[-75.32205,40.03626],[-75.32159,40.03606],[-75.32163,40.03558],[-75.32113,40.03561],[-75.32122,40.03519],[-75.32048,40.03495],[-75.31977,40.03518],[-75.3192,40.0348],[-75.31895,40.03276]]]}},{"type":"Feature","properties":{"n":"Trib 00937 To Gulph Creek","w":"stream","rank":3},"geometry":{"type":"MultiLineString","coordinates":[[[-75.33619,40.04789],[-75.33655,40.04974],[-75.33502,40.05176],[-75.33871,40.05482],[-75.3393,40.05611],[-75.34196,40.05764],[-75.34214,40.05904]]]}},{"type":"Feature","properties":{"n":"Trib 00911 To Mill Creek","w":"stream","rank":3},"geometry":{"type":"MultiLineString","coordinates":[[[-75.31037,40.04281],[-75.30901,40.03927],[-75.31049,40.03706],[-75.30966,40.03447]]]}},{"type":"Feature","properties":{"n":"Trib 00804 To Little Darby Creek","w":"stream","rank":3},"geometry":{"type":"MultiLineString","coordinates":[[[-75.39178,40.0322],[-75.39376,40.03061],[-75.39447,40.02888],[-75.39678,40.0275]]]}},{"type":"Feature","properties":{"n":"East Branch Indian Creek","w":"stream","rank":3},"geometry":{"type":"MultiLineString","coordinates":[[[-75.26647,40.00859],[-75.266,40.00689],[-75.2664,40.00598],[-75.26586,40.00461],[-75.26608,40.00336],[-75.26486,40.00176],[-75.26439,39.99967],[-75.26359,39.99863],[-75.26399,39.99651],[-75.26352,39.99578],[-75.26256,39.99546],[-75.26213,39.99189],[-75.26123,39.99122],[-75.26093,39.99043],[-75.25898,39.98992],[-75.2583,39.98916],[-75.25793,39.98774],[-75.25883,39.98709],[-75.25904,39.98561],[-75.2583,39.98472],[-75.25774,39.98286],[-75.25907,39.98092],[-75.25808,39.97956],[-75.25726,39.9767]]]}},{"type":"Feature","properties":{"n":"Trib 00711 To Hunter Run","w":"stream","rank":3},"geometry":{"type":"MultiLineString","coordinates":[[[-75.39666,39.98412],[-75.39676,39.98224],[-75.3977,39.98144],[-75.39765,39.98062],[-75.39834,39.97999],[-75.39832,39.97791]]]}},{"type":"Feature","properties":{"n":"Trib 00788 To Hardings Run","w":"stream","rank":3},"geometry":{"type":"MultiLineString","coordinates":[[[-75.36376,40.04074],[-75.36346,40.03953],[-75.36213,40.03853],[-75.36196,40.03708]]]}},{"type":"Feature","properties":{"n":"Trib 00986 To Trout Creek","w":"stream","rank":3},"geometry":{"type":"MultiLineString","coordinates":[[[-75.42202,40.05766],[-75.42329,40.05904],[-75.42311,40.0613],[-75.42388,40.06228],[-75.42512,40.06343],[-75.42763,40.06389],[-75.42929,40.06624],[-75.43005,40.06775],[-75.43039,40.07016],[-75.42908,40.07259],[-75.42928,40.0736],[-75.43133,40.07565]]]}},{"type":"Feature","properties":{"n":"Crow Creek","w":"stream","rank":3},"geometry":{"type":"MultiLineString","coordinates":[[[-75.39358,40.07069],[-75.39487,40.07371],[-75.38973,40.07844],[-75.38955,40.08],[-75.39021,40.08167],[-75.39027,40.08336],[-75.38923,40.08466],[-75.38939,40.0858],[-75.38715,40.08669],[-75.38689,40.08727],[-75.38396,40.0879],[-75.38282,40.08891],[-75.38293,40.08999],[-75.38179,40.09078],[-75.38109,40.09083],[-75.38092,40.09136],[-75.38137,40.09407],[-75.38356,40.0971],[-75.38377,40.10125],[-75.38137,40.10192],[-75.38097,40.1025],[-75.38159,40.10539],[-75.38032,40.10613],[-75.37815,40.10668],[-75.37578,40.10813],[-75.37743,40.1094],[-75.38092,40.11398],[-75.38025,40.11471],[-75.37904,40.11829]]]}},{"type":"Feature","properties":{"n":"Soapstone Creek","w":"stream","rank":3},"geometry":{"type":"MultiLineString","coordinates":[[[-75.27131,40.04773],[-75.27107,40.04817],[-75.27034,40.04804],[-75.2699,40.04837],[-75.26874,40.05014],[-75.26735,40.05049],[-75.2651,40.05023],[-75.26239,40.0521]]]}},{"type":"Feature","properties":{"n":"Lewis Run","w":"stream","rank":3},"geometry":{"type":"MultiLineString","coordinates":[[[-75.42227,39.99966],[-75.42362,39.99829],[-75.42484,39.99772],[-75.42965,39.99703],[-75.4284,39.99495],[-75.42855,39.99441],[-75.43267,39.99261],[-75.4327,39.9918],[-75.43545,39.9902],[-75.43593,39.98944]],[[-75.33705,39.93762],[-75.33286,39.93982],[-75.33168,39.93936],[-75.33024,39.94036],[-75.32891,39.94047],[-75.32818,39.94146],[-75.3266,39.94194],[-75.32528,39.94172],[-75.32527,39.94243],[-75.3232,39.94356],[-75.32067,39.94351]]]}},{"type":"Feature","properties":{"n":"Crum Creek","w":"stream","rank":3},"geometry":{"type":"MultiLineString","coordinates":[[[-75.52069,40.02871],[-75.51781,40.02544],[-75.51573,40.02446],[-75.51509,40.0225],[-75.51523,40.02097],[-75.51441,40.02052],[-75.51169,40.0205],[-75.51032,40.02085],[-75.5068,40.02338],[-75.5049,40.02382],[-75.50449,40.02473],[-75.50286,40.02528],[-75.50124,40.02535],[-75.49915,40.02412],[-75.49848,40.02426],[-75.49666,40.02284],[-75.49584,40.02104],[-75.49502,40.02032],[-75.49547,40.01994],[-75.49157,40.01984],[-75.4906,40.02031],[-75.48976,40.01988],[-75.48847,40.01825],[-75.48539,40.01872],[-75.48427,40.0185],[-75.48193,40.01469],[-75.4797,40.01328],[-75.47645,40.01348],[-75.47526,40.01437],[-75.47416,40.01459],[-75.47212,40.01283],[-75.46926,40.01336],[-75.46848,40.01013],[-75.46784,40.00946],[-75.4657,40.00874],[-75.46571,40.00805],[-75.46428,40.00565],[-75.4644,40.00492],[-75.46337,40.00374],[-75.46354,40.00293],[-75.46254,40.0013],[-75.46337,40.0001],[-75.46325,39.99909],[-75.46184,39.99858],[-75.46031,39.99873],[-75.45914,39.99629],[-75.45784,39.99647],[-75.45675,39.99603],[-75.45543,39.99702],[-75.45405,39.99707],[-75.45421,39.99657],[-75.45354,39.99535],[-75.45406,39.9937],[-75.45276,39.99332],[-75.45187,39.99374],[-75.451,39.99313],[-75.45007,39.99387],[-75.44894,39.99405],[-75.44785,39.99369],[-75.44331,39.9938],[-75.44294,39.99344],[-75.44313,39.99283],[-75.44109,39.99179],[-75.4405,39.99189],[-75.44063,39.99259],[-75.43939,39.9934],[-75.43763,39.99363],[-75.43692,39.99288],[-75.4383,39.99224],[-75.43852,39.99068],[-75.4358,39.98926],[-75.43553,39.98863],[-75.43619,39.98694],[-75.43552,39.98589],[-75.43628,39.98371],[-75.43612,39.98228],[-75.43666,39.98178],[-75.4378,39.98169],[-75.4383,39.97948],[-75.43769,39.97959],[-75.43611,39.97565],[-75.43495,39.97509],[-75.43556,39.97363],[-75.43455,39.97288],[-75.43526,39.97196],[-75.43508,39.97152],[-75.43431,39.97109],[-75.43102,39.9718],[-75.42871,39.96986],[-75.42934,39.96871],[-75.42914,39.96819]],[[-75.3945,39.95148],[-75.3918,39.95178],[-75.39199,39.95092],[-75.39161,39.95049],[-75.38649,39.94935],[-75.38489,39.94933],[-75.38239,39.94995],[-75.38167,39.94947],[-75.38187,39.94697],[-75.37968,39.94525],[-75.37768,39.94279],[-75.37231,39.94067],[-75.37071,39.94023],[-75.36915,39.94036],[-75.37054,39.93685],[-75.36924,39.93507],[-75.36947,39.93243],[-75.36875,39.93191],[-75.36565,39.93141],[-75.36456,39.92998],[-75.36487,39.9286],[-75.36699,39.92646],[-75.36681,39.92599],[-75.36571,39.9256],[-75.36383,39.92406],[-75.3641,39.92291],[-75.36545,39.92288],[-75.36552,39.9221],[-75.36488,39.92135],[-75.36405,39.92119],[-75.36261,39.92357],[-75.36151,39.92441],[-75.36092,39.92443],[-75.36048,39.9235],[-75.36067,39.9218],[-75.36383,39.91955],[-75.36328,39.91922],[-75.36046,39.91907],[-75.35967,39.91866],[-75.35996,39.91573],[-75.35815,39.91427],[-75.35791,39.91364],[-75.35817,39.91329],[-75.35955,39.91307],[-75.35988,39.9124],[-75.35762,39.91041],[-75.35964,39.90862],[-75.35834,39.90763]]]}},{"type":"Feature","properties":{"n":"Trout Run","w":"stream","rank":3},"geometry":{"type":"MultiLineString","coordinates":[[[-75.30312,40.02233],[-75.29951,40.02501],[-75.29843,40.02528],[-75.29475,40.02465],[-75.29266,40.02472],[-75.28955,40.02185],[-75.28852,40.02185],[-75.28723,40.02062],[-75.28611,40.02029],[-75.28436,40.02211],[-75.28382,40.02223]],[[-75.69387,40.34261],[-75.69473,40.34185],[-75.69634,40.34157],[-75.69772,40.34056],[-75.69937,40.34029],[-75.70118,40.33846],[-75.70245,40.33778],[-75.7049,40.33486],[-75.70787,40.33355],[-75.70923,40.33331],[-75.71005,40.33251],[-75.71465,40.33133],[-75.71587,40.33023],[-75.72485,40.32621],[-75.72851,40.32564],[-75.72985,40.32511],[-75.732,40.32519]],[[-75.37464,39.97933],[-75.37506,39.97742],[-75.37455,39.9768],[-75.3745,39.97557],[-75.37332,39.97444],[-75.37341,39.97346],[-75.37285,39.97248],[-75.37096,39.9712],[-75.37186,39.96946],[-75.37031,39.96463],[-75.37047,39.96258],[-75.37367,39.96174],[-75.37422,39.96066],[-75.37549,39.95958],[-75.37447,39.95402],[-75.37507,39.95063],[-75.37323,39.94662],[-75.37321,39.94484],[-75.37434,39.94399],[-75.37374,39.94267],[-75.37423,39.94182],[-75.37357,39.94132]],[[-75.7708,39.82478],[-75.77178,39.82487],[-75.77767,39.82212],[-75.781,39.82165],[-75.78376,39.82027]]]}},{"type":"Feature","properties":{"n":"Van Lear's Run","w":"stream","rank":3},"geometry":{"type":"MultiLineString","coordinates":[[[-75.37086,40.0283],[-75.36568,40.02785]]]}},{"type":"Feature","properties":{"n":"Trib 00910 To Mill Creek","w":"stream","rank":3},"geometry":{"type":"MultiLineString","coordinates":[[[-75.30768,40.02748],[-75.30681,40.02843],[-75.305,40.0293],[-75.30479,40.03119],[-75.30364,40.03262]]]}},{"type":"Feature","properties":{"n":"Trib 00790 To Darby Creek","w":"stream","rank":3},"geometry":{"type":"MultiLineString","coordinates":[[[-75.3648,39.98738],[-75.36336,39.98951],[-75.36531,39.99336],[-75.36465,39.99453],[-75.36462,39.99564],[-75.36317,39.99623],[-75.36289,39.99745]]]}},{"type":"Feature","properties":{"n":"Trib 00782 To Meadowbrook Run","w":"stream","rank":3},"geometry":{"type":"MultiLineString","coordinates":[[[-75.33235,40.02329],[-75.334,40.02127],[-75.33412,40.02003],[-75.33496,40.01905],[-75.33504,40.01828],[-75.33623,40.01712]]]}},{"type":"Feature","properties":{"n":"Trib 00918 Of Schuylkill River","w":"stream","rank":3},"geometry":{"type":"MultiLineString","coordinates":[[[-75.25699,40.07241],[-75.2643,40.06836],[-75.26445,40.06621],[-75.26331,40.06322]]]}},{"type":"Feature","properties":{"n":"Trib 00913 Of Mill Creek","w":"stream","rank":3},"geometry":{"type":"MultiLineString","coordinates":[[[-75.31978,40.04559],[-75.32177,40.04302],[-75.32327,40.03801]]]}},{"type":"Feature","properties":{"n":"Trib 00717 To Crum Creek","w":"stream","rank":3},"geometry":{"type":"MultiLineString","coordinates":[[[-75.44235,39.98465],[-75.43783,39.98135]]]}},{"type":"Feature","properties":{"n":"Mill Creek","w":"stream","rank":3},"geometry":{"type":"MultiLineString","coordinates":[[[-75.33716,40.03746],[-75.336,40.03766],[-75.33457,40.03721],[-75.33263,40.03755],[-75.32955,40.03538],[-75.32805,40.03498],[-75.32653,40.03389],[-75.32418,40.03394],[-75.32282,40.03323],[-75.32114,40.03342],[-75.3203,40.03277],[-75.31798,40.03281],[-75.31775,40.03243],[-75.31666,40.03248],[-75.3156,40.03195],[-75.31431,40.03214],[-75.31314,40.03316],[-75.31281,40.03304],[-75.31058,40.03433],[-75.31049,40.03406],[-75.31029,40.03444],[-75.30696,40.03388],[-75.30364,40.03262],[-75.29897,40.03171],[-75.29493,40.03259],[-75.29393,40.03334],[-75.29284,40.03193],[-75.29305,40.03113],[-75.29256,40.03069],[-75.28968,40.03066],[-75.28756,40.02848],[-75.28382,40.02223],[-75.28209,40.02168],[-75.27998,40.02182],[-75.27914,40.02288],[-75.27751,40.02253],[-75.2755,40.02384],[-75.27519,40.02602],[-75.27283,40.02755],[-75.27242,40.02886],[-75.27064,40.03143],[-75.26919,40.03162],[-75.26967,40.03354],[-75.2647,40.03498],[-75.26495,40.03642],[-75.26355,40.03847],[-75.26365,40.0397],[-75.26035,40.04258],[-75.26084,40.04381],[-75.25914,40.04443],[-75.26049,40.04377]],[[-75.05657,40.31428],[-75.05295,40.31003],[-75.0496,40.30791],[-75.04904,40.30637],[-75.05002,40.30541],[-75.04973,40.30365],[-75.04843,40.30074],[-75.04688,40.29993],[-75.04494,40.29968],[-75.04515,40.29897],[-75.04455,40.29852],[-75.04477,40.29818],[-75.04247,40.2943],[-75.03874,40.29262],[-75.03827,40.29214],[-75.03803,40.29036],[-75.03219,40.28829],[-75.03201,40.28709],[-75.03112,40.28658],[-75.02692,40.2861],[-75.02338,40.28682],[-75.02327,40.28619],[-75.02217,40.28605],[-75.02069,40.28414],[-75.02072,40.28034],[-75.02035,40.27929],[-75.0196,40.2787],[-75.01975,40.27769],[-75.02311,40.27813],[-75.02428,40.27723],[-75.02405,40.27666],[-75.02467,40.27541],[-75.02437,40.27413],[-75.02611,40.27214],[-75.02612,40.27148],[-75.02779,40.26918],[-75.02418,40.26864],[-75.02384,40.26734],[-75.02528,40.26347],[-75.02584,40.25931],[-75.0254,40.25878],[-75.02687,40.25758],[-75.02605,40.25646],[-75.02418,40.2564],[-75.02343,40.25605],[-75.0233,40.2555],[-75.02365,40.2545],[-75.02569,40.25278]],[[-75.71363,39.79805],[-75.71287,39.79797],[-75.71247,39.79728],[-75.71124,39.79697],[-75.71027,39.79681],[-75.70924,39.79714],[-75.70571,39.7966],[-75.70363,39.79527],[-75.70288,39.79581],[-75.70191,39.79507],[-75.70057,39.79034],[-75.69992,39.79002],[-75.69974,39.78941],[-75.70074,39.78738],[-75.69919,39.78604],[-75.70169,39.78322],[-75.70208,39.78162],[-75.70172,39.78066],[-75.69979,39.7802],[-75.69654,39.78027],[-75.69597,39.7793],[-75.69458,39.77847],[-75.69408,39.7773],[-75.6923,39.7772],[-75.6914,39.77678],[-75.69124,39.77584],[-75.6901,39.77554],[-75.69003,39.77477],[-75.68891,39.77438],[-75.68661,39.77123],[-75.68268,39.76821],[-75.68306,39.76674],[-75.68514,39.76609],[-75.68524,39.76384],[-75.68513,39.76357],[-75.6837,39.76339],[-75.68354,39.76263],[-75.68237,39.76198],[-75.68109,39.76038],[-75.68096,39.75938],[-75.67996,39.75902],[-75.67999,39.75811],[-75.67857,39.75726],[-75.67937,39.75706],[-75.67876,39.75636],[-75.67883,39.75421],[-75.67943,39.75276],[-75.67882,39.75138],[-75.67977,39.74927],[-75.67896,39.74822],[-75.67768,39.74869],[-75.67671,39.74821],[-75.67645,39.74728],[-75.67777,39.74686],[-75.67813,39.74582],[-75.67388,39.74333],[-75.67494,39.74176],[-75.67389,39.73924],[-75.67431,39.7345],[-75.67338,39.73335],[-75.67363,39.73286],[-75.67265,39.73245],[-75.67207,39.73131],[-75.67099,39.73096],[-75.66989,39.72978],[-75.6676,39.7296],[-75.66677,39.72917],[-75.66697,39.72871],[-75.66751,39.72906],[-75.66808,39.72795],[-75.66969,39.72708],[-75.66921,39.72649],[-75.66914,39.72487],[-75.66791,39.72423],[-75.66631,39.72259],[-75.66562,39.72076],[-75.66594,39.7193],[-75.66741,39.71844],[-75.66648,39.71659],[-75.66509,39.71552],[-75.66584,39.7151],[-75.66599,39.71431],[-75.66265,39.71273],[-75.66251,39.71209],[-75.66052,39.7108],[-75.65963,39.71152],[-75.65851,39.71107],[-75.65723,39.71178],[-75.65669,39.71119],[-75.65622,39.71139],[-75.65438,39.71097],[-75.65406,39.71051],[-75.65488,39.71006],[-75.65508,39.70873],[-75.65264,39.70716]],[[-75.20785,40.26289],[-75.20676,40.26371],[-75.20446,40.26364],[-75.20356,40.26392],[-75.2002,40.26213],[-75.19799,40.26228],[-75.19691,40.26195],[-75.19257,40.25902],[-75.19023,40.25944],[-75.18798,40.26102],[-75.18563,40.26161],[-75.18251,40.26337],[-75.17802,40.26385],[-75.1774,40.26429],[-75.17657,40.26395],[-75.17471,40.26499],[-75.16928,40.26607],[-75.16749,40.26851],[-75.16655,40.26915],[-75.16629,40.27087],[-75.16453,40.27135],[-75.16473,40.27173],[-75.16322,40.27255],[-75.16285,40.27348],[-75.16212,40.27384],[-75.16283,40.27536]],[[-75.04004,40.19868],[-75.03614,40.19563],[-75.0354,40.19353],[-75.03303,40.19199],[-75.03149,40.19025],[-75.02699,40.1878],[-75.02594,40.18523],[-75.02678,40.1829],[-75.02523,40.18178],[-75.02389,40.17974],[-75.01879,40.17818],[-75.01739,40.17687],[-75.01531,40.17623],[-75.01388,40.17462],[-75.01096,40.17291],[-75.0092,40.17091],[-75.00333,40.16676],[-74.99921,40.16752],[-74.9984,40.16869],[-74.99244,40.16903],[-74.98892,40.17016],[-74.9881,40.17137],[-74.98697,40.1719],[-74.98553,40.17348],[-74.98375,40.17293],[-74.98337,40.17382],[-74.98255,40.17419],[-74.97774,40.17342],[-74.9707,40.17571],[-74.96921,40.177],[-74.96736,40.17773],[-74.96411,40.17753],[-74.9626,40.17834],[-74.95761,40.17889],[-74.95741,40.17952],[-74.95546,40.18003],[-74.95404,40.17988],[-74.95347,40.17919]],[[-74.88941,40.20083],[-74.88863,40.19802],[-74.8892,40.19519],[-74.89067,40.19329],[-74.89234,40.19284],[-74.89212,40.19245],[-74.89288,40.19237],[-74.89486,40.18977],[-74.89531,40.18984],[-74.8955,40.18926],[-74.89659,40.18854],[-74.89612,40.18787],[-74.89693,40.18559],[-74.89639,40.18442],[-74.89906,40.17684],[-74.89878,40.17209],[-74.90192,40.16572],[-74.90137,40.16341],[-74.9018,40.16302],[-74.9013,40.16227],[-74.8978,40.16115],[-74.89493,40.16149],[-74.89423,40.1609],[-74.89416,40.15983],[-74.89242,40.15892],[-74.89058,40.15668],[-74.88896,40.15628],[-74.88808,40.15425],[-74.88289,40.15379],[-74.87992,40.14923],[-74.88171,40.14349],[-74.88313,40.14164],[-74.88197,40.14148],[-74.88179,40.14117],[-74.88089,40.14133],[-74.88072,40.14195],[-74.88009,40.14173],[-74.87845,40.14363],[-74.87846,40.14438],[-74.8768,40.145],[-74.8755,40.14298],[-74.87627,40.14018],[-74.87498,40.13866]],[[-74.83379,40.16096],[-74.83726,40.15723],[-74.84041,40.1546],[-74.8411,40.15206],[-74.84232,40.15101],[-74.84267,40.14987],[-74.84225,40.14672]],[[-75.79203,40.54425],[-75.79245,40.54526],[-75.79567,40.54589],[-75.79886,40.54461],[-75.79959,40.54386],[-75.79917,40.54317],[-75.80006,40.54249]],[[-75.30578,40.32109],[-75.30699,40.32232],[-75.3076,40.32233],[-75.30847,40.32433],[-75.30835,40.32502],[-75.30904,40.32554],[-75.30863,40.33002],[-75.30941,40.33182],[-75.30947,40.3335],[-75.3089,40.33421],[-75.30895,40.33542],[-75.31125,40.33776],[-75.31207,40.33775],[-75.31208,40.33875],[-75.31284,40.33941],[-75.31197,40.34024],[-75.3117,40.34159],[-75.31044,40.34194],[-75.31002,40.34289],[-75.31165,40.34621],[-75.30967,40.34792],[-75.31078,40.35003],[-75.31155,40.35024],[-75.31264,40.35147],[-75.31302,40.35136],[-75.31507,40.35243],[-75.31578,40.35331],[-75.3156,40.35417]],[[-74.81651,40.02697],[-74.8169,40.02543],[-74.81835,40.02452],[-74.82313,40.02449],[-74.82771,40.02534],[-74.83262,40.02761],[-74.8358,40.02842],[-74.84085,40.03065],[-74.84284,40.03102],[-74.84614,40.03075],[-74.84654,40.03107],[-74.84804,40.03115],[-74.8494,40.03064],[-74.85101,40.03062],[-74.85201,40.03133],[-74.85334,40.03133],[-74.85839,40.03244],[-74.86064,40.03215],[-74.86307,40.03269],[-74.86353,40.0324],[-74.86663,40.03267],[-74.86887,40.03328],[-74.87104,40.03331],[-74.87256,40.03248],[-74.87796,40.03326],[-74.88058,40.03245],[-74.88277,40.03329],[-74.88584,40.03316],[-74.88634,40.03346],[-74.88725,40.03583],[-74.88863,40.03604],[-74.88992,40.03542],[-74.89268,40.03537],[-74.89399,40.0362],[-74.89469,40.03614],[-74.89747,40.03722],[-74.89806,40.03962],[-74.89938,40.03988],[-74.90087,40.03952],[-74.90307,40.04062],[-74.90576,40.0398],[-74.90641,40.03776],[-74.90534,40.03729],[-74.90571,40.03671],[-74.90548,40.03616],[-74.90833,40.03307],[-74.90823,40.03242],[-74.90924,40.0321],[-74.91005,40.0309],[-74.91086,40.03068],[-74.91197,40.02966],[-74.9136,40.0273],[-74.91351,40.02631],[-74.91224,40.02625],[-74.91215,40.0245],[-74.91581,40.02378],[-74.9166,40.02486],[-74.91831,40.02512],[-74.92059,40.02379]],[[-74.81397,40.02979],[-74.81497,40.0298],[-74.81674,40.02722]]]}},{"type":"Feature","properties":{"n":"Trib 00719 To Crum Creek","w":"stream","rank":3},"geometry":{"type":"MultiLineString","coordinates":[[[-75.422,40.00325],[-75.42139,40.00125],[-75.42227,39.99966]]]}},{"type":"Feature","properties":{"n":"Trib 00938 To Gulph Creek","w":"stream","rank":3},"geometry":{"type":"MultiLineString","coordinates":[[[-75.34314,40.04963],[-75.34597,40.05178],[-75.346,40.05362],[-75.34739,40.05594],[-75.34662,40.05687]]]}},{"type":"Feature","properties":{"n":"Trib 00939 To Gulph Creek","w":"stream","rank":3},"geometry":{"type":"MultiLineString","coordinates":[[[-75.34958,40.05013],[-75.35154,40.05212],[-75.35124,40.05552]]]}},{"type":"Feature","properties":{"n":"Hunter's Run","w":"stream","rank":3},"geometry":{"type":"MultiLineString","coordinates":[[[-75.35634,40.03195],[-75.35802,40.03051],[-75.35984,40.02967],[-75.36129,40.03062]]]}},{"type":"Feature","properties":{"n":"Trout Run Creek","w":"stream","rank":3},"geometry":{"type":"MultiLineString","coordinates":[[[-75.26331,40.06322],[-75.26392,40.0623],[-75.26375,40.06018],[-75.26537,40.05847],[-75.26528,40.05783],[-75.26678,40.05713]]]}},{"type":"Feature","properties":{"n":"Trib 00977 To Croton Creek","w":"stream","rank":3},"geometry":{"type":"MultiLineString","coordinates":[[[-75.3918,40.06229],[-75.39391,40.06538],[-75.39575,40.0666]]]}},{"type":"Feature","properties":{"n":"West Branch Indian Creek","w":"stream","rank":3},"geometry":{"type":"MultiLineString","coordinates":[[[-75.28321,40.00176],[-75.28247,40.00083],[-75.28292,39.99975],[-75.2826,39.99816],[-75.28026,39.99737],[-75.27697,39.99444],[-75.27485,39.99347],[-75.27357,39.99352],[-75.27277,39.99315],[-75.27111,39.98959],[-75.27306,39.98775],[-75.27315,39.98584],[-75.27082,39.98546],[-75.26952,39.98385],[-75.26852,39.9837],[-75.26767,39.98284],[-75.26734,39.98067],[-75.26574,39.98019],[-75.26326,39.97855],[-75.26182,39.97833],[-75.26153,39.97781],[-75.26042,39.97756],[-75.25935,39.97578],[-75.25778,39.97589],[-75.25726,39.9767]]]}},{"type":"Feature","properties":{"n":"Trib 00812 To Darby Creek","w":"stream","rank":3},"geometry":{"type":"MultiLineString","coordinates":[[[-75.43718,40.04671],[-75.43427,40.04416],[-75.433,40.04074],[-75.43301,40.03925],[-75.43357,40.03857],[-75.43248,40.03628],[-75.43281,40.03383],[-75.43174,40.03137],[-75.43191,40.02922],[-75.43092,40.02764]]]}},{"type":"Feature","properties":{"n":"Trib 00721 Of Crum Creek","w":"stream","rank":3},"geometry":{"type":"MultiLineString","coordinates":[[[-75.4168,39.99952],[-75.42227,39.99966]]]}},{"type":"Feature","properties":{"n":"Camp Run","w":"stream","rank":3},"geometry":{"type":"MultiLineString","coordinates":[[[-75.37688,40.01725],[-75.379,40.01487],[-75.38272,40.01267],[-75.38338,40.01143],[-75.38455,40.0108],[-75.38529,40.00976]]]}},{"type":"Feature","properties":{"n":"Gulley Run","w":"stream","rank":3},"geometry":{"type":"MultiLineString","coordinates":[[[-75.26099,40.02196],[-75.25906,40.02035],[-75.25761,40.0198],[-75.25764,40.019],[-75.25668,40.01793],[-75.25439,40.01788],[-75.25221,40.01858],[-75.25145,40.01747],[-75.24776,40.01731],[-75.24484,40.01819],[-75.24398,40.01925],[-75.24196,40.01964],[-75.24156,40.01923],[-75.24034,40.01907],[-75.23852,40.02057],[-75.23572,40.02106],[-75.23439,40.02188],[-75.23176,40.02199],[-75.2303,40.02286],[-75.23031,40.02381],[-75.22883,40.02645]]]}},{"type":"Feature","properties":{"n":"Miles Run","w":"stream","rank":3},"geometry":{"type":"MultiLineString","coordinates":[[[-75.37499,40.01299],[-75.37565,40.01221],[-75.37824,40.01073],[-75.37965,40.00889],[-75.37939,40.00632]]]}},{"type":"Feature","properties":{"n":"Trib 00925 Of Schuylkill River","w":"stream","rank":3},"geometry":{"type":"MultiLineString","coordinates":[[[-75.26068,40.07861],[-75.26814,40.07801],[-75.26908,40.07808],[-75.26989,40.07874]]]}},{"type":"Feature","properties":{"n":"Trib 00807 To Darby Creek","w":"stream","rank":3},"geometry":{"type":"MultiLineString","coordinates":[[[-75.41364,40.01504],[-75.4142,40.01532],[-75.41491,40.01743],[-75.4133,40.01908]]]}},{"type":"Feature","properties":{"n":"Julip Run","w":"stream","rank":3},"geometry":{"type":"MultiLineString","coordinates":[[[-75.41404,40.02953],[-75.41164,40.0278],[-75.40826,40.02666],[-75.40604,40.02644],[-75.40316,40.02492],[-75.40096,40.02438],[-75.40011,40.02358],[-75.39827,40.02326],[-75.39667,40.02388],[-75.39527,40.02356]]]}},{"type":"Feature","properties":{"n":"Trib 00909 To Mill Creek","w":"stream","rank":3},"geometry":{"type":"MultiLineString","coordinates":[[[-75.30355,40.0493],[-75.30244,40.04839],[-75.30153,40.0467],[-75.30178,40.04225],[-75.301,40.04021],[-75.30156,40.03882],[-75.3006,40.03679],[-75.30189,40.03288],[-75.30099,40.03197]]]}},{"type":"Feature","properties":{"n":"Trib 00983 To Trout Creek","w":"stream","rank":3},"geometry":{"type":"MultiLineString","coordinates":[[[-75.40334,40.06465],[-75.40294,40.06492],[-75.40313,40.06563],[-75.40262,40.06713],[-75.40208,40.06753],[-75.40192,40.06875],[-75.4053,40.0725],[-75.4058,40.07547],[-75.40703,40.07676],[-75.40813,40.07696],[-75.40837,40.07935],[-75.40784,40.08],[-75.40801,40.08076],[-75.40949,40.08245],[-75.41083,40.08274],[-75.41233,40.08439],[-75.41533,40.08508],[-75.41709,40.08629],[-75.41993,40.08737],[-75.42146,40.08856],[-75.42271,40.09025]]]}},{"type":"Feature","properties":{"n":"Trib 00936 Of Gulph Creek","w":"stream","rank":3},"geometry":{"type":"MultiLineString","coordinates":[[[-75.36948,40.06383],[-75.36835,40.065],[-75.3667,40.06581],[-75.36489,40.06819],[-75.36363,40.06871],[-75.3607,40.06902],[-75.35988,40.06891],[-75.35944,40.06844],[-75.35686,40.06878],[-75.35543,40.06836],[-75.35033,40.069],[-75.34942,40.06864],[-75.34908,40.06762],[-75.34805,40.06657]]]}},{"type":"Feature","properties":{"n":"Little Darby Creek","w":"stream","rank":3},"geometry":{"type":"MultiLineString","coordinates":[[[-75.4065,40.0447],[-75.40646,40.04416],[-75.40567,40.04406],[-75.40567,40.04322],[-75.405,40.04285],[-75.40536,40.04147],[-75.40493,40.03944],[-75.40402,40.03812],[-75.40305,40.0343],[-75.40214,40.03398],[-75.40073,40.03159],[-75.39931,40.03087],[-75.39919,40.02957],[-75.39795,40.02924],[-75.39614,40.02687],[-75.39571,40.02467],[-75.39498,40.02393],[-75.39544,40.02341],[-75.39545,40.02133],[-75.39462,40.02128],[-75.39457,40.02084],[-75.39409,40.02098],[-75.39308,40.01913],[-75.39328,40.01862],[-75.39088,40.01644],[-75.38982,40.01651],[-75.38997,40.01581],[-75.38819,40.01502],[-75.38806,40.01465],[-75.3887,40.01419],[-75.38813,40.01287]]]}},{"type":"Feature","properties":{"n":"Trib 00974 To Crow Creek","w":"stream","rank":3},"geometry":{"type":"MultiLineString","coordinates":[[[-75.37461,40.07744],[-75.37315,40.0778],[-75.37245,40.07849],[-75.37486,40.08235],[-75.37395,40.0844],[-75.37377,40.08641],[-75.37529,40.08717],[-75.377,40.08958],[-75.37811,40.09025],[-75.38109,40.09083]]]}},{"type":"Feature","properties":{"n":"Trib 00907 To Trout Run","w":"stream","rank":3},"geometry":{"type":"MultiLineString","coordinates":[[[-75.28924,40.01164],[-75.2889,40.01603],[-75.28757,40.01792],[-75.28674,40.01845],[-75.28611,40.02029]]]}},{"type":"Feature","properties":{"n":"Hardings Run","w":"stream","rank":3},"geometry":{"type":"MultiLineString","coordinates":[[[-75.34548,40.04308],[-75.3489,40.04244],[-75.34982,40.04271],[-75.3506,40.04227],[-75.35334,40.04237],[-75.35414,40.04292],[-75.35612,40.04238],[-75.35734,40.04157],[-75.35738,40.03856],[-75.35802,40.03819]]]}},{"type":"Feature","properties":{"n":"Trib 00813 Of Darby Creek","w":"stream","rank":3},"geometry":{"type":"MultiLineString","coordinates":[[[-75.42703,40.04365],[-75.4311,40.03978],[-75.43176,40.03758],[-75.43268,40.03689]]]}},{"type":"Feature","properties":{"n":"Spring Mill Creek","w":"stream","rank":3},"geometry":{"type":"MultiLineString","coordinates":[[[-75.26432,40.09645],[-75.2708,40.09265],[-75.27092,40.09173],[-75.27034,40.09053],[-75.26889,40.08984],[-75.26978,40.08815],[-75.27248,40.0871],[-75.27856,40.08653],[-75.28227,40.08452],[-75.28225,40.08391],[-75.28319,40.08323],[-75.28279,40.08273],[-75.28326,40.0806],[-75.28242,40.07906],[-75.28306,40.07852],[-75.28304,40.07763],[-75.28225,40.07678],[-75.28354,40.07459],[-75.28528,40.07447],[-75.28535,40.07344]]]}},{"type":"Feature","properties":{"n":"Arrowmink Creek","w":"stream","rank":3},"geometry":{"type":"MultiLineString","coordinates":[[[-75.31535,40.05325],[-75.31281,40.05386],[-75.31169,40.05573],[-75.30987,40.05648],[-75.31023,40.05696],[-75.30962,40.05776],[-75.30983,40.05827],[-75.30722,40.05937],[-75.30635,40.06042],[-75.30454,40.06077],[-75.30696,40.06344],[-75.30645,40.06522],[-75.30709,40.06959]]]}},{"type":"Feature","properties":{"n":"Trib 00814 To Darby Creek","w":"stream","rank":3},"geometry":{"type":"MultiLineString","coordinates":[[[-75.44637,40.02201],[-75.44514,40.02298],[-75.44217,40.02379],[-75.43959,40.02552],[-75.43497,40.02742]]]}},{"type":"Feature","properties":{"n":"Trib 00722 To Crum Creek","w":"stream","rank":3},"geometry":{"type":"MultiLineString","coordinates":[[[-75.43471,39.99866],[-75.43577,39.99684],[-75.43803,39.99487],[-75.43813,39.99363]]]}},{"type":"Feature","properties":{"n":"Trib 00723 To Crum Creek","w":"stream","rank":3},"geometry":{"type":"MultiLineString","coordinates":[[[-75.43896,39.99153],[-75.43811,39.9928],[-75.43831,39.99329],[-75.43939,39.99315],[-75.44043,39.99212]]]}},{"type":"Feature","properties":{"n":"Trib 00811 To Darby Creek","w":"stream","rank":3},"geometry":{"type":"MultiLineString","coordinates":[[[-75.42206,40.03521],[-75.42347,40.03229],[-75.42566,40.02983],[-75.42705,40.02909],[-75.42732,40.02799]]]}},{"type":"Feature","properties":{"n":"Meigs' Run","w":"stream","rank":3},"geometry":{"type":"MultiLineString","coordinates":[[[-75.24564,40.06071],[-75.24744,40.06004],[-75.24961,40.05975],[-75.25189,40.05854],[-75.25194,40.05815],[-75.2548,40.05734],[-75.26078,40.05251],[-75.26211,40.05184]]]}},{"type":"Feature","properties":{"n":"Trib 00776 To Darby Creek","w":"stream","rank":3},"geometry":{"type":"MultiLineString","coordinates":[[[-75.32875,39.99839],[-75.32969,39.99704],[-75.33378,39.99574],[-75.33516,39.99407],[-75.33636,39.99344],[-75.33766,39.99366],[-75.3393,39.99333],[-75.34133,39.99056],[-75.34297,39.99008]]]}},{"type":"Feature","properties":{"n":"Trib 00985 Of Trout Creek","w":"stream","rank":3},"geometry":{"type":"MultiLineString","coordinates":[[[-75.41969,40.06624],[-75.42151,40.06952],[-75.42167,40.0719],[-75.4228,40.07351],[-75.42264,40.07393],[-75.42118,40.07435],[-75.42262,40.07689],[-75.41983,40.07864],[-75.41935,40.07939],[-75.41958,40.07995],[-75.4184,40.08051]]]}},{"type":"Feature","properties":{"n":"Glanraffan Creek","w":"stream","rank":3},"geometry":{"type":"MultiLineString","coordinates":[[[-75.25022,40.02687],[-75.24847,40.02785],[-75.24734,40.02785],[-75.24359,40.02985],[-75.24196,40.02957],[-75.24107,40.02978],[-75.24005,40.03069],[-75.23895,40.03094],[-75.23912,40.03127],[-75.23814,40.03224]]]}},{"type":"Feature","properties":{"n":"Trib 00710 To Hunter Run","w":"stream","rank":3},"geometry":{"type":"MultiLineString","coordinates":[[[-75.407,39.98045],[-75.40584,39.97833],[-75.40622,39.97782],[-75.40535,39.97654],[-75.40569,39.976],[-75.4039,39.97401],[-75.40437,39.97344],[-75.40378,39.97245]]]}},{"type":"Feature","properties":{"n":"Naylor's Run","w":"stream","rank":3},"geometry":{"type":"MultiLineString","coordinates":[[[-75.31253,39.97942],[-75.31069,39.97819],[-75.31002,39.97697],[-75.3087,39.97663],[-75.30606,39.9744],[-75.30284,39.97025],[-75.3028,39.96968],[-75.30076,39.96906],[-75.29778,39.96745],[-75.29603,39.96545],[-75.29741,39.96313],[-75.29448,39.96203],[-75.29293,39.96073],[-75.29131,39.96118],[-75.28925,39.96036],[-75.28513,39.96013],[-75.28328,39.95889],[-75.28228,39.9589],[-75.28228,39.95664],[-75.28171,39.9562],[-75.28033,39.95642],[-75.27912,39.95599],[-75.27752,39.95446],[-75.27706,39.95304],[-75.27533,39.95133],[-75.27438,39.95121],[-75.27278,39.95276],[-75.27046,39.95383]]]}},{"type":"Feature","properties":{"n":"Trib 00794 To Foxes Run","w":"stream","rank":3},"geometry":{"type":"MultiLineString","coordinates":[[[-75.38151,39.98641],[-75.38151,39.98824],[-75.38218,39.98915],[-75.38178,39.99003],[-75.38202,39.99133],[-75.38169,39.99307],[-75.38077,39.99363]]]}},{"type":"Feature","properties":{"n":"Smith Run","w":"stream","rank":3},"geometry":{"type":"MultiLineString","coordinates":[[[-75.24574,40.05613],[-75.24733,40.05484],[-75.24987,40.05405],[-75.253,40.05219],[-75.25611,40.05092],[-75.25661,40.05016],[-75.25883,40.04888]]]}},{"type":"Feature","properties":{"n":"Sawmill Run","w":"stream","rank":3},"geometry":{"type":"MultiLineString","coordinates":[[[-75.29887,40.05415],[-75.29731,40.05451],[-75.29486,40.05802],[-75.29281,40.05867],[-75.29242,40.05974],[-75.29039,40.06028],[-75.28884,40.0601],[-75.28788,40.06085],[-75.28713,40.06394],[-75.28445,40.06631],[-75.28418,40.0673],[-75.27949,40.06994],[-75.27826,40.07001]],[[-75.27805,40.13434],[-75.28078,40.13273],[-75.2845,40.13226],[-75.28952,40.13228],[-75.29432,40.13112],[-75.29745,40.12968],[-75.30018,40.13031],[-75.30047,40.1315],[-75.3046,40.13139],[-75.30756,40.13075],[-75.31144,40.12889],[-75.31307,40.12893],[-75.31457,40.12794],[-75.31771,40.12669],[-75.32282,40.12578],[-75.32638,40.12356],[-75.32716,40.12032],[-75.32929,40.12022],[-75.33121,40.11926],[-75.33328,40.11685],[-75.33476,40.11605],[-75.33781,40.11583],[-75.33817,40.11529],[-75.33949,40.11505],[-75.33989,40.11439],[-75.33858,40.11333],[-75.33903,40.11164],[-75.33828,40.1103],[-75.33756,40.10991],[-75.33843,40.1086]]]}},{"type":"Feature","properties":{"n":"Trib 00775 To Darby Creek","w":"stream","rank":3},"geometry":{"type":"MultiLineString","coordinates":[[[-75.35039,39.9833],[-75.34763,39.98488],[-75.34534,39.98559],[-75.34349,39.98546],[-75.3419,39.98604],[-75.33979,39.98625]]]}},{"type":"Feature","properties":{"n":"Trib 00905 To Mill Creek","w":"stream","rank":3},"geometry":{"type":"MultiLineString","coordinates":[[[-75.27218,40.01899],[-75.2758,40.02037],[-75.27738,40.02258]]]}},{"type":"Feature","properties":{"n":"Abrahams Run","w":"stream","rank":3},"geometry":{"type":"MultiLineString","coordinates":[[[-75.38576,40.02734],[-75.38929,40.02278],[-75.38955,40.02178],[-75.39079,40.02081],[-75.39167,40.02094],[-75.39388,40.02028]]]}},{"type":"Feature","properties":{"n":"Trib 00797 To Darby Creek","w":"stream","rank":3},"geometry":{"type":"MultiLineString","coordinates":[[[-75.38522,40.00025],[-75.38675,40.00267],[-75.38583,40.00515],[-75.38475,40.00627],[-75.38235,40.00619]]]}},{"type":"Feature","properties":{"n":"Trib 00975 To Crow Creek","w":"stream","rank":3},"geometry":{"type":"MultiLineString","coordinates":[[[-75.38528,40.07541],[-75.38682,40.07684],[-75.38973,40.07844]],[[-75.3813,40.06236],[-75.38197,40.06385],[-75.38214,40.06704]]]}},{"type":"Feature","properties":{"n":"Trib 00799 To Darby Creek","w":"stream","rank":3},"geometry":{"type":"MultiLineString","coordinates":[[[-75.40341,39.99903],[-75.39988,40.00231],[-75.39314,40.00592],[-75.39235,40.00673],[-75.39149,40.0068],[-75.39012,40.008]],[[-75.38983,40.00933],[-75.38994,40.00994],[-75.38814,40.01144],[-75.38689,40.01116]]]}},{"type":"Feature","properties":{"n":"Ridley Creek","w":"stream","rank":3},"geometry":{"type":"MultiLineString","coordinates":[[[-75.53909,40.01755],[-75.53904,40.01654],[-75.53792,40.01479],[-75.53828,40.01285],[-75.53805,40.00893],[-75.5357,40.00733],[-75.53474,40.00714],[-75.53436,40.00456],[-75.53514,40.0031],[-75.53816,40.00202],[-75.53962,39.9937],[-75.53871,39.99107],[-75.53656,39.99011],[-75.53516,39.9885],[-75.53311,39.98827],[-75.53331,39.98782],[-75.52913,39.98439],[-75.52622,39.98522],[-75.52532,39.98388],[-75.52385,39.98433],[-75.52148,39.98388],[-75.52024,39.98276],[-75.51845,39.98261],[-75.51648,39.98176],[-75.51647,39.98079],[-75.51527,39.98083],[-75.51443,39.98031],[-75.5111,39.98057],[-75.5098,39.97942],[-75.5098,39.97882],[-75.50864,39.97804],[-75.50805,39.97787],[-75.50681,39.97847],[-75.50536,39.97836],[-75.50314,39.97743],[-75.50374,39.97684]],[[-75.50507,39.97816],[-75.50462,39.97738],[-75.50401,39.97739],[-75.50359,39.97661],[-75.50239,39.97596],[-75.50138,39.97594],[-75.49955,39.97708],[-75.49826,39.97573],[-75.49724,39.97618],[-75.49572,39.9741],[-75.49688,39.9732],[-75.49656,39.97271],[-75.49471,39.97295],[-75.49387,39.97216],[-75.49029,39.97193],[-75.4905,39.97069],[-75.48943,39.96965],[-75.48994,39.9683],[-75.48896,39.96688],[-75.48844,39.9668],[-75.48744,39.96738],[-75.48649,39.96855],[-75.48513,39.96906],[-75.48434,39.96888],[-75.48401,39.96797],[-75.48129,39.96557],[-75.48031,39.96342],[-75.47854,39.96367],[-75.47838,39.96399],[-75.47769,39.96383],[-75.47783,39.96433],[-75.47683,39.96598],[-75.47683,39.96715],[-75.47728,39.96761],[-75.47624,39.96785],[-75.4752,39.9669],[-75.47425,39.96766],[-75.47338,39.96772],[-75.47335,39.96826],[-75.47202,39.96841],[-75.47017,39.96811],[-75.46659,39.9664],[-75.46582,39.96421],[-75.46454,39.96345],[-75.46059,39.96405],[-75.46031,39.96343],[-75.45585,39.96395],[-75.45412,39.9636],[-75.45273,39.96391],[-75.45243,39.96481],[-75.45043,39.96426],[-75.44995,39.96337],[-75.44819,39.96226],[-75.44559,39.95834],[-75.44375,39.95812],[-75.44342,39.95759],[-75.44385,39.9567],[-75.44365,39.95586],[-75.44073,39.95572],[-75.43933,39.95651],[-75.43804,39.956],[-75.43848,39.95517],[-75.43758,39.95436],[-75.43806,39.95246],[-75.43716,39.95122],[-75.43571,39.9527],[-75.43526,39.95273],[-75.4348,39.95178],[-75.4336,39.95125],[-75.43301,39.94982],[-75.43153,39.95046],[-75.43017,39.95025],[-75.43029,39.94941],[-75.42832,39.94711],[-75.42674,39.94673],[-75.42373,39.94675],[-75.42313,39.94618],[-75.42151,39.94573],[-75.42083,39.9449],[-75.4195,39.94425],[-75.41892,39.94429],[-75.41902,39.94471],[-75.41859,39.94461],[-75.41723,39.94307],[-75.41729,39.94174],[-75.41885,39.94062],[-75.41863,39.93997],[-75.41768,39.9393],[-75.41659,39.93923],[-75.41569,39.93764],[-75.41468,39.93738],[-75.4153,39.9369],[-75.41467,39.93559],[-75.41403,39.93507],[-75.41328,39.93504],[-75.41328,39.93464],[-75.41136,39.93332],[-75.41178,39.92951],[-75.41073,39.92875],[-75.40986,39.92708],[-75.40911,39.92725],[-75.40826,39.92516],[-75.40969,39.92365],[-75.40917,39.92262],[-75.40987,39.92168],[-75.40928,39.91985],[-75.40875,39.91934],[-75.40755,39.91965],[-75.4063,39.9194],[-75.40514,39.91868],[-75.40438,39.91715],[-75.40271,39.91611],[-75.40236,39.91453],[-75.39902,39.91231],[-75.39871,39.91121],[-75.39761,39.91001],[-75.39709,39.90869],[-75.39809,39.9068],[-75.3965,39.90548],[-75.39351,39.9044],[-75.39369,39.90325],[-75.39205,39.90248],[-75.39197,39.89962],[-75.39262,39.89535],[-75.3903,39.89378],[-75.38695,39.89437],[-75.38466,39.89423],[-75.38579,39.89304],[-75.38768,39.89339],[-75.39017,39.89054],[-75.38995,39.88986],[-75.38702,39.88902],[-75.38621,39.88833],[-75.38684,39.88585],[-75.3859,39.88513],[-75.38375,39.88152],[-75.38475,39.87909],[-75.38416,39.87838],[-75.38492,39.87743],[-75.38466,39.87569],[-75.38224,39.87399],[-75.37832,39.87494],[-75.37564,39.87329],[-75.37338,39.87265],[-75.36851,39.87043],[-75.36706,39.8703],[-75.36636,39.87034],[-75.36582,39.87133],[-75.36654,39.8726],[-75.36644,39.87332],[-75.36177,39.87225],[-75.35916,39.87276],[-75.35832,39.87362],[-75.35608,39.87401],[-75.35601,39.87353],[-75.35677,39.87292],[-75.35642,39.87171],[-75.35714,39.87031],[-75.35683,39.86972],[-75.35572,39.86902],[-75.35133,39.86825],[-75.35148,39.86662],[-75.34884,39.86467],[-75.34868,39.86303],[-75.34659,39.86103],[-75.34657,39.85815],[-75.34733,39.85498],[-75.34325,39.84906],[-75.34209,39.84588]]]}},{"type":"Feature","properties":{"n":"Trib 00640 To Ridley Creek","w":"stream","rank":3},"geometry":{"type":"MultiLineString","coordinates":[[[-75.41193,39.93868],[-75.41254,39.93695],[-75.41375,39.93596],[-75.4128,39.93456]]]}},{"type":"Feature","properties":{"n":"Trib 00672 To Ridley Creek","w":"stream","rank":3},"geometry":{"type":"MultiLineString","coordinates":[[[-75.50017,39.96562],[-75.49741,39.96629],[-75.49599,39.96607],[-75.49437,39.96636],[-75.49254,39.96702],[-75.4919,39.96771],[-75.48989,39.96816]]]}},{"type":"Feature","properties":{"n":"Spring Run","w":"stream","rank":3},"geometry":{"type":"MultiLineString","coordinates":[[[-75.41877,39.91983],[-75.41783,39.92311],[-75.41559,39.92504],[-75.41409,39.92551],[-75.41447,39.92617],[-75.41421,39.92656],[-75.41183,39.92771],[-75.41024,39.92773]],[[-75.24268,40.13959],[-75.24099,40.14003],[-75.23957,40.14097],[-75.23939,40.14269],[-75.23837,40.14303],[-75.23778,40.14397],[-75.23548,40.14554],[-75.23326,40.1464],[-75.23123,40.14669],[-75.22828,40.1484]],[[-75.48348,39.84979],[-75.47958,39.8463],[-75.47637,39.84668],[-75.47508,39.84771],[-75.47408,39.84777],[-75.4725,39.84867],[-75.47088,39.84812],[-75.47008,39.84836],[-75.46899,39.84768],[-75.46667,39.84731],[-75.46463,39.84566],[-75.46295,39.84323],[-75.46103,39.84249],[-75.46039,39.84156],[-75.45934,39.84108],[-75.45891,39.83951],[-75.45838,39.83938],[-75.45675,39.83747]]]}},{"type":"Feature","properties":{"n":"Trib 00666 Of Ridley Creek","w":"stream","rank":3},"geometry":{"type":"MultiLineString","coordinates":[[[-75.48512,39.94479],[-75.48486,39.94563],[-75.4861,39.94699],[-75.4859,39.9482]]]}},{"type":"Feature","properties":{"n":"Trib 00663 To Ridley Creek","w":"stream","rank":3},"geometry":{"type":"MultiLineString","coordinates":[[[-75.4918,39.95551],[-75.48935,39.9575],[-75.48818,39.95765],[-75.48679,39.95895],[-75.48373,39.9605],[-75.4836,39.96177],[-75.48273,39.96334],[-75.48058,39.96376]],[[-75.50871,39.95224],[-75.50333,39.95283],[-75.50192,39.95336],[-75.49942,39.95345],[-75.49774,39.95286],[-75.49187,39.95547]]]}},{"type":"Feature","properties":{"n":"Trib 00681 To Ridley Creek","w":"stream","rank":3},"geometry":{"type":"MultiLineString","coordinates":[[[-75.5364,39.98104],[-75.53449,39.98244],[-75.53236,39.98303],[-75.53166,39.98424],[-75.52952,39.98412],[-75.52913,39.98439]]]}},{"type":"Feature","properties":{"n":"Trib 00623 Of Ridley Creek","w":"stream","rank":3},"geometry":{"type":"MultiLineString","coordinates":[[[-75.37253,39.89264],[-75.37062,39.88908],[-75.37113,39.88705],[-75.36923,39.88568],[-75.36946,39.88448],[-75.3684,39.8824],[-75.36879,39.88141],[-75.36766,39.88027]]]}},{"type":"Feature","properties":{"n":"Turtle Rock Run","w":"stream","rank":3},"geometry":{"type":"MultiLineString","coordinates":[[[-75.48623,39.98068],[-75.48581,39.97978],[-75.4863,39.97842],[-75.48602,39.97658],[-75.48693,39.97464],[-75.48974,39.97268],[-75.49012,39.97167]]]}},{"type":"Feature","properties":{"n":"Dismal Run","w":"stream","rank":3},"geometry":{"type":"MultiLineString","coordinates":[[[-75.43982,39.92118],[-75.4382,39.92366],[-75.43711,39.92421],[-75.43483,39.92674],[-75.43451,39.92791],[-75.43038,39.93061],[-75.42946,39.93238],[-75.42778,39.93313],[-75.42704,39.93458],[-75.42764,39.93469],[-75.42749,39.93533],[-75.4269,39.93567],[-75.42696,39.93616],[-75.42562,39.93699],[-75.42473,39.93883],[-75.42323,39.93942],[-75.42318,39.93991],[-75.42232,39.94031],[-75.42172,39.94135],[-75.42071,39.94168],[-75.42036,39.94237],[-75.42025,39.94203],[-75.41945,39.94216],[-75.41885,39.94062]]]}},{"type":"Feature","properties":{"n":"Yarnell Run","w":"stream","rank":3},"geometry":{"type":"MultiLineString","coordinates":[[[-75.46699,39.98333],[-75.46964,39.9832],[-75.47168,39.98164],[-75.47296,39.98131]]]}},{"type":"Feature","properties":{"n":"Trib 00650 To Ridley Creek","w":"stream","rank":3},"geometry":{"type":"MultiLineString","coordinates":[[[-75.45099,39.95657],[-75.44952,39.95774],[-75.44559,39.95834]]]}},{"type":"Feature","properties":{"n":"Okehocking Run","w":"stream","rank":3},"geometry":{"type":"MultiLineString","coordinates":[[[-75.48291,39.98837],[-75.48324,39.986],[-75.48292,39.98504],[-75.48145,39.98437],[-75.48006,39.98534],[-75.47807,39.98496],[-75.47472,39.98271],[-75.47457,39.98078],[-75.47359,39.98086],[-75.47376,39.98042],[-75.47306,39.98002],[-75.47275,39.97929],[-75.4739,39.97755],[-75.47352,39.97715],[-75.47411,39.975],[-75.47241,39.97163],[-75.47316,39.97064],[-75.47211,39.96932],[-75.47202,39.96841]],[[-75.48811,39.9918],[-75.48746,39.99095],[-75.48673,39.99111],[-75.48406,39.9901],[-75.48293,39.98846]]]}},{"type":"Feature","properties":{"n":"Trib 00645 To Ridley Creek","w":"stream","rank":3},"geometry":{"type":"MultiLineString","coordinates":[[[-75.46746,39.9456],[-75.46435,39.94564],[-75.46348,39.94603],[-75.46302,39.94679],[-75.46135,39.94694],[-75.4609,39.94745],[-75.46013,39.94742],[-75.4595,39.94786],[-75.45874,39.94753],[-75.45803,39.94808],[-75.45489,39.94638],[-75.45443,39.94746],[-75.45316,39.94871],[-75.45137,39.94959],[-75.44949,39.94862],[-75.44956,39.948],[-75.44915,39.94785],[-75.4477,39.94787],[-75.44681,39.94829],[-75.44421,39.94775],[-75.443,39.9483],[-75.44237,39.94931],[-75.43999,39.94964],[-75.43903,39.95108],[-75.4378,39.95184]]]}},{"type":"Feature","properties":{"n":"Trib 00656 To Ridley Creek","w":"stream","rank":3},"geometry":{"type":"MultiLineString","coordinates":[[[-75.49967,39.99298],[-75.49805,39.99297],[-75.49544,39.99423],[-75.49358,39.9945],[-75.49222,39.99405],[-75.49078,39.99437],[-75.48902,39.99343],[-75.48811,39.9918]]]}},{"type":"Feature","properties":{"n":"Trib 00632 To Ridley Creek","w":"stream","rank":3},"geometry":{"type":"MultiLineString","coordinates":[[[-75.4015,39.90222],[-75.39845,39.90221],[-75.3965,39.90548]]]}},{"type":"Feature","properties":{"n":"Northeast Branch Ridley Creek","w":"stream","rank":3},"geometry":{"type":"MultiLineString","coordinates":[[[-75.53812,40.03006],[-75.53689,40.02407],[-75.53733,40.02355],[-75.53697,40.02132],[-75.53744,40.02048],[-75.53749,40.01835],[-75.53909,40.01755]]]}},{"type":"Feature","properties":{"n":"Trib 00653 To Ridley Creek","w":"stream","rank":3},"geometry":{"type":"MultiLineString","coordinates":[[[-75.45923,39.98285],[-75.45854,39.98238],[-75.45795,39.98106],[-75.45989,39.97835]],[[-75.46238,39.97152],[-75.46272,39.97073],[-75.46521,39.96921]],[[-75.46049,39.97746],[-75.46156,39.97658],[-75.4622,39.97502],[-75.46151,39.97333],[-75.46164,39.97256],[-75.46236,39.97217],[-75.46219,39.97153]]]}},{"type":"Feature","properties":{"n":"Trib 00667 Of Ridley Creek","w":"stream","rank":3},"geometry":{"type":"MultiLineString","coordinates":[[[-75.50214,39.95823],[-75.49668,39.95677],[-75.49493,39.95492],[-75.49364,39.9548]]]}},{"type":"Feature","properties":{"n":"Trib 00682 To Ridley Creek","w":"stream","rank":3},"geometry":{"type":"MultiLineString","coordinates":[[[-75.57171,40.00861],[-75.57005,40.00872],[-75.56917,40.00793],[-75.56882,40.00684],[-75.56916,40.00539],[-75.56867,40.00394],[-75.56673,40.00232],[-75.56229,40.00285],[-75.56143,40.00235],[-75.55805,40.00178],[-75.55656,39.99809],[-75.5551,39.9959],[-75.55142,39.9953],[-75.55037,39.99362],[-75.55012,39.99169],[-75.54931,39.99083],[-75.54709,39.99035],[-75.54371,39.99131],[-75.5403,39.99147],[-75.53871,39.99107]]]}},{"type":"Feature","properties":{"n":"Hunters Run","w":"stream","rank":3},"geometry":{"type":"MultiLineString","coordinates":[[[-75.52857,39.97538],[-75.52689,39.97671],[-75.52533,39.97675],[-75.52388,39.97732],[-75.5223,39.97674],[-75.52225,39.97606],[-75.52097,39.97486],[-75.51851,39.97452],[-75.51748,39.973],[-75.51627,39.97238],[-75.51239,39.97235],[-75.51152,39.97266],[-75.51017,39.97191],[-75.50862,39.97199],[-75.5082,39.97233],[-75.50747,39.97173],[-75.50573,39.97174],[-75.50361,39.97228],[-75.50032,39.97203],[-75.49964,39.97256],[-75.49688,39.9732]]]}},{"type":"Feature","properties":{"n":"Trib 00630 To Vernon Run","w":"stream","rank":3},"geometry":{"type":"MultiLineString","coordinates":[[[-75.38358,39.90691],[-75.38314,39.90524],[-75.38513,39.90303],[-75.38564,39.90146],[-75.38454,39.89849]]]}},{"type":"Feature","properties":{"n":"Trib 00686 Of Ridley Creek","w":"stream","rank":3},"geometry":{"type":"MultiLineString","coordinates":[[[-75.56888,40.02463],[-75.56832,40.0234],[-75.56531,40.02047],[-75.56445,40.01815]]]}},{"type":"Feature","properties":{"n":"Trib 00652 To Ridley Creek","w":"stream","rank":3},"geometry":{"type":"MultiLineString","coordinates":[[[-75.466,39.95279],[-75.46867,39.95433],[-75.46946,39.95527],[-75.46923,39.9561],[-75.46993,39.95692],[-75.46863,39.96013],[-75.46777,39.96113],[-75.46667,39.96139],[-75.46523,39.96374]]]}},{"type":"Feature","properties":{"n":"Trib 00683 Of Ridley Creek","w":"stream","rank":3},"geometry":{"type":"MultiLineString","coordinates":[[[-75.57611,40.0198],[-75.57421,40.01749],[-75.57336,40.017],[-75.57014,40.01665],[-75.56742,40.01798],[-75.56445,40.01815],[-75.56064,40.01611],[-75.55958,40.01481],[-75.5586,40.0143],[-75.55789,40.01308],[-75.55714,40.0133],[-75.55753,40.01261],[-75.55646,40.01099],[-75.55747,40.00927],[-75.55736,40.00819],[-75.55627,40.00626],[-75.55619,40.00444],[-75.55635,40.00296],[-75.55749,40.00092]]]}},{"type":"Feature","properties":{"n":"Trib 00622 To Ridley Creek","w":"stream","rank":3},"geometry":{"type":"MultiLineString","coordinates":[[[-75.37542,39.88787],[-75.37471,39.88685],[-75.37466,39.88459],[-75.37192,39.88293],[-75.37031,39.88056],[-75.36805,39.87987],[-75.36766,39.88027],[-75.36682,39.88001],[-75.36547,39.8805],[-75.36527,39.87754],[-75.36388,39.87665],[-75.36342,39.87488],[-75.36097,39.87406],[-75.36225,39.87329],[-75.36215,39.87231]]]}},{"type":"Feature","properties":{"n":"Trib 00639 To Ridley Creek","w":"stream","rank":3},"geometry":{"type":"MultiLineString","coordinates":[[[-75.39827,39.93583],[-75.40204,39.93421],[-75.40299,39.93412],[-75.40445,39.93486],[-75.40729,39.93513],[-75.40912,39.9343],[-75.41084,39.9342],[-75.41157,39.93362]]]}},{"type":"Feature","properties":{"n":"Trib 00655 Of Ridley Creek","w":"stream","rank":3},"geometry":{"type":"MultiLineString","coordinates":[[[-75.45554,39.97322],[-75.4588,39.97281],[-75.46207,39.97183]]]}},{"type":"Feature","properties":{"n":"Trib 00669 Of Ridley Creek","w":"stream","rank":3},"geometry":{"type":"MultiLineString","coordinates":[[[-75.49163,39.94653],[-75.49124,39.94707],[-75.49218,39.94863],[-75.49284,39.95202],[-75.49441,39.95444]]]}},{"type":"Feature","properties":{"n":"Hibberd Run","w":"stream","rank":3},"geometry":{"type":"MultiLineString","coordinates":[[[-75.47531,39.98892],[-75.47517,39.98709],[-75.47405,39.98475],[-75.474,39.98306]]]}},{"type":"Feature","properties":{"n":"Vernon Run","w":"stream","rank":3},"geometry":{"type":"MultiLineString","coordinates":[[[-75.38271,39.91154],[-75.38185,39.90918],[-75.38086,39.90798],[-75.3788,39.9073],[-75.37782,39.90646],[-75.37696,39.90412],[-75.37729,39.90202],[-75.37888,39.90078],[-75.38423,39.8988],[-75.38517,39.89787],[-75.38602,39.89778],[-75.38759,39.89432]]]}},{"type":"Feature","properties":{"n":"Trib 00680 Of Ridley Creek","w":"stream","rank":3},"geometry":{"type":"MultiLineString","coordinates":[[[-75.51371,39.99821],[-75.51801,39.99609],[-75.51855,39.99332],[-75.52423,39.99096]]]}},{"type":"Feature","properties":{"n":"Trib 00624 To Ridley Creek","w":"stream","rank":3},"geometry":{"type":"MultiLineString","coordinates":[[[-75.38049,39.86868],[-75.37973,39.86965],[-75.37978,39.87106],[-75.37886,39.87172],[-75.37777,39.8736],[-75.37646,39.8738]]]}},{"type":"Feature","properties":{"n":"Trib 00649 To Ridley Creek","w":"stream","rank":3},"geometry":{"type":"MultiLineString","coordinates":[[[-75.4389,39.96286],[-75.43885,39.96213],[-75.44157,39.958],[-75.44351,39.95775]]]}},{"type":"Feature","properties":{"n":"Trib 00662 To Ridley Creek","w":"stream","rank":3},"geometry":{"type":"MultiLineString","coordinates":[[[-75.47459,39.95229],[-75.47315,39.95422],[-75.47343,39.95505],[-75.47279,39.95563],[-75.47281,39.95627],[-75.47621,39.95779],[-75.47828,39.95965],[-75.47977,39.96152],[-75.47976,39.96357]]]}},{"type":"Feature","properties":{"n":"Trib 00684 Of Ridley Creek","w":"stream","rank":3},"geometry":{"type":"MultiLineString","coordinates":[[[-75.55306,40.02273],[-75.55194,40.02127],[-75.55297,40.01839],[-75.554,40.01692],[-75.55681,40.01564],[-75.55668,40.01379],[-75.55714,40.0133]]]}},{"type":"Feature","properties":{"n":"Garrett Mill Run","w":"stream","rank":3},"geometry":{"type":"MultiLineString","coordinates":[[[-75.49287,39.98652],[-75.49163,39.98346],[-75.49156,39.982],[-75.49436,39.97881],[-75.4953,39.97841],[-75.4957,39.97756],[-75.49741,39.97678],[-75.49705,39.97598]]]}},{"type":"Feature","properties":{"n":"East Branch Ridley Creek","w":"stream","rank":3},"geometry":{"type":"MultiLineString","coordinates":[[[-75.54389,40.02563],[-75.54341,40.02205],[-75.5425,40.02035],[-75.53909,40.01755]]]}},{"type":"Feature","properties":{"n":"Trib 00665 Of Ridley Creek","w":"stream","rank":3},"geometry":{"type":"MultiLineString","coordinates":[[[-75.47805,39.95065],[-75.48191,39.95453],[-75.484,39.95421],[-75.48624,39.95444]]]}},{"type":"Feature","properties":{"n":"Trib 00664 Of Ridley Creek","w":"stream","rank":3},"geometry":{"type":"MultiLineString","coordinates":[[[-75.48424,39.94741],[-75.4859,39.9482],[-75.48713,39.95066],[-75.48643,39.95189],[-75.48679,39.95248],[-75.48645,39.95358]],[[-75.48624,39.95444],[-75.48635,39.9552],[-75.48758,39.95638],[-75.48818,39.95765]]]}},{"type":"Feature","properties":{"n":"Trib 00626 To Ridley Creek","w":"stream","rank":3},"geometry":{"type":"MultiLineString","coordinates":[[[-75.39328,39.87832],[-75.38962,39.87635],[-75.38499,39.87625]]]}},{"type":"Feature","properties":{"n":"Trib 00685 Of Ridley Creek","w":"stream","rank":3},"geometry":{"type":"MultiLineString","coordinates":[[[-75.55957,40.02667],[-75.55878,40.02074],[-75.55939,40.01858],[-75.5608,40.0162]]]}},{"type":"Feature","properties":{"n":"Trib 00643 To Dismal Run","w":"stream","rank":3},"geometry":{"type":"MultiLineString","coordinates":[[[-75.43834,39.93542],[-75.43685,39.93638],[-75.43603,39.93621],[-75.43525,39.93659],[-75.43426,39.93771],[-75.43403,39.93893],[-75.43176,39.94106],[-75.42984,39.94086],[-75.42964,39.94138],[-75.42711,39.9413],[-75.42595,39.94086],[-75.42513,39.93968],[-75.42395,39.93902]]]}},{"type":"Feature","properties":{"n":"Trib 00627 To Ridley Creek","w":"stream","rank":3},"geometry":{"type":"MultiLineString","coordinates":[[[-75.39182,39.88334],[-75.39003,39.88325],[-75.38738,39.88096],[-75.38439,39.88009]]]}},{"type":"Feature","properties":{"n":"Trib 00644 To Dismal Run","w":"stream","rank":3},"geometry":{"type":"MultiLineString","coordinates":[[[-75.44013,39.92631],[-75.43984,39.9254],[-75.43778,39.92373]]]}},{"type":"Feature","properties":{"n":"Traders Run","w":"stream","rank":3},"geometry":{"type":"MultiLineString","coordinates":[[[-75.53055,40.01623],[-75.53039,40.01461],[-75.53098,40.01329],[-75.53395,40.01102],[-75.53474,40.00714]]]}},{"type":"Feature","properties":{"n":"Benoni Run","w":"stream","rank":3},"geometry":{"type":"MultiLineString","coordinates":[[[-75.52272,40.00008],[-75.52455,39.99881],[-75.52426,39.99817],[-75.52483,39.99709],[-75.52484,39.99578],[-75.52584,39.9942],[-75.5241,39.99244],[-75.52423,39.99096],[-75.5233,39.98915],[-75.52157,39.9879],[-75.52011,39.98558],[-75.52032,39.98448],[-75.52136,39.98378]]]}},{"type":"Feature","properties":{"n":"Serpentine Run","w":"stream","rank":3},"geometry":{"type":"MultiLineString","coordinates":[[[-75.52074,40.00803],[-75.52326,40.00692],[-75.52731,40.00647],[-75.53116,40.00442],[-75.53436,40.00456]]]}},{"type":"Feature","properties":{"n":"Trib 00633 To Ridley Creek","w":"stream","rank":3},"geometry":{"type":"MultiLineString","coordinates":[[[-75.38675,39.91474],[-75.38759,39.91411],[-75.38993,39.91373],[-75.39232,39.91258],[-75.39279,39.91129],[-75.39709,39.90706],[-75.39735,39.90604]]]}},{"type":"Feature","properties":{"n":"Trib 00646 Of Ridley Creek","w":"stream","rank":3},"geometry":{"type":"MultiLineString","coordinates":[[[-75.44018,39.94276],[-75.43883,39.9458],[-75.43944,39.94675],[-75.43882,39.94743],[-75.43992,39.94991]]]}},{"type":"Feature","properties":{"n":"Trib 00638 To Spring Run","w":"stream","rank":3},"geometry":{"type":"MultiLineString","coordinates":[[[-75.4285,39.92441],[-75.42619,39.92734],[-75.42369,39.92798],[-75.42301,39.92757],[-75.42258,39.92783],[-75.42057,39.92767],[-75.41928,39.92667],[-75.41777,39.9267],[-75.41511,39.92507]]]}},{"type":"Feature","properties":{"n":"Ashbridge Run","w":"stream","rank":3},"geometry":{"type":"MultiLineString","coordinates":[[[-75.50607,39.99273],[-75.50594,39.98929],[-75.50765,39.98636],[-75.50731,39.98561],[-75.50861,39.98432],[-75.50898,39.98087],[-75.51059,39.97996]]]}},{"type":"Feature","properties":{"n":"Trib 00688 To Ridley Creek","w":"stream","rank":3},"geometry":{"type":"MultiLineString","coordinates":[[[-75.52766,40.00813],[-75.53093,40.00721],[-75.53447,40.00533]]]}},{"type":"Feature","properties":{"n":"Beden Brook","w":"stream","rank":3},"geometry":{"type":"MultiLineString","coordinates":[[[-74.76425,40.38755],[-74.76209,40.38752],[-74.76084,40.38663],[-74.76028,40.38493],[-74.76118,40.38355],[-74.76129,40.38235],[-74.76041,40.38048],[-74.75594,40.3805],[-74.7543,40.38019],[-74.75301,40.38065],[-74.75238,40.38148],[-74.75087,40.38205],[-74.75078,40.38246],[-74.7487,40.38258],[-74.74834,40.38288],[-74.74812,40.38265],[-74.74762,40.38312],[-74.74732,40.38277],[-74.7462,40.3833],[-74.74629,40.38358],[-74.74506,40.38377],[-74.74511,40.38411],[-74.74297,40.38361],[-74.74129,40.3839],[-74.74059,40.38445],[-74.73935,40.38451],[-74.73897,40.38419],[-74.73767,40.38526],[-74.73613,40.38589],[-74.73556,40.38664],[-74.7358,40.3872],[-74.73457,40.38799],[-74.73465,40.38835],[-74.73336,40.38897],[-74.73328,40.3895],[-74.73363,40.38962],[-74.73386,40.38926],[-74.73429,40.38956],[-74.73419,40.3906],[-74.73043,40.39105],[-74.72947,40.39152],[-74.72946,40.39203],[-74.7267,40.39256],[-74.72347,40.39255],[-74.72328,40.39209],[-74.72275,40.392],[-74.72147,40.39253],[-74.72002,40.39404],[-74.71777,40.39405],[-74.71703,40.39353],[-74.71583,40.3938],[-74.715,40.39353],[-74.71323,40.39395],[-74.71239,40.39463],[-74.71009,40.39498],[-74.70779,40.39625],[-74.70459,40.39561],[-74.70379,40.39494],[-74.70239,40.39493],[-74.70148,40.39444],[-74.70056,40.39459],[-74.6985,40.39597],[-74.69756,40.39711],[-74.69618,40.39747],[-74.69588,40.39809],[-74.6967,40.39999],[-74.6964,40.40071],[-74.6952,40.4011],[-74.69129,40.4011],[-74.68996,40.40214],[-74.68962,40.40309],[-74.69022,40.4044],[-74.68992,40.40538],[-74.68872,40.40567],[-74.68502,40.40509],[-74.68408,40.40528],[-74.68223,40.40407],[-74.68108,40.40368],[-74.67992,40.40384]]]}},{"type":"Feature","properties":{"n":"Assiscunk Creek","w":"stream","rank":3},"geometry":{"type":"MultiLineString","coordinates":[[[-74.80035,40.07256],[-74.80178,40.07239],[-74.80264,40.07273],[-74.80393,40.0721],[-74.80474,40.07251],[-74.80612,40.0719],[-74.80686,40.07259],[-74.80796,40.07254],[-74.80903,40.07403],[-74.80912,40.07481],[-74.80832,40.07586],[-74.81049,40.07585],[-74.81193,40.07655],[-74.81246,40.07587],[-74.81225,40.07508],[-74.81349,40.07471],[-74.81296,40.07379],[-74.81326,40.07348],[-74.81446,40.0732],[-74.81596,40.0715],[-74.81914,40.07101],[-74.82128,40.07183],[-74.82167,40.07262],[-74.82244,40.07282],[-74.82321,40.07249],[-74.82347,40.07167],[-74.82519,40.07167],[-74.82703,40.07098],[-74.82952,40.07157],[-74.83287,40.07302],[-74.83785,40.07397],[-74.84175,40.07374],[-74.84411,40.07157],[-74.84549,40.07157],[-74.85008,40.07581],[-74.85045,40.07878],[-74.84969,40.08103],[-74.85017,40.08286]],[[-74.67735,40.0599],[-74.68765,40.05701],[-74.69295,40.05589],[-74.69709,40.05543],[-74.70492,40.05586],[-74.70983,40.05517],[-74.71248,40.05528],[-74.7149,40.05578],[-74.71761,40.05763],[-74.72091,40.05687],[-74.72541,40.05657],[-74.72681,40.05589],[-74.72746,40.0544],[-74.72925,40.05366],[-74.73762,40.05338],[-74.74132,40.05377],[-74.74301,40.05336],[-74.74381,40.05255],[-74.7438,40.05169],[-74.74431,40.05146],[-74.74613,40.05165],[-74.74655,40.05235]]]}},{"type":"Feature","properties":{"n":"Pompeston Creek","w":"stream","rank":3},"geometry":{"type":"MultiLineString","coordinates":[[[-74.96685,39.99821],[-74.97169,39.99754]],[[-74.95126,39.96646],[-74.95344,39.96722],[-74.95735,39.96682],[-74.95836,39.96702],[-74.95878,39.96773],[-74.96053,39.96861],[-74.96088,39.96965],[-74.96199,39.97079],[-74.96599,39.97335],[-74.96614,39.97442],[-74.96743,39.97557],[-74.97422,39.9785],[-74.97715,39.98166],[-74.97723,39.98358],[-74.97677,39.9838],[-74.97645,39.98609],[-74.97538,39.98788],[-74.97616,39.9895],[-74.97535,39.99014],[-74.97604,39.9909],[-74.97612,39.99245],[-74.97833,39.99412],[-74.97821,39.99529],[-74.97724,39.99688],[-74.9773,39.99984],[-74.97968,40.00114],[-74.98174,40.00303],[-74.98338,40.00373],[-74.98311,40.00415],[-74.98412,40.00526],[-74.98462,40.00516],[-74.98594,40.00598],[-74.98935,40.00674],[-74.99138,40.0081],[-74.99302,40.00822],[-74.99655,40.00988],[-74.99718,40.00957],[-74.99878,40.00989],[-75.00132,40.00954],[-75.00196,40.01043],[-75.00423,40.01034],[-75.00467,40.011],[-75.00555,40.01073],[-75.00535,40.0118],[-75.0076,40.01213],[-75.01378,40.02017]]]}},{"type":"Feature","properties":{"n":"Saucon Creek","w":"river","rank":2},"geometry":{"type":"MultiLineString","coordinates":[[[-75.428,40.54588],[-75.42698,40.54679],[-75.4208,40.54856],[-75.4182,40.55178],[-75.41691,40.5522],[-75.4148,40.55187],[-75.41062,40.54892],[-75.40771,40.54992],[-75.40649,40.55072],[-75.4034,40.55154],[-75.39946,40.55165],[-75.39736,40.55049],[-75.39568,40.55031],[-75.39281,40.55181]]]}},{"type":"Feature","properties":{"n":"Chestnut Branch","w":"stream","rank":3},"geometry":{"type":"MultiLineString","coordinates":[[[-75.11213,39.70827],[-75.11337,39.70876],[-75.11804,39.70925],[-75.11968,39.71014]],[[-75.13667,39.71804],[-75.13777,39.71847],[-75.13838,39.72076],[-75.14041,39.72245]]]}},{"type":"Feature","properties":{"n":"Neshaminy Creek","w":"river","rank":2},"geometry":{"type":"MultiLineString","coordinates":[[[-75.20452,40.28198],[-75.20216,40.28116],[-75.20119,40.28134],[-75.19584,40.27965],[-75.19477,40.27975],[-75.18963,40.28165],[-75.18788,40.28302],[-75.18851,40.28435],[-75.18631,40.28805],[-75.18731,40.28874],[-75.18693,40.28969],[-75.18529,40.29128],[-75.18308,40.29225],[-75.18169,40.29241],[-75.17856,40.28899],[-75.17823,40.2853],[-75.17318,40.28162],[-75.1723,40.28171],[-75.1715,40.28124],[-75.16986,40.27909],[-75.16926,40.27666],[-75.16525,40.27499],[-75.16451,40.27617],[-75.16284,40.27645],[-75.16176,40.27802],[-75.16073,40.2864],[-75.15738,40.28758],[-75.15651,40.28716],[-75.15642,40.28575],[-75.15472,40.28423],[-75.15375,40.28266],[-75.15227,40.28161],[-75.15162,40.28158],[-75.14929,40.27955],[-75.14798,40.27938],[-75.14513,40.28004],[-75.14151,40.28265],[-75.14089,40.28214],[-75.13922,40.28271],[-75.13663,40.28195],[-75.1359,40.28087],[-75.13858,40.2765],[-75.13841,40.27573],[-75.13775,40.27532],[-75.13569,40.27567],[-75.13167,40.27721],[-75.13145,40.27842],[-75.13232,40.28115],[-75.1311,40.28284],[-75.12898,40.28267],[-75.12826,40.28121],[-75.12824,40.27934],[-75.12728,40.27744],[-75.12607,40.27678],[-75.12569,40.27596],[-75.12584,40.27425],[-75.12434,40.27082],[-75.12274,40.26866],[-75.12127,40.26804],[-75.11986,40.26947],[-75.11596,40.27043],[-75.11218,40.27212],[-75.10754,40.27258],[-75.10216,40.27593],[-75.10185,40.27687],[-75.10118,40.27726],[-75.09894,40.27713],[-75.09765,40.27668],[-75.0955,40.2767],[-75.09347,40.27414],[-75.09031,40.27414],[-75.08817,40.27565],[-75.08619,40.2755],[-75.08356,40.27614],[-75.08105,40.276],[-75.0776,40.27407],[-75.07643,40.27249],[-75.07648,40.27126],[-75.07599,40.27045],[-75.07181,40.26881],[-75.06848,40.26554],[-75.06494,40.26292],[-75.06299,40.26248],[-75.06185,40.26263],[-75.05914,40.26795],[-75.05777,40.26928],[-75.05688,40.2695],[-75.05349,40.26887],[-75.05301,40.26842],[-75.0529,40.26639],[-75.05652,40.25964],[-75.05694,40.2579],[-75.05663,40.25718],[-75.05426,40.25587],[-75.04974,40.25674],[-75.04764,40.25774],[-75.04576,40.25961],[-75.0453,40.2616],[-75.0426,40.26555],[-75.04169,40.26604],[-75.03914,40.26527],[-75.03664,40.26281],[-75.03644,40.26171],[-75.03504,40.26094],[-75.03317,40.25594],[-75.03159,40.25461],[-75.02951,40.25344],[-75.02569,40.25278],[-75.02437,40.25214],[-75.02157,40.24877],[-75.02062,40.24839],[-75.01959,40.24835],[-75.01503,40.24959],[-75.01384,40.25038],[-75.00996,40.25149],[-75.00602,40.25193],[-75.00303,40.24877],[-75.00103,40.24816],[-74.99937,40.24949],[-74.99628,40.25096],[-74.99477,40.24997],[-74.99455,40.24859],[-74.99547,40.24482],[-74.99363,40.24072],[-74.99187,40.24054],[-74.99122,40.24122],[-74.98819,40.24201],[-74.98557,40.24594],[-74.98457,40.24631],[-74.98285,40.24567],[-74.97964,40.24362],[-74.97949,40.24218],[-74.97814,40.2406],[-74.97555,40.23995],[-74.973,40.24076],[-74.97092,40.24081],[-74.96993,40.24038],[-74.97152,40.23571],[-74.97395,40.23405],[-74.97448,40.23267],[-74.97433,40.23211],[-74.97249,40.23086],[-74.96639,40.22986],[-74.96309,40.22703],[-74.96284,40.22557],[-74.96505,40.22291],[-74.96543,40.22198],[-74.96514,40.22105],[-74.96323,40.22037],[-74.96233,40.22044],[-74.95791,40.21861],[-74.95629,40.21686],[-74.95503,40.21256],[-74.95387,40.21176],[-74.95154,40.21145],[-74.9442,40.21139],[-74.94277,40.21097],[-74.94029,40.20886],[-74.9409,40.20287],[-74.94174,40.20108],[-74.94164,40.19895],[-74.94265,40.19445],[-74.93454,40.18893],[-74.92604,40.18915],[-74.923,40.18725],[-74.92261,40.18625],[-74.92838,40.18381],[-74.92943,40.18385],[-74.93413,40.18204],[-74.94684,40.17902],[-74.94918,40.17796],[-74.95145,40.17796],[-74.95347,40.17919],[-74.95444,40.17929],[-74.9556,40.17815],[-74.95653,40.17809],[-74.95681,40.17577],[-74.9576,40.17459],[-74.95779,40.17326],[-74.95004,40.16748],[-74.94885,40.16445],[-74.95147,40.16216],[-74.95705,40.15847],[-74.95729,40.15782],[-74.95617,40.15105],[-74.95794,40.14608],[-74.95729,40.14558],[-74.95161,40.1456],[-74.94696,40.14686],[-74.94526,40.14768],[-74.94298,40.14817],[-74.94057,40.1498],[-74.93804,40.15082],[-74.93601,40.15253],[-74.93406,40.15335],[-74.93294,40.15348],[-74.92831,40.15264],[-74.92628,40.15111],[-74.92452,40.15052],[-74.91431,40.14208],[-74.90908,40.14115],[-74.90632,40.13942],[-74.90441,40.13793],[-74.90248,40.13488],[-74.89835,40.13193],[-74.8984,40.13098],[-74.89997,40.12937],[-74.90128,40.12649],[-74.90138,40.12403],[-74.90245,40.12036],[-74.90305,40.1191],[-74.90549,40.11664],[-74.90521,40.11457],[-74.90443,40.1129],[-74.9043,40.11062],[-74.90248,40.10575],[-74.90297,40.10327],[-74.9054,40.10016],[-74.90783,40.09889],[-74.91047,40.09871],[-74.91245,40.09771],[-74.91501,40.08968],[-74.91501,40.08813],[-74.91436,40.08639],[-74.91343,40.08549],[-74.91119,40.08475],[-74.91013,40.08357],[-74.90979,40.07931],[-74.90861,40.07615],[-74.90933,40.0733],[-74.91094,40.07028]],[[-74.95548,40.15967],[-74.9571,40.15669]],[[-75.27991,40.29946],[-75.27917,40.29587],[-75.27998,40.29326],[-75.28005,40.29058],[-75.27546,40.28791],[-75.2731,40.28408],[-75.27213,40.28341],[-75.272,40.28248],[-75.27255,40.28164],[-75.27128,40.2806],[-75.27142,40.27975],[-75.27001,40.27888],[-75.26929,40.27787],[-75.26962,40.27717],[-75.26786,40.27532],[-75.26788,40.27328],[-75.26846,40.27253],[-75.26803,40.27184],[-75.26792,40.26831]]]}},{"type":"Feature","properties":{"n":"Neshaminy Creek","w":"stream","rank":3},"geometry":{"type":"MultiLineString","coordinates":[[[-75.16634,40.27534],[-75.1655,40.27468],[-75.16334,40.2751],[-75.16301,40.27531],[-75.16332,40.2762]],[[-75.25626,40.32013],[-75.2583,40.31783],[-75.25877,40.31546],[-75.25958,40.31475],[-75.26089,40.31435],[-75.2623,40.31307],[-75.26443,40.31279],[-75.26721,40.31147],[-75.27075,40.31132],[-75.27563,40.30906],[-75.27606,40.30791],[-75.27779,40.30726],[-75.27898,40.30629],[-75.27985,40.30654],[-75.28043,40.30618],[-75.28168,40.305],[-75.28136,40.30449],[-75.28228,40.30367],[-75.28279,40.30222],[-75.28228,40.30092],[-75.27991,40.29946]],[[-74.94129,40.19524],[-74.94043,40.19426],[-74.93626,40.19228],[-74.93515,40.19095],[-74.93532,40.19063],[-74.93355,40.18961],[-74.93121,40.18907]],[[-74.9409,40.20287],[-74.94046,40.19939],[-74.94159,40.19519]]]}},{"type":"Feature","properties":{"n":"West Branch Neshaminy Creek","w":"river","rank":2},"geometry":{"type":"MultiLineString","coordinates":[[[-75.29545,40.29878],[-75.29491,40.29739],[-75.29516,40.29596],[-75.29463,40.29563],[-75.29474,40.29467],[-75.29427,40.29413],[-75.29446,40.29279],[-75.29343,40.29228],[-75.29306,40.29164],[-75.29034,40.29051],[-75.29016,40.28895],[-75.28944,40.2886],[-75.28945,40.28389],[-75.29309,40.27933],[-75.29356,40.278],[-75.29057,40.2764],[-75.28754,40.27568],[-75.28737,40.27481],[-75.28661,40.27419],[-75.28598,40.27432],[-75.28526,40.27383],[-75.28444,40.27401],[-75.28349,40.27342],[-75.28126,40.27288],[-75.27864,40.27294],[-75.27802,40.2717],[-75.27667,40.27056],[-75.27658,40.2695],[-75.27524,40.2685],[-75.27013,40.26904],[-75.26722,40.26818],[-75.26531,40.26825],[-75.26305,40.26965],[-75.26236,40.27128],[-75.26079,40.27166],[-75.25889,40.27313],[-75.25705,40.27373],[-75.25537,40.27375],[-75.25498,40.27423],[-75.25259,40.27403],[-75.25222,40.27594],[-75.25168,40.27657],[-75.2497,40.27647],[-75.24894,40.27684],[-75.24728,40.27654],[-75.24607,40.27758],[-75.24565,40.27952],[-75.23778,40.28199],[-75.23593,40.28212],[-75.23383,40.28114],[-75.23272,40.27992],[-75.23182,40.28004],[-75.23134,40.28077],[-75.23235,40.28267],[-75.23228,40.28371],[-75.23048,40.28421],[-75.22947,40.28335],[-75.22726,40.28251],[-75.22546,40.28281],[-75.22286,40.28439],[-75.22316,40.2856],[-75.22148,40.28665],[-75.22209,40.28803],[-75.22057,40.28867],[-75.21947,40.28867],[-75.21847,40.28809],[-75.21598,40.28585],[-75.21178,40.28672],[-75.20933,40.28617],[-75.2078,40.28322],[-75.20717,40.28285],[-75.20585,40.28285],[-75.20452,40.28198]],[[-75.30275,40.29],[-75.30281,40.2871],[-75.30219,40.28551],[-75.30109,40.28401],[-75.29986,40.28327],[-75.29987,40.2823],[-75.29828,40.28089]],[[-75.29777,40.28046],[-75.29576,40.27861],[-75.29359,40.27804]]]}},{"type":"Feature","properties":{"n":"Assunpink Creek","w":"river","rank":2},"geometry":{"type":"MultiLineString","coordinates":[[[-74.69221,40.2685],[-74.69502,40.26933],[-74.69718,40.26948],[-74.70326,40.26847],[-74.70639,40.26885],[-74.70759,40.26818],[-74.70829,40.2675],[-74.70901,40.26525],[-74.71034,40.26434],[-74.71353,40.26381],[-74.71454,40.26315],[-74.71414,40.26114],[-74.71495,40.25954],[-74.71693,40.25736],[-74.71674,40.25446],[-74.71824,40.25262],[-74.71927,40.24914],[-74.72013,40.24867],[-74.7264,40.24791],[-74.7297,40.24641],[-74.73177,40.24389],[-74.73192,40.2418],[-74.73384,40.24042],[-74.73617,40.23748],[-74.73845,40.23589],[-74.73866,40.23474],[-74.73807,40.23244],[-74.73946,40.2315],[-74.74171,40.23152],[-74.74349,40.2292],[-74.74921,40.22609],[-74.74964,40.22563],[-74.74905,40.22495],[-74.74918,40.22444],[-74.75179,40.22204],[-74.75184,40.22082],[-74.75473,40.21811],[-74.75911,40.21737],[-74.76146,40.21825],[-74.76311,40.21827],[-74.76453,40.21812],[-74.7656,40.21754],[-74.7694,40.21726],[-74.77124,40.21501]]]}},{"type":"Feature","properties":{"n":"Cobbs Creek","w":"river","rank":2},"geometry":{"type":"MultiLineString","coordinates":[[[-75.25713,39.96376],[-75.25669,39.96372],[-75.25414,39.9654],[-75.2515,39.96534],[-75.25104,39.96483],[-75.25013,39.96507],[-75.24756,39.96364],[-75.24797,39.96094],[-75.25089,39.95897],[-75.2489,39.95661],[-75.24988,39.95439],[-75.25156,39.95212],[-75.2511,39.95063],[-75.25154,39.94928],[-75.25042,39.94821],[-75.25,39.94672],[-75.24745,39.9444],[-75.24671,39.94283],[-75.24025,39.94216],[-75.23939,39.94072],[-75.24074,39.93906],[-75.24063,39.93862],[-75.23959,39.93816],[-75.23531,39.93831],[-75.23482,39.9372],[-75.23517,39.93606],[-75.23645,39.93511],[-75.23656,39.93378],[-75.23731,39.93265],[-75.23845,39.93265],[-75.24051,39.93364],[-75.24196,39.93345],[-75.24437,39.9304],[-75.2439,39.92921],[-75.24457,39.92724],[-75.24437,39.92626],[-75.24598,39.92456],[-75.24621,39.92328],[-75.24749,39.9219],[-75.24744,39.91796],[-75.24678,39.91632],[-75.24769,39.91484],[-75.24718,39.91368],[-75.24836,39.91292],[-75.24896,39.91178],[-75.25034,39.91114],[-75.25128,39.91013],[-75.2499,39.90926],[-75.25029,39.90768],[-75.25174,39.90675],[-75.25406,39.90664],[-75.25517,39.90589]]]}},{"type":"Feature","properties":{"n":"Shabakunk Creek","w":"stream","rank":3},"geometry":{"type":"MultiLineString","coordinates":[[[-74.74998,40.25129],[-74.74415,40.25272],[-74.73963,40.25482],[-74.73697,40.25535],[-74.735,40.25649],[-74.72947,40.25716],[-74.7281,40.25666],[-74.72715,40.25557],[-74.72578,40.25552],[-74.72376,40.25613],[-74.72295,40.25591],[-74.72213,40.25485],[-74.72164,40.2548],[-74.7214,40.25293],[-74.7191,40.2494]],[[-74.76688,40.30867],[-74.76897,40.30672],[-74.77133,40.30188],[-74.77075,40.30092],[-74.77133,40.29973],[-74.77098,40.29935],[-74.77142,40.29899],[-74.77104,40.29685],[-74.77218,40.29545],[-74.77126,40.29401],[-74.76875,40.29443],[-74.76988,40.29207],[-74.76944,40.29216],[-74.76946,40.29144],[-74.76661,40.29013],[-74.76648,40.2894],[-74.76518,40.28896],[-74.76507,40.28721],[-74.76615,40.28651],[-74.76651,40.28445],[-74.76729,40.28336],[-74.76874,40.28268],[-74.76966,40.2817],[-74.77147,40.28162],[-74.77208,40.2811],[-74.77231,40.27851],[-74.77497,40.27437],[-74.77505,40.27293]]]}},{"type":"Feature","properties":{"n":"Cooks Creek","w":"stream","rank":3},"geometry":{"type":"MultiLineString","coordinates":[[[-75.29239,40.51614],[-75.29137,40.5171],[-75.2901,40.51696],[-75.28686,40.51887],[-75.2827,40.51953],[-75.27928,40.5214],[-75.27656,40.52225],[-75.27499,40.52379],[-75.27559,40.52481],[-75.27505,40.5257],[-75.27562,40.52874],[-75.27956,40.53151],[-75.27996,40.5325],[-75.27903,40.53321],[-75.27872,40.53498],[-75.27877,40.5357],[-75.27947,40.53603],[-75.27986,40.53714],[-75.27892,40.53782],[-75.27825,40.53764],[-75.27799,40.53803],[-75.27565,40.53836],[-75.27471,40.53937],[-75.2749,40.54014],[-75.27355,40.54211],[-75.27359,40.54271],[-75.27544,40.54356],[-75.27679,40.5449],[-75.27596,40.54495],[-75.27535,40.54591],[-75.27445,40.54641],[-75.27469,40.54716],[-75.2781,40.54974],[-75.27804,40.55064],[-75.27735,40.55132],[-75.27789,40.55246],[-75.27671,40.55468],[-75.27445,40.55514],[-75.2731,40.557],[-75.27076,40.55822],[-75.26866,40.55867],[-75.26559,40.5581],[-75.26066,40.56032],[-75.25611,40.56417],[-75.2545,40.56466],[-75.25276,40.56622],[-75.25235,40.56859],[-75.25319,40.56925],[-75.25207,40.57017]],[[-75.25147,40.57004],[-75.25018,40.56956],[-75.24544,40.56991],[-75.24379,40.57036]],[[-75.32998,40.50627],[-75.3275,40.50559],[-75.32566,40.50433],[-75.32398,40.50402],[-75.32334,40.50303],[-75.32244,40.5026],[-75.32166,40.50093],[-75.31948,40.49965],[-75.31971,40.49901],[-75.31884,40.49854],[-75.31425,40.49754],[-75.31298,40.49781],[-75.31285,40.49724],[-75.31002,40.49694],[-75.30793,40.49611],[-75.30306,40.49626],[-75.30095,40.49898],[-75.30019,40.49942],[-75.29997,40.5005],[-75.29891,40.50101],[-75.29851,40.50179],[-75.29877,40.50216],[-75.29715,40.50261],[-75.29545,40.50488],[-75.29547,40.50565],[-75.29464,40.5064],[-75.29391,40.50779],[-75.29425,40.5094],[-75.29365,40.51204],[-75.29301,40.51206],[-75.29309,40.51477],[-75.29243,40.51609]]]}},{"type":"Feature","properties":{"n":"Barkers Brook","w":"stream","rank":3},"geometry":{"type":"MultiLineString","coordinates":[[[-74.69606,40.03615],[-74.69786,40.03623],[-74.70139,40.03449],[-74.70225,40.03491],[-74.70596,40.03289],[-74.70682,40.0317],[-74.71094,40.02898],[-74.71289,40.02819],[-74.71433,40.02816],[-74.7156,40.02741],[-74.71812,40.02707],[-74.71831,40.02677],[-74.72272,40.02688],[-74.72747,40.02597],[-74.72988,40.02483],[-74.73068,40.02533],[-74.73434,40.02544],[-74.74233,40.02262],[-74.74622,40.02271],[-74.75234,40.02122],[-74.75328,40.0214],[-74.75731,40.02015],[-74.7625,40.02011],[-74.76525,40.02204],[-74.76559,40.02271],[-74.76512,40.02401],[-74.76351,40.0252],[-74.76185,40.03053],[-74.76182,40.03285],[-74.76226,40.033],[-74.76295,40.0346],[-74.76202,40.03947],[-74.76231,40.04036],[-74.76172,40.04179],[-74.76024,40.04241],[-74.75908,40.04191],[-74.75901,40.04146],[-74.75735,40.04252],[-74.75644,40.04248],[-74.75602,40.04206],[-74.75442,40.04294],[-74.75201,40.04359],[-74.75255,40.0444],[-74.75236,40.04512],[-74.75351,40.04659],[-74.75161,40.05077],[-74.75141,40.05289],[-74.75313,40.05303],[-74.75388,40.05394],[-74.75354,40.05469]],[[-74.67957,40.02183],[-74.68164,40.02297],[-74.6828,40.02316],[-74.68671,40.02271],[-74.68693,40.02229],[-74.69283,40.02111],[-74.69979,40.02497],[-74.71054,40.02759],[-74.71409,40.02766],[-74.71474,40.02733],[-74.71514,40.02771]]]}},{"type":"Feature","properties":{"n":"Assicunk Creek","w":"stream","rank":3},"geometry":{"type":"MultiLineString","coordinates":[[[-74.74655,40.05235],[-74.74871,40.05429],[-74.74939,40.05447],[-74.75243,40.05387],[-74.75478,40.05505],[-74.75611,40.05631],[-74.75568,40.05743],[-74.75426,40.05836],[-74.75392,40.05992],[-74.75409,40.06088],[-74.75597,40.06333],[-74.75565,40.06378],[-74.75641,40.06472],[-74.75887,40.06414],[-74.75953,40.06451],[-74.75918,40.06499],[-74.76034,40.06554],[-74.76109,40.06516],[-74.7645,40.06482],[-74.76554,40.06541],[-74.76528,40.06627],[-74.7661,40.06718],[-74.76786,40.06788],[-74.76929,40.06807],[-74.77155,40.06746],[-74.77243,40.06678],[-74.77283,40.06517],[-74.7738,40.06398],[-74.77599,40.06354],[-74.77725,40.06443],[-74.77781,40.06425],[-74.77852,40.06535],[-74.78045,40.06651],[-74.78172,40.06602],[-74.78326,40.066],[-74.7844,40.06454],[-74.78361,40.06178],[-74.78496,40.0607],[-74.78588,40.06096],[-74.78732,40.06414],[-74.7885,40.06533],[-74.79082,40.06659],[-74.79569,40.063],[-74.79603,40.06208],[-74.79723,40.06178],[-74.798,40.06211],[-74.79862,40.06302],[-74.79857,40.06513],[-74.80077,40.06779],[-74.79845,40.07149],[-74.79979,40.07291],[-74.80035,40.07256]]]}},{"type":"Feature","properties":{"n":"Schuylkill Canal","w":"canal","rank":3},"geometry":{"type":"MultiLineString","coordinates":[[[-75.24762,40.0403],[-75.24626,40.04007],[-75.24556,40.0389],[-75.24386,40.03766],[-75.241,40.03684],[-75.2373,40.0345],[-75.22829,40.02723],[-75.22368,40.02514],[-75.22002,40.02295]],[[-75.50598,40.14859],[-75.50567,40.14789],[-75.50859,40.14402],[-75.5098,40.14085],[-75.50875,40.13729],[-75.50661,40.13504],[-75.49815,40.12974],[-75.49536,40.1284],[-75.49253,40.12774],[-75.49085,40.12771],[-75.48266,40.12853]],[[-75.5641,40.2056],[-75.56127,40.20573],[-75.55998,40.20542],[-75.55501,40.20107],[-75.55174,40.19303],[-75.55233,40.19004],[-75.55208,40.18843],[-75.54981,40.18419]]]}},{"type":"Feature","properties":{"n":"North Branch Neshaminy Creek","w":"river","rank":2},"geometry":{"type":"MultiLineString","coordinates":[[[-75.20276,40.31697],[-75.20499,40.31597],[-75.20706,40.31265],[-75.21174,40.31013],[-75.2125,40.30821],[-75.21125,40.30574],[-75.21137,40.30444],[-75.20967,40.30362],[-75.20799,40.30164],[-75.20783,40.301],[-75.20859,40.30046],[-75.20755,40.29861],[-75.20785,40.29797],[-75.20871,40.29761],[-75.20865,40.29639],[-75.20771,40.29624],[-75.20739,40.29471],[-75.20519,40.29292],[-75.20585,40.29012],[-75.20419,40.28874],[-75.20576,40.28521],[-75.20485,40.28396],[-75.20452,40.28198]]]}},{"type":"Feature","properties":{"n":"Taylor Run","w":"stream","rank":3},"geometry":{"type":"MultiLineString","coordinates":[[[-75.61254,39.99474],[-75.61166,39.99252],[-75.61166,39.99027],[-75.61095,39.98894],[-75.6112,39.9877],[-75.6108,39.98547],[-75.60855,39.98201],[-75.60975,39.97953],[-75.6105,39.97913],[-75.6104,39.97859],[-75.61288,39.97598],[-75.61349,39.97451],[-75.6168,39.97231],[-75.62222,39.97005],[-75.62286,39.96927],[-75.63063,39.96708],[-75.63421,39.9648],[-75.63444,39.96434],[-75.63381,39.96367],[-75.63455,39.96193],[-75.63539,39.96157],[-75.63733,39.96205],[-75.63875,39.96143],[-75.63889,39.95963],[-75.63992,39.95924],[-75.64111,39.95688],[-75.6436,39.95597],[-75.64455,39.95613],[-75.64488,39.95675],[-75.64565,39.95641],[-75.64625,39.95691],[-75.64654,39.95664],[-75.64779,39.95676],[-75.64817,39.95621],[-75.64769,39.95574],[-75.64826,39.95588],[-75.64921,39.95523],[-75.64908,39.95491],[-75.64965,39.95495],[-75.64926,39.95444],[-75.6505,39.9543],[-75.65046,39.95358]]]}},{"type":"Feature","properties":{"n":"East Branch Brandywine Creek","w":"river","rank":2},"geometry":{"type":"MultiLineString","coordinates":[[[-75.79067,40.10123],[-75.78599,40.09894],[-75.78456,40.09936],[-75.78269,40.09918],[-75.78207,40.0988],[-75.78186,40.09737],[-75.77808,40.09645],[-75.77768,40.09569],[-75.77602,40.09499],[-75.77601,40.09462],[-75.77676,40.09468],[-75.77693,40.09439],[-75.77521,40.09353],[-75.77407,40.09064],[-75.77172,40.09016],[-75.76928,40.08809],[-75.76882,40.08707],[-75.76926,40.08672],[-75.76912,40.08625],[-75.76778,40.08514],[-75.76806,40.08433],[-75.76874,40.08407],[-75.76918,40.08266],[-75.76905,40.0806],[-75.76782,40.07896],[-75.7691,40.0778],[-75.76944,40.07711],[-75.76916,40.07654],[-75.76683,40.07553],[-75.76517,40.07536],[-75.76267,40.07613],[-75.75928,40.07836],[-75.75758,40.07838],[-75.75719,40.07801],[-75.75756,40.0769],[-75.7534,40.07724],[-75.75202,40.07686],[-75.75042,40.07627],[-75.74902,40.07445],[-75.74714,40.0732],[-75.74569,40.06976],[-75.74314,40.06686],[-75.74292,40.06539],[-75.74133,40.06348],[-75.74177,40.06199],[-75.74441,40.0602],[-75.7436,40.05849],[-75.7443,40.05302],[-75.7438,40.05167],[-75.74241,40.05195],[-75.74116,40.05116],[-75.7356,40.0508],[-75.73129,40.04948],[-75.72923,40.05062],[-75.72663,40.05285],[-75.72481,40.05281],[-75.72269,40.05101],[-75.7206,40.05077],[-75.71798,40.04802],[-75.71349,40.04652],[-75.71261,40.04424],[-75.71147,40.04317],[-75.71013,40.04276],[-75.70906,40.04335],[-75.70765,40.043],[-75.70722,40.03989],[-75.7081,40.03929],[-75.70851,40.03423],[-75.70752,40.03193],[-75.70787,40.02733],[-75.70604,40.02378],[-75.70614,40.0212],[-75.70716,40.01829],[-75.7066,40.01723],[-75.70441,40.01617],[-75.70401,40.01548],[-75.7043,40.01468],[-75.70607,40.01303],[-75.70638,40.011],[-75.70777,40.00826],[-75.70771,40.00776],[-75.7036,40.00516],[-75.70352,40.0048],[-75.70564,40.00158],[-75.70923,39.99849],[-75.70918,39.99747],[-75.70745,39.99639],[-75.70419,39.99536],[-75.69641,39.99474],[-75.6945,39.99427],[-75.69146,39.99114],[-75.68958,39.9879],[-75.68746,39.98189],[-75.68433,39.97855],[-75.68262,39.97555],[-75.67989,39.97383],[-75.67743,39.97129],[-75.67434,39.96974],[-75.67252,39.96781],[-75.67043,39.96843],[-75.66892,39.96841],[-75.66438,39.96723],[-75.66135,39.96414],[-75.66131,39.96178],[-75.65872,39.96156],[-75.6579,39.96266],[-75.65638,39.96302],[-75.65412,39.96309],[-75.65295,39.96261],[-75.65539,39.95861],[-75.65474,39.9568],[-75.64819,39.95207],[-75.64662,39.95072],[-75.64643,39.94995],[-75.64465,39.94943],[-75.64404,39.94749],[-75.63874,39.94406],[-75.63754,39.94095],[-75.63763,39.93978],[-75.63623,39.93856],[-75.63704,39.93721],[-75.63871,39.93689],[-75.64066,39.93582],[-75.64085,39.93461],[-75.64331,39.93408],[-75.64437,39.9342],[-75.64748,39.93081],[-75.64815,39.9256],[-75.64919,39.92252]],[[-75.66126,39.96354],[-75.65948,39.96379],[-75.65943,39.96326],[-75.65855,39.96306],[-75.65801,39.96331],[-75.65765,39.96274]]]}},{"type":"Feature","properties":{"n":null,"w":"river","rank":2},"geometry":{"type":"MultiLineString","coordinates":[[[-75.64662,39.95072],[-75.64478,39.95076],[-75.64287,39.94926],[-75.64239,39.94742],[-75.64111,39.94578]],[[-75.67944,39.93106],[-75.67899,39.93147],[-75.67781,39.93095],[-75.67739,39.93214],[-75.67448,39.93308],[-75.67424,39.93349]],[[-75.6199,39.70246],[-75.62021,39.7027],[-75.61965,39.70318],[-75.61893,39.70333],[-75.61872,39.70277],[-75.61781,39.70271],[-75.6175,39.70318]],[[-75.32894,39.80359],[-75.3327,39.80418],[-75.33444,39.80557]],[[-75.07027,40.0044],[-75.06586,40.00593],[-75.06285,40.00601],[-75.06166,40.00664],[-75.05383,40.00389]],[[-75.32221,39.80572],[-75.32345,39.80501],[-75.32515,39.80496],[-75.32644,39.80405],[-75.32823,39.80361]],[[-75.64993,39.75252],[-75.6465,39.74993],[-75.64578,39.74828],[-75.64668,39.74714],[-75.64675,39.74582],[-75.64631,39.74578],[-75.64619,39.74493],[-75.64682,39.74418],[-75.64585,39.74357],[-75.64489,39.74353],[-75.64464,39.74255],[-75.64195,39.74252],[-75.64127,39.7428],[-75.64081,39.74311],[-75.6404,39.74483],[-75.63845,39.74439],[-75.63719,39.74352],[-75.63388,39.74388]],[[-74.94868,39.77215],[-74.94924,39.77067],[-74.94908,39.76746],[-74.94965,39.76674],[-74.94915,39.76537],[-74.95183,39.76101],[-74.95299,39.75994],[-74.95393,39.75733],[-74.95494,39.7563],[-74.95484,39.75329],[-74.95298,39.75013],[-74.95283,39.74856],[-74.95292,39.74742],[-74.95444,39.74704],[-74.95454,39.74557],[-74.95336,39.74323],[-74.95289,39.74071],[-74.95217,39.73984],[-74.95229,39.73678],[-74.95035,39.73183],[-74.95028,39.72992],[-74.94859,39.72624],[-74.94891,39.72307],[-74.95003,39.72071],[-74.95053,39.71799],[-74.94961,39.71586],[-74.95072,39.71486],[-74.94942,39.71273],[-74.94766,39.71205],[-74.94646,39.71103],[-74.94476,39.71049],[-74.94178,39.70766],[-74.94094,39.70671],[-74.9412,39.70508],[-74.93977,39.70447],[-74.9378,39.70266],[-74.93748,39.70154]],[[-74.72937,40.18855],[-74.72819,40.18691],[-74.72887,40.18576],[-74.72887,40.18458],[-74.72807,40.18456],[-74.72737,40.18162],[-74.72641,40.18126],[-74.72454,40.18205],[-74.72433,40.18084],[-74.72347,40.18038],[-74.72398,40.17978],[-74.72316,40.17924],[-74.71861,40.17962],[-74.71722,40.17825],[-74.71648,40.17639],[-74.71413,40.17596],[-74.71279,40.17532]],[[-75.69393,39.90399],[-75.69116,39.90461],[-75.68611,39.90351],[-75.68551,39.9025],[-75.68694,39.89884],[-75.68662,39.89853],[-75.68697,39.89848],[-75.68619,39.89798],[-75.685,39.89856],[-75.68418,39.89833],[-75.68239,39.89668],[-75.68054,39.897],[-75.67926,39.89775],[-75.67923,39.89835],[-75.67836,39.89896],[-75.6781,39.89872],[-75.67695,39.89896],[-75.6758,39.89847],[-75.67575,39.89806],[-75.67468,39.89786],[-75.67406,39.89781],[-75.67369,39.89831],[-75.67057,39.89799]],[[-75.52665,40.15829],[-75.52622,40.15627],[-75.52699,40.15434],[-75.52788,40.1534]],[[-75.44312,40.49621],[-75.44438,40.49681],[-75.44707,40.49916],[-75.44891,40.50164]],[[-75.63787,40.5433],[-75.64024,40.54453],[-75.6423,40.54836],[-75.64546,40.55198],[-75.64389,40.55291]],[[-75.66928,40.54317],[-75.66991,40.54529],[-75.67109,40.5459],[-75.67167,40.5468],[-75.67714,40.54887],[-75.67851,40.55184],[-75.68176,40.55398]],[[-75.6846,39.92439],[-75.68383,39.92399],[-75.68337,39.92414],[-75.68226,39.92644]]]}},{"type":"Feature","properties":{"n":"Brandywine Creek","w":"river","rank":2},"geometry":{"type":"MultiLineString","coordinates":[[[-75.64919,39.92252],[-75.64496,39.91958],[-75.63768,39.917],[-75.63612,39.91493],[-75.63445,39.91447],[-75.63205,39.91449],[-75.62607,39.91267],[-75.62573,39.91205],[-75.62668,39.90914],[-75.62511,39.90589],[-75.62328,39.90394],[-75.62389,39.89937],[-75.623,39.89736],[-75.62192,39.89606],[-75.61996,39.8955],[-75.61582,39.89346],[-75.61562,39.8929],[-75.61705,39.89139],[-75.61703,39.89066],[-75.6141,39.88925],[-75.61175,39.88738],[-75.60999,39.88659],[-75.60963,39.88552],[-75.60988,39.88448],[-75.60704,39.88316],[-75.60269,39.88038],[-75.60138,39.87798],[-75.59888,39.87725],[-75.59834,39.87647],[-75.5983,39.87483],[-75.59669,39.87283],[-75.59674,39.87219],[-75.59549,39.87067],[-75.59383,39.8701],[-75.59262,39.86866],[-75.59251,39.86754],[-75.59292,39.86695],[-75.59539,39.86635],[-75.59666,39.86451],[-75.59642,39.86288],[-75.60158,39.85621],[-75.60118,39.85536],[-75.59866,39.85408],[-75.5933,39.8533],[-75.59189,39.85213],[-75.5919,39.85122],[-75.59356,39.85049],[-75.59415,39.84983],[-75.59488,39.84491],[-75.59786,39.84095],[-75.59763,39.83919],[-75.59507,39.83733],[-75.5935,39.83768],[-75.59211,39.83851],[-75.58923,39.84305],[-75.58693,39.84426],[-75.58572,39.84411],[-75.58307,39.8425],[-75.57856,39.83713],[-75.57726,39.83449],[-75.5733,39.83063],[-75.57315,39.82923],[-75.57533,39.82509],[-75.57551,39.82256],[-75.57421,39.82103],[-75.57237,39.82007],[-75.56948,39.81651],[-75.56629,39.8089],[-75.56697,39.80723],[-75.57097,39.80395],[-75.57418,39.79947],[-75.57511,39.79756],[-75.57518,39.79542],[-75.57946,39.79263],[-75.58039,39.79153],[-75.57991,39.78912],[-75.57731,39.78656],[-75.57729,39.7847],[-75.57123,39.78276],[-75.57033,39.78143],[-75.57409,39.77705],[-75.57596,39.77597],[-75.57737,39.77563],[-75.5774,39.77464],[-75.57903,39.77195],[-75.57907,39.77087],[-75.57841,39.76997],[-75.57563,39.76889],[-75.57418,39.76912],[-75.57007,39.77106],[-75.56526,39.76913],[-75.55917,39.7686],[-75.55669,39.76575],[-75.55736,39.7618],[-75.55645,39.76],[-75.55134,39.75529],[-75.54943,39.75408],[-75.54741,39.75136],[-75.54542,39.75049],[-75.54171,39.74991],[-75.54017,39.74902],[-75.53981,39.74665],[-75.53726,39.7433],[-75.53724,39.74001],[-75.53672,39.73941],[-75.53505,39.73876],[-75.53189,39.73994],[-75.52927,39.73869],[-75.52777,39.73841],[-75.52644,39.73723],[-75.52624,39.73617],[-75.52683,39.73437],[-75.5289,39.73244],[-75.53326,39.73178]],[[-75.6107,39.88698],[-75.60961,39.88719],[-75.6087,39.88792],[-75.60799,39.88759],[-75.60773,39.8866],[-75.60904,39.88595],[-75.60855,39.88394]],[[-75.63768,39.917],[-75.63516,39.9172],[-75.6335,39.91668],[-75.63313,39.91631],[-75.63341,39.91486],[-75.63297,39.91459]]]}},{"type":"Feature","properties":{"n":"Millrace","w":"canal","rank":3},"geometry":{"type":"MultiLineString","coordinates":[[[-75.60788,39.88643],[-75.6082,39.88518],[-75.60452,39.88315],[-75.60269,39.88038]],[[-75.53224,40.53891],[-75.53008,40.53944],[-75.52859,40.53875],[-75.52767,40.53781]]]}},{"type":"Feature","properties":{"n":"Harvey Run","w":"stream","rank":3},"geometry":{"type":"MultiLineString","coordinates":[[[-75.56771,39.87073],[-75.57239,39.87163],[-75.57461,39.87282],[-75.57755,39.87294],[-75.57818,39.87285],[-75.57837,39.87242],[-75.58199,39.87165],[-75.58239,39.8723],[-75.58727,39.87135],[-75.5898,39.87044],[-75.59058,39.86942],[-75.59123,39.8698],[-75.59302,39.86914]]]}},{"type":"Feature","properties":{"n":"Buck Run","w":"stream","rank":3},"geometry":{"type":"MultiLineString","coordinates":[[[-75.82015,39.93336],[-75.8191,39.93454],[-75.8188,39.93585],[-75.81763,39.9365],[-75.81701,39.93633],[-75.81676,39.9356],[-75.81519,39.93529],[-75.81412,39.93453],[-75.81302,39.93474],[-75.80752,39.93298],[-75.80681,39.93221],[-75.80698,39.93157],[-75.80918,39.93031],[-75.81035,39.93026],[-75.81033,39.92989],[-75.80988,39.92948],[-75.80774,39.92932],[-75.80564,39.92755],[-75.80266,39.92668],[-75.801,39.92373],[-75.8003,39.92347],[-75.80007,39.92187],[-75.79736,39.92078],[-75.79631,39.92132],[-75.79552,39.92119],[-75.79469,39.9218],[-75.79348,39.92117],[-75.7925,39.92155],[-75.79159,39.92133],[-75.78919,39.92296],[-75.78658,39.92367],[-75.78612,39.92435],[-75.7831,39.92461],[-75.78223,39.92503],[-75.78197,39.92743],[-75.78067,39.92921],[-75.77987,39.92946],[-75.77947,39.9304],[-75.78066,39.9319],[-75.7839,39.93221],[-75.78437,39.93438],[-75.78297,39.93502],[-75.78107,39.93317],[-75.7804,39.93308],[-75.7781,39.93417],[-75.77665,39.93564],[-75.77453,39.93653]]]}},{"type":"Feature","properties":{"n":"Delaware Canal","w":"canal","rank":3},"geometry":{"type":"MultiLineString","coordinates":[[[-75.0689,40.48565],[-75.06966,40.47139]],[[-74.84908,40.25301],[-74.84319,40.2468],[-74.83861,40.24381],[-74.8349,40.24075],[-74.82925,40.23749],[-74.82281,40.23293],[-74.81339,40.22751],[-74.8068,40.22271],[-74.80412,40.22145],[-74.80156,40.22074],[-74.79549,40.22158],[-74.79227,40.22164],[-74.78768,40.22045],[-74.78324,40.21981],[-74.78168,40.21931],[-74.77826,40.2165],[-74.77687,40.21406],[-74.77732,40.20377],[-74.7803,40.19891],[-74.7839,40.18903],[-74.78736,40.18216]],[[-74.80043,40.16386],[-74.80624,40.15984],[-74.81169,40.14714],[-74.81372,40.14555]],[[-74.95204,40.36267],[-74.9501,40.35973]],[[-74.84357,40.11788],[-74.84882,40.11221],[-74.85028,40.10823],[-74.85017,40.10713]],[[-74.82153,40.13835],[-74.82414,40.13655],[-74.83042,40.13338]],[[-74.83061,40.13328],[-74.83487,40.1296]],[[-74.83507,40.12952],[-74.83911,40.1275],[-74.84024,40.12623]],[[-74.81507,40.14481],[-74.81648,40.1438],[-74.81803,40.14142]],[[-74.7878,40.18071],[-74.78938,40.17421],[-74.79382,40.16612],[-74.79898,40.16467],[-74.80034,40.16393]],[[-75.0731,40.52567],[-75.07396,40.52025],[-75.07457,40.50803],[-75.07122,40.49974],[-75.06969,40.49311],[-75.06888,40.48603]],[[-75.03948,40.40776],[-75.03274,40.40424],[-75.02632,40.40278],[-75.02268,40.40285],[-75.01188,40.4057],[-75.00508,40.40666],[-75.00348,40.40658],[-74.99679,40.40473],[-74.99376,40.40457],[-74.9887,40.40497],[-74.98689,40.40474],[-74.97763,40.40078],[-74.96754,40.39325],[-74.96425,40.3898],[-74.95783,40.37921],[-74.95215,40.36283]],[[-75.07398,40.45688],[-75.07396,40.4551],[-75.06777,40.43523],[-75.06626,40.42924],[-75.06624,40.42697],[-75.06485,40.42273]],[[-75.06037,40.41784],[-75.05713,40.41567],[-75.05298,40.41455],[-75.04934,40.41411],[-75.04681,40.41314],[-75.04378,40.40988],[-75.04141,40.40849]],[[-75.08469,40.5493],[-75.07594,40.53906],[-75.0742,40.53649],[-75.07279,40.53104],[-75.07308,40.52597]],[[-74.9483,40.35773],[-74.94833,40.3511],[-74.94702,40.34529],[-74.94255,40.33793],[-74.93769,40.33212],[-74.92906,40.32818],[-74.91677,40.31974],[-74.90761,40.31536],[-74.90119,40.31327],[-74.89632,40.31009],[-74.88929,40.30633],[-74.88525,40.30303],[-74.88197,40.29945],[-74.87936,40.29541],[-74.87696,40.28954],[-74.87453,40.28643],[-74.8702,40.28433],[-74.86591,40.28153]],[[-74.86579,40.28138],[-74.86374,40.27846],[-74.86044,40.26924],[-74.85427,40.2614]],[[-74.85411,40.26116],[-74.85217,40.25721],[-74.84925,40.25322]],[[-75.06968,40.4711],[-75.06991,40.46786],[-75.07391,40.45734]]]}},{"type":"Feature","properties":{"n":"Haycock Run","w":"stream","rank":3},"geometry":{"type":"MultiLineString","coordinates":[[[-75.23555,40.49642],[-75.23655,40.49718],[-75.2366,40.49792],[-75.23799,40.49989],[-75.2389,40.50229],[-75.23861,40.50314],[-75.23959,40.50455],[-75.23902,40.50609],[-75.23911,40.50793],[-75.23792,40.5116],[-75.23901,40.5125],[-75.2393,40.51361],[-75.23823,40.51601],[-75.23764,40.51658],[-75.23565,40.51717],[-75.23565,40.51805],[-75.23471,40.51839],[-75.23229,40.51785],[-75.23023,40.51685],[-75.22926,40.51709],[-75.22504,40.51516],[-75.224,40.51521],[-75.22031,40.51364],[-75.21833,40.51372],[-75.21841,40.51319],[-75.21721,40.51273],[-75.21705,40.51182],[-75.21636,40.5112],[-75.21511,40.51073],[-75.21423,40.50923],[-75.21312,40.50845],[-75.21307,40.50787],[-75.21182,40.50749],[-75.21171,40.50668],[-75.21067,40.50554],[-75.20949,40.50482],[-75.20777,40.50459],[-75.20658,40.50353],[-75.20575,40.50172],[-75.20457,40.50103],[-75.20354,40.49941],[-75.20246,40.49894],[-75.20085,40.49713],[-75.20055,40.49521],[-75.19907,40.4942],[-75.19171,40.49118],[-75.19188,40.49005],[-75.19002,40.48463],[-75.18995,40.48289],[-75.18682,40.47647],[-75.18505,40.47484],[-75.18721,40.47073]],[[-75.25645,40.52411],[-75.25555,40.52364],[-75.25521,40.52296],[-75.25344,40.52208],[-75.25113,40.5218],[-75.24997,40.52222],[-75.2496,40.52192],[-75.24904,40.52204],[-75.24543,40.52011],[-75.24414,40.51988],[-75.24337,40.51906],[-75.24228,40.51907],[-75.2408,40.51851],[-75.23809,40.51912],[-75.2366,40.51885],[-75.23565,40.51805]]]}},{"type":"Feature","properties":{"n":"Tohickon Creek","w":"stream","rank":3},"geometry":{"type":"MultiLineString","coordinates":[[[-75.3634,40.50029],[-75.35817,40.49851],[-75.35638,40.49899],[-75.35431,40.49894],[-75.35431,40.49867],[-75.35265,40.49839],[-75.35187,40.4975],[-75.35235,40.49505],[-75.35412,40.49378],[-75.35403,40.49298],[-75.35454,40.49255],[-75.35403,40.49036],[-75.35526,40.48898],[-75.35459,40.48691],[-75.35369,40.48619],[-75.35345,40.48493],[-75.3526,40.48396],[-75.3537,40.48],[-75.35328,40.47925],[-75.35368,40.47768],[-75.35206,40.47633],[-75.34997,40.47594],[-75.34875,40.4753],[-75.34812,40.47391],[-75.34652,40.47277],[-75.34635,40.47111],[-75.3456,40.47032],[-75.34571,40.46983],[-75.34517,40.46989],[-75.34515,40.46935],[-75.34449,40.46911],[-75.34469,40.46852],[-75.34296,40.46828],[-75.34232,40.46774],[-75.34193,40.46677],[-75.34253,40.46597],[-75.34194,40.46483],[-75.34231,40.46416],[-75.34094,40.46392],[-75.34076,40.46336],[-75.33987,40.46292],[-75.33978,40.46095],[-75.3387,40.46046],[-75.33814,40.45883],[-75.337,40.45785],[-75.33512,40.4574],[-75.33457,40.45663],[-75.33563,40.45556],[-75.33472,40.4534],[-75.33409,40.45279],[-75.33317,40.45285],[-75.33221,40.45149],[-75.33153,40.45179],[-75.32806,40.45155],[-75.32775,40.44973],[-75.32861,40.44785],[-75.32766,40.44665],[-75.31971,40.44523],[-75.31965,40.44423],[-75.31847,40.444],[-75.31852,40.44292],[-75.31765,40.44291],[-75.31736,40.44249],[-75.31675,40.44267],[-75.31606,40.44188],[-75.31367,40.44121],[-75.31244,40.44043],[-75.31027,40.44072],[-75.30934,40.44123],[-75.30858,40.4429],[-75.30622,40.44408],[-75.30373,40.44738],[-75.30254,40.44765],[-75.30161,40.44665],[-75.30122,40.44545],[-75.29996,40.44485],[-75.2985,40.44156],[-75.29707,40.44057],[-75.2961,40.44117],[-75.29405,40.44161],[-75.29347,40.4422],[-75.29145,40.44181],[-75.29092,40.44525],[-75.28955,40.44577],[-75.28994,40.44731],[-75.28841,40.45022],[-75.28281,40.45071],[-75.28062,40.45222],[-75.27847,40.45463],[-75.2772,40.45507],[-75.27538,40.45506],[-75.27481,40.45486],[-75.27319,40.45107],[-75.27318,40.4498],[-75.27205,40.44815],[-75.27241,40.44595],[-75.27158,40.44419],[-75.2703,40.4429],[-75.27022,40.44173],[-75.26763,40.44115],[-75.26749,40.43948],[-75.26562,40.43629],[-75.2628,40.43482],[-75.26008,40.43165],[-75.25732,40.4293],[-75.2564,40.42906],[-75.25399,40.43044],[-75.25335,40.43336],[-75.25197,40.43497],[-75.24344,40.44188],[-75.24254,40.44517],[-75.22789,40.46171],[-75.22366,40.46381],[-75.21713,40.46879],[-75.2135,40.47032],[-75.20918,40.47015],[-75.20391,40.46932],[-75.20234,40.46959],[-75.20084,40.47089],[-75.19636,40.47207],[-75.1955,40.47261],[-75.19457,40.47428],[-75.19362,40.47443],[-75.19167,40.47406],[-75.18995,40.47325],[-75.18721,40.47073],[-75.18566,40.47036],[-75.18434,40.46934],[-75.18252,40.46903]]]}},{"type":"Feature","properties":{"n":"Tohickon Creek","w":"river","rank":2},"geometry":{"type":"MultiLineString","coordinates":[[[-75.18777,40.46798],[-75.18678,40.46696],[-75.18252,40.46903],[-75.17854,40.4673],[-75.1776,40.46611],[-75.17575,40.46609],[-75.17537,40.4654],[-75.17573,40.46499],[-75.17556,40.46403],[-75.17308,40.46286],[-75.16864,40.46238],[-75.16402,40.46135],[-75.16212,40.46162],[-75.16108,40.46127],[-75.16125,40.45956],[-75.15687,40.45522],[-75.1572,40.45346],[-75.15623,40.45236],[-75.1564,40.45197],[-75.16,40.45008],[-75.16346,40.44705],[-75.16376,40.44655],[-75.16334,40.44594],[-75.1638,40.44531],[-75.16165,40.44284],[-75.15814,40.44126],[-75.15711,40.44171],[-75.15425,40.4414],[-75.14801,40.44402],[-75.14677,40.44526],[-75.1455,40.44545],[-75.14455,40.44454],[-75.1435,40.44433],[-75.14228,40.44284],[-75.14105,40.4399],[-75.14126,40.43721],[-75.13867,40.43516],[-75.13699,40.43476],[-75.13462,40.43516],[-75.13,40.43683],[-75.12515,40.43814],[-75.12369,40.43823],[-75.12056,40.43474],[-75.11968,40.4343],[-75.10893,40.43215],[-75.10812,40.43257],[-75.10787,40.43385],[-75.10661,40.43519],[-75.10238,40.43646],[-75.09925,40.43641],[-75.09642,40.43446],[-75.0952,40.43435],[-75.09443,40.43569],[-75.09446,40.43664],[-75.09572,40.43789],[-75.09916,40.4393],[-75.09917,40.44013],[-75.09844,40.44089],[-75.09678,40.44109],[-75.0957,40.44073],[-75.09233,40.43762],[-75.09136,40.43731],[-75.09036,40.43779],[-75.08816,40.44058],[-75.08687,40.4415],[-75.08486,40.4421],[-75.08366,40.44207],[-75.08246,40.44139],[-75.08135,40.43955],[-75.08008,40.43555],[-75.07882,40.43482],[-75.07647,40.43461],[-75.0751,40.4337],[-75.07374,40.4298],[-75.07202,40.42753],[-75.06857,40.42508],[-75.06685,40.42326],[-75.06154,40.42124],[-75.06044,40.42115]]]}},{"type":"Feature","properties":{"n":"Tinicum Creek","w":"stream","rank":3},"geometry":{"type":"MultiLineString","coordinates":[[[-75.14666,40.48088],[-75.1477,40.47811],[-75.14623,40.47686],[-75.14445,40.47612],[-75.14274,40.47278],[-75.13763,40.47165],[-75.13508,40.46999],[-75.1344,40.46858],[-75.13218,40.46824],[-75.13073,40.46744],[-75.13008,40.4668],[-75.13006,40.46521],[-75.12812,40.46344],[-75.12487,40.46537],[-75.12155,40.46995],[-75.1204,40.46997],[-75.11988,40.46861],[-75.11807,40.46682],[-75.11554,40.46729],[-75.11374,40.46839],[-75.11205,40.46835],[-75.10983,40.46747],[-75.10919,40.46858],[-75.10996,40.47049],[-75.10995,40.47195],[-75.10856,40.47228],[-75.10607,40.47081],[-75.10474,40.47123],[-75.10348,40.47245],[-75.10339,40.47347],[-75.1026,40.4743],[-75.10175,40.4768],[-75.10043,40.47672],[-75.09883,40.47548],[-75.09759,40.47553],[-75.09647,40.47812],[-75.09255,40.47846],[-75.09174,40.4813],[-75.08899,40.48066],[-75.08776,40.48093],[-75.08531,40.48516],[-75.08178,40.48441],[-75.08039,40.48521],[-75.07941,40.48667],[-75.07839,40.48709],[-75.07312,40.48565],[-75.06875,40.48579],[-75.06685,40.48468]]]}},{"type":"Feature","properties":{"n":"Monoshone Creek","w":"stream","rank":3},"geometry":{"type":"MultiLineString","coordinates":[[[-75.19091,40.03811],[-75.19134,40.03714],[-75.18865,40.03503],[-75.18788,40.03212],[-75.18867,40.02967],[-75.19058,40.02939],[-75.19105,40.02779],[-75.19315,40.02749]]]}},{"type":"Feature","properties":{"n":"East Branch Perkiomen Creek","w":"stream","rank":3},"geometry":{"type":"MultiLineString","coordinates":[[[-75.22018,40.43204],[-75.22095,40.42943],[-75.21815,40.42609],[-75.21857,40.42358],[-75.22008,40.42048],[-75.21941,40.41847],[-75.21957,40.41686],[-75.21915,40.41677],[-75.21975,40.41606],[-75.22076,40.41234],[-75.22416,40.41015],[-75.22498,40.41006],[-75.22572,40.40899],[-75.22788,40.4074],[-75.22892,40.40722],[-75.23171,40.40519],[-75.23327,40.40467],[-75.23653,40.40214],[-75.23828,40.40151],[-75.23855,40.40085],[-75.24007,40.40038],[-75.24161,40.39902],[-75.24425,40.39783],[-75.24572,40.39763],[-75.24873,40.39585],[-75.25073,40.39571],[-75.25138,40.39497],[-75.25309,40.3949],[-75.25597,40.39313],[-75.25732,40.39279],[-75.25889,40.39108]],[[-75.26104,40.38858],[-75.26176,40.38745],[-75.26332,40.38635],[-75.26526,40.38635],[-75.26697,40.38446],[-75.26971,40.38389],[-75.27022,40.3833],[-75.27172,40.38284],[-75.27197,40.38201],[-75.27132,40.38173],[-75.27137,40.38134],[-75.27305,40.38025],[-75.2742,40.38038],[-75.27573,40.37844],[-75.2764,40.37676],[-75.27859,40.37671],[-75.27936,40.37525],[-75.28102,40.37476],[-75.28139,40.37341],[-75.28507,40.37172],[-75.28612,40.37075],[-75.28873,40.37033],[-75.2909,40.36948],[-75.29501,40.36702],[-75.29935,40.36689],[-75.30091,40.36618],[-75.3037,40.36387],[-75.30374,40.36344],[-75.30256,40.36269],[-75.30267,40.36232],[-75.30704,40.35781],[-75.31219,40.35435],[-75.31485,40.35393],[-75.31604,40.35428],[-75.31667,40.35489],[-75.31759,40.35482],[-75.31985,40.35557],[-75.32315,40.35432],[-75.32519,40.35116],[-75.32474,40.34793],[-75.32574,40.34561],[-75.32723,40.34501],[-75.32838,40.34377],[-75.33273,40.34368],[-75.33427,40.3442],[-75.33606,40.34377],[-75.33807,40.34219],[-75.34164,40.34147],[-75.34327,40.34151],[-75.34459,40.34228],[-75.3459,40.34247],[-75.34659,40.34215],[-75.34686,40.34135],[-75.35069,40.34117],[-75.35262,40.34048],[-75.36145,40.33505],[-75.36428,40.33537],[-75.36504,40.3361],[-75.36657,40.33655],[-75.36884,40.33604],[-75.37235,40.33437],[-75.37314,40.33265],[-75.37716,40.3301],[-75.37784,40.32904],[-75.37954,40.32871],[-75.38357,40.32377],[-75.38911,40.32383],[-75.39181,40.32457],[-75.39299,40.32454],[-75.39477,40.32395],[-75.39482,40.32093],[-75.39518,40.32054],[-75.39752,40.32093],[-75.40123,40.32077],[-75.40162,40.31969],[-75.39979,40.31701],[-75.39997,40.31525],[-75.40033,40.31501],[-75.4012,40.31496],[-75.4028,40.31579],[-75.40733,40.31716],[-75.40932,40.31719],[-75.40945,40.31625],[-75.40855,40.31526],[-75.40696,40.31443],[-75.40588,40.31301],[-75.40604,40.31249],[-75.41053,40.31098],[-75.41232,40.31088],[-75.41263,40.31126],[-75.41428,40.31145],[-75.41698,40.31069],[-75.41906,40.30775],[-75.42123,40.30572],[-75.42174,40.30317],[-75.42044,40.30199],[-75.41982,40.29961],[-75.41741,40.29746],[-75.41346,40.29618],[-75.41263,40.29449],[-75.4136,40.29295],[-75.41615,40.29228],[-75.4181,40.2908],[-75.4189,40.28925],[-75.41854,40.28782],[-75.41466,40.28289],[-75.41327,40.2824],[-75.41077,40.28046],[-75.40866,40.2796],[-75.40825,40.27888],[-75.40873,40.27805],[-75.41091,40.27654],[-75.41319,40.27649],[-75.41449,40.2759],[-75.41461,40.27411],[-75.41711,40.27098],[-75.41818,40.26704],[-75.41562,40.26183],[-75.41578,40.26131],[-75.41685,40.26038],[-75.41887,40.25989],[-75.42023,40.25992],[-75.42384,40.26133],[-75.42745,40.26086],[-75.43006,40.25825],[-75.42971,40.25604],[-75.43088,40.25526],[-75.43288,40.25525],[-75.43645,40.25633],[-75.43915,40.25663],[-75.44173,40.25804],[-75.44377,40.25641],[-75.44574,40.25563],[-75.44661,40.2543],[-75.451,40.254],[-75.44975,40.25152],[-75.45075,40.25036],[-75.45326,40.25014],[-75.45497,40.25159],[-75.45593,40.2517],[-75.45633,40.25099],[-75.45608,40.24951],[-75.45649,40.24757]]]}},{"type":"Feature","properties":{"n":"Three Mile Run","w":"stream","rank":3},"geometry":{"type":"MultiLineString","coordinates":[[[-75.32276,40.37927],[-75.32231,40.37889],[-75.32078,40.37903],[-75.31708,40.38025],[-75.31632,40.38101],[-75.31531,40.38109],[-75.31505,40.38169],[-75.30827,40.38438],[-75.30759,40.38544],[-75.30666,40.38561],[-75.30459,40.38702],[-75.30072,40.38886],[-75.29914,40.3907],[-75.29852,40.39043],[-75.29809,40.39082],[-75.29797,40.39153],[-75.29669,40.3919],[-75.29422,40.39391],[-75.2934,40.39395],[-75.29318,40.39511],[-75.29264,40.39554],[-75.29068,40.39587],[-75.29046,40.39704],[-75.28967,40.39721],[-75.2862,40.39979],[-75.28582,40.40056],[-75.28397,40.40126],[-75.28344,40.40301],[-75.28217,40.40351],[-75.28105,40.4053],[-75.27953,40.40586],[-75.27882,40.40653],[-75.27741,40.4061],[-75.27672,40.40636],[-75.27743,40.40679],[-75.27753,40.40764],[-75.27616,40.40893],[-75.27605,40.41035],[-75.27565,40.41014],[-75.27363,40.41174],[-75.27288,40.41184],[-75.27262,40.41259],[-75.27125,40.41349],[-75.27113,40.41541],[-75.27025,40.41622],[-75.26862,40.41689],[-75.26806,40.41767],[-75.26739,40.41991],[-75.26416,40.42235],[-75.25732,40.4293]]]}},{"type":"Feature","properties":{"n":"Little Neshaminy Creek","w":"stream","rank":3},"geometry":{"type":"MultiLineString","coordinates":[[[-75.23756,40.23081],[-75.2347,40.23217],[-75.23408,40.23205],[-75.23274,40.23333],[-75.22695,40.23656],[-75.22596,40.23747],[-75.22356,40.23794],[-75.2233,40.23833],[-75.22162,40.23807],[-75.21875,40.23895],[-75.21726,40.23858],[-75.21327,40.23898],[-75.21301,40.23853],[-75.21218,40.23847],[-75.21028,40.23893],[-75.20892,40.23814],[-75.20677,40.2384],[-75.20301,40.23634],[-75.2022,40.23657],[-75.19898,40.23572],[-75.19636,40.23732],[-75.19664,40.23809],[-75.19465,40.23821],[-75.19226,40.23901],[-75.19179,40.23858],[-75.1919,40.23806],[-75.19104,40.23758],[-75.18911,40.23673],[-75.18733,40.2368],[-75.18626,40.23601],[-75.18505,40.23591],[-75.18407,40.23511],[-75.17781,40.23639],[-75.1719,40.23637],[-75.17111,40.23703],[-75.16837,40.23713],[-75.168,40.23638],[-75.16521,40.23575],[-75.15942,40.22816],[-75.15682,40.22627],[-75.15525,40.22615],[-75.1552,40.22574],[-75.15379,40.22512],[-75.15353,40.22438],[-75.15149,40.22269],[-75.1504,40.22338],[-75.15018,40.22396],[-75.14847,40.22408],[-75.14568,40.22531],[-75.14398,40.22278],[-75.14239,40.22253],[-75.14191,40.22348],[-75.14117,40.22359],[-75.14104,40.22499],[-75.13612,40.22732],[-75.13428,40.22623],[-75.1344,40.22492],[-75.13365,40.22381],[-75.13297,40.22368],[-75.13126,40.22427],[-75.12824,40.22612],[-75.12411,40.23127],[-75.12318,40.2312],[-75.12095,40.22922],[-75.11886,40.2284],[-75.11523,40.22798],[-75.11114,40.22965],[-75.10871,40.23182],[-75.10654,40.23223],[-75.10546,40.23328],[-75.10181,40.23263],[-75.10025,40.23172],[-75.09926,40.2316],[-75.09719,40.23272],[-75.09645,40.23357],[-75.09417,40.23416],[-75.09259,40.23511],[-75.09157,40.23432],[-75.08681,40.23506],[-75.08358,40.23446],[-75.0819,40.23466],[-75.07731,40.23698],[-75.07906,40.23911],[-75.07903,40.2396],[-75.07819,40.24023],[-75.07656,40.23881],[-75.07441,40.23831],[-75.07234,40.23685],[-75.07179,40.23523],[-75.07047,40.23468],[-75.06626,40.23572],[-75.0646,40.23747],[-75.06363,40.23803],[-75.06199,40.23826],[-75.05891,40.24123],[-75.05741,40.24174],[-75.05401,40.2412],[-75.05356,40.24082],[-75.05357,40.23941],[-75.05208,40.23851],[-75.05144,40.23857],[-75.05065,40.23957],[-75.05126,40.24134],[-75.05092,40.24342],[-75.05032,40.24396],[-75.04742,40.24494],[-75.04663,40.24468],[-75.04603,40.24336],[-75.04469,40.24306],[-75.0433,40.24371],[-75.04342,40.24478],[-75.04274,40.24561],[-75.03987,40.24733],[-75.03937,40.24803],[-75.03831,40.24792],[-75.03743,40.24864],[-75.03476,40.24828],[-75.03444,40.24946],[-75.03575,40.25073],[-75.03639,40.25306],[-75.03556,40.25477],[-75.03317,40.25594]],[[-75.24374,40.22785],[-75.24297,40.22851],[-75.23796,40.23063]],[[-75.24301,40.22452],[-75.2424,40.22534],[-75.23877,40.22713],[-75.2346,40.23041],[-75.23421,40.23208]],[[-75.0682,40.23524],[-75.06826,40.23593],[-75.06363,40.23803]],[[-75.13597,40.21787],[-75.13584,40.21916],[-75.13665,40.22051],[-75.13662,40.22138],[-75.13596,40.22232],[-75.13374,40.22393]]]}},{"type":"Feature","properties":{"n":"Kimples Creek","w":"stream","rank":3},"geometry":{"type":"MultiLineString","coordinates":[[[-75.26517,40.47511],[-75.26776,40.47282],[-75.26733,40.46995],[-75.26793,40.46827],[-75.26892,40.46701],[-75.26961,40.46689],[-75.26993,40.46557],[-75.27092,40.46466],[-75.27066,40.46253],[-75.27148,40.46249],[-75.27244,40.46138],[-75.27354,40.46142],[-75.27547,40.45996],[-75.27585,40.45868],[-75.27669,40.45798],[-75.27647,40.45697],[-75.2768,40.45666],[-75.27602,40.45615],[-75.27665,40.45508]]]}},{"type":"Feature","properties":{"n":"Marsh Creek","w":"stream","rank":3},"geometry":{"type":"MultiLineString","coordinates":[[[-75.71732,40.05448],[-75.71676,40.05335],[-75.719,40.05183],[-75.71932,40.0496]],[[-75.76576,40.12839],[-75.76475,40.12693],[-75.76531,40.12437],[-75.76495,40.12324],[-75.76544,40.12203],[-75.76468,40.12112],[-75.76405,40.11896],[-75.76129,40.11559],[-75.7588,40.11351],[-75.75787,40.11061],[-75.75585,40.10856],[-75.75468,40.10574],[-75.75066,40.10244],[-75.75015,40.09996],[-75.74646,40.09871],[-75.7459,40.09905],[-75.74532,40.09871],[-75.74417,40.09883],[-75.74406,40.09848],[-75.74228,40.0978],[-75.74041,40.09743],[-75.7373,40.09771],[-75.73616,40.0982],[-75.73462,40.09809],[-75.73552,40.09506],[-75.73445,40.09392],[-75.73365,40.09364],[-75.73052,40.08882],[-75.72965,40.08889]]]}},{"type":"Feature","properties":{"n":"Ridge Valley Creek","w":"stream","rank":3},"geometry":{"type":"MultiLineString","coordinates":[[[-75.34247,40.37597],[-75.34653,40.37542],[-75.34909,40.37241],[-75.35023,40.37184],[-75.35146,40.37181],[-75.35358,40.36963],[-75.3534,40.36907],[-75.35402,40.36901],[-75.35656,40.36687],[-75.36057,40.3667],[-75.36229,40.36708],[-75.36505,40.36678],[-75.36561,40.36629],[-75.36688,40.36675],[-75.36777,40.36906],[-75.36861,40.3691],[-75.3689,40.3702],[-75.36949,40.3706],[-75.36956,40.37115],[-75.36883,40.3716],[-75.36797,40.37316],[-75.36921,40.37406],[-75.37077,40.3743],[-75.37176,40.37493],[-75.37462,40.37557],[-75.37844,40.37496],[-75.37868,40.37535],[-75.37956,40.37507],[-75.38004,40.37546],[-75.38683,40.37528],[-75.3884,40.37568],[-75.39199,40.37308],[-75.39417,40.37527],[-75.39554,40.37526],[-75.39748,40.37468],[-75.39855,40.37364],[-75.39833,40.37252],[-75.40097,40.37087],[-75.40091,40.36998],[-75.40196,40.36936],[-75.40315,40.36923],[-75.40384,40.36817],[-75.40526,40.36784],[-75.40597,40.36703],[-75.4055,40.36527],[-75.40679,40.36265],[-75.40685,40.35972],[-75.40592,40.35697],[-75.40488,40.35639],[-75.40542,40.35569],[-75.40529,40.35477],[-75.40603,40.35275],[-75.40547,40.35161],[-75.40682,40.35026],[-75.40642,40.34954],[-75.40778,40.3468],[-75.40915,40.34672],[-75.4099,40.34555],[-75.41189,40.34386],[-75.41251,40.34385],[-75.41464,40.34227],[-75.41558,40.34222],[-75.41673,40.3412],[-75.41777,40.34104],[-75.41885,40.33989],[-75.42006,40.33946],[-75.42098,40.33827],[-75.42161,40.33833],[-75.42245,40.33751],[-75.42563,40.33594],[-75.42749,40.33188],[-75.4315,40.32916],[-75.43264,40.32786],[-75.43335,40.32775],[-75.43333,40.32853],[-75.43369,40.32861],[-75.43686,40.32704],[-75.43799,40.32702],[-75.44001,40.32624],[-75.44116,40.3266],[-75.44464,40.32612],[-75.44618,40.32513],[-75.44764,40.32569],[-75.44951,40.32521],[-75.45172,40.32617]]]}},{"type":"Feature","properties":{"n":"Macoby Creek","w":"stream","rank":3},"geometry":{"type":"MultiLineString","coordinates":[[[-75.49336,40.43064],[-75.49535,40.42975],[-75.49684,40.42845],[-75.49971,40.42727],[-75.50017,40.42581],[-75.50117,40.42442],[-75.50268,40.42353],[-75.50298,40.42236],[-75.50405,40.42104],[-75.50403,40.41837],[-75.50316,40.4174],[-75.50238,40.41531],[-75.49602,40.40705],[-75.49527,40.40513],[-75.49592,40.4045],[-75.49574,40.40373],[-75.49232,40.40268],[-75.49252,40.40227],[-75.49191,40.40164],[-75.49217,40.39756],[-75.48823,40.39687],[-75.48649,40.39475],[-75.48541,40.3945],[-75.48566,40.39386],[-75.48477,40.39377],[-75.48431,40.39328],[-75.48402,40.39109],[-75.48524,40.38799],[-75.48463,40.38568],[-75.48218,40.3842],[-75.48138,40.38441],[-75.48113,40.38398],[-75.47829,40.38482],[-75.47725,40.38474],[-75.47704,40.38347],[-75.47748,40.38321],[-75.47609,40.38111],[-75.47488,40.38023],[-75.47154,40.38011],[-75.47092,40.37966],[-75.47129,40.37946],[-75.4709,40.37892],[-75.47124,40.37864],[-75.47062,40.37562],[-75.46879,40.37489],[-75.46816,40.37234],[-75.46843,40.37154],[-75.46519,40.36768],[-75.46481,40.36535],[-75.46204,40.36416],[-75.46057,40.36268],[-75.46166,40.36179],[-75.46134,40.36132],[-75.46238,40.36108],[-75.46471,40.35776],[-75.46442,40.35638],[-75.4651,40.35471],[-75.46848,40.35368],[-75.47229,40.34995],[-75.47256,40.34876],[-75.47079,40.34594],[-75.4714,40.3444],[-75.47282,40.34287],[-75.47057,40.3421],[-75.47012,40.34141],[-75.4704,40.34043],[-75.47234,40.33946],[-75.47341,40.33821]]]}},{"type":"Feature","properties":{"n":"Paunnacussing Creek","w":"stream","rank":3},"geometry":{"type":"MultiLineString","coordinates":[[[-75.07651,40.35464],[-75.07803,40.35821],[-75.0742,40.36026],[-75.07292,40.35995],[-75.07112,40.3603],[-75.06931,40.3612],[-75.06893,40.36187],[-75.06931,40.36321],[-75.07184,40.3649],[-75.07143,40.36674],[-75.07027,40.36709],[-75.06825,40.3695],[-75.06739,40.36944],[-75.06516,40.37142],[-75.06459,40.37346],[-75.06506,40.37392],[-75.06266,40.37496],[-75.06198,40.37575],[-75.06194,40.37636],[-75.06332,40.37837],[-75.06159,40.37959],[-75.0616,40.38023],[-75.05965,40.38113],[-75.0606,40.38248],[-75.06056,40.38305],[-75.05972,40.38351],[-75.06007,40.38405],[-75.05953,40.38535],[-75.06304,40.38651],[-75.06323,40.38741],[-75.06117,40.38857],[-75.06097,40.38931],[-75.05994,40.38936],[-75.06006,40.39021],[-75.05885,40.39161],[-75.05773,40.39211],[-75.05718,40.39389],[-75.0552,40.39468],[-75.0541,40.39474],[-75.05384,40.39528],[-75.05424,40.39636],[-75.05604,40.3967],[-75.0561,40.39731],[-75.05408,40.39812],[-75.05164,40.39822],[-75.05074,40.39863],[-75.05013,40.39953],[-75.05028,40.40113],[-75.04987,40.40232],[-75.04748,40.40319],[-75.04671,40.40507],[-75.043,40.40638],[-75.04129,40.40845],[-75.03988,40.40931]]]}},{"type":"Feature","properties":{"n":"Cabin Run","w":"stream","rank":3},"geometry":{"type":"MultiLineString","coordinates":[[[-75.16473,40.39892],[-75.15978,40.40201],[-75.15834,40.40251],[-75.15714,40.40358],[-75.15664,40.40356],[-75.1554,40.40451],[-75.15438,40.40463],[-75.15282,40.40685],[-75.14835,40.40901],[-75.14378,40.41268],[-75.14123,40.41435],[-75.14071,40.41432],[-75.13811,40.41818],[-75.13575,40.42012],[-75.13471,40.42054],[-75.13316,40.42022],[-75.12917,40.42144],[-75.12835,40.4226],[-75.12475,40.42442],[-75.12436,40.42544],[-75.1209,40.42879],[-75.12002,40.42883],[-75.11816,40.42995],[-75.11582,40.42982],[-75.11102,40.43275]]]}},{"type":"Feature","properties":{"n":"Pine Run","w":"stream","rank":3},"geometry":{"type":"MultiLineString","coordinates":[[[-75.10014,40.36471],[-75.10145,40.36292],[-75.10303,40.3621],[-75.10476,40.35957],[-75.10512,40.35959],[-75.10784,40.35663],[-75.1105,40.35485],[-75.11249,40.35422],[-75.11371,40.35281],[-75.1135,40.3522],[-75.11479,40.3521],[-75.11567,40.35124],[-75.11777,40.3511],[-75.11711,40.35005],[-75.11717,40.34918],[-75.11773,40.34917],[-75.11801,40.34849],[-75.1186,40.34851],[-75.11937,40.34747],[-75.12082,40.34713],[-75.12735,40.3413],[-75.12861,40.34111],[-75.12873,40.34068],[-75.13099,40.33956],[-75.13308,40.33685],[-75.13501,40.33614],[-75.13581,40.33516],[-75.13652,40.33564],[-75.13697,40.33506],[-75.13939,40.33457],[-75.14014,40.33407],[-75.14232,40.33396],[-75.14236,40.33361],[-75.14318,40.33347],[-75.14306,40.333],[-75.14589,40.33229],[-75.14779,40.33111],[-75.15018,40.33044],[-75.15158,40.32934],[-75.15303,40.32901],[-75.15452,40.32759],[-75.1551,40.32745],[-75.15516,40.32812],[-75.1557,40.32821],[-75.15765,40.32642],[-75.15755,40.3253],[-75.15926,40.32455],[-75.16103,40.32239],[-75.16344,40.32063],[-75.16409,40.32072],[-75.16622,40.31926],[-75.16748,40.31792],[-75.16793,40.31806],[-75.16799,40.31735],[-75.17087,40.31649],[-75.17151,40.31532],[-75.1731,40.3145],[-75.17367,40.3146],[-75.17633,40.31175],[-75.18031,40.30934],[-75.18141,40.30815],[-75.1828,40.308],[-75.18412,40.30714],[-75.18618,40.30656],[-75.18718,40.3053],[-75.1895,40.30473],[-75.19108,40.30335],[-75.19427,40.30229],[-75.1972,40.2999],[-75.20038,40.29816],[-75.20003,40.29669],[-75.20092,40.29587],[-75.20005,40.29581],[-75.20001,40.29546],[-75.20173,40.29353],[-75.20143,40.29176],[-75.20332,40.29056],[-75.20322,40.28987],[-75.20418,40.2889]],[[-74.97915,40.19842],[-74.97894,40.19407],[-74.97915,40.19313],[-74.98037,40.19223],[-74.98092,40.18923],[-74.98058,40.1885],[-74.97882,40.18794],[-74.97876,40.18597],[-74.97812,40.18468],[-74.97697,40.18392],[-74.97567,40.18394],[-74.97225,40.18465],[-74.9716,40.18542],[-74.97048,40.18585],[-74.96418,40.18622],[-74.96138,40.18556],[-74.9597,40.1843],[-74.95895,40.1823],[-74.95989,40.17925],[-74.95948,40.17878]],[[-75.14279,40.15527],[-75.14396,40.15377],[-75.14414,40.15164],[-75.14468,40.15116],[-75.14928,40.14854],[-75.14989,40.14884],[-75.15326,40.14767],[-75.15472,40.14639],[-75.16092,40.14347],[-75.16487,40.14316],[-75.16559,40.14225],[-75.16803,40.14235],[-75.17008,40.14074],[-75.1784,40.13696],[-75.17999,40.13772],[-75.18231,40.13638],[-75.18405,40.13586],[-75.18498,40.13496],[-75.18635,40.13532],[-75.19229,40.13495],[-75.194,40.1334],[-75.19543,40.1327],[-75.19911,40.13256],[-75.20143,40.13156],[-75.20393,40.13131]]]}},{"type":"Feature","properties":{"n":"Deep Run","w":"stream","rank":3},"geometry":{"type":"MultiLineString","coordinates":[[[-75.17931,40.37628],[-75.18037,40.3773],[-75.1815,40.37946],[-75.18278,40.38004],[-75.18466,40.38206],[-75.18623,40.38282],[-75.18717,40.38455],[-75.18981,40.38599],[-75.19042,40.38806],[-75.18968,40.38959],[-75.18877,40.38977],[-75.18938,40.39189],[-75.19081,40.39278],[-75.19123,40.39357],[-75.19351,40.39435],[-75.19347,40.39486],[-75.19467,40.39542],[-75.19482,40.39639],[-75.19421,40.3974],[-75.19058,40.40012],[-75.19059,40.40099],[-75.19301,40.4026],[-75.19359,40.40465],[-75.19087,40.40612],[-75.19044,40.40682],[-75.18851,40.40708],[-75.18503,40.40914],[-75.18462,40.4102],[-75.1828,40.41049],[-75.18025,40.41193],[-75.17999,40.41175],[-75.17671,40.41319],[-75.17623,40.41231],[-75.17555,40.41253],[-75.17435,40.41206],[-75.17367,40.41218],[-75.17066,40.41522],[-75.16821,40.41605],[-75.16763,40.41584],[-75.16555,40.41695],[-75.16394,40.41843],[-75.16317,40.41866],[-75.16169,40.4184],[-75.15911,40.42066],[-75.1557,40.42229],[-75.15441,40.42362],[-75.15473,40.42481],[-75.15411,40.42709],[-75.15271,40.42754],[-75.14932,40.42736],[-75.14791,40.42943],[-75.14812,40.43082],[-75.14666,40.43101],[-75.1458,40.43213],[-75.14368,40.43328],[-75.13945,40.43458],[-75.13867,40.43516]]]}},{"type":"Feature","properties":{"n":"Licking Run","w":"stream","rank":3},"geometry":{"type":"MultiLineString","coordinates":[[[-75.35522,40.44423],[-75.34929,40.44311],[-75.34615,40.44335],[-75.34402,40.44294],[-75.34101,40.44295],[-75.33685,40.44369],[-75.33354,40.44495],[-75.33106,40.44497],[-75.3285,40.44426],[-75.32743,40.44305],[-75.32627,40.44036],[-75.32541,40.44032],[-75.32304,40.43897],[-75.31902,40.4391],[-75.31829,40.44003],[-75.31702,40.44045],[-75.31459,40.43954],[-75.31334,40.44073]]]}},{"type":"Feature","properties":{"n":"Fourmile Branch","w":"stream","rank":3},"geometry":{"type":"MultiLineString","coordinates":[[[-74.99115,39.71872],[-74.99466,39.71683],[-74.99416,39.71377],[-74.99439,39.71139],[-74.99337,39.70995],[-74.98957,39.70881],[-74.98889,39.7076],[-74.9869,39.7065],[-74.98441,39.70547],[-74.98036,39.70448],[-74.97953,39.70372],[-74.97558,39.70326],[-74.97171,39.70222],[-74.96928,39.70229],[-74.96743,39.70318],[-74.96463,39.70256],[-74.96222,39.70304],[-74.96061,39.70268],[-74.95925,39.70301],[-74.95568,39.70079],[-74.95408,39.70037],[-74.95301,39.69904],[-74.94919,39.69867],[-74.94856,39.69818],[-74.94725,39.69868],[-74.94543,39.69808],[-74.94367,39.69832],[-74.94002,39.69663]]]}},{"type":"Feature","properties":{"n":"Massey Run","w":"stream","rank":3},"geometry":{"type":"MultiLineString","coordinates":[[[-75.45978,39.99137],[-75.46148,39.99239],[-75.46166,39.99302],[-75.4614,39.994],[-75.4593,39.99638]]]}},{"type":"Feature","properties":{"n":"East Branch Crum Creek","w":"stream","rank":3},"geometry":{"type":"MultiLineString","coordinates":[[[-75.48442,40.03931],[-75.48375,40.03657],[-75.48476,40.03406],[-75.48413,40.03264],[-75.48426,40.03185],[-75.48578,40.03036],[-75.48563,40.028],[-75.48648,40.02539],[-75.48804,40.02386],[-75.48865,40.02379],[-75.49005,40.02132],[-75.49008,40.02]]]}},{"type":"Feature","properties":{"n":"French Creek","w":"stream","rank":3},"geometry":{"type":"MultiLineString","coordinates":[[[-75.78867,40.20259],[-75.78737,40.20128],[-75.78611,40.20097],[-75.77786,40.20457],[-75.77717,40.20436],[-75.77566,40.20489],[-75.77399,40.20484],[-75.77068,40.20585],[-75.76949,40.20445],[-75.76951,40.20345]],[[-75.76945,40.20324],[-75.76857,40.20195],[-75.76726,40.20181],[-75.76541,40.20024],[-75.76454,40.20022],[-75.76478,40.19979],[-75.76409,40.19947],[-75.76446,40.19691],[-75.76348,40.19488],[-75.7623,40.19447],[-75.76068,40.19256],[-75.75932,40.19185],[-75.75831,40.18989],[-75.75813,40.18764],[-75.7571,40.18555],[-75.7549,40.18378],[-75.75233,40.18442],[-75.75034,40.18382],[-75.74689,40.18345],[-75.74443,40.18439],[-75.74309,40.18418],[-75.7423,40.18592],[-75.73991,40.185],[-75.73869,40.1871],[-75.73718,40.18595],[-75.73571,40.18691],[-75.73502,40.18624],[-75.73497,40.18479],[-75.73196,40.18435],[-75.73092,40.1831],[-75.73154,40.18201],[-75.73147,40.18118],[-75.73239,40.17995],[-75.73201,40.17797],[-75.73143,40.17783],[-75.73127,40.17719],[-75.73019,40.17639],[-75.72895,40.17291],[-75.72714,40.17068],[-75.72574,40.16969],[-75.72351,40.17047],[-75.72157,40.17068],[-75.72148,40.17206],[-75.7191,40.17299],[-75.71861,40.17181],[-75.71615,40.17075],[-75.71363,40.17169],[-75.71143,40.17147],[-75.71144,40.17222],[-75.70974,40.17279],[-75.70727,40.17292],[-75.70629,40.17342],[-75.70497,40.17246],[-75.70199,40.17239],[-75.70176,40.17171],[-75.69982,40.17166],[-75.6973,40.17238],[-75.69676,40.17177],[-75.69698,40.17125]]]}},{"type":"Feature","properties":{"n":"White Clay Creek","w":"river","rank":2},"geometry":{"type":"MultiLineString","coordinates":[[[-75.76935,39.74914],[-75.77008,39.74747],[-75.77315,39.74501],[-75.7716,39.7422],[-75.77319,39.74021],[-75.77257,39.73937],[-75.76981,39.73833],[-75.76524,39.73806],[-75.76168,39.73679],[-75.75973,39.73439],[-75.75953,39.73342],[-75.76035,39.73201],[-75.76033,39.72984],[-75.76131,39.72922],[-75.76259,39.73002],[-75.76329,39.72932],[-75.76343,39.72834],[-75.76445,39.72872],[-75.76531,39.72843],[-75.76593,39.72742],[-75.76686,39.72688],[-75.76731,39.72522],[-75.76533,39.72418],[-75.76406,39.72004],[-75.76199,39.71911],[-75.75804,39.71626],[-75.75801,39.71566],[-75.75884,39.71522],[-75.75944,39.7134],[-75.75969,39.70893],[-75.75711,39.70547],[-75.75514,39.70416],[-75.75452,39.70276],[-75.7526,39.70192],[-75.75243,39.69931],[-75.75279,39.69839]],[[-75.74256,39.69019],[-75.73476,39.6893],[-75.73438,39.69237],[-75.72821,39.69296],[-75.72511,39.69229],[-75.71839,39.69337],[-75.71753,39.69185],[-75.71594,39.69068],[-75.71438,39.69012],[-75.71014,39.68991],[-75.70865,39.68865],[-75.70816,39.68866],[-75.70694,39.68949],[-75.70699,39.69057],[-75.70608,39.69178],[-75.70772,39.69257],[-75.70717,39.69362],[-75.70412,39.69468],[-75.69941,39.69356],[-75.69755,39.69389],[-75.69656,39.69525],[-75.6974,39.69677],[-75.69638,39.69757],[-75.69297,39.69902],[-75.69099,39.69894],[-75.68868,39.70028],[-75.68501,39.70112],[-75.68373,39.70054],[-75.68248,39.69913],[-75.68125,39.69896],[-75.67871,39.69745],[-75.67675,39.69872],[-75.67404,39.69918],[-75.67301,39.69894],[-75.6696,39.69984],[-75.66563,39.69785],[-75.66442,39.69914],[-75.66519,39.69997],[-75.66291,39.70138],[-75.66118,39.70114],[-75.6596,39.70025],[-75.65827,39.70059],[-75.65545,39.70312],[-75.65531,39.70554],[-75.65461,39.7066],[-75.651,39.70781],[-75.64823,39.70698],[-75.64614,39.70772],[-75.6455,39.70743],[-75.64556,39.70634],[-75.64654,39.70564],[-75.64692,39.70436],[-75.65017,39.70138],[-75.64941,39.69934],[-75.64579,39.69684],[-75.64196,39.69817],[-75.64211,39.69975],[-75.64155,39.70022],[-75.6389,39.69928],[-75.63765,39.69925],[-75.63412,39.69995],[-75.62926,39.70147],[-75.62549,39.7004],[-75.6228,39.70008],[-75.62192,39.69912],[-75.62152,39.69736]]]}},{"type":"Feature","properties":{"n":"Red Clay Creek","w":"river","rank":2},"geometry":{"type":"MultiLineString","coordinates":[[[-75.69234,39.81776],[-75.69155,39.81728],[-75.69102,39.81586],[-75.68963,39.81602],[-75.68879,39.81548],[-75.68667,39.81513],[-75.68526,39.81411],[-75.68118,39.8136],[-75.68163,39.81124],[-75.68071,39.80903],[-75.68163,39.80785],[-75.68155,39.80629],[-75.67943,39.80643],[-75.67892,39.80849],[-75.67832,39.80889],[-75.67323,39.80713],[-75.67259,39.8084],[-75.67145,39.80913],[-75.6705,39.80851],[-75.66756,39.80855],[-75.6668,39.80819],[-75.66696,39.80682],[-75.66586,39.80515],[-75.66332,39.80251],[-75.66229,39.80255],[-75.66177,39.80191],[-75.6615,39.80117],[-75.66236,39.79991],[-75.66053,39.79854],[-75.65606,39.79817],[-75.65397,39.80036],[-75.65414,39.802],[-75.6534,39.80271],[-75.65261,39.80157],[-75.64968,39.80004],[-75.64845,39.79779],[-75.64674,39.79717],[-75.64501,39.79363],[-75.64161,39.79298],[-75.64127,39.79263],[-75.64146,39.79227],[-75.64252,39.79222],[-75.64425,39.79067],[-75.64383,39.7886],[-75.64333,39.78835],[-75.64159,39.78879],[-75.64032,39.78861],[-75.63972,39.78648],[-75.6398,39.78473],[-75.63734,39.78118],[-75.63659,39.77921],[-75.63801,39.77704],[-75.64104,39.77478],[-75.64119,39.77364],[-75.63534,39.76982],[-75.63489,39.76866],[-75.63614,39.76724],[-75.63634,39.76623],[-75.63754,39.76555],[-75.64224,39.76696],[-75.64276,39.76644],[-75.64265,39.76463],[-75.64218,39.76296],[-75.64123,39.76244],[-75.6403,39.76263],[-75.6404,39.76423],[-75.63922,39.76468],[-75.63872,39.76454],[-75.63636,39.76299],[-75.63366,39.75929],[-75.63261,39.75857],[-75.63457,39.75464],[-75.63272,39.7525],[-75.6324,39.7508],[-75.63323,39.74967],[-75.63617,39.74806],[-75.6375,39.74611],[-75.63718,39.74567],[-75.63638,39.74566],[-75.63538,39.74449],[-75.63412,39.74418],[-75.63257,39.74233],[-75.63165,39.74196],[-75.63108,39.74084],[-75.63255,39.73963],[-75.63428,39.7389],[-75.63506,39.73764],[-75.6346,39.73527],[-75.63375,39.73444],[-75.63448,39.73267],[-75.6368,39.72954],[-75.6371,39.72698],[-75.63307,39.7234],[-75.63279,39.72137],[-75.63472,39.71868],[-75.63973,39.71756],[-75.64033,39.71617],[-75.64017,39.71452],[-75.64432,39.7108],[-75.64341,39.70806],[-75.64388,39.70786],[-75.64562,39.70838],[-75.64614,39.70772]]]}},{"type":"Feature","properties":{"n":"Shellpot Creek","w":"stream","rank":3},"geometry":{"type":"MultiLineString","coordinates":[[[-75.51841,39.78971],[-75.51754,39.78958],[-75.51711,39.78883],[-75.51615,39.7892],[-75.51274,39.78862],[-75.51226,39.78906],[-75.51098,39.78858],[-75.51025,39.78644],[-75.51104,39.7857],[-75.51168,39.78396],[-75.51086,39.78376],[-75.5099,39.78195],[-75.50998,39.78119],[-75.50871,39.77997],[-75.50707,39.7773],[-75.50725,39.77661],[-75.50874,39.776],[-75.51227,39.77586],[-75.5142,39.77391],[-75.51622,39.7737],[-75.51709,39.77318],[-75.51668,39.77293],[-75.51689,39.77227],[-75.51813,39.77149],[-75.51774,39.76976],[-75.51912,39.76832],[-75.51827,39.76803],[-75.518,39.76749],[-75.51809,39.76486],[-75.51729,39.7644],[-75.5171,39.76318]]]}},{"type":"Feature","properties":{"n":"Plum Run","w":"stream","rank":3},"geometry":{"type":"MultiLineString","coordinates":[[[-75.60834,39.94576],[-75.61022,39.94402],[-75.60969,39.94355],[-75.61004,39.94297],[-75.60906,39.94198],[-75.60892,39.94048],[-75.60975,39.93926],[-75.61027,39.93588],[-75.61161,39.9348],[-75.61481,39.93495],[-75.61579,39.9339],[-75.61707,39.93164],[-75.61619,39.93061],[-75.61655,39.92899],[-75.61766,39.92824],[-75.61832,39.92685],[-75.62019,39.92546],[-75.62001,39.92511],[-75.62043,39.92511],[-75.62069,39.92416],[-75.62196,39.92269],[-75.62132,39.92221],[-75.62148,39.9218],[-75.62303,39.92034],[-75.62352,39.92039],[-75.62361,39.91982],[-75.6249,39.9195],[-75.62554,39.91774],[-75.62674,39.91682],[-75.62653,39.91614],[-75.62781,39.91409],[-75.62704,39.91342],[-75.62728,39.91312]],[[-75.60404,39.95117],[-75.60554,39.94955],[-75.60734,39.94846],[-75.60777,39.94782],[-75.60735,39.94634],[-75.60822,39.94581]]]}},{"type":"Feature","properties":{"n":"Little Valley Creek","w":"stream","rank":3},"geometry":{"type":"MultiLineString","coordinates":[[[-75.52508,40.0491],[-75.52344,40.0496],[-75.52242,40.04946],[-75.5222,40.04976],[-75.52111,40.0496],[-75.51947,40.0504],[-75.51887,40.05009],[-75.51752,40.05087],[-75.51515,40.05127],[-75.5144,40.05117],[-75.51382,40.05061],[-75.51275,40.05077],[-75.51115,40.05244],[-75.51059,40.05217],[-75.50918,40.05284],[-75.50721,40.05307],[-75.50594,40.05417],[-75.50321,40.05326],[-75.50136,40.05348],[-75.49857,40.05498],[-75.49794,40.05474],[-75.49548,40.05563],[-75.49471,40.05631],[-75.49186,40.05738],[-75.48976,40.05894],[-75.4859,40.05956],[-75.48477,40.06019],[-75.47962,40.06063],[-75.47618,40.06291],[-75.4753,40.06439],[-75.47444,40.06438],[-75.47287,40.06565],[-75.47218,40.06699],[-75.47085,40.06775],[-75.47073,40.06808],[-75.47115,40.06819],[-75.4705,40.0696],[-75.47117,40.06995],[-75.47144,40.07087]],[[-75.53333,40.03541],[-75.53581,40.0399],[-75.53534,40.04321],[-75.5337,40.04463],[-75.52999,40.04681],[-75.52723,40.0482],[-75.52624,40.04827],[-75.5251,40.04908]]]}},{"type":"Feature","properties":{"n":"Husbands Run","w":"stream","rank":3},"geometry":{"type":"MultiLineString","coordinates":[[[-75.55511,39.80198],[-75.5562,39.802],[-75.5601,39.79935],[-75.56058,39.79747],[-75.56161,39.79647],[-75.56133,39.7959],[-75.56281,39.79432],[-75.56305,39.79259],[-75.5626,39.79193],[-75.56308,39.79126],[-75.56124,39.78773],[-75.5616,39.78628],[-75.56233,39.78547],[-75.56347,39.7851],[-75.56389,39.7846],[-75.56371,39.78383],[-75.56699,39.78286],[-75.56771,39.78216],[-75.56893,39.78207],[-75.57035,39.78131]]]}},{"type":"Feature","properties":{"n":"Willow Run","w":"stream","rank":3},"geometry":{"type":"MultiLineString","coordinates":[[[-75.55418,39.79189],[-75.55713,39.78955],[-75.55839,39.78901],[-75.55928,39.78908],[-75.56007,39.78852],[-75.56098,39.78855],[-75.56135,39.78805]],[[-75.22473,40.18734],[-75.22659,40.18718],[-75.23002,40.18489],[-75.23112,40.18355],[-75.23316,40.18355],[-75.23762,40.1823],[-75.23844,40.1811],[-75.2394,40.18113],[-75.24037,40.17971],[-75.2423,40.17895],[-75.24759,40.1751],[-75.24914,40.17436],[-75.25199,40.17412],[-75.25209,40.17324],[-75.25388,40.17286],[-75.25449,40.17217],[-75.25429,40.17139],[-75.25323,40.17074]],[[-75.26399,40.16122],[-75.25908,40.16197],[-75.25491,40.16195],[-75.25383,40.16162],[-75.24962,40.16227]],[[-75.60815,39.74531],[-75.60969,39.7432],[-75.60978,39.74158]]]}},{"type":"Feature","properties":{"n":"Massacre Run","w":"stream","rank":3},"geometry":{"type":"MultiLineString","coordinates":[[[-75.51093,40.03046],[-75.50982,40.02738],[-75.50837,40.02661],[-75.50765,40.02403],[-75.5068,40.02338]]]}},{"type":"Feature","properties":{"n":"Valley Creek","w":"stream","rank":3},"geometry":{"type":"MultiLineString","coordinates":[[[-75.49158,40.06585],[-75.49024,40.06577],[-75.48772,40.06696],[-75.48638,40.06671],[-75.48379,40.06842],[-75.481,40.06737],[-75.47537,40.06956],[-75.47295,40.06988],[-75.47227,40.07069],[-75.47022,40.07129],[-75.47004,40.07227],[-75.46555,40.07353],[-75.46186,40.0757],[-75.46076,40.07742],[-75.46089,40.08011],[-75.46057,40.08049],[-75.45857,40.08032],[-75.45816,40.08107],[-75.45739,40.08095],[-75.45332,40.08245],[-75.45372,40.08482],[-75.45632,40.08605],[-75.45597,40.08662],[-75.45662,40.08852],[-75.45675,40.09449],[-75.45742,40.09508],[-75.46168,40.09624],[-75.46298,40.0974],[-75.46302,40.09838],[-75.46243,40.09935],[-75.46269,40.101],[-75.46189,40.10162],[-75.46182,40.10301]],[[-75.58551,40.03471],[-75.58572,40.0351],[-75.58989,40.03633],[-75.59068,40.03681],[-75.59089,40.03764],[-75.59267,40.03789],[-75.59503,40.03758],[-75.6005,40.03539],[-75.60537,40.03403],[-75.60729,40.03459],[-75.61037,40.03412],[-75.61182,40.03276],[-75.61893,40.03216],[-75.62117,40.03091],[-75.62257,40.0296],[-75.62455,40.02948],[-75.62531,40.02881],[-75.6253,40.02826],[-75.62775,40.02783],[-75.62974,40.0269],[-75.63093,40.02584],[-75.63226,40.02549],[-75.63257,40.02581],[-75.6353,40.02545],[-75.6375,40.02418],[-75.63898,40.02448],[-75.64166,40.02413],[-75.64372,40.02252],[-75.64384,40.02169],[-75.6433,40.02153],[-75.64383,40.02074],[-75.64595,40.01941],[-75.64712,40.01596],[-75.64873,40.01533],[-75.64905,40.01549],[-75.64932,40.01487],[-75.65093,40.01431],[-75.65175,40.01487],[-75.65338,40.01428],[-75.6539,40.01321],[-75.65468,40.01307],[-75.65499,40.01186],[-75.65677,40.01139],[-75.65747,40.0101],[-75.65947,40.00847],[-75.6642,40.00754],[-75.66587,40.00685],[-75.66473,40.00408],[-75.66346,40.00362],[-75.66311,40.00308],[-75.66317,40.00143],[-75.66409,40.00011],[-75.6644,39.99865],[-75.66404,39.99682],[-75.66326,39.99591],[-75.6642,39.99384],[-75.66508,39.99308],[-75.66478,39.99077],[-75.66566,39.99069],[-75.66569,39.9901],[-75.66742,39.99],[-75.66873,39.98932],[-75.66735,39.98776],[-75.66774,39.98744],[-75.66731,39.98668],[-75.66665,39.98597],[-75.66555,39.98564],[-75.66474,39.98451],[-75.66511,39.98342],[-75.66353,39.98147],[-75.66361,39.9805],[-75.66295,39.98051],[-75.66369,39.97977],[-75.66396,39.97872]],[[-75.58693,40.0556],[-75.58629,40.05511],[-75.58346,40.05491],[-75.58262,40.05422],[-75.57783,40.05393],[-75.57561,40.05447],[-75.57414,40.05535],[-75.5733,40.05463],[-75.57161,40.05459],[-75.56884,40.0539],[-75.56769,40.05303],[-75.56698,40.05335],[-75.56694,40.05292],[-75.56358,40.05199],[-75.56233,40.05208],[-75.56015,40.05124]],[[-75.5373,40.05335],[-75.5357,40.05694],[-75.53473,40.05782],[-75.5332,40.05721],[-75.53196,40.05732],[-75.53126,40.05764],[-75.52973,40.06028],[-75.52746,40.06052],[-75.52724,40.06086],[-75.52659,40.06066],[-75.52495,40.06209],[-75.52326,40.06179],[-75.52207,40.06313],[-75.51996,40.06327],[-75.51926,40.06475],[-75.5179,40.06533],[-75.51717,40.06688],[-75.51673,40.06697],[-75.517,40.06764],[-75.51501,40.06768],[-75.5149,40.06816],[-75.51396,40.06807],[-75.51393,40.06857],[-75.51363,40.06828],[-75.51321,40.06859],[-75.51273,40.06835],[-75.51221,40.06873],[-75.51114,40.06821],[-75.50937,40.06861],[-75.50552,40.07051],[-75.50374,40.07087],[-75.50226,40.07191],[-75.50138,40.07161],[-75.50013,40.07038],[-75.49893,40.07019],[-75.499,40.06935],[-75.49824,40.0695],[-75.49742,40.06915],[-75.49647,40.06748],[-75.49575,40.0672],[-75.4954,40.0675],[-75.49449,40.06686],[-75.49345,40.06694],[-75.49223,40.06614]]]}},{"type":"Feature","properties":{"n":"Beaver Creek","w":"stream","rank":3},"geometry":{"type":"MultiLineString","coordinates":[[[-75.78382,40.02976],[-75.78189,40.02899],[-75.77926,40.02914],[-75.77819,40.02813],[-75.77735,40.02845],[-75.77601,40.0282],[-75.77496,40.02636],[-75.77618,40.02473],[-75.77481,40.02381],[-75.77537,40.02338],[-75.77493,40.02324],[-75.77496,40.02279],[-75.77274,40.02164],[-75.77282,40.02103],[-75.77339,40.02087],[-75.77241,40.02004],[-75.77256,40.0193],[-75.77153,40.01846],[-75.76931,40.01836],[-75.76889,40.0187],[-75.76957,40.01881],[-75.76938,40.0192],[-75.76781,40.01952],[-75.7674,40.02101],[-75.76608,40.02181],[-75.76302,40.02158],[-75.76056,40.02169],[-75.75977,40.02207],[-75.75918,40.02096],[-75.75609,40.01942],[-75.75645,40.01805],[-75.75566,40.01812],[-75.75568,40.01745],[-75.75338,40.01515],[-75.75143,40.01442],[-75.75034,40.01347],[-75.74855,40.01348],[-75.74801,40.01297],[-75.74576,40.01333],[-75.74392,40.01142],[-75.74335,40.01001],[-75.7439,40.0057],[-75.74177,40.00555],[-75.73979,40.00253],[-75.73926,40.00314],[-75.73891,40.00264],[-75.73687,40.00306],[-75.73367,40.0025],[-75.73196,40.00341],[-75.73061,40.00353],[-75.73015,40.00271],[-75.72806,40.00196],[-75.72797,40.00128],[-75.72706,40.00178],[-75.72689,40.00131],[-75.72628,40.00153],[-75.72666,40.00215],[-75.72445,40.00326],[-75.72409,40.00379],[-75.72221,40.00424],[-75.7211,40.00409],[-75.72091,40.00508],[-75.72013,40.00474],[-75.71979,40.0053],[-75.71897,40.00502],[-75.71637,40.00549],[-75.716,40.006],[-75.71552,40.00573],[-75.71512,40.00604],[-75.71364,40.00608],[-75.71257,40.00643],[-75.71119,40.00791],[-75.7093,40.00797],[-75.70823,40.00748],[-75.70771,40.00776]],[[-75.38197,39.71974],[-75.38341,39.72103],[-75.38506,39.72171],[-75.39145,39.71943],[-75.39356,39.72098],[-75.39885,39.72308],[-75.40337,39.72402],[-75.40431,39.72374],[-75.40596,39.724],[-75.40803,39.72458],[-75.41158,39.72743],[-75.41218,39.72931],[-75.41088,39.73121],[-75.41094,39.73213],[-75.41206,39.73272],[-75.4143,39.73314],[-75.41589,39.73424],[-75.41604,39.7352],[-75.41679,39.73592],[-75.4184,39.73662],[-75.41858,39.73783],[-75.41954,39.7391],[-75.41882,39.74035],[-75.4195,39.7415],[-75.41917,39.74222],[-75.41779,39.74272],[-75.41711,39.74229],[-75.41581,39.74243],[-75.41419,39.74333],[-75.41255,39.7437],[-75.41084,39.74717],[-75.40972,39.7482],[-75.40207,39.74895],[-75.39765,39.75165],[-75.39653,39.75148],[-75.39677,39.754],[-75.39421,39.75563]],[[-75.55487,39.85073],[-75.55552,39.84963],[-75.55722,39.84896],[-75.55699,39.84809],[-75.55777,39.84731],[-75.55943,39.84692],[-75.56047,39.84715],[-75.56208,39.84661],[-75.56315,39.84699],[-75.56478,39.84684],[-75.56541,39.84587],[-75.56617,39.84593],[-75.56721,39.84482],[-75.56843,39.84454],[-75.56885,39.84419],[-75.56854,39.84362],[-75.56913,39.84313],[-75.56876,39.84266],[-75.57142,39.83929]],[[-75.57139,39.83928],[-75.57262,39.83832],[-75.57312,39.83717],[-75.57386,39.83723],[-75.5744,39.83632],[-75.57516,39.83597],[-75.57533,39.83532],[-75.57726,39.83449]],[[-75.11672,40.53754],[-75.11796,40.53808],[-75.12006,40.53723],[-75.12474,40.53714],[-75.12687,40.53605],[-75.12809,40.53263],[-75.12755,40.53191],[-75.12889,40.5312],[-75.12976,40.52876],[-75.1303,40.5285],[-75.13011,40.52761],[-75.13085,40.52766],[-75.13073,40.52716],[-75.1325,40.52525],[-75.1335,40.52503],[-75.1341,40.52215],[-75.13374,40.52101],[-75.13444,40.52027],[-75.13444,40.51959],[-75.13547,40.51945],[-75.13611,40.51877],[-75.13767,40.51885],[-75.13876,40.51783],[-75.13851,40.51746],[-75.1389,40.51683],[-75.13843,40.51639],[-75.13791,40.51349],[-75.13729,40.51336],[-75.13788,40.51257],[-75.13742,40.51175],[-75.1379,40.51148],[-75.13748,40.51045],[-75.13794,40.51038],[-75.1373,40.50923],[-75.1401,40.50598],[-75.13856,40.50369],[-75.13885,40.50285],[-75.13801,40.50207],[-75.13852,40.49986],[-75.13976,40.4983],[-75.13918,40.49724],[-75.13902,40.49509],[-75.1398,40.49406],[-75.14304,40.49271],[-75.14303,40.49113],[-75.14405,40.48941],[-75.14364,40.48761],[-75.14465,40.48655],[-75.14396,40.48368],[-75.14666,40.48088]]]}},{"type":"Feature","properties":{"n":"Trib 00716 To Crum Creek","w":"stream","rank":3},"geometry":{"type":"MultiLineString","coordinates":[[[-75.41182,39.9947],[-75.41265,39.99375],[-75.41517,39.99254],[-75.41594,39.99155],[-75.41885,39.9897]],[[-75.41936,39.98946],[-75.42322,39.98736],[-75.4257,39.98702],[-75.42755,39.98627],[-75.43105,39.98325],[-75.43368,39.98001],[-75.43496,39.97905],[-75.43555,39.97918],[-75.43575,39.97869],[-75.43695,39.9787],[-75.43746,39.97833]]]}},{"type":"Feature","properties":{"n":"Hyde Run","w":"stream","rank":3},"geometry":{"type":"MultiLineString","coordinates":[[[-75.66156,39.77355],[-75.65856,39.76962],[-75.65746,39.76905],[-75.65817,39.76703],[-75.6561,39.76559],[-75.65545,39.76465],[-75.65569,39.76029],[-75.65517,39.75865],[-75.65563,39.75834]]]}},{"type":"Feature","properties":{"n":"Tookany Creek","w":"stream","rank":3},"geometry":{"type":"MultiLineString","coordinates":[[[-75.17337,40.09481],[-75.17254,40.09423],[-75.17166,40.09466],[-75.16694,40.09423],[-75.16612,40.09477],[-75.16299,40.09466],[-75.16004,40.09568],[-75.15705,40.0979],[-75.1549,40.09688],[-75.15438,40.09718],[-75.15029,40.0975],[-75.14877,40.09702],[-75.14568,40.09683],[-75.14416,40.0976],[-75.14201,40.09802],[-75.13917,40.09761],[-75.13863,40.09652],[-75.13926,40.09505],[-75.13851,40.09311],[-75.13863,40.09221],[-75.13806,40.09131],[-75.13689,40.09075],[-75.13542,40.08734],[-75.13605,40.0868],[-75.13503,40.08481],[-75.13419,40.08439],[-75.13389,40.08374],[-75.13324,40.08363],[-75.13263,40.08198],[-75.13029,40.07852],[-75.1288,40.0778],[-75.12691,40.07795],[-75.12606,40.07761],[-75.12601,40.07642],[-75.12468,40.07498],[-75.12543,40.07414],[-75.12533,40.07241],[-75.12519,40.07208],[-75.12429,40.07203]],[[-75.12394,40.0719],[-75.12225,40.07154],[-75.12131,40.06985],[-75.12128,40.06784],[-75.11928,40.06723],[-75.11762,40.06757],[-75.11615,40.06922],[-75.11473,40.06821],[-75.11368,40.06647],[-75.10984,40.06696],[-75.10788,40.06485],[-75.10533,40.06528],[-75.10375,40.06499],[-75.10141,40.06602],[-75.1004,40.06581],[-75.09922,40.06481],[-75.09708,40.06034],[-75.09546,40.0596],[-75.09504,40.05876]]]}},{"type":"Feature","properties":{"n":"McKaig Creek - Trib To Crow Creek","w":"stream","rank":3},"geometry":{"type":"MultiLineString","coordinates":[[[-75.38214,40.06704],[-75.38107,40.06805],[-75.38165,40.0701],[-75.38222,40.07105],[-75.38349,40.07195],[-75.38306,40.0727],[-75.38528,40.07541]]]}},{"type":"Feature","properties":{"n":"Plum Nelly Run","w":"stream","rank":3},"geometry":{"type":"MultiLineString","coordinates":[[[-75.38511,40.06592],[-75.38571,40.06758],[-75.38543,40.07011],[-75.38349,40.07195]]]}},{"type":"Feature","properties":{"n":"Stoney Run","w":"stream","rank":3},"geometry":{"type":"MultiLineString","coordinates":[[[-75.48712,39.78014],[-75.48637,39.78012],[-75.4865,39.77899],[-75.48583,39.77744],[-75.48431,39.77704],[-75.47999,39.77392]]]}},{"type":"Feature","properties":{"n":"Dewey's Run","w":"stream","rank":3},"geometry":{"type":"MultiLineString","coordinates":[[[-75.48874,39.77627],[-75.48738,39.77709],[-75.48572,39.77704],[-75.48463,39.77642],[-75.48367,39.77644]]]}},{"type":"Feature","properties":{"n":"Matsunk Creek","w":"stream","rank":3},"geometry":{"type":"MultiLineString","coordinates":[[[-75.3336,40.082],[-75.33019,40.08363],[-75.33005,40.08503],[-75.32932,40.08557],[-75.32136,40.08562]]]}},{"type":"Feature","properties":{"n":"Ball Run","w":"stream","rank":3},"geometry":{"type":"MultiLineString","coordinates":[[[-75.69289,39.73557],[-75.69,39.73217],[-75.68886,39.73201],[-75.68834,39.73171],[-75.68843,39.73121],[-75.68638,39.73004],[-75.68417,39.72934],[-75.68281,39.72819],[-75.68146,39.72782],[-75.68131,39.7269],[-75.68024,39.7261],[-75.68024,39.72274],[-75.68122,39.72103],[-75.6812,39.71994],[-75.68272,39.71794],[-75.68251,39.71708],[-75.68079,39.71613],[-75.67844,39.71616],[-75.67797,39.71674],[-75.67676,39.71669],[-75.67567,39.71603],[-75.67574,39.71523],[-75.67495,39.71503],[-75.67439,39.71578],[-75.67297,39.71521],[-75.67221,39.71441],[-75.672,39.71335],[-75.67074,39.71276],[-75.6698,39.71345],[-75.6676,39.71359],[-75.66599,39.71431]]]}},{"type":"Feature","properties":{"n":"Pike Creek","w":"stream","rank":3},"geometry":{"type":"MultiLineString","coordinates":[[[-75.69447,39.70285],[-75.69295,39.70196],[-75.69303,39.70105],[-75.69226,39.70104],[-75.69134,39.70032],[-75.69159,39.69961],[-75.69229,39.69959],[-75.69277,39.699]],[[-75.72479,39.7707],[-75.72357,39.76701],[-75.72452,39.76416],[-75.72435,39.76342],[-75.72525,39.76181],[-75.72459,39.76151],[-75.72548,39.76027],[-75.72605,39.76031],[-75.7271,39.75771],[-75.72848,39.75626],[-75.72812,39.75603],[-75.72828,39.75532],[-75.72624,39.7549],[-75.72586,39.75434],[-75.72553,39.75449],[-75.72478,39.75289],[-75.72341,39.75155],[-75.72167,39.75127],[-75.71725,39.74867],[-75.71701,39.74686],[-75.71736,39.74609],[-75.71698,39.7444],[-75.71561,39.74256],[-75.71602,39.74186],[-75.71394,39.74142],[-75.71232,39.74057],[-75.71094,39.74049],[-75.71034,39.74017],[-75.71034,39.73951],[-75.70884,39.73876],[-75.70911,39.73717],[-75.70859,39.73565],[-75.7065,39.73292],[-75.70564,39.73236],[-75.70452,39.73243],[-75.70334,39.73116],[-75.70322,39.73032],[-75.70186,39.72939],[-75.70073,39.72486],[-75.70083,39.72371],[-75.69906,39.72314],[-75.69861,39.72173]]]}},{"type":"Feature","properties":{"n":"Pike Creek","w":"river","rank":2},"geometry":{"type":"MultiLineString","coordinates":[[[-75.69861,39.72173],[-75.69886,39.71956],[-75.69752,39.71864],[-75.69695,39.71688],[-75.69551,39.71531],[-75.696,39.715],[-75.69442,39.71146],[-75.69509,39.71012],[-75.6948,39.70939],[-75.69597,39.70872],[-75.69643,39.70726],[-75.69388,39.70623],[-75.69388,39.70572],[-75.69543,39.70463],[-75.69447,39.70285]]]}},{"type":"Feature","properties":{"n":"Buck Creek","w":"river","rank":2},"geometry":{"type":"MultiLineString","coordinates":[[[-74.84289,40.24313],[-74.84158,40.24422],[-74.83871,40.2436],[-74.83725,40.24406],[-74.83695,40.24437],[-74.83783,40.24497],[-74.83565,40.24601]]]}},{"type":"Feature","properties":{"n":"Manatawny Creek","w":"stream","rank":3},"geometry":{"type":"MultiLineString","coordinates":[[[-75.74022,40.39734],[-75.74013,40.39676],[-75.74256,40.39476],[-75.74046,40.39322],[-75.74011,40.39148],[-75.7407,40.38946],[-75.74298,40.38725],[-75.74351,40.38558],[-75.74451,40.38425],[-75.74416,40.38344],[-75.74477,40.38275],[-75.74322,40.38038],[-75.7421,40.3794],[-75.7408,40.37887],[-75.73812,40.37911],[-75.73733,40.37838],[-75.73703,40.37671],[-75.73487,40.37552],[-75.73429,40.37338],[-75.73602,40.37161],[-75.73553,40.3709],[-75.73432,40.37078],[-75.73329,40.36998],[-75.73313,40.36945],[-75.73386,40.3682],[-75.73187,40.36599],[-75.73365,40.36345],[-75.73582,40.36286],[-75.73842,40.36292],[-75.73905,40.36208],[-75.74032,40.36166],[-75.74196,40.36025],[-75.74229,40.35858],[-75.74115,40.35651],[-75.74229,40.35485],[-75.74581,40.35236],[-75.74431,40.35098],[-75.74382,40.34683],[-75.74669,40.34544],[-75.74695,40.34432],[-75.74267,40.34002],[-75.74292,40.33852],[-75.74253,40.33808],[-75.74197,40.33783],[-75.73954,40.33795],[-75.73882,40.33751],[-75.73823,40.33631],[-75.73845,40.33507],[-75.73802,40.33322],[-75.73694,40.33204],[-75.73753,40.33088],[-75.73727,40.33023],[-75.73519,40.32825],[-75.73177,40.32728],[-75.7311,40.32636],[-75.7313,40.32566],[-75.73236,40.32485],[-75.73278,40.32346],[-75.73254,40.32244],[-75.73113,40.32053],[-75.73134,40.31927],[-75.73512,40.31793],[-75.73618,40.3156],[-75.73916,40.31434],[-75.73868,40.31383],[-75.73288,40.31352],[-75.72948,40.31145],[-75.72968,40.30944],[-75.73036,40.30823],[-75.73012,40.30769],[-75.72799,40.30768],[-75.72673,40.30716],[-75.72247,40.30672],[-75.72295,40.30347],[-75.72523,40.30081],[-75.72542,40.29973],[-75.72488,40.29903],[-75.71835,40.30142],[-75.71418,40.30387],[-75.71282,40.30394],[-75.71182,40.30316],[-75.71125,40.30208],[-75.7115,40.30106],[-75.71507,40.29787],[-75.71669,40.29709],[-75.71665,40.29545],[-75.71575,40.29454],[-75.7102,40.29276],[-75.70564,40.29271],[-75.70553,40.29049],[-75.70732,40.28686],[-75.70681,40.28065],[-75.70618,40.27866],[-75.70549,40.27803],[-75.70187,40.27757],[-75.69567,40.28002],[-75.69164,40.28088],[-75.68822,40.28309],[-75.68722,40.28299],[-75.68521,40.28224],[-75.68392,40.27809],[-75.68059,40.2748],[-75.67989,40.27139],[-75.67857,40.26993],[-75.67636,40.26842],[-75.67078,40.26636],[-75.66914,40.26661],[-75.66564,40.26854],[-75.66381,40.26875],[-75.66308,40.26834],[-75.66146,40.26646],[-75.66114,40.26225],[-75.66064,40.2609],[-75.65809,40.25756],[-75.65835,40.25529],[-75.65646,40.25301],[-75.65673,40.25095],[-75.65516,40.25005],[-75.65496,40.2492],[-75.65603,40.24659],[-75.65737,40.24548],[-75.65888,40.24189]]]}},{"type":"Feature","properties":{"n":"Little Manatawny Creek","w":"stream","rank":3},"geometry":{"type":"MultiLineString","coordinates":[[[-75.80713,40.39844],[-75.80647,40.39772],[-75.80461,40.39755],[-75.80339,40.3969],[-75.80122,40.39717],[-75.7986,40.39513],[-75.79809,40.39345],[-75.79656,40.39231],[-75.79658,40.39035],[-75.79574,40.3879],[-75.79407,40.38689],[-75.79441,40.38601],[-75.79394,40.38481],[-75.79135,40.38358],[-75.79056,40.38191],[-75.78691,40.3806],[-75.78541,40.3805],[-75.78336,40.37911],[-75.78314,40.37856],[-75.7818,40.37813],[-75.78181,40.37857],[-75.77999,40.37862],[-75.77978,40.37814],[-75.77863,40.37795],[-75.77833,40.37755],[-75.77769,40.37821],[-75.77456,40.37818],[-75.77323,40.37911],[-75.77183,40.37862],[-75.76671,40.37924],[-75.76649,40.37972],[-75.76459,40.38063],[-75.76144,40.38096],[-75.76079,40.38163],[-75.76132,40.38223],[-75.76052,40.38264],[-75.75712,40.38271],[-75.75444,40.38335],[-75.75375,40.38387],[-75.75347,40.38493],[-75.75177,40.38538],[-75.74965,40.38539],[-75.74808,40.38493],[-75.74639,40.38414],[-75.74639,40.3832],[-75.74477,40.38275]]]}},{"type":"Feature","properties":{"n":"Core Creek","w":"river","rank":2},"geometry":{"type":"MultiLineString","coordinates":[[[-74.89677,40.25694],[-74.89486,40.25627],[-74.89313,40.25451],[-74.89259,40.25254],[-74.88963,40.25201],[-74.88841,40.25098],[-74.88539,40.25053],[-74.88416,40.24978],[-74.88408,40.24898],[-74.88593,40.24724],[-74.88694,40.24685],[-74.88981,40.24029],[-74.89158,40.23938],[-74.89224,40.23846],[-74.89362,40.23843],[-74.89404,40.23721],[-74.89616,40.23626],[-74.89633,40.23546],[-74.90125,40.23192],[-74.9006,40.22993],[-74.89959,40.22902],[-74.90042,40.22882],[-74.90298,40.22596],[-74.90194,40.22509],[-74.90189,40.22409],[-74.90106,40.22359],[-74.90171,40.22312],[-74.90161,40.22259],[-74.90229,40.2217],[-74.90166,40.22037],[-74.90242,40.21868],[-74.9021,40.21786],[-74.90254,40.21758],[-74.90202,40.21716],[-74.90233,40.2164]]]}},{"type":"Feature","properties":{"n":"Crosswicks Creek","w":"stream","rank":3},"geometry":{"type":"MultiLineString","coordinates":[[[-74.69896,40.18229],[-74.69929,40.18133],[-74.70085,40.18052],[-74.70151,40.18216],[-74.70244,40.18246]]]}},{"type":"Feature","properties":{"n":"Crafts Creek","w":"stream","rank":3},"geometry":{"type":"MultiLineString","coordinates":[[[-74.69637,40.07607],[-74.6983,40.07451],[-74.70044,40.07373],[-74.70165,40.07396],[-74.70306,40.07362],[-74.70485,40.07433],[-74.70918,40.07764],[-74.71105,40.07764],[-74.71329,40.07867],[-74.71603,40.07921],[-74.71782,40.07883],[-74.71968,40.07895],[-74.72085,40.07724],[-74.72194,40.07653],[-74.72495,40.07539],[-74.72594,40.07458],[-74.72749,40.0744],[-74.72845,40.07472],[-74.73092,40.07817],[-74.73435,40.08107],[-74.73709,40.08068],[-74.73888,40.08139],[-74.73978,40.08132],[-74.7404,40.08114],[-74.74231,40.07885],[-74.74338,40.07862],[-74.74523,40.0801],[-74.74526,40.08193],[-74.74589,40.08276],[-74.74663,40.08296],[-74.74963,40.08237],[-74.75073,40.08282],[-74.75085,40.08472],[-74.75359,40.08715],[-74.75438,40.08955],[-74.75527,40.0902],[-74.75629,40.09004],[-74.7567,40.09082],[-74.75611,40.09136],[-74.75632,40.09204],[-74.75755,40.09247],[-74.75797,40.09325],[-74.75747,40.09472],[-74.75601,40.09605],[-74.75523,40.09791],[-74.75599,40.10051],[-74.75734,40.10098],[-74.7581,40.10056],[-74.7598,40.10104],[-74.76152,40.10235],[-74.76148,40.10323],[-74.76285,40.10435],[-74.76348,40.10588],[-74.76308,40.10774],[-74.76356,40.1081],[-74.76211,40.10854],[-74.76341,40.10885],[-74.76293,40.11016],[-74.76341,40.11133],[-74.76316,40.11175],[-74.76539,40.11241],[-74.76599,40.11128],[-74.76667,40.11111],[-74.76708,40.1119],[-74.76771,40.11217],[-74.768,40.11114],[-74.76851,40.11107],[-74.76966,40.11269],[-74.76971,40.11393],[-74.76873,40.11389],[-74.76868,40.11484],[-74.76816,40.11513],[-74.76712,40.11473],[-74.76481,40.11514],[-74.76534,40.11635],[-74.76408,40.11718],[-74.7635,40.11942]]]}},{"type":"Feature","properties":{"n":"Newtown Creek","w":"stream","rank":3},"geometry":{"type":"MultiLineString","coordinates":[[[-74.96587,40.2674],[-74.96497,40.26596],[-74.96307,40.26471],[-74.96217,40.26347],[-74.9606,40.26317],[-74.9593,40.26206],[-74.95928,40.2612],[-74.95829,40.26027],[-74.95795,40.25893],[-74.95517,40.25823],[-74.95383,40.25731],[-74.95382,40.25632],[-74.95338,40.25594],[-74.95357,40.25443],[-74.95265,40.25425],[-74.95169,40.2547],[-74.95101,40.25447],[-74.94383,40.25654],[-74.94258,40.25614],[-74.94224,40.2564],[-74.94103,40.25563],[-74.93982,40.25586],[-74.93867,40.2555],[-74.93676,40.25323],[-74.93705,40.25187],[-74.93652,40.25076]],[[-74.93409,40.24719],[-74.93349,40.24516],[-74.93364,40.24204],[-74.93402,40.2407],[-74.93466,40.24023],[-74.93475,40.23792],[-74.93638,40.23611],[-74.9359,40.23453],[-74.93724,40.23361],[-74.93671,40.23257],[-74.93773,40.23234],[-74.93735,40.23047],[-74.93824,40.22848],[-74.93851,40.22495],[-74.93898,40.22445],[-74.93818,40.22341],[-74.93822,40.2217],[-74.93897,40.22113],[-74.93888,40.22077],[-74.93732,40.22022],[-74.93595,40.2204],[-74.93532,40.21925],[-74.93593,40.21843],[-74.93774,40.21795],[-74.9394,40.21806],[-74.93977,40.21612],[-74.93885,40.21481],[-74.93954,40.21461],[-74.94144,40.21155],[-74.94277,40.21097]]]}},{"type":"Feature","properties":{"n":"Watson Creek","w":"stream","rank":3},"geometry":{"type":"MultiLineString","coordinates":[[[-75.07069,40.33952],[-75.06949,40.33704],[-75.06694,40.3364],[-75.06557,40.33518],[-75.06465,40.33393],[-75.06534,40.33293],[-75.0651,40.3323],[-75.06151,40.33154],[-75.0564,40.32688],[-75.05359,40.32613],[-75.05277,40.32371]],[[-75.08414,40.32543],[-75.08301,40.32306],[-75.08391,40.3224],[-75.08377,40.32091],[-75.08442,40.32003],[-75.08288,40.31829],[-75.08163,40.31824],[-75.08061,40.31758],[-75.08086,40.31581],[-75.08042,40.31552],[-75.08086,40.31502],[-75.08018,40.31298],[-75.07775,40.3131],[-75.07722,40.3127],[-75.0768,40.31094],[-75.07091,40.3073],[-75.07001,40.30781],[-75.06913,40.30916],[-75.06751,40.30938],[-75.06263,40.31301],[-75.05894,40.31432],[-75.05657,40.31428]]]}},{"type":"Feature","properties":{"n":"Park Creek","w":"stream","rank":3},"geometry":{"type":"MultiLineString","coordinates":[[[-75.23086,40.22243],[-75.2286,40.22348],[-75.2255,40.2257],[-75.2237,40.22614],[-75.21833,40.22214],[-75.21624,40.22123],[-75.21466,40.21971],[-75.21423,40.21851],[-75.21297,40.21722],[-75.213,40.21653],[-75.2121,40.21579],[-75.21021,40.21553],[-75.20826,40.2163],[-75.20557,40.21595],[-75.20414,40.21719],[-75.20032,40.21861],[-75.19823,40.21822],[-75.19751,40.21751],[-75.1973,40.21626],[-75.19759,40.21377],[-75.19688,40.21335],[-75.19593,40.21042],[-75.19597,40.20787],[-75.19473,40.2071],[-75.19431,40.20635],[-75.19291,40.20637],[-75.19078,40.20539],[-75.18934,40.20642],[-75.18764,40.20621],[-75.18775,40.20452],[-75.18645,40.20356],[-75.18619,40.20181],[-75.1856,40.20161],[-75.18344,40.20205],[-75.18277,40.20362],[-75.18159,40.2041],[-75.18143,40.20532],[-75.17885,40.20603],[-75.17767,40.20586],[-75.17554,40.2065],[-75.1751,40.20706],[-75.17415,40.20715],[-75.17308,40.2083],[-75.17391,40.20901],[-75.17373,40.20938],[-75.16754,40.21157],[-75.16503,40.21324],[-75.16252,40.21408],[-75.16094,40.21546],[-75.16023,40.21563],[-75.15914,40.2171],[-75.15729,40.21741],[-75.1555,40.21722],[-75.15473,40.21801],[-75.15042,40.22013],[-75.14948,40.22139],[-75.14879,40.22128],[-75.14833,40.22194],[-75.14741,40.22163],[-75.1469,40.22275],[-75.14587,40.22349],[-75.1444,40.22323]]]}},{"type":"Feature","properties":{"n":"Annaricken Brook","w":"stream","rank":3},"geometry":{"type":"MultiLineString","coordinates":[[[-74.67794,40.04799],[-74.68711,40.04668],[-74.69401,40.04726],[-74.69643,40.0487],[-74.70122,40.05325],[-74.70283,40.05587]]]}},{"type":"Feature","properties":{"n":"Queen Anne Creek","w":"stream","rank":3},"geometry":{"type":"MultiLineString","coordinates":[[[-74.84761,40.19326],[-74.84715,40.18836],[-74.84618,40.18724],[-74.84594,40.18548],[-74.84664,40.18343],[-74.84844,40.18126],[-74.84842,40.18024],[-74.84735,40.17812],[-74.84775,40.17708],[-74.8521,40.17547],[-74.8553,40.17475],[-74.85621,40.17394],[-74.85808,40.17333],[-74.85805,40.16797],[-74.85895,40.1652],[-74.86021,40.1638],[-74.86032,40.16129],[-74.86362,40.15486],[-74.8662,40.1525],[-74.86654,40.15169],[-74.86726,40.15142],[-74.86814,40.14998],[-74.86904,40.14972],[-74.86912,40.14903],[-74.8699,40.1488],[-74.87081,40.14601],[-74.87149,40.14488],[-74.87234,40.14436],[-74.87232,40.14346],[-74.87309,40.14326],[-74.87295,40.14206],[-74.87425,40.1393],[-74.87498,40.13866]]]}},{"type":"Feature","properties":{"n":"Lahaska Creek","w":"stream","rank":3},"geometry":{"type":"MultiLineString","coordinates":[[[-75.04123,40.36062],[-75.0409,40.36089],[-75.04013,40.36074],[-75.03998,40.36004],[-75.03911,40.35948],[-75.04091,40.35807],[-75.04121,40.35734],[-75.03993,40.35565],[-75.04023,40.35527],[-75.0398,40.35514],[-75.03948,40.35377],[-75.03883,40.35313],[-75.03934,40.35228],[-75.03902,40.35136],[-75.03972,40.34916],[-75.03918,40.34835],[-75.04451,40.34463],[-75.0441,40.34401],[-75.04301,40.34377],[-75.04217,40.34223],[-75.04245,40.33925],[-75.03929,40.33688],[-75.04101,40.33553],[-75.04554,40.33002],[-75.04771,40.32622],[-75.05163,40.3241],[-75.052,40.32435],[-75.05359,40.32324],[-75.05353,40.32292],[-75.05442,40.32268],[-75.05546,40.32051],[-75.05707,40.31855],[-75.05543,40.31776],[-75.05657,40.31428]]]}},{"type":"Feature","properties":{"n":"Ironworks Creek","w":"stream","rank":3},"geometry":{"type":"MultiLineString","coordinates":[[[-75.01192,40.22048],[-75.01193,40.21895],[-75.01321,40.21627],[-75.01355,40.21126],[-75.01529,40.20854],[-75.01538,40.20662],[-75.01422,40.20513],[-75.0144,40.20355],[-75.01285,40.20208],[-75.01177,40.19897],[-75.01091,40.19856],[-75.01019,40.1967],[-75.00741,40.19527],[-75.00773,40.19441]],[[-74.99481,40.17714],[-74.99254,40.17632],[-74.99036,40.17389],[-74.98959,40.17379],[-74.98807,40.17278],[-74.98755,40.17177]],[[-75.00922,40.19611],[-75.00834,40.19562],[-75.0076,40.1943],[-75.00655,40.19381],[-75.00346,40.19373],[-75.0029,40.19342],[-75.00273,40.19021],[-75.0014,40.1891],[-75.00125,40.1885]]]}},{"type":"Feature","properties":{"n":"Turkey Run Creek","w":"stream","rank":3},"geometry":{"type":"MultiLineString","coordinates":[[[-74.98267,40.16109],[-74.98203,40.16156],[-74.97674,40.16132],[-74.97537,40.16306],[-74.97543,40.16445],[-74.97408,40.16566],[-74.97268,40.16619],[-74.97036,40.16949],[-74.96629,40.17019],[-74.96617,40.17086],[-74.96531,40.17143],[-74.96122,40.17227],[-74.96025,40.17342],[-74.95779,40.17326]]]}},{"type":"Feature","properties":{"n":"Bustleton Creek","w":"stream","rank":3},"geometry":{"type":"MultiLineString","coordinates":[[[-74.78641,40.09253],[-74.78855,40.09526],[-74.78911,40.09839],[-74.78989,40.09906],[-74.79773,40.09842],[-74.80336,40.10117],[-74.80622,40.10115],[-74.8114,40.10031],[-74.81376,40.10127],[-74.81602,40.10109],[-74.81984,40.10155],[-74.82481,40.10315],[-74.82751,40.10309],[-74.82925,40.10266],[-74.83092,40.10295],[-74.83608,40.10291]]]}},{"type":"Feature","properties":{"n":"Reading Creek","w":"stream","rank":3},"geometry":{"type":"MultiLineString","coordinates":[[[-75.24168,40.31986],[-75.242,40.31858],[-75.2433,40.31715],[-75.24449,40.31664],[-75.24647,40.31419],[-75.246,40.31152],[-75.24276,40.30961],[-75.24173,40.30765],[-75.24064,40.30684],[-75.24054,40.30602],[-75.24217,40.30298],[-75.24382,40.29815],[-75.24363,40.29717],[-75.243,40.29661],[-75.24344,40.29514],[-75.24275,40.29475],[-75.24303,40.29424],[-75.2417,40.29163],[-75.24094,40.29096],[-75.2374,40.29021],[-75.23472,40.28792],[-75.23414,40.28815],[-75.23141,40.28636],[-75.23039,40.28673],[-75.22983,40.2863],[-75.22758,40.28589],[-75.22445,40.28611],[-75.22446,40.28656],[-75.22346,40.28681],[-75.22284,40.28789],[-75.22214,40.2879]]]}},{"type":"Feature","properties":{"n":"Jimmies creek","w":"stream","rank":3},"geometry":{"type":"MultiLineString","coordinates":[[[-75.11644,40.31306],[-75.12062,40.30711],[-75.12094,40.30386],[-75.12243,40.30167],[-75.12234,40.30056]]]}},{"type":"Feature","properties":{"n":"Assiscunk Branch","w":"stream","rank":3},"geometry":{"type":"MultiLineString","coordinates":[[[-74.70865,40.04018],[-74.71098,40.04082],[-74.717,40.04145],[-74.72164,40.04243],[-74.72465,40.04353],[-74.72664,40.04659],[-74.73368,40.04817],[-74.73654,40.05151],[-74.73839,40.05242],[-74.73949,40.05251],[-74.73979,40.05342]]]}},{"type":"Feature","properties":{"n":"Crosswicks Creek","w":"river","rank":2},"geometry":{"type":"MultiLineString","coordinates":[[[-74.69272,40.17939],[-74.69619,40.17892],[-74.69657,40.17935],[-74.69484,40.18125],[-74.69471,40.18228],[-74.69576,40.18279],[-74.69896,40.18229],[-74.70031,40.18369],[-74.70354,40.18221],[-74.70873,40.18195],[-74.71091,40.18062],[-74.71116,40.1796],[-74.70973,40.17822],[-74.71125,40.17624],[-74.71279,40.17532],[-74.71279,40.1746],[-74.71137,40.17301],[-74.70903,40.17233],[-74.70816,40.17154],[-74.7108,40.16867],[-74.71077,40.16711],[-74.70962,40.16638],[-74.70813,40.16653],[-74.70543,40.16896],[-74.70486,40.16906],[-74.7041,40.16856],[-74.70622,40.16192],[-74.7071,40.16073],[-74.70907,40.15945],[-74.71016,40.15759],[-74.71323,40.1557],[-74.71395,40.15269],[-74.7201,40.1486],[-74.72339,40.14769]]]}},{"type":"Feature","properties":{"n":"Blacks Creek","w":"stream","rank":3},"geometry":{"type":"MultiLineString","coordinates":[[[-74.69959,40.11747],[-74.69996,40.11882],[-74.70067,40.11923],[-74.69972,40.11971],[-74.70008,40.12127],[-74.69951,40.12268],[-74.70261,40.12401],[-74.7036,40.12511],[-74.70333,40.12676],[-74.70188,40.12833],[-74.70304,40.1295],[-74.70262,40.13053],[-74.70521,40.13107],[-74.70683,40.13202],[-74.70868,40.13167],[-74.70895,40.13405],[-74.70972,40.13446],[-74.70951,40.1352],[-74.71163,40.13809],[-74.71271,40.1384],[-74.71316,40.13936],[-74.7145,40.13943],[-74.71483,40.14119],[-74.71575,40.14032],[-74.71632,40.14059],[-74.71668,40.14324],[-74.71533,40.144],[-74.71504,40.14466],[-74.71578,40.14611],[-74.71696,40.14591],[-74.7201,40.1486]]]}},{"type":"Feature","properties":{"n":"Robin Run","w":"stream","rank":3},"geometry":{"type":"MultiLineString","coordinates":[[[-75.07242,40.2904],[-75.06933,40.29051],[-75.06494,40.28944],[-75.05858,40.28683],[-75.05702,40.28584],[-75.04923,40.2833],[-75.04651,40.28151],[-75.04439,40.28096],[-75.04176,40.27963],[-75.03948,40.27774],[-75.03185,40.27644],[-75.02613,40.27155]]]}},{"type":"Feature","properties":{"n":"Martins Creek","w":"stream","rank":3},"geometry":{"type":"MultiLineString","coordinates":[[[-74.83606,40.19087],[-74.8361,40.18621],[-74.83417,40.18423],[-74.83269,40.18373],[-74.82869,40.1841],[-74.82804,40.1833],[-74.82538,40.18214],[-74.82259,40.17948],[-74.81885,40.18112],[-74.81777,40.18116],[-74.81592,40.17837],[-74.81464,40.17771],[-74.81108,40.17696],[-74.81194,40.17334],[-74.8114,40.1716],[-74.81201,40.16969],[-74.81174,40.16823],[-74.8107,40.16691],[-74.80739,40.16426],[-74.80752,40.16299],[-74.80644,40.16204],[-74.80571,40.15999],[-74.80638,40.15854],[-74.80721,40.15366],[-74.80923,40.15061],[-74.80877,40.1494],[-74.80798,40.14876],[-74.80966,40.14722],[-74.80954,40.14659],[-74.81097,40.14493],[-74.81212,40.14163],[-74.8114,40.13957],[-74.81162,40.13833],[-74.81423,40.13524]]]}},{"type":"Feature","properties":{"n":"West Branch Neshaminy Creek","w":"stream","rank":3},"geometry":{"type":"MultiLineString","coordinates":[[[-75.3016,40.30863],[-75.30228,40.30757],[-75.30208,40.3054],[-75.30254,40.30367],[-75.30373,40.3013],[-75.30361,40.30045],[-75.30198,40.2987],[-75.30102,40.2968],[-75.30233,40.29529],[-75.30348,40.29515],[-75.30444,40.29344],[-75.30215,40.29111],[-75.30275,40.29]]]}},{"type":"Feature","properties":{"n":"Mill Creek","w":"river","rank":2},"geometry":{"type":"MultiLineString","coordinates":[[[-74.87498,40.13866],[-74.87528,40.13654],[-74.87715,40.13453],[-74.87719,40.13284],[-74.87794,40.1321],[-74.87788,40.13081],[-74.8794,40.13016],[-74.87933,40.12963],[-74.88005,40.12928],[-74.87971,40.12796],[-74.87549,40.12724],[-74.87328,40.12792],[-74.87154,40.12727],[-74.87128,40.12664],[-74.86684,40.12603],[-74.86411,40.12778],[-74.86036,40.12689],[-74.85957,40.12703],[-74.86096,40.12371],[-74.85961,40.11962],[-74.85954,40.11844],[-74.86017,40.11683],[-74.8596,40.11281],[-74.86003,40.11054],[-74.86133,40.10875],[-74.86278,40.10376],[-74.86598,40.10199],[-74.86701,40.10042],[-74.8683,40.09956],[-74.86811,40.09868],[-74.86981,40.09715],[-74.86968,40.09615],[-74.86856,40.09525],[-74.86403,40.0949],[-74.86282,40.09392],[-74.85843,40.09274],[-74.85652,40.09141]],[[-74.84225,40.14672],[-74.84167,40.14533],[-74.84264,40.14206],[-74.84221,40.13886],[-74.84584,40.13584],[-74.85664,40.13176],[-74.85899,40.12952],[-74.85957,40.12703]],[[-75.75094,40.55587],[-75.75195,40.55535],[-75.75309,40.55377],[-75.75385,40.55339],[-75.75378,40.55208],[-75.75696,40.55002],[-75.75713,40.5497],[-75.75622,40.5486],[-75.75704,40.54739],[-75.75975,40.54631],[-75.76098,40.54655],[-75.76215,40.54532],[-75.76352,40.54571],[-75.76457,40.54543],[-75.76503,40.54565],[-75.7658,40.54497],[-75.7668,40.5449],[-75.7687,40.54585],[-75.76998,40.54517],[-75.77185,40.54504],[-75.77309,40.5442],[-75.77371,40.54426],[-75.77502,40.54289],[-75.77616,40.54306],[-75.77675,40.54277],[-75.77921,40.54365],[-75.78291,40.54434],[-75.78697,40.54145],[-75.78798,40.54117],[-75.78909,40.54139],[-75.79056,40.54239],[-75.79203,40.54425]],[[-75.25914,40.04443],[-75.2554,40.04538],[-75.25484,40.04598]]]}},{"type":"Feature","properties":{"n":"Colmar Creek","w":"stream","rank":3},"geometry":{"type":"MultiLineString","coordinates":[[[-75.27129,40.24894],[-75.26391,40.25622],[-75.26165,40.25747],[-75.25907,40.26075],[-75.25719,40.26174],[-75.25602,40.26329],[-75.25323,40.2653],[-75.2523,40.26555],[-75.25217,40.26654],[-75.2507,40.26735],[-75.251,40.26819],[-75.25038,40.26925],[-75.25144,40.26978],[-75.25177,40.27054],[-75.25027,40.27226],[-75.25107,40.27343],[-75.25195,40.27314],[-75.25312,40.27364],[-75.25304,40.27392]]]}},{"type":"Feature","properties":{"n":"North Branch Neshaminy Creek","w":"stream","rank":3},"geometry":{"type":"MultiLineString","coordinates":[[[-75.10388,40.3887],[-75.10624,40.38737],[-75.10669,40.38693],[-75.10657,40.38625],[-75.10735,40.38616],[-75.1087,40.38536],[-75.10956,40.38426],[-75.11403,40.38185],[-75.11567,40.38018],[-75.11717,40.3801],[-75.11708,40.37945],[-75.1175,40.37952],[-75.11869,40.37854],[-75.1199,40.37868],[-75.12072,40.37729],[-75.12213,40.37709],[-75.12397,40.37593],[-75.12404,40.37535],[-75.12463,40.37529],[-75.12504,40.37465],[-75.12587,40.37464],[-75.12629,40.37403],[-75.12812,40.37371],[-75.12809,40.37264],[-75.12957,40.37231],[-75.12982,40.37142],[-75.13276,40.36985],[-75.13322,40.37009],[-75.13506,40.36927],[-75.13534,40.36821],[-75.13754,40.3676],[-75.1374,40.36625],[-75.13976,40.36498],[-75.14031,40.36542],[-75.14077,40.36526],[-75.14081,40.36406],[-75.14296,40.36258],[-75.1439,40.36278],[-75.14435,40.36222],[-75.14665,40.36136],[-75.14711,40.36016],[-75.14916,40.35901],[-75.14958,40.35791],[-75.15323,40.35519],[-75.15416,40.354],[-75.15619,40.35285],[-75.15634,40.35244],[-75.15762,40.35247],[-75.15862,40.35162],[-75.1584,40.35042],[-75.16249,40.34666],[-75.16257,40.34543],[-75.16199,40.3439],[-75.16414,40.34256],[-75.16407,40.34152],[-75.16554,40.33998]]]}},{"type":"Feature","properties":{"n":"Davis Grove Tributary","w":"stream","rank":3},"geometry":{"type":"MultiLineString","coordinates":[[[-75.16657,40.18633],[-75.1677,40.18699],[-75.16844,40.1883],[-75.16798,40.19011],[-75.1664,40.19212],[-75.16738,40.19554],[-75.16649,40.19872],[-75.16699,40.20122],[-75.16589,40.2019],[-75.1662,40.20283],[-75.16506,40.20469],[-75.16595,40.20696],[-75.16748,40.20792],[-75.16902,40.20968],[-75.17013,40.21001],[-75.17058,40.21056]]]}},{"type":"Feature","properties":{"n":"Rock Run","w":"stream","rank":3},"geometry":{"type":"MultiLineString","coordinates":[[[-74.84446,40.206],[-74.84169,40.20811],[-74.83661,40.20875],[-74.83497,40.20957],[-74.83148,40.2098],[-74.829,40.20935],[-74.82598,40.20982],[-74.82477,40.20904],[-74.82141,40.20871],[-74.81896,40.20904],[-74.81699,40.20844],[-74.81513,40.20649],[-74.81115,40.20684],[-74.81134,40.20371],[-74.80916,40.20159],[-74.80785,40.19937],[-74.8057,40.19824],[-74.79991,40.1987],[-74.79932,40.19793],[-74.79824,40.19772],[-74.79811,40.19405],[-74.79999,40.19159],[-74.80105,40.18887],[-74.80266,40.18658],[-74.80527,40.18418],[-74.80488,40.18222],[-74.80652,40.18009],[-74.80957,40.17928],[-74.81115,40.17663]],[[-75.73164,40.20438],[-75.72804,40.20437],[-75.72731,40.2038],[-75.72674,40.20411],[-75.72403,40.20395],[-75.7204,40.2031],[-75.71922,40.20209],[-75.71847,40.20218],[-75.7173,40.20172],[-75.71591,40.19988],[-75.71507,40.1996],[-75.71501,40.19906],[-75.71366,40.19873],[-75.71327,40.19777],[-75.71024,40.19562],[-75.70932,40.19372],[-75.709,40.19142],[-75.70791,40.19068],[-75.70768,40.18971],[-75.71015,40.18783],[-75.71395,40.18694],[-75.7157,40.1853],[-75.71541,40.1847],[-75.71395,40.18386],[-75.71363,40.18286],[-75.71221,40.18192],[-75.71158,40.17938],[-75.71093,40.17864],[-75.71144,40.17639],[-75.71024,40.1756],[-75.70835,40.17529],[-75.7079,40.17574],[-75.70643,40.1763],[-75.70563,40.17622],[-75.70454,40.17686],[-75.70069,40.1769],[-75.69946,40.17739],[-75.69851,40.17655],[-75.69674,40.17674],[-75.69569,40.1726],[-75.69698,40.17125]]]}},{"type":"Feature","properties":{"n":"Preston Run","w":"stream","rank":3},"geometry":{"type":"MultiLineString","coordinates":[[[-75.41734,39.98377],[-75.42088,39.98114]],[[-75.42363,39.97913],[-75.42514,39.97714],[-75.4258,39.97671],[-75.42683,39.97677],[-75.42721,39.97618],[-75.42844,39.9756],[-75.42899,39.97448],[-75.42993,39.9743],[-75.43066,39.9734],[-75.4325,39.97234],[-75.43282,39.97199],[-75.43236,39.97169]]]}},{"type":"Feature","properties":{"n":"Sacony Creek","w":"stream","rank":3},"geometry":{"type":"MultiLineString","coordinates":[[[-75.67488,40.46053],[-75.67439,40.46081],[-75.67478,40.46212],[-75.6742,40.46344],[-75.67474,40.46418],[-75.68964,40.46272],[-75.69092,40.46309],[-75.69177,40.46433],[-75.6959,40.46677],[-75.69942,40.46658],[-75.70203,40.46742],[-75.7042,40.46717],[-75.70452,40.46772],[-75.70761,40.46752],[-75.7087,40.46844],[-75.7114,40.46811],[-75.71417,40.47044],[-75.71701,40.47039],[-75.71854,40.47113],[-75.72,40.47124],[-75.72413,40.46954],[-75.72748,40.46927],[-75.72913,40.46951],[-75.73097,40.47036],[-75.73186,40.47195],[-75.73116,40.47306],[-75.73077,40.47497],[-75.73117,40.47604],[-75.73078,40.47654],[-75.73175,40.47801],[-75.73497,40.47999],[-75.73575,40.4798],[-75.73672,40.48027],[-75.74004,40.48383],[-75.74212,40.48347],[-75.74225,40.48401],[-75.74395,40.48454],[-75.74402,40.48505],[-75.74609,40.48681],[-75.74589,40.48809],[-75.74462,40.49007],[-75.74402,40.49031],[-75.74448,40.49045],[-75.74422,40.4912],[-75.74459,40.49143],[-75.74394,40.49184],[-75.74432,40.49227],[-75.74388,40.49315],[-75.7463,40.49467],[-75.74733,40.49456],[-75.74751,40.49502],[-75.7497,40.49538],[-75.75146,40.49481],[-75.75374,40.49612],[-75.75287,40.49846],[-75.75293,40.49987],[-75.75203,40.50027],[-75.75256,40.50124],[-75.75218,40.50234],[-75.75243,40.50309],[-75.754,40.50362],[-75.75497,40.50492],[-75.75488,40.50684],[-75.75544,40.50804],[-75.75785,40.51051],[-75.75961,40.51048],[-75.76036,40.50985],[-75.76231,40.5105],[-75.76305,40.5117],[-75.7623,40.51262],[-75.76253,40.51331],[-75.76399,40.51402],[-75.76435,40.51353],[-75.7651,40.51356],[-75.76508,40.51442],[-75.76614,40.51593],[-75.76869,40.51557],[-75.76961,40.51583],[-75.77005,40.51549],[-75.77081,40.5162],[-75.77293,40.51622],[-75.77576,40.51953],[-75.78321,40.52369],[-75.78323,40.52513],[-75.78415,40.52741],[-75.78397,40.52823],[-75.7825,40.52954],[-75.78292,40.53092],[-75.78413,40.53177]]]}},{"type":"Feature","properties":{"n":"Little Sacony Creek","w":"stream","rank":3},"geometry":{"type":"MultiLineString","coordinates":[[[-75.72199,40.45186],[-75.72512,40.45139],[-75.7275,40.4518],[-75.72842,40.45281],[-75.73003,40.45701],[-75.73108,40.4579],[-75.73109,40.45916],[-75.72761,40.46148],[-75.72743,40.46317],[-75.72755,40.46451],[-75.72846,40.46563],[-75.72816,40.46638],[-75.72899,40.46867],[-75.73092,40.47054]]]}},{"type":"Feature","properties":{"n":"Sacony Creek","w":"river","rank":2},"geometry":{"type":"MultiLineString","coordinates":[[[-75.78413,40.53177],[-75.78768,40.53283],[-75.78753,40.53535],[-75.7894,40.53797],[-75.7918,40.53815],[-75.79372,40.53746],[-75.79851,40.53701],[-75.80025,40.53641]]]}},{"type":"Feature","properties":{"n":"Willow Creek","w":"stream","rank":3},"geometry":{"type":"MultiLineString","coordinates":[[[-75.79993,40.42791],[-75.80414,40.42893],[-75.80581,40.42959],[-75.80725,40.43072],[-75.80982,40.43149],[-75.81211,40.43402],[-75.812,40.43589],[-75.81117,40.43691],[-75.81198,40.43841]]]}},{"type":"Feature","properties":{"n":"Pine Creek","w":"stream","rank":3},"geometry":{"type":"MultiLineString","coordinates":[[[-75.66325,40.44761],[-75.6645,40.4476],[-75.66675,40.44651],[-75.67449,40.44509],[-75.67559,40.4442],[-75.67684,40.44392],[-75.67773,40.44315],[-75.67804,40.44303],[-75.67782,40.44344],[-75.68704,40.43885],[-75.69248,40.43496],[-75.6937,40.43346],[-75.69381,40.43237],[-75.6948,40.43069],[-75.6971,40.42956],[-75.69712,40.428],[-75.69908,40.42753],[-75.70008,40.42669],[-75.70038,40.42509],[-75.70344,40.42407],[-75.7062,40.42186],[-75.70712,40.42183],[-75.70732,40.42141],[-75.70857,40.42121],[-75.70896,40.42068],[-75.71232,40.41931],[-75.71398,40.41929],[-75.71644,40.41813],[-75.72021,40.41726],[-75.72169,40.41657],[-75.7229,40.41545],[-75.72569,40.41497],[-75.72762,40.41423],[-75.72815,40.41314],[-75.72901,40.41259],[-75.73335,40.4126],[-75.73486,40.40899],[-75.73553,40.40854],[-75.73731,40.40833],[-75.73939,40.40689],[-75.74058,40.40522],[-75.74003,40.40307],[-75.7405,40.40185],[-75.73985,40.40028],[-75.74015,40.39946],[-75.73958,40.39852],[-75.74022,40.39734]],[[-75.81,40.18332],[-75.80811,40.18422],[-75.80684,40.18549],[-75.80203,40.18686],[-75.8001,40.18781],[-75.79939,40.18865],[-75.79596,40.18895],[-75.79469,40.19011],[-75.79323,40.19071],[-75.79145,40.18967],[-75.7893,40.18925],[-75.78773,40.18942],[-75.78695,40.1889],[-75.78179,40.18985],[-75.77761,40.19133],[-75.77682,40.19029],[-75.77553,40.19013],[-75.77531,40.18921],[-75.77424,40.18834],[-75.77334,40.18573],[-75.77294,40.18545],[-75.77208,40.18563],[-75.77173,40.18491],[-75.7702,40.18528],[-75.76784,40.18795],[-75.76335,40.19046],[-75.76131,40.19047],[-75.76103,40.19002],[-75.75853,40.18961]],[[-75.65283,40.05633],[-75.65201,40.05691],[-75.64939,40.05765],[-75.64717,40.05697],[-75.64633,40.05743],[-75.64552,40.05908],[-75.64246,40.06039],[-75.63754,40.06347],[-75.63641,40.06342],[-75.63627,40.06383],[-75.6354,40.06388],[-75.63364,40.06476],[-75.63166,40.06367],[-75.62909,40.06434],[-75.62821,40.06411],[-75.6275,40.06481],[-75.62656,40.06486],[-75.62646,40.06522],[-75.62553,40.06548],[-75.62557,40.06649],[-75.62494,40.06744],[-75.62386,40.06814],[-75.62312,40.06807],[-75.62237,40.06875],[-75.62228,40.07055],[-75.6194,40.07415],[-75.61899,40.07541],[-75.61943,40.07599],[-75.61835,40.07617],[-75.61652,40.07831],[-75.61537,40.07865],[-75.61506,40.07909],[-75.61543,40.08053],[-75.6139,40.08144],[-75.61233,40.08397],[-75.61304,40.08538],[-75.61191,40.08726],[-75.61337,40.08903],[-75.61486,40.08937],[-75.61576,40.09126],[-75.61404,40.09287]]]}},{"type":"Feature","properties":{"n":"Ironstone Creek","w":"stream","rank":3},"geometry":{"type":"MultiLineString","coordinates":[[[-75.67147,40.37195],[-75.67036,40.36955],[-75.67024,40.36781],[-75.66873,40.36621],[-75.66737,40.36556],[-75.66638,40.3633],[-75.66707,40.36268],[-75.66837,40.36234],[-75.66881,40.36134],[-75.66725,40.36048],[-75.66617,40.35719],[-75.66317,40.35299],[-75.66249,40.34924],[-75.66295,40.34857],[-75.66241,40.34751],[-75.66281,40.34545],[-75.66155,40.34493],[-75.66084,40.34251],[-75.65967,40.34163],[-75.65739,40.3386],[-75.6513,40.33327],[-75.64985,40.33294],[-75.64948,40.33157],[-75.64812,40.33066],[-75.64619,40.32745],[-75.64808,40.32521],[-75.64785,40.32469],[-75.6486,40.32336],[-75.65137,40.32068],[-75.65267,40.32018],[-75.65405,40.31849],[-75.65422,40.3171],[-75.65324,40.31195],[-75.65371,40.31142],[-75.65422,40.31157],[-75.65509,40.31101],[-75.65611,40.30953],[-75.65871,40.30727],[-75.66018,40.30679],[-75.66085,40.30456],[-75.66278,40.30237],[-75.66293,40.29953],[-75.66609,40.29642],[-75.67153,40.29585],[-75.6722,40.2926],[-75.67379,40.29113],[-75.67532,40.29168],[-75.67587,40.29261],[-75.67654,40.29281],[-75.6765,40.29446],[-75.67706,40.29538],[-75.67925,40.29534],[-75.68094,40.29339],[-75.68148,40.28954],[-75.68303,40.28777],[-75.68415,40.28381],[-75.68521,40.28224]]]}},{"type":"Feature","properties":{"n":"Limekiln Creek","w":"stream","rank":3},"geometry":{"type":"MultiLineString","coordinates":[[[-75.78936,40.35957],[-75.79018,40.35782],[-75.78987,40.35708],[-75.79081,40.3558],[-75.79074,40.35289],[-75.7898,40.3523],[-75.78991,40.35166],[-75.7862,40.34986],[-75.78494,40.34568],[-75.78266,40.34367],[-75.78452,40.34094],[-75.78452,40.33955],[-75.78824,40.33649],[-75.79068,40.33365],[-75.79016,40.33308],[-75.79165,40.33152],[-75.79373,40.33028],[-75.79403,40.32955],[-75.79308,40.32744],[-75.79004,40.32426],[-75.78981,40.32192],[-75.79051,40.32071],[-75.78986,40.32046],[-75.79029,40.31914],[-75.78819,40.31396],[-75.78858,40.31377],[-75.78859,40.31272],[-75.78823,40.31278],[-75.78834,40.31244],[-75.78683,40.31107],[-75.78621,40.30982],[-75.78489,40.30915]]]}},{"type":"Feature","properties":{"n":"Monocacy Creek","w":"stream","rank":3},"geometry":{"type":"MultiLineString","coordinates":[[[-75.80271,40.32031],[-75.8015,40.31885],[-75.80115,40.31771],[-75.79706,40.31597],[-75.79723,40.3149],[-75.79654,40.31409],[-75.79726,40.31286],[-75.79727,40.31217],[-75.79664,40.31207],[-75.79721,40.31113],[-75.79535,40.30826],[-75.79482,40.30632],[-75.79373,40.3051],[-75.79337,40.30547],[-75.79275,40.3055],[-75.79251,40.30513],[-75.792,40.30555],[-75.79114,40.30545],[-75.791,40.30599],[-75.79033,40.30598],[-75.78995,40.3065],[-75.78951,40.30642],[-75.78813,40.30726],[-75.78586,40.30755],[-75.78408,40.30997],[-75.78249,40.30911],[-75.78259,40.30758],[-75.78316,40.30706],[-75.78293,40.3063],[-75.78391,40.30383],[-75.7833,40.30266],[-75.78213,40.30231],[-75.78229,40.30056],[-75.78069,40.2989],[-75.78149,40.29828],[-75.78106,40.29745],[-75.78245,40.29727],[-75.7826,40.29632],[-75.78331,40.29572],[-75.78421,40.29196],[-75.78322,40.29149],[-75.78482,40.28984],[-75.78302,40.28795],[-75.78305,40.28759],[-75.78357,40.28759],[-75.78344,40.28688],[-75.78432,40.28489],[-75.78448,40.281],[-75.78091,40.27863],[-75.78054,40.27799],[-75.78234,40.27315],[-75.77998,40.26896],[-75.77856,40.2683],[-75.77814,40.26727],[-75.77345,40.26671],[-75.77256,40.2671],[-75.77191,40.26659],[-75.77088,40.26274],[-75.76579,40.26334],[-75.76485,40.25936]]]}},{"type":"Feature","properties":{"n":"West Branch Pine Creek","w":"stream","rank":3},"geometry":{"type":"MultiLineString","coordinates":[[[-75.71551,40.4461],[-75.71615,40.44434],[-75.71758,40.44275],[-75.72009,40.44161],[-75.72268,40.44114],[-75.7231,40.44024],[-75.72227,40.43729],[-75.72226,40.43539],[-75.72166,40.4337],[-75.72046,40.4322],[-75.71999,40.43046],[-75.72141,40.42774],[-75.72589,40.42395],[-75.72543,40.42259],[-75.72597,40.42159],[-75.72545,40.42069],[-75.72728,40.41742],[-75.7267,40.4145]]]}},{"type":"Feature","properties":{"n":"Furnace Creek","w":"stream","rank":3},"geometry":{"type":"MultiLineString","coordinates":[[[-75.81699,40.41243],[-75.81514,40.4124],[-75.81319,40.41176],[-75.81204,40.41214],[-75.81152,40.41172],[-75.80804,40.41136],[-75.80562,40.41224],[-75.80192,40.41255],[-75.80126,40.41328],[-75.8,40.4133],[-75.79872,40.41399],[-75.79482,40.41413],[-75.79261,40.41234],[-75.7888,40.41018],[-75.7892,40.40718],[-75.78781,40.40489],[-75.7906,40.40288],[-75.79142,40.40017],[-75.79098,40.39962],[-75.78991,40.39944],[-75.78968,40.39549],[-75.7877,40.39273],[-75.78684,40.39233],[-75.78495,40.38997],[-75.78351,40.3892],[-75.78077,40.38866],[-75.77949,40.3879],[-75.77796,40.38812],[-75.7768,40.38783],[-75.77505,40.38575],[-75.77383,40.38504],[-75.77328,40.38529],[-75.77222,40.38492],[-75.77137,40.38535],[-75.76982,40.38459],[-75.76718,40.38478],[-75.76525,40.3833],[-75.76386,40.38302],[-75.76315,40.38328],[-75.76075,40.38255]]]}},{"type":"Feature","properties":{"n":"Bieber Creek","w":"stream","rank":3},"geometry":{"type":"MultiLineString","coordinates":[[[-75.73574,40.44899],[-75.7401,40.45186],[-75.74065,40.45411],[-75.74181,40.45513],[-75.74159,40.45547],[-75.7424,40.45654],[-75.74383,40.45763],[-75.74396,40.45855],[-75.74587,40.45979],[-75.74626,40.46121],[-75.74859,40.46165],[-75.74905,40.46312],[-75.75024,40.46398],[-75.75484,40.46343],[-75.75716,40.46229],[-75.75721,40.46186],[-75.75955,40.46126],[-75.75981,40.46066],[-75.76258,40.45936],[-75.76299,40.45882],[-75.7626,40.4573],[-75.76442,40.45518],[-75.76764,40.45288],[-75.76699,40.45109],[-75.76743,40.45007],[-75.76807,40.44953],[-75.76894,40.44959],[-75.77123,40.44861],[-75.77064,40.44563],[-75.77126,40.44522],[-75.77149,40.44299],[-75.77088,40.44251],[-75.7716,40.44204],[-75.77249,40.43919],[-75.77081,40.43807],[-75.76978,40.43789],[-75.76668,40.43469],[-75.76597,40.43135],[-75.76652,40.42992],[-75.76753,40.42935],[-75.76765,40.42878],[-75.76519,40.42615],[-75.76643,40.42333],[-75.76525,40.42283],[-75.76421,40.41953],[-75.76313,40.41902],[-75.7612,40.4166],[-75.76117,40.41408],[-75.75821,40.41055],[-75.75814,40.40867],[-75.75489,40.40533],[-75.75336,40.40489],[-75.7519,40.40527],[-75.74952,40.40508],[-75.74841,40.40571],[-75.74762,40.40536],[-75.74692,40.40554],[-75.74639,40.40496],[-75.74459,40.40529],[-75.74346,40.40454],[-75.74308,40.40376],[-75.74168,40.40351],[-75.74135,40.40279],[-75.74191,40.39953],[-75.74022,40.39734]]]}},{"type":"Feature","properties":{"n":"Furnace Run","w":"stream","rank":3},"geometry":{"type":"MultiLineString","coordinates":[[[-75.69047,40.35394],[-75.69596,40.35443],[-75.70187,40.3539],[-75.7039,40.35439],[-75.70549,40.35377],[-75.70659,40.35263],[-75.7081,40.35261],[-75.71407,40.35127],[-75.71564,40.35195],[-75.7174,40.35346],[-75.72103,40.35416],[-75.72136,40.35541],[-75.72005,40.35625],[-75.72144,40.35725],[-75.72661,40.35712],[-75.72848,40.35634],[-75.72927,40.35677],[-75.73054,40.35601],[-75.73156,40.35621],[-75.73329,40.3556],[-75.73471,40.35468],[-75.73724,40.3547],[-75.7393,40.35572],[-75.74146,40.35619]]]}},{"type":"Feature","properties":{"n":"Heiligs School Creek","w":"stream","rank":3},"geometry":{"type":"MultiLineString","coordinates":[[[-75.69535,40.42287],[-75.70196,40.41813],[-75.70354,40.41819],[-75.70732,40.42032],[-75.70916,40.42061]]]}},{"type":"Feature","properties":{"n":"Sixpenny Creek","w":"stream","rank":3},"geometry":{"type":"MultiLineString","coordinates":[[[-75.81091,40.22598],[-75.8101,40.22593],[-75.80859,40.2247],[-75.80719,40.22432],[-75.80303,40.22483],[-75.80105,40.22601],[-75.79854,40.2289],[-75.79568,40.23033],[-75.7954,40.23281],[-75.79384,40.23376],[-75.79299,40.23514],[-75.79191,40.23585],[-75.79147,40.2373],[-75.78946,40.23932],[-75.78769,40.2394],[-75.78669,40.23982],[-75.78578,40.23933],[-75.78347,40.23925],[-75.78057,40.24142],[-75.78011,40.24269],[-75.77815,40.24294],[-75.77815,40.24605],[-75.77544,40.24917],[-75.77544,40.25077],[-75.77184,40.25272],[-75.77052,40.25459],[-75.77015,40.25554],[-75.77038,40.25853]]]}},{"type":"Feature","properties":{"n":"Oysterville Creek","w":"stream","rank":3},"geometry":{"type":"MultiLineString","coordinates":[[[-75.67125,40.42886],[-75.67119,40.42725],[-75.67287,40.42531],[-75.67233,40.42353],[-75.67497,40.42082],[-75.67422,40.41693],[-75.67708,40.41442],[-75.67794,40.41438],[-75.67797,40.4136],[-75.68055,40.4133],[-75.68277,40.4115],[-75.68299,40.41075],[-75.6846,40.41034],[-75.68498,40.40985],[-75.68547,40.40999],[-75.68636,40.4088],[-75.68797,40.40834],[-75.68873,40.40724],[-75.69125,40.40648],[-75.69203,40.40575],[-75.69168,40.40539],[-75.69237,40.40406],[-75.69362,40.40362],[-75.69553,40.4036],[-75.69596,40.40234],[-75.69672,40.40192],[-75.69742,40.40202],[-75.69966,40.39948],[-75.70082,40.39869],[-75.70259,40.39833],[-75.70323,40.39761],[-75.70479,40.39783],[-75.7067,40.39744],[-75.70869,40.39612],[-75.70967,40.39626],[-75.71072,40.397],[-75.71289,40.39617],[-75.71763,40.39729],[-75.72,40.39676],[-75.72326,40.39489],[-75.72516,40.39281],[-75.72535,40.39223],[-75.72476,40.39184],[-75.72551,40.39133],[-75.72613,40.38934],[-75.7275,40.38839],[-75.72849,40.38633],[-75.72968,40.38524],[-75.72974,40.38462],[-75.72894,40.38352],[-75.73028,40.38065],[-75.73,40.37907],[-75.73069,40.37887],[-75.73161,40.37773],[-75.73379,40.37661],[-75.73467,40.37524]]]}},{"type":"Feature","properties":{"n":"Drumhellers School Creek","w":"stream","rank":3},"geometry":{"type":"MultiLineString","coordinates":[[[-75.67759,40.38063],[-75.67778,40.38278],[-75.67919,40.38412],[-75.68275,40.38505],[-75.68448,40.38507],[-75.68593,40.38475],[-75.6878,40.38367]],[[-75.68821,40.38364],[-75.6929,40.3852],[-75.69398,40.38498],[-75.69504,40.38543],[-75.69706,40.38679],[-75.69729,40.38773],[-75.69963,40.38864],[-75.70232,40.39069]]]}},{"type":"Feature","properties":{"n":"Dieners Daal Creek","w":"stream","rank":3},"geometry":{"type":"MultiLineString","coordinates":[[[-75.68611,40.37509],[-75.68756,40.37657],[-75.68945,40.3775],[-75.69052,40.37887],[-75.69162,40.37934],[-75.6933,40.38255],[-75.69398,40.38498]]]}},{"type":"Feature","properties":{"n":"Molasses Creek","w":"stream","rank":3},"geometry":{"type":"MultiLineString","coordinates":[[[-75.81651,40.29089],[-75.8103,40.29051],[-75.8059,40.28976],[-75.80361,40.29013],[-75.80262,40.28958],[-75.80115,40.28985],[-75.80047,40.28946],[-75.79974,40.28965],[-75.79925,40.28925],[-75.79668,40.28982],[-75.7926,40.28952],[-75.78858,40.28842],[-75.7869,40.28711],[-75.78404,40.28605]],[[-75.54029,40.40507],[-75.53873,40.4027],[-75.53851,40.39931],[-75.5374,40.39683],[-75.53599,40.39552],[-75.53441,40.39313],[-75.53266,40.39212],[-75.53103,40.39007],[-75.52782,40.38721],[-75.52526,40.38558],[-75.51519,40.38374]],[[-75.445,40.45451],[-75.44575,40.45298],[-75.44518,40.45099],[-75.44384,40.44951],[-75.44286,40.44927],[-75.44168,40.44827],[-75.44045,40.44491],[-75.43833,40.44284],[-75.43762,40.44127],[-75.43451,40.43894],[-75.43186,40.4379],[-75.42795,40.43754],[-75.4268,40.43696],[-75.42599,40.43476],[-75.42368,40.43212],[-75.42284,40.43179],[-75.42263,40.43098],[-75.41994,40.42921],[-75.41885,40.42921],[-75.41613,40.42833],[-75.41526,40.42639],[-75.4129,40.42324],[-75.41218,40.42286],[-75.41167,40.42133],[-75.40901,40.42056],[-75.40842,40.41903]]]}},{"type":"Feature","properties":{"n":"Unami Creek","w":"stream","rank":3},"geometry":{"type":"MultiLineString","coordinates":[[[-75.41008,40.48746],[-75.40926,40.48625],[-75.4052,40.48336],[-75.40247,40.47877],[-75.3995,40.47775],[-75.39863,40.47708],[-75.39768,40.47574],[-75.39755,40.47456],[-75.39429,40.47114],[-75.39499,40.46898],[-75.39477,40.46749],[-75.3925,40.46645],[-75.38855,40.46136],[-75.38783,40.45872],[-75.38875,40.45612],[-75.39295,40.45198],[-75.3933,40.45019],[-75.39432,40.4498],[-75.39526,40.44884],[-75.39537,40.44719],[-75.3963,40.44519],[-75.39619,40.44377],[-75.39667,40.44352],[-75.39689,40.44253],[-75.39805,40.44166],[-75.39768,40.44067],[-75.39872,40.43981],[-75.39876,40.43899],[-75.39779,40.43821],[-75.39567,40.43763],[-75.39378,40.43777],[-75.39291,40.43738],[-75.39274,40.43633],[-75.39158,40.43454],[-75.39148,40.43216],[-75.39276,40.43111],[-75.39444,40.43072],[-75.39495,40.42916],[-75.39607,40.42893],[-75.4,40.42663],[-75.40027,40.42561],[-75.40122,40.42546],[-75.40265,40.42365],[-75.40228,40.42319],[-75.40453,40.42087],[-75.40585,40.42051],[-75.40883,40.41863],[-75.40863,40.41772],[-75.40925,40.41724],[-75.40997,40.41458],[-75.40942,40.41352],[-75.41067,40.41058],[-75.41009,40.4102],[-75.41043,40.40934],[-75.40981,40.40867],[-75.41027,40.40654],[-75.41143,40.40514],[-75.41153,40.40389],[-75.411,40.40296],[-75.41171,40.40125],[-75.41137,40.40025],[-75.4098,40.40019],[-75.4094,40.39942],[-75.40891,40.39934],[-75.40843,40.39823],[-75.40878,40.39693],[-75.41291,40.39214],[-75.4137,40.39198],[-75.41481,40.39296],[-75.41836,40.39342],[-75.41983,40.39147],[-75.4223,40.39023],[-75.42034,40.38769],[-75.41912,40.38715],[-75.41727,40.38316],[-75.4177,40.38224],[-75.41945,40.38154],[-75.42084,40.3798],[-75.42278,40.3751],[-75.42211,40.3703],[-75.42301,40.36743],[-75.42269,40.36641],[-75.42162,40.3654],[-75.42226,40.36356],[-75.42394,40.36295],[-75.42437,40.36201],[-75.42584,40.36135],[-75.42682,40.35943],[-75.42641,40.35711],[-75.4268,40.35554],[-75.42961,40.35432],[-75.43177,40.35158],[-75.43351,40.35107],[-75.43481,40.3499],[-75.43597,40.34953],[-75.43744,40.34603],[-75.43707,40.34264],[-75.43771,40.34126],[-75.43932,40.33955],[-75.44276,40.3379],[-75.44484,40.33774],[-75.44602,40.3362],[-75.45005,40.33377],[-75.45102,40.33189],[-75.45235,40.33058],[-75.45211,40.32958],[-75.4515,40.32935]],[[-75.4672,40.32162],[-75.46906,40.32134],[-75.47311,40.32259],[-75.47726,40.32088]]]}},{"type":"Feature","properties":{"n":"Schoolhouse Run","w":"stream","rank":3},"geometry":{"type":"MultiLineString","coordinates":[[[-75.49358,40.21471],[-75.49256,40.21344],[-75.49136,40.2129],[-75.48641,40.21192],[-75.48238,40.21252],[-75.48139,40.21296],[-75.48016,40.21437],[-75.4772,40.21511],[-75.4752,40.21457],[-75.47313,40.21493],[-75.47262,40.2147],[-75.47102,40.21492],[-75.47049,40.21538],[-75.46732,40.21567],[-75.46655,40.21508],[-75.46645,40.21339],[-75.4655,40.21271],[-75.46443,40.21223],[-75.46262,40.21223],[-75.4611,40.21153],[-75.46031,40.21048],[-75.45951,40.21026],[-75.45914,40.21064],[-75.45754,40.21091],[-75.45686,40.21193],[-75.45567,40.21227],[-75.45457,40.21312],[-75.4523,40.21318],[-75.45024,40.21388]]]}},{"type":"Feature","properties":{"n":"Skippack Creek","w":"stream","rank":3},"geometry":{"type":"MultiLineString","coordinates":[[[-75.30805,40.30172],[-75.30966,40.30024],[-75.30969,40.29945],[-75.31112,40.29848],[-75.31249,40.2965],[-75.31225,40.29533],[-75.31292,40.29447],[-75.3151,40.29409],[-75.32063,40.29398],[-75.32538,40.29414],[-75.32633,40.29446],[-75.33162,40.29322],[-75.3324,40.29186],[-75.33361,40.29146],[-75.33422,40.29019],[-75.33488,40.29031],[-75.33926,40.28806],[-75.34127,40.28787],[-75.34208,40.28813],[-75.3441,40.28764],[-75.34696,40.28422],[-75.34753,40.28127],[-75.34995,40.27922],[-75.34868,40.27731],[-75.3488,40.27517],[-75.3481,40.2737],[-75.34892,40.27163],[-75.35063,40.26999],[-75.35039,40.269],[-75.3522,40.26626],[-75.35216,40.2645],[-75.35271,40.26312],[-75.35448,40.26094],[-75.35424,40.25988],[-75.3553,40.25808],[-75.3556,40.25645],[-75.35525,40.25531],[-75.35622,40.25359],[-75.3565,40.25176],[-75.35895,40.24842],[-75.36059,40.24783],[-75.36137,40.24709],[-75.36175,40.24545],[-75.36308,40.24444],[-75.36375,40.24295],[-75.36545,40.24193],[-75.36671,40.24189],[-75.36805,40.24054],[-75.3691,40.24033],[-75.37055,40.23878],[-75.37196,40.23884],[-75.37313,40.23809],[-75.3736,40.23724],[-75.37506,40.23678],[-75.37731,40.23441],[-75.37861,40.23392],[-75.38003,40.23218],[-75.38094,40.22921],[-75.3818,40.22853],[-75.38161,40.22623],[-75.38076,40.22551],[-75.3809,40.22429],[-75.38293,40.22392],[-75.38285,40.22251],[-75.38462,40.22117],[-75.38579,40.21938],[-75.38938,40.21739],[-75.38945,40.21596],[-75.38989,40.21549],[-75.38964,40.21086],[-75.38872,40.20855],[-75.38738,40.2083],[-75.38714,40.20745],[-75.38852,40.2042],[-75.38741,40.19823],[-75.38895,40.19767],[-75.39448,40.19748],[-75.39631,40.19808],[-75.3973,40.19914],[-75.39861,40.1992],[-75.40041,40.19903],[-75.40199,40.19834],[-75.4042,40.19543],[-75.40442,40.19488],[-75.40386,40.19386],[-75.40625,40.18991],[-75.40902,40.18881],[-75.41302,40.18586],[-75.41502,40.18544],[-75.41977,40.18239],[-75.42181,40.18044],[-75.42203,40.17605],[-75.42629,40.17629],[-75.42821,40.17553],[-75.43042,40.17367],[-75.43088,40.17227],[-75.43073,40.17039],[-75.43181,40.16963],[-75.43163,40.16648],[-75.43111,40.16587],[-75.43174,40.16497],[-75.43637,40.16318],[-75.44121,40.16257],[-75.44212,40.16195],[-75.4403,40.15685],[-75.4421,40.15453],[-75.44472,40.15268],[-75.44741,40.14905]]]}},{"type":"Feature","properties":{"n":"Wissahickon Creek","w":"river","rank":2},"geometry":{"type":"MultiLineString","coordinates":[[[-75.27431,40.22771],[-75.27526,40.22748],[-75.27707,40.22369],[-75.27797,40.223],[-75.28115,40.22178],[-75.28202,40.2211],[-75.28295,40.22118],[-75.28372,40.22047],[-75.28532,40.22026],[-75.28808,40.21812],[-75.28831,40.21717],[-75.2895,40.21666],[-75.28913,40.21614],[-75.29143,40.21549],[-75.29122,40.21441],[-75.29223,40.2137],[-75.29191,40.21191],[-75.29269,40.21171],[-75.29305,40.21111],[-75.29241,40.21044],[-75.29333,40.20885],[-75.29409,40.20875],[-75.29478,40.20773],[-75.29464,40.20688],[-75.29541,40.20669],[-75.29436,40.20603],[-75.29431,40.2055],[-75.29337,40.20559],[-75.29231,40.20481],[-75.29253,40.20382],[-75.29061,40.20231],[-75.2903,40.19973],[-75.28929,40.19919],[-75.2886,40.19809],[-75.28934,40.19684],[-75.28911,40.19588],[-75.2862,40.19387],[-75.28671,40.19254],[-75.28611,40.19228],[-75.2858,40.19109],[-75.28269,40.18917],[-75.2815,40.18759],[-75.27979,40.18657],[-75.27576,40.18666],[-75.27319,40.18767],[-75.27153,40.1879],[-75.26849,40.18796],[-75.26679,40.18754],[-75.26326,40.18911],[-75.26175,40.18862],[-75.26097,40.18719],[-75.25969,40.18708],[-75.25882,40.18766],[-75.25785,40.18763],[-75.25447,40.1863],[-75.2543,40.18516],[-75.25504,40.18372],[-75.25454,40.18221],[-75.25522,40.18139],[-75.25672,40.18093],[-75.25637,40.1795],[-75.25718,40.17891],[-75.258,40.17705],[-75.25723,40.17439],[-75.25581,40.17372],[-75.25578,40.17222],[-75.25512,40.17091],[-75.25319,40.17073],[-75.24962,40.16826],[-75.24828,40.1686],[-75.24425,40.16831],[-75.24446,40.16684],[-75.24551,40.16606],[-75.24584,40.1647],[-75.24501,40.16148],[-75.24443,40.1609],[-75.24346,40.1607],[-75.2432,40.1601],[-75.24109,40.16029],[-75.23975,40.15982],[-75.23655,40.16067],[-75.23318,40.15974],[-75.23252,40.1576],[-75.23079,40.15467],[-75.22981,40.15352],[-75.22814,40.15251],[-75.22849,40.14859],[-75.22706,40.14741],[-75.22482,40.14675],[-75.22214,40.14417],[-75.22099,40.14377],[-75.21994,40.14405],[-75.21877,40.14194],[-75.21645,40.14005],[-75.21721,40.13806],[-75.22086,40.13604],[-75.22212,40.13475],[-75.22281,40.13286],[-75.22167,40.13069],[-75.21947,40.12875],[-75.21868,40.12675],[-75.2189,40.12415],[-75.22125,40.12367],[-75.22144,40.12299],[-75.2209,40.12238],[-75.21847,40.12127],[-75.21797,40.11998],[-75.21647,40.11919],[-75.21762,40.11683],[-75.21769,40.11483],[-75.21964,40.1135],[-75.21878,40.1116],[-75.21652,40.10905],[-75.21706,40.10867],[-75.22072,40.10836],[-75.22172,40.10674],[-75.22476,40.10629],[-75.22549,40.10582],[-75.2259,40.10446],[-75.22753,40.10278],[-75.2323,40.10126],[-75.23081,40.09585],[-75.23141,40.09402],[-75.23111,40.09336],[-75.2329,40.09229],[-75.22764,40.08874],[-75.22328,40.08824],[-75.22386,40.08604],[-75.22638,40.08611],[-75.2269,40.08471],[-75.23079,40.08351],[-75.23124,40.08299],[-75.22801,40.08191],[-75.22626,40.08054],[-75.22306,40.07466],[-75.22309,40.07384],[-75.22549,40.07219],[-75.22563,40.07169],[-75.22106,40.06791],[-75.22034,40.06641],[-75.22114,40.06558],[-75.2233,40.06461],[-75.2235,40.06394],[-75.22234,40.06257],[-75.22154,40.06064],[-75.21799,40.05619],[-75.21713,40.05289],[-75.21464,40.05091],[-75.21351,40.04858],[-75.21164,40.0472],[-75.21218,40.04417],[-75.21021,40.04021],[-75.20887,40.03847],[-75.20687,40.03701],[-75.20552,40.03492],[-75.20358,40.03466],[-75.20183,40.0363],[-75.20105,40.03626],[-75.20014,40.03431],[-75.20019,40.03267],[-75.19809,40.03101],[-75.1982,40.029],[-75.19742,40.02757],[-75.19357,40.02776],[-75.19315,40.02749],[-75.19498,40.02579],[-75.19546,40.02439],[-75.20019,40.02188],[-75.20302,40.01665],[-75.20382,40.01636],[-75.20521,40.01661],[-75.20612,40.0161],[-75.20759,40.01272]]]}},{"type":"Feature","properties":{"n":"Deep Creek","w":"stream","rank":3},"geometry":{"type":"MultiLineString","coordinates":[[[-75.55214,40.34345],[-75.55008,40.34378],[-75.54579,40.34253],[-75.54439,40.34275],[-75.54293,40.34171],[-75.54148,40.34175],[-75.53996,40.34133],[-75.53856,40.34134],[-75.53707,40.34223],[-75.53469,40.34132],[-75.53271,40.34156],[-75.52432,40.33773],[-75.52182,40.33772],[-75.52026,40.33816],[-75.51838,40.33795],[-75.51672,40.33859],[-75.51584,40.33844],[-75.51556,40.33882],[-75.51251,40.33848],[-75.50993,40.33773],[-75.50897,40.33851],[-75.50582,40.33789],[-75.50546,40.3374],[-75.50403,40.33767],[-75.5025,40.33717],[-75.50016,40.33717],[-75.49828,40.33797],[-75.49423,40.3378],[-75.49294,40.33739]]]}},{"type":"Feature","properties":{"n":"Goshenhoppen Creek","w":"stream","rank":3},"geometry":{"type":"MultiLineString","coordinates":[[[-75.51072,40.31176],[-75.5077,40.31122],[-75.50339,40.30772],[-75.50306,40.30707],[-75.50136,40.30649],[-75.50051,40.30512],[-75.49829,40.30366],[-75.49608,40.30118],[-75.4941,40.29986],[-75.49329,40.29825],[-75.49041,40.29584],[-75.48856,40.29503],[-75.48578,40.29288],[-75.48401,40.29033],[-75.48249,40.28902],[-75.4822,40.28766],[-75.48035,40.28576],[-75.47677,40.27941],[-75.4762,40.27815],[-75.47673,40.27654],[-75.47496,40.27568],[-75.47235,40.27589],[-75.47156,40.27562],[-75.47139,40.27211]]]}},{"type":"Feature","properties":{"n":"Indian Creek","w":"stream","rank":3},"geometry":{"type":"MultiLineString","coordinates":[[[-75.39391,40.13902],[-75.39511,40.13178],[-75.39682,40.12863],[-75.39832,40.1278],[-75.39733,40.12596],[-75.39461,40.12503],[-75.39446,40.12406],[-75.39521,40.12211],[-75.39321,40.12118],[-75.39096,40.11791]],[[-75.55349,40.4827],[-75.55202,40.48283],[-75.54895,40.48457],[-75.54798,40.48422],[-75.54726,40.48448],[-75.54562,40.48584],[-75.54434,40.48651],[-75.544,40.48636],[-75.54096,40.48843],[-75.53926,40.48851],[-75.53891,40.48824],[-75.53845,40.48659],[-75.53777,40.48631],[-75.53807,40.48582],[-75.53713,40.48456],[-75.53679,40.48307],[-75.53451,40.48186],[-75.53343,40.48022],[-75.53173,40.47895],[-75.53236,40.47791],[-75.53143,40.47658],[-75.53236,40.47661],[-75.5326,40.4762],[-75.53214,40.47567],[-75.53312,40.4746],[-75.53229,40.47411],[-75.5319,40.47309],[-75.53081,40.47261],[-75.52954,40.47278],[-75.52879,40.47212],[-75.52844,40.47262],[-75.52647,40.47186],[-75.52435,40.47223],[-75.52277,40.47111],[-75.52524,40.46788],[-75.52513,40.46691],[-75.52606,40.46592],[-75.52435,40.46404],[-75.52135,40.46299],[-75.52123,40.46241],[-75.52303,40.46042],[-75.52299,40.45953],[-75.52102,40.45828],[-75.52056,40.4574],[-75.518,40.45513],[-75.51798,40.45396],[-75.51652,40.4514],[-75.51579,40.45109],[-75.5148,40.44963],[-75.51585,40.44631],[-75.5144,40.44497]],[[-75.36244,40.31873],[-75.3639,40.31793],[-75.36643,40.31761],[-75.36848,40.31672],[-75.37161,40.31604],[-75.37308,40.31501],[-75.3735,40.31435],[-75.37267,40.31341],[-75.37279,40.31122],[-75.37427,40.31053],[-75.375,40.30852],[-75.37565,40.30836],[-75.37743,40.30656],[-75.38148,40.30505],[-75.38223,40.3039],[-75.38232,40.30194],[-75.38327,40.30095],[-75.38327,40.3004],[-75.38521,40.29916],[-75.38684,40.29718],[-75.38884,40.29717],[-75.39455,40.29841],[-75.39643,40.29803],[-75.40018,40.29894],[-75.4018,40.29848],[-75.40338,40.29368],[-75.40536,40.29041],[-75.406,40.28846],[-75.40917,40.28618],[-75.41041,40.28479],[-75.41188,40.28144]],[[-75.3315,40.3257],[-75.33258,40.32492],[-75.33416,40.32515],[-75.33956,40.32364],[-75.34056,40.32306],[-75.34289,40.32289],[-75.34589,40.32164],[-75.34894,40.32141],[-75.35097,40.32088],[-75.35261,40.32111],[-75.35457,40.32028]],[[-75.25708,39.97313],[-75.25764,39.97143],[-75.25994,39.97077],[-75.26006,39.96929],[-75.26081,39.96879],[-75.26113,39.96767],[-75.26045,39.96627]]]}},{"type":"Feature","properties":{"n":"Hosensack Creek","w":"stream","rank":3},"geometry":{"type":"MultiLineString","coordinates":[[[-75.46433,40.48249],[-75.46661,40.4809],[-75.46801,40.47877],[-75.46784,40.47692],[-75.46687,40.4757],[-75.4672,40.4739],[-75.46767,40.47357],[-75.46723,40.47331],[-75.46759,40.47215],[-75.4664,40.47051],[-75.46583,40.46872],[-75.46644,40.46837],[-75.46781,40.46608],[-75.47022,40.46525],[-75.47098,40.46391],[-75.47213,40.46351],[-75.47216,40.46313],[-75.47561,40.46174],[-75.47787,40.46139],[-75.47915,40.46016],[-75.48009,40.46036],[-75.48159,40.45874],[-75.48256,40.45857],[-75.48273,40.45791],[-75.48305,40.45808],[-75.48364,40.45758],[-75.48559,40.45722],[-75.48717,40.4576],[-75.48879,40.45646],[-75.48987,40.4562],[-75.49047,40.45644],[-75.49307,40.45555],[-75.49353,40.45578],[-75.4968,40.45533],[-75.49719,40.45563],[-75.49937,40.45397],[-75.50017,40.45415],[-75.5011,40.45367],[-75.50381,40.45365],[-75.50476,40.45286],[-75.50466,40.45229],[-75.50624,40.45135],[-75.5072,40.45146],[-75.50786,40.45086],[-75.5086,40.45106],[-75.50959,40.45079],[-75.50898,40.45002],[-75.51021,40.44947],[-75.51078,40.44819],[-75.51041,40.44777],[-75.51063,40.44726],[-75.51094,40.44733],[-75.51127,40.44638],[-75.51256,40.44556],[-75.5148,40.44485],[-75.5156,40.44419],[-75.51586,40.44384],[-75.51541,40.44322],[-75.51653,40.44223],[-75.51763,40.4395],[-75.51622,40.4381],[-75.51594,40.43759],[-75.51627,40.43712],[-75.5149,40.43544],[-75.51547,40.43422],[-75.51716,40.43263],[-75.52201,40.43025],[-75.52524,40.42706],[-75.5255,40.42584],[-75.52633,40.42574],[-75.52614,40.42504],[-75.52665,40.42436]],[[-75.45925,40.48786],[-75.46052,40.48616],[-75.46309,40.48392]]]}},{"type":"Feature","properties":{"n":"Mingo Creek","w":"stream","rank":3},"geometry":{"type":"MultiLineString","coordinates":[[[-75.53005,40.1995],[-75.52961,40.19822],[-75.52731,40.19712],[-75.52325,40.19641],[-75.52149,40.19645],[-75.52006,40.19567],[-75.52008,40.19245],[-75.51933,40.1917],[-75.51888,40.18942],[-75.51961,40.18841],[-75.5189,40.18615],[-75.51935,40.18525],[-75.51902,40.18391],[-75.51839,40.18351],[-75.51852,40.18113],[-75.52237,40.17738],[-75.52232,40.17628],[-75.52368,40.17431],[-75.524,40.17249],[-75.52655,40.16957],[-75.5276,40.16888],[-75.52762,40.16792],[-75.52863,40.16732]],[[-75.50381,40.21534],[-75.5054,40.21459],[-75.50758,40.21207],[-75.51256,40.21035],[-75.51495,40.2106],[-75.51636,40.20879],[-75.51819,40.2088],[-75.51894,40.20826],[-75.51958,40.20832],[-75.5228,40.20643]],[[-75.24943,39.89192],[-75.24563,39.89619],[-75.24142,39.89403],[-75.2399,39.89552]]]}},{"type":"Feature","properties":{"n":"Perkiomen Creek","w":"stream","rank":3},"geometry":{"type":"MultiLineString","coordinates":[[[-75.59571,40.44682],[-75.59724,40.44704],[-75.59971,40.44822],[-75.60058,40.45059],[-75.59984,40.45272],[-75.59634,40.45325],[-75.59141,40.4549],[-75.58819,40.45756],[-75.58522,40.45794],[-75.58456,40.45982],[-75.58297,40.46129],[-75.58172,40.46358],[-75.58084,40.46355],[-75.57848,40.46444],[-75.57712,40.46564],[-75.57719,40.46607],[-75.57435,40.46697],[-75.57198,40.46887],[-75.56967,40.46965],[-75.56702,40.46983],[-75.56329,40.47082],[-75.55928,40.47134],[-75.55779,40.47194],[-75.55226,40.4708],[-75.55024,40.47097],[-75.54857,40.4703],[-75.54801,40.46803],[-75.54745,40.46762],[-75.5475,40.4658],[-75.55086,40.46357],[-75.55089,40.46243],[-75.55156,40.46152],[-75.55099,40.46033],[-75.54983,40.46012],[-75.54938,40.45891],[-75.54997,40.45869],[-75.551,40.45712],[-75.55025,40.45531],[-75.55216,40.45289],[-75.55311,40.45238],[-75.55505,40.44958],[-75.55558,40.44771],[-75.55508,40.4471],[-75.55513,40.44535],[-75.55452,40.44478],[-75.55476,40.44425],[-75.55571,40.4439],[-75.55614,40.443],[-75.55486,40.44091],[-75.5551,40.43883],[-75.55598,40.43813],[-75.55587,40.43772],[-75.55425,40.43608],[-75.55091,40.43565],[-75.55032,40.4346],[-75.55089,40.43306],[-75.5507,40.43238],[-75.54938,40.43106],[-75.54945,40.43012],[-75.55015,40.42989],[-75.55037,40.42904],[-75.5512,40.42876],[-75.55076,40.42744],[-75.55188,40.4266],[-75.55322,40.4263],[-75.55309,40.4254],[-75.5524,40.42442],[-75.54995,40.42304],[-75.5491,40.42287],[-75.54759,40.42333],[-75.5471,40.42296],[-75.54657,40.42344],[-75.54566,40.4231],[-75.54397,40.42357],[-75.54442,40.42413],[-75.5432,40.42483],[-75.54219,40.42443],[-75.53892,40.42583],[-75.53831,40.4275],[-75.53715,40.428],[-75.53271,40.42512],[-75.5295,40.42478],[-75.52801,40.42499],[-75.52665,40.42436],[-75.52632,40.42332],[-75.52392,40.42228],[-75.52349,40.42115],[-75.52406,40.41933],[-75.52389,40.41445],[-75.52212,40.41255],[-75.52278,40.40782],[-75.52232,40.4058],[-75.52377,40.40357],[-75.52404,40.40228],[-75.52301,40.39733],[-75.52101,40.39563],[-75.51362,40.3933],[-75.51101,40.39214],[-75.51098,40.38907],[-75.5127,40.38629]],[[-75.45631,40.15936],[-75.45709,40.15921],[-75.4573,40.15851],[-75.45725,40.15634],[-75.45697,40.15467],[-75.45594,40.15352]],[[-75.44833,40.21418],[-75.44858,40.21526],[-75.4492,40.21553],[-75.44798,40.21345],[-75.44772,40.21212],[-75.44812,40.21151],[-75.44931,40.21168]],[[-75.47922,40.34159],[-75.47741,40.34026],[-75.47423,40.33946],[-75.47336,40.33862],[-75.47358,40.3381],[-75.47581,40.33767],[-75.47629,40.33725],[-75.47944,40.33722],[-75.48077,40.33683],[-75.48184,40.3362],[-75.4824,40.33522],[-75.48237,40.33405],[-75.48083,40.33261],[-75.4805,40.33036],[-75.47909,40.32714],[-75.47813,40.32621],[-75.47861,40.3253],[-75.48118,40.32422],[-75.48049,40.32298],[-75.48163,40.32348],[-75.48175,40.32472],[-75.47972,40.32541],[-75.4787,40.32525]],[[-75.45827,40.17132],[-75.46135,40.17094],[-75.46326,40.16886],[-75.46319,40.16721],[-75.46252,40.16657],[-75.46162,40.16639]]]}},{"type":"Feature","properties":{"n":"French Creek","w":"river","rank":2},"geometry":{"type":"MultiLineString","coordinates":[[[-75.69698,40.17125],[-75.69719,40.17063],[-75.69645,40.17019],[-75.69218,40.17169],[-75.69069,40.17087],[-75.68925,40.17227],[-75.68837,40.17238],[-75.68745,40.17205],[-75.68658,40.17057],[-75.68673,40.16969],[-75.68603,40.16867],[-75.68504,40.16818],[-75.68053,40.16736],[-75.6782,40.16788],[-75.67718,40.16726],[-75.6752,40.16708],[-75.67344,40.16711],[-75.67136,40.16774],[-75.66937,40.16611],[-75.66922,40.1649],[-75.67005,40.16412],[-75.67003,40.16342],[-75.66834,40.16206],[-75.6666,40.15875],[-75.66163,40.1586],[-75.66005,40.15672],[-75.65669,40.15569],[-75.65572,40.15595],[-75.65559,40.15697],[-75.653,40.15834],[-75.65114,40.15781],[-75.6502,40.15588],[-75.64926,40.15508],[-75.64629,40.15498],[-75.64114,40.15557],[-75.64013,40.15495],[-75.63554,40.15361],[-75.63313,40.15321],[-75.63203,40.15373],[-75.62847,40.15107],[-75.6264,40.15085],[-75.62461,40.15122],[-75.62321,40.15108],[-75.62111,40.15225],[-75.62002,40.15108],[-75.62075,40.1479],[-75.61973,40.14692],[-75.61849,40.14459],[-75.61551,40.14297],[-75.6144,40.14339],[-75.61249,40.1434],[-75.61014,40.14477],[-75.60863,40.14502],[-75.6066,40.14701],[-75.60542,40.14753],[-75.60481,40.1487],[-75.60394,40.14932],[-75.60362,40.15073],[-75.60209,40.15136],[-75.60003,40.15304],[-75.59698,40.15161],[-75.59565,40.15162],[-75.5944,40.15107],[-75.59535,40.1473],[-75.59343,40.14369],[-75.59256,40.14299],[-75.59086,40.14248],[-75.5869,40.1426],[-75.5844,40.13962],[-75.58081,40.13785],[-75.57711,40.13787],[-75.57581,40.13826],[-75.57631,40.14088],[-75.57558,40.14159],[-75.57459,40.14175],[-75.57373,40.14284],[-75.57302,40.14293],[-75.5722,40.14228],[-75.56755,40.14089],[-75.56503,40.13565],[-75.56227,40.13311],[-75.55862,40.13354],[-75.55741,40.13463],[-75.5569,40.13563],[-75.55766,40.13664],[-75.55766,40.13888],[-75.55615,40.13964],[-75.55301,40.13838],[-75.55148,40.13669],[-75.55023,40.13598],[-75.54923,40.13423],[-75.54676,40.13368],[-75.54299,40.13405],[-75.54212,40.1338],[-75.54077,40.13486],[-75.53946,40.13475],[-75.53823,40.13524],[-75.53592,40.13453],[-75.53446,40.13503],[-75.53067,40.13549],[-75.53066,40.13655],[-75.52968,40.13806],[-75.52828,40.13775],[-75.52766,40.13723],[-75.52619,40.13346],[-75.52506,40.13226],[-75.52313,40.13258],[-75.52042,40.13434],[-75.517,40.13591],[-75.51548,40.1357],[-75.51359,40.13488],[-75.51168,40.13593],[-75.51032,40.13618]]]}},{"type":"Feature","properties":{"n":"Swamp Creek","w":"stream","rank":3},"geometry":{"type":"MultiLineString","coordinates":[[[-75.54751,40.27881],[-75.54512,40.27719],[-75.54091,40.27676],[-75.53851,40.27594],[-75.53248,40.27548],[-75.52945,40.2743],[-75.52655,40.27423],[-75.52364,40.27308],[-75.51948,40.27247],[-75.51796,40.27281],[-75.51248,40.2723],[-75.51161,40.27278],[-75.50939,40.27315],[-75.50715,40.27274],[-75.50456,40.27296],[-75.50068,40.2726],[-75.49238,40.27399],[-75.48937,40.27566],[-75.48694,40.27575],[-75.4821,40.27235],[-75.47645,40.27193],[-75.47362,40.27255],[-75.47076,40.27192],[-75.46752,40.2689],[-75.46559,40.26788]],[[-75.64419,40.40722],[-75.64404,40.40642],[-75.64191,40.40454],[-75.64104,40.40422],[-75.64144,40.40392],[-75.64046,40.40273],[-75.64023,40.40127],[-75.63745,40.40019],[-75.63723,40.39959],[-75.63587,40.39868],[-75.63648,40.39775],[-75.63649,40.39607],[-75.63744,40.39584],[-75.63837,40.39449],[-75.63923,40.39179],[-75.63749,40.38982],[-75.63781,40.38832],[-75.6373,40.38788],[-75.63683,40.38532],[-75.63539,40.38443],[-75.63484,40.38184],[-75.6326,40.3799],[-75.63337,40.37891],[-75.63294,40.37823],[-75.63391,40.37743],[-75.6341,40.37625],[-75.63284,40.3756],[-75.63083,40.37346],[-75.62955,40.37287],[-75.62867,40.37141],[-75.62763,40.37101],[-75.62709,40.36982],[-75.62524,40.36825],[-75.62739,40.36565],[-75.62632,40.36519],[-75.62668,40.36207],[-75.62576,40.36106],[-75.62646,40.35896],[-75.6256,40.3576],[-75.62586,40.35677],[-75.62502,40.35666],[-75.62431,40.35512],[-75.62326,40.35503],[-75.62278,40.35394],[-75.62109,40.35243],[-75.62101,40.35118],[-75.61907,40.35013],[-75.61764,40.34805],[-75.61549,40.34697],[-75.6163,40.34509],[-75.61605,40.34447],[-75.6171,40.34331],[-75.6166,40.34212],[-75.61534,40.34172],[-75.61519,40.34083],[-75.61393,40.3399],[-75.61297,40.33824],[-75.61296,40.33592],[-75.61252,40.33595],[-75.61222,40.33492],[-75.61161,40.33454],[-75.61173,40.33395],[-75.61094,40.33284],[-75.61126,40.33184],[-75.6106,40.33153],[-75.60924,40.32922],[-75.60911,40.32713],[-75.60809,40.32655],[-75.6068,40.32645],[-75.60586,40.32569],[-75.60607,40.32491],[-75.60486,40.32299],[-75.60371,40.32332],[-75.60263,40.32275],[-75.60077,40.32261],[-75.60069,40.32117],[-75.59932,40.32065],[-75.59852,40.31968],[-75.59367,40.31877],[-75.59339,40.31837],[-75.59246,40.3186],[-75.59154,40.31795],[-75.59157,40.31755],[-75.59041,40.31754],[-75.59033,40.31816],[-75.58893,40.31822],[-75.58816,40.31735],[-75.58659,40.31655],[-75.58524,40.31717],[-75.58191,40.31581],[-75.58018,40.31606],[-75.57964,40.31654],[-75.57897,40.31842],[-75.57962,40.31984],[-75.57935,40.32038],[-75.57812,40.3203],[-75.57778,40.32071],[-75.5766,40.32092],[-75.57586,40.32076],[-75.57326,40.32212],[-75.56935,40.32321],[-75.56893,40.32253],[-75.56911,40.32156],[-75.56815,40.32131],[-75.56818,40.31965],[-75.5675,40.31842],[-75.56757,40.31353],[-75.56847,40.3124],[-75.56823,40.31181],[-75.56757,40.31172],[-75.5683,40.31084],[-75.56792,40.30817],[-75.56631,40.30639],[-75.56622,40.30575],[-75.56104,40.30091],[-75.5606,40.29697],[-75.55998,40.29653],[-75.55627,40.29619],[-75.5535,40.29529],[-75.55255,40.29369],[-75.55384,40.2921],[-75.55379,40.29041],[-75.55137,40.28952],[-75.55013,40.28949],[-75.54942,40.28995]],[[-75.64259,40.35337],[-75.64052,40.35312],[-75.63979,40.35335],[-75.63874,40.35302],[-75.63724,40.35429],[-75.63588,40.3545],[-75.63529,40.35494],[-75.63453,40.35467],[-75.63364,40.35493],[-75.63012,40.35379],[-75.62782,40.35346],[-75.625,40.35148]],[[-75.62463,40.35139],[-75.6225,40.35047],[-75.62101,40.35118]],[[-75.10686,40.53821],[-75.106,40.5369],[-75.10604,40.53485],[-75.10533,40.53365],[-75.1054,40.53308],[-75.10681,40.53199],[-75.10646,40.53144],[-75.10413,40.53085],[-75.10316,40.52994],[-75.10264,40.52782],[-75.10287,40.52529],[-75.10187,40.52424],[-75.10134,40.52421],[-75.10128,40.52306],[-75.10095,40.52334],[-75.09958,40.52203],[-75.09963,40.5208],[-75.09831,40.51824],[-75.09484,40.51748],[-75.08977,40.51829],[-75.08748,40.51802],[-75.08631,40.51762],[-75.08587,40.51687],[-75.08114,40.51596],[-75.07965,40.51447],[-75.08057,40.51368],[-75.07966,40.51148],[-75.08106,40.51019],[-75.08138,40.50924],[-75.07951,40.5068],[-75.08021,40.50554],[-75.07993,40.50349],[-75.07917,40.50311],[-75.07641,40.50337],[-75.07477,40.50304],[-75.07425,40.50247],[-75.07314,40.50307],[-75.0738,40.50438],[-75.07309,40.50389]],[[-75.09645,40.50821],[-75.09162,40.50847],[-75.08875,40.50756],[-75.08573,40.50502],[-75.08333,40.50519],[-75.08019,40.50418]]]}},{"type":"Feature","properties":{"n":"Plymouth Creek","w":"stream","rank":3},"geometry":{"type":"MultiLineString","coordinates":[[[-75.2569,40.12211],[-75.26142,40.11917],[-75.26332,40.11907],[-75.26456,40.11849],[-75.26558,40.11711],[-75.26733,40.11624],[-75.26773,40.11533],[-75.27383,40.114],[-75.27598,40.1141],[-75.27833,40.11054],[-75.2784,40.10958],[-75.27732,40.1085],[-75.27853,40.10655],[-75.28305,40.10526],[-75.2873,40.1051],[-75.28944,40.10454],[-75.29552,40.09989],[-75.29933,40.10036],[-75.30172,40.0979],[-75.30917,40.09286],[-75.31163,40.09179],[-75.31076,40.08586],[-75.31156,40.08297],[-75.3117,40.08042],[-75.31272,40.07852],[-75.31244,40.07561],[-75.31187,40.07447],[-75.31313,40.07282]]]}},{"type":"Feature","properties":{"n":"Shady Brook Run","w":"stream","rank":3},"geometry":{"type":"MultiLineString","coordinates":[[[-75.42101,40.20913],[-75.41695,40.20639],[-75.41686,40.2052],[-75.41396,40.20236],[-75.4141,40.20069],[-75.41296,40.1971],[-75.41339,40.19412],[-75.41222,40.19234],[-75.41305,40.19034],[-75.41269,40.1898],[-75.41446,40.18801],[-75.41473,40.18553]]]}},{"type":"Feature","properties":{"n":"Perkiomen Creek","w":"river","rank":2},"geometry":{"type":"MultiLineString","coordinates":[[[-75.48049,40.32298],[-75.47726,40.32088],[-75.47716,40.31973],[-75.47779,40.31902],[-75.47555,40.31499],[-75.47368,40.31459],[-75.47279,40.31491],[-75.46994,40.31424],[-75.46752,40.31409],[-75.46589,40.31246],[-75.46625,40.30795],[-75.46692,40.30575],[-75.46617,40.3024],[-75.46515,40.30218],[-75.46315,40.30335],[-75.46015,40.30386],[-75.45843,40.3039],[-75.4573,40.30323],[-75.45616,40.30003],[-75.45723,40.29654],[-75.45602,40.29265],[-75.45633,40.29118],[-75.45486,40.28682],[-75.45495,40.28516],[-75.45638,40.28064],[-75.45411,40.2766],[-75.4546,40.27505],[-75.45855,40.27143],[-75.46282,40.2699],[-75.46478,40.26883],[-75.46559,40.26788],[-75.46501,40.26585],[-75.46436,40.26573],[-75.46394,40.26514],[-75.46217,40.26098],[-75.46221,40.26033],[-75.46331,40.25948],[-75.46345,40.25888],[-75.46129,40.25429],[-75.46158,40.25208],[-75.45776,40.2495],[-75.45677,40.24817],[-75.4541,40.24204],[-75.45167,40.23888],[-75.45262,40.23387],[-75.45196,40.23061],[-75.4528,40.22513],[-75.4495,40.21582],[-75.45041,40.21421],[-75.44966,40.21346],[-75.4493,40.21183],[-75.45037,40.20792],[-75.45052,40.20498],[-75.44968,40.20298],[-75.45005,40.19993],[-75.45082,40.19814],[-75.45075,40.19455],[-75.44907,40.19042],[-75.44733,40.1822],[-75.44812,40.17788],[-75.45023,40.1738],[-75.45348,40.17185],[-75.45827,40.17132],[-75.46157,40.16862],[-75.46231,40.16749],[-75.46162,40.16639],[-75.45622,40.16547],[-75.45494,40.16456],[-75.45631,40.15954],[-75.45615,40.15477],[-75.45555,40.15153],[-75.45391,40.15018],[-75.44799,40.14938],[-75.44552,40.1476],[-75.44489,40.14641],[-75.44419,40.14226],[-75.44188,40.13714],[-75.44217,40.1353],[-75.4433,40.13418],[-75.44414,40.13244],[-75.4447,40.125],[-75.44706,40.12246],[-75.44973,40.12061],[-75.45341,40.11932],[-75.45638,40.11909],[-75.46242,40.11955]]]}},{"type":"Feature","properties":{"n":"Stony Run","w":"stream","rank":3},"geometry":{"type":"MultiLineString","coordinates":[[[-75.60934,40.17531],[-75.60662,40.17436],[-75.60556,40.17537],[-75.6054,40.17622],[-75.60279,40.17758],[-75.59948,40.1756],[-75.5936,40.17513],[-75.59147,40.17455],[-75.59101,40.17294],[-75.58975,40.17166],[-75.58819,40.17097],[-75.58665,40.17108],[-75.58326,40.17033],[-75.58325,40.17076],[-75.58166,40.17048],[-75.57991,40.17099],[-75.57873,40.17034],[-75.57792,40.16902],[-75.5741,40.16896],[-75.5718,40.16982],[-75.57009,40.16997],[-75.5682,40.16777],[-75.5671,40.16712],[-75.56543,40.16698],[-75.56493,40.16696],[-75.56372,40.16783],[-75.56286,40.16894],[-75.56112,40.16969],[-75.56061,40.16873],[-75.55923,40.16845],[-75.5587,40.1679],[-75.55513,40.1674],[-75.55437,40.16766],[-75.55074,40.16692],[-75.54889,40.16727],[-75.54834,40.16677],[-75.54852,40.16577],[-75.548,40.16479],[-75.54702,40.16464],[-75.54594,40.16496],[-75.54427,40.16607],[-75.5439,40.16566],[-75.54276,40.16578],[-75.54202,40.16536],[-75.54233,40.16414],[-75.54143,40.16194],[-75.54097,40.1614],[-75.53902,40.16091],[-75.5383,40.16007],[-75.53827,40.15921],[-75.53961,40.15742],[-75.53929,40.15615],[-75.53802,40.15504],[-75.53544,40.15373],[-75.53546,40.15268],[-75.53476,40.15154],[-75.53348,40.15059],[-75.53211,40.15024],[-75.53123,40.14909],[-75.53026,40.1487],[-75.5297,40.14899],[-75.52903,40.14869],[-75.52607,40.14879]],[[-75.46318,40.42058],[-75.46536,40.41833],[-75.46566,40.41694],[-75.46662,40.41559],[-75.46618,40.41375],[-75.46667,40.4121],[-75.46639,40.40999],[-75.46491,40.40751],[-75.4646,40.40427],[-75.46559,40.40013],[-75.46616,40.39896],[-75.4677,40.39771],[-75.46752,40.39541],[-75.4666,40.39422],[-75.46738,40.38907],[-75.46864,40.38651],[-75.46788,40.38481],[-75.46849,40.38295],[-75.46807,40.38101],[-75.46908,40.37899],[-75.47121,40.37846]]]}},{"type":"Feature","properties":{"n":"Pickering Creek","w":"river","rank":2},"geometry":{"type":"MultiLineString","coordinates":[[[-75.59945,40.10473],[-75.59848,40.10627],[-75.59644,40.1081],[-75.59259,40.10663],[-75.58814,40.10673],[-75.58628,40.10731],[-75.58378,40.10523],[-75.5829,40.10517],[-75.58275,40.1056],[-75.58218,40.10545],[-75.58108,40.10429],[-75.57947,40.10341],[-75.57701,40.10294],[-75.57584,40.10336],[-75.57513,40.10413],[-75.57307,40.10399],[-75.57272,40.10285],[-75.56944,40.09945],[-75.56864,40.09936],[-75.56412,40.1009],[-75.56163,40.10109],[-75.55933,40.09981],[-75.55907,40.09865],[-75.55728,40.09817]],[[-75.5553,40.09984],[-75.55432,40.10064],[-75.5504,40.1022],[-75.5494,40.10197],[-75.54925,40.10102],[-75.54819,40.10069],[-75.54682,40.10144],[-75.5448,40.10132],[-75.54287,40.10073],[-75.54166,40.10157],[-75.53697,40.10213],[-75.53527,40.10129],[-75.53422,40.10163],[-75.53285,40.10304],[-75.5304,40.10411],[-75.52708,40.11088],[-75.52651,40.11125],[-75.52401,40.11007],[-75.52326,40.10873],[-75.52183,40.10799],[-75.5196,40.10803],[-75.51759,40.10904],[-75.51468,40.1088],[-75.51284,40.1095],[-75.50851,40.10933],[-75.50581,40.1098],[-75.5023,40.11242],[-75.50079,40.11211],[-75.49863,40.11022],[-75.49657,40.11042],[-75.49428,40.11257],[-75.49349,40.11406],[-75.49348,40.11778],[-75.49285,40.12119],[-75.49218,40.12189],[-75.49249,40.12379],[-75.4918,40.12541]],[[-75.68866,40.08737],[-75.68905,40.08666],[-75.68797,40.08494],[-75.68629,40.08324],[-75.68439,40.08231]]]}},{"type":"Feature","properties":{"n":"Anderson Brook","w":"stream","rank":3},"geometry":{"type":"MultiLineString","coordinates":[[[-75.49627,40.09151],[-75.49677,40.09363],[-75.49371,40.09658],[-75.49268,40.09922],[-75.49287,40.10063],[-75.49387,40.10256],[-75.49636,40.10383],[-75.5,40.10392]]]}},{"type":"Feature","properties":{"n":"West Branch Perkiomen Creek","w":"stream","rank":3},"geometry":{"type":"MultiLineString","coordinates":[[[-75.61463,40.45461],[-75.61661,40.45318],[-75.61692,40.45204],[-75.61843,40.45045],[-75.61837,40.44975],[-75.61982,40.4494],[-75.62077,40.4485],[-75.6216,40.44599],[-75.62397,40.44525],[-75.6268,40.44099],[-75.62575,40.4393],[-75.62431,40.43827],[-75.62372,40.43704],[-75.62372,40.43667],[-75.62485,40.43635],[-75.62443,40.4355],[-75.62566,40.43341],[-75.62531,40.43184],[-75.62572,40.43056],[-75.62426,40.42899],[-75.62308,40.42674],[-75.62116,40.42666],[-75.61853,40.42741],[-75.61777,40.42701],[-75.61711,40.42583],[-75.61722,40.42526],[-75.61861,40.42413],[-75.61893,40.4231],[-75.61824,40.42242],[-75.61628,40.42244],[-75.61592,40.42159],[-75.61758,40.42051],[-75.61835,40.41855],[-75.61772,40.41837],[-75.61749,40.4177],[-75.61635,40.41681],[-75.61674,40.41542],[-75.61501,40.41419],[-75.61578,40.41334],[-75.61505,40.41071],[-75.61641,40.40945],[-75.61658,40.40806],[-75.61638,40.40769],[-75.61415,40.40749],[-75.61446,40.40634],[-75.61341,40.40503],[-75.61333,40.40386],[-75.61209,40.40164],[-75.61279,40.40021],[-75.61206,40.39906],[-75.61329,40.39753],[-75.61285,40.39688],[-75.61018,40.39578],[-75.60838,40.39616],[-75.60542,40.39551],[-75.6039,40.39375],[-75.60366,40.3925],[-75.60197,40.39049],[-75.60035,40.38969],[-75.60014,40.38875],[-75.59831,40.38767],[-75.59563,40.38683],[-75.59433,40.38573],[-75.5909,40.38578],[-75.58963,40.38526],[-75.58598,40.38557],[-75.58434,40.38625],[-75.58402,40.38587],[-75.5847,40.38517],[-75.58501,40.38347],[-75.58252,40.3829],[-75.58115,40.38289],[-75.57889,40.38446],[-75.57633,40.3855],[-75.57426,40.38846],[-75.57064,40.38514],[-75.56906,40.38497],[-75.56745,40.38612],[-75.56631,40.38949],[-75.56547,40.39032],[-75.56465,40.3906],[-75.56042,40.3904],[-75.55867,40.3907],[-75.55743,40.38963],[-75.5559,40.3895],[-75.55545,40.38797],[-75.55224,40.38836],[-75.55127,40.38742],[-75.54764,40.38665],[-75.54426,40.3843],[-75.54141,40.38346],[-75.5407,40.38408],[-75.53974,40.38383],[-75.53933,40.38441],[-75.53847,40.38433],[-75.53635,40.38261],[-75.53611,40.37929],[-75.5349,40.37729],[-75.53103,40.3772],[-75.52937,40.37605],[-75.52956,40.37509],[-75.53097,40.37413],[-75.53088,40.37341],[-75.53026,40.37292],[-75.52491,40.3708],[-75.52445,40.37103],[-75.52483,40.37155],[-75.52427,40.37243],[-75.52194,40.37438],[-75.52021,40.37502],[-75.51904,40.37458],[-75.51823,40.37349]],[[-75.62092,40.4654],[-75.61823,40.46392],[-75.61642,40.4615],[-75.61451,40.4611],[-75.61393,40.46055],[-75.61472,40.45903],[-75.61522,40.45601],[-75.61609,40.45533],[-75.61596,40.45478],[-75.61676,40.45398],[-75.61661,40.45318]]]}},{"type":"Feature","properties":{"n":"Mine Run","w":"stream","rank":3},"geometry":{"type":"MultiLineString","coordinates":[[[-75.53065,40.24464],[-75.52907,40.24737],[-75.52569,40.24896],[-75.5249,40.24895],[-75.52243,40.2476],[-75.51806,40.24753],[-75.51796,40.24783],[-75.51606,40.24787],[-75.51401,40.24843],[-75.51164,40.24945],[-75.50908,40.24926],[-75.50699,40.24968],[-75.50626,40.25028],[-75.50303,40.25113],[-75.50153,40.2526],[-75.50009,40.25275],[-75.49757,40.25237],[-75.49464,40.253],[-75.48331,40.25386],[-75.48145,40.25472],[-75.4808,40.25675],[-75.47788,40.25699],[-75.47525,40.25847],[-75.47242,40.25839],[-75.46516,40.25967],[-75.46344,40.25928]],[[-75.39947,40.14924],[-75.39981,40.14859],[-75.40429,40.1468],[-75.40653,40.14517],[-75.40828,40.14306],[-75.41201,40.14017],[-75.41241,40.13761],[-75.41424,40.136],[-75.41568,40.13537],[-75.41638,40.1343],[-75.41794,40.1343],[-75.41797,40.13459],[-75.4199,40.13497],[-75.42121,40.13504],[-75.42181,40.13468],[-75.4241,40.13535],[-75.42512,40.13485],[-75.42524,40.13377],[-75.4317,40.13321],[-75.43241,40.13243],[-75.4365,40.13231],[-75.4371,40.13172],[-75.43801,40.13172],[-75.43878,40.13125],[-75.44066,40.13102],[-75.44128,40.13157],[-75.44216,40.13159],[-75.44293,40.131],[-75.44266,40.12958],[-75.44325,40.12674],[-75.44449,40.12562]],[[-75.78257,40.16831],[-75.78139,40.16874],[-75.78048,40.16853],[-75.77903,40.16902],[-75.77771,40.16878],[-75.77221,40.16967],[-75.77105,40.17033],[-75.76712,40.17094],[-75.76175,40.17448],[-75.75849,40.17502],[-75.75758,40.17463],[-75.75755,40.17521],[-75.75647,40.17536],[-75.75558,40.17642],[-75.75366,40.17712],[-75.74964,40.17668]]]}},{"type":"Feature","properties":{"n":"Valley Green Run","w":"stream","rank":3},"geometry":{"type":"MultiLineString","coordinates":[[[-75.21064,40.05941],[-75.21196,40.05949],[-75.21388,40.05688],[-75.21507,40.05625],[-75.21652,40.05628],[-75.2178,40.05545]]]}},{"type":"Feature","properties":{"n":"Hartenstine Creek","w":"stream","rank":3},"geometry":{"type":"MultiLineString","coordinates":[[[-75.53589,40.25886],[-75.53602,40.25492],[-75.53539,40.25191],[-75.53643,40.24996],[-75.53761,40.24925],[-75.54351,40.2485],[-75.54578,40.24854],[-75.54702,40.24784],[-75.55002,40.24723],[-75.55461,40.24693],[-75.55715,40.24721],[-75.55815,40.24687],[-75.55971,40.24706],[-75.56076,40.24666],[-75.56247,40.24699],[-75.56377,40.24677],[-75.5663,40.24752],[-75.56825,40.24751],[-75.56903,40.24795],[-75.57063,40.24777],[-75.57814,40.24868],[-75.57923,40.24943],[-75.58032,40.24934]]]}},{"type":"Feature","properties":{"n":"Towamencin Creek","w":"stream","rank":3},"geometry":{"type":"MultiLineString","coordinates":[[[-75.28714,40.22758],[-75.28865,40.22743],[-75.28928,40.22793],[-75.29,40.22757],[-75.29055,40.22817],[-75.29196,40.22851],[-75.29351,40.22814],[-75.29484,40.2294],[-75.29649,40.22969],[-75.29915,40.22952],[-75.30232,40.23003],[-75.30744,40.23003],[-75.31019,40.22953],[-75.31091,40.22895],[-75.31663,40.22713],[-75.31889,40.22712],[-75.32409,40.22523],[-75.32724,40.22487],[-75.33023,40.22532],[-75.33342,40.22401],[-75.33467,40.22408],[-75.33556,40.22341],[-75.33679,40.22335],[-75.33799,40.22406],[-75.34305,40.22503],[-75.34737,40.22698],[-75.34858,40.22801],[-75.35058,40.22825],[-75.35159,40.22922]],[[-75.35768,40.22948],[-75.35874,40.22888],[-75.36481,40.22889],[-75.36581,40.22938],[-75.36658,40.22895],[-75.3677,40.22892],[-75.37312,40.22577],[-75.37361,40.22605],[-75.37495,40.22521],[-75.37655,40.2251],[-75.37721,40.22392],[-75.3789,40.22436],[-75.38069,40.22288],[-75.38189,40.22307],[-75.38281,40.22265]]]}},{"type":"Feature","properties":{"n":"Sprogels Run","w":"stream","rank":3},"geometry":{"type":"MultiLineString","coordinates":[[[-75.64212,40.29616],[-75.6373,40.29395],[-75.63569,40.29185],[-75.63409,40.29115],[-75.63332,40.29167],[-75.63201,40.29093],[-75.63134,40.29041],[-75.63143,40.28983],[-75.63063,40.28944],[-75.63057,40.28871],[-75.62949,40.28851],[-75.62857,40.28661],[-75.62721,40.28613],[-75.62617,40.28413],[-75.62487,40.28412],[-75.62406,40.28353],[-75.62278,40.27892],[-75.62328,40.27769],[-75.62514,40.27653],[-75.6249,40.27518],[-75.62642,40.27018],[-75.62574,40.26952],[-75.62674,40.26875],[-75.62637,40.26874],[-75.62655,40.26664],[-75.62487,40.26532],[-75.62435,40.26385],[-75.61923,40.26029],[-75.61884,40.25843],[-75.61594,40.2575],[-75.61434,40.25579],[-75.61262,40.25497],[-75.6117,40.25377],[-75.61197,40.25294],[-75.61122,40.25135],[-75.61084,40.248],[-75.6098,40.24686],[-75.60951,40.24582],[-75.60999,40.24408],[-75.60969,40.24056],[-75.60851,40.238],[-75.60701,40.23603]]]}},{"type":"Feature","properties":{"n":"Doe Run","w":"stream","rank":3},"geometry":{"type":"MultiLineString","coordinates":[[[-75.4772,40.15635],[-75.47761,40.15801],[-75.47852,40.15855],[-75.47901,40.16047],[-75.47779,40.16132],[-75.47686,40.16127],[-75.47575,40.16259],[-75.47339,40.16291],[-75.47255,40.16207],[-75.46787,40.16182],[-75.46575,40.16004],[-75.4646,40.15804],[-75.46257,40.156],[-75.4599,40.15544],[-75.45632,40.15368]],[[-75.82001,39.91074],[-75.81836,39.91325],[-75.81723,39.91324],[-75.81683,39.91362],[-75.81544,39.91383],[-75.81635,39.91483],[-75.81586,39.91515],[-75.81608,39.91556],[-75.81532,39.91681],[-75.81237,39.91727],[-75.8117,39.91835],[-75.81043,39.9183],[-75.81038,39.91872],[-75.8086,39.91924],[-75.80675,39.91919],[-75.80604,39.91953],[-75.80508,39.91788],[-75.80062,39.91599],[-75.80032,39.91478],[-75.79815,39.91482],[-75.79796,39.91523],[-75.79868,39.91597],[-75.79834,39.91737],[-75.79894,39.9178],[-75.79968,39.91953],[-75.79762,39.92076]]]}},{"type":"Feature","properties":{"n":"Middle Creek","w":"stream","rank":3},"geometry":{"type":"MultiLineString","coordinates":[[[-75.60371,40.37439],[-75.60502,40.3724],[-75.60483,40.37098],[-75.606,40.36855],[-75.60725,40.36716],[-75.60719,40.36577],[-75.60789,40.36462],[-75.60844,40.3621],[-75.60786,40.35818],[-75.60454,40.35507],[-75.60432,40.35436],[-75.60489,40.35276],[-75.60177,40.34883],[-75.60257,40.34627],[-75.60259,40.34373],[-75.60381,40.34222],[-75.60326,40.34172],[-75.60189,40.34148],[-75.60116,40.33989],[-75.59935,40.33838],[-75.59877,40.33732],[-75.59869,40.33574],[-75.59937,40.33583],[-75.5994,40.33486],[-75.59901,40.33422],[-75.59827,40.33435],[-75.59859,40.33387],[-75.59807,40.33386],[-75.59798,40.33295],[-75.59749,40.33288],[-75.59681,40.33193],[-75.59682,40.3306],[-75.59643,40.33064],[-75.59576,40.32986],[-75.59421,40.3301],[-75.59427,40.32914],[-75.59313,40.32872],[-75.58939,40.32861],[-75.58925,40.32814],[-75.58775,40.32766],[-75.58773,40.32649],[-75.58506,40.32624],[-75.58444,40.32545],[-75.58385,40.32549],[-75.58394,40.32455],[-75.58261,40.32422],[-75.58302,40.32379],[-75.58221,40.32201],[-75.58308,40.32079],[-75.58154,40.31978],[-75.58038,40.32031],[-75.5796,40.31999]]]}},{"type":"Feature","properties":{"n":"Lodal Creek","w":"stream","rank":3},"geometry":{"type":"MultiLineString","coordinates":[[[-75.50256,40.23912],[-75.50261,40.23716],[-75.50346,40.23472],[-75.50332,40.23114],[-75.50218,40.23038],[-75.50123,40.229],[-75.49662,40.22812],[-75.49586,40.22702],[-75.49456,40.2267],[-75.49219,40.22763],[-75.4906,40.22744],[-75.49017,40.22769],[-75.48509,40.22612],[-75.48307,40.22611],[-75.47902,40.22773],[-75.47782,40.22754],[-75.47462,40.22884],[-75.47308,40.22903],[-75.47216,40.22876],[-75.47196,40.22925],[-75.4703,40.22909],[-75.46842,40.22982],[-75.46639,40.22932],[-75.46552,40.22864],[-75.46202,40.22911],[-75.46047,40.22491],[-75.45902,40.22432],[-75.45658,40.22414],[-75.45488,40.22292],[-75.45186,40.22177]]]}},{"type":"Feature","properties":{"n":"Shed Brook","w":"river","rank":2},"geometry":{"type":"MultiLineString","coordinates":[[[-75.18686,39.90663],[-75.18867,39.9061],[-75.18897,39.90355],[-75.18694,39.90282],[-75.18615,39.90212],[-75.18646,39.90074],[-75.18611,39.89999]]]}},{"type":"Feature","properties":{"n":"Vaughn Run","w":"stream","rank":3},"geometry":{"type":"MultiLineString","coordinates":[[[-75.44379,40.31496],[-75.44295,40.31419],[-75.44212,40.31052],[-75.43861,40.3084],[-75.43506,40.30792]],[[-75.4349,40.30773],[-75.43145,40.30578],[-75.43012,40.30565],[-75.43003,40.30506],[-75.42565,40.30421],[-75.42407,40.30278],[-75.42142,40.30262]]]}},{"type":"Feature","properties":{"n":"Pigeon Creek","w":"stream","rank":3},"geometry":{"type":"MultiLineString","coordinates":[[[-75.64274,40.17921],[-75.64583,40.18384],[-75.64887,40.18608]],[[-75.72032,40.21416],[-75.71844,40.21395],[-75.71622,40.21465],[-75.71352,40.21495],[-75.71166,40.21485],[-75.71073,40.21419],[-75.7097,40.21449],[-75.70749,40.21404],[-75.70203,40.21435],[-75.70013,40.21412],[-75.69768,40.21281],[-75.69507,40.21289],[-75.69409,40.21207],[-75.68921,40.21101],[-75.68861,40.21049],[-75.68837,40.20847],[-75.68722,40.20702],[-75.68515,40.20551],[-75.68354,40.20496],[-75.68282,40.20517],[-75.68239,40.20389],[-75.67966,40.20334],[-75.67642,40.20359],[-75.67245,40.20295],[-75.672,40.20194],[-75.67066,40.20077],[-75.67109,40.19957],[-75.67036,40.19808],[-75.66698,40.19777],[-75.66549,40.19719],[-75.66496,40.19666],[-75.66499,40.19592],[-75.66367,40.19531],[-75.66235,40.19533],[-75.65996,40.19411],[-75.65866,40.19437],[-75.65839,40.194],[-75.65747,40.19404],[-75.657,40.19364],[-75.65723,40.19283],[-75.65682,40.19233],[-75.65533,40.19185],[-75.65486,40.19115],[-75.65255,40.19071],[-75.65046,40.18868],[-75.64827,40.18856],[-75.64572,40.19128],[-75.64493,40.19136],[-75.64452,40.1918],[-75.64088,40.19101],[-75.6395,40.19114],[-75.6383,40.19183],[-75.63609,40.1921],[-75.63504,40.19167],[-75.63325,40.19173],[-75.63194,40.19269],[-75.63151,40.19374],[-75.63288,40.19399],[-75.63393,40.19465],[-75.63457,40.19578],[-75.63162,40.19612],[-75.62908,40.19739],[-75.62799,40.19751],[-75.62772,40.19707],[-75.62717,40.19766],[-75.62646,40.19778],[-75.62389,40.19687],[-75.62193,40.19677],[-75.62172,40.19714],[-75.62114,40.19716],[-75.62144,40.19827],[-75.62076,40.20032],[-75.61746,40.20114],[-75.61583,40.20083],[-75.61294,40.20125],[-75.61066,40.20092],[-75.61001,40.20128],[-75.61017,40.20248],[-75.60948,40.203],[-75.60592,40.2028],[-75.6044,40.20315],[-75.60261,40.20305],[-75.60119,40.2022],[-75.60081,40.20048],[-75.59891,40.20022],[-75.59588,40.19841],[-75.59182,40.19819],[-75.59033,40.19772],[-75.58739,40.19859],[-75.58662,40.19805],[-75.58724,40.19779],[-75.5863,40.19686],[-75.58733,40.19528],[-75.58614,40.19502],[-75.58305,40.1965],[-75.58357,40.1973],[-75.5831,40.19771],[-75.5834,40.19827],[-75.58306,40.19883],[-75.58231,40.1993],[-75.58175,40.19919],[-75.58079,40.20019],[-75.57933,40.20018]]]}},{"type":"Feature","properties":{"n":"Prophecy Creek","w":"stream","rank":3},"geometry":{"type":"MultiLineString","coordinates":[[[-75.26084,40.13748],[-75.25794,40.13844],[-75.25592,40.14094],[-75.25411,40.14138],[-75.25223,40.14243],[-75.25106,40.14385],[-75.24845,40.14552],[-75.2475,40.14788],[-75.24667,40.1481],[-75.24639,40.14764],[-75.24522,40.14786],[-75.24311,40.14938],[-75.24105,40.14952],[-75.24012,40.15037],[-75.23948,40.15032],[-75.23859,40.15161],[-75.23659,40.15159],[-75.23478,40.15234],[-75.23411,40.1519],[-75.23184,40.15182],[-75.23118,40.15252],[-75.22973,40.15195],[-75.22914,40.15009],[-75.2285,40.14964]]]}},{"type":"Feature","properties":{"n":"Trewellyn Creek","w":"stream","rank":3},"geometry":{"type":"MultiLineString","coordinates":[[[-75.23575,40.21773],[-75.23716,40.21491],[-75.23743,40.21162],[-75.23592,40.21057],[-75.23512,40.2093],[-75.23533,40.2089],[-75.23397,40.20847],[-75.23412,40.20802],[-75.23338,40.2073],[-75.228,40.20422],[-75.22765,40.20372],[-75.22792,40.20257],[-75.22984,40.20069],[-75.23016,40.19981],[-75.23107,40.19934],[-75.23128,40.19837],[-75.23539,40.19507],[-75.23673,40.19323],[-75.23961,40.19247],[-75.24318,40.19097],[-75.2472,40.19029],[-75.24854,40.18984],[-75.24856,40.18946],[-75.25073,40.18926],[-75.25294,40.18801],[-75.25442,40.18625]]]}},{"type":"Feature","properties":{"n":"Zacharias Creek","w":"stream","rank":3},"geometry":{"type":"MultiLineString","coordinates":[[[-75.3091,40.21147],[-75.31436,40.20919],[-75.31673,40.2071],[-75.31802,40.20658],[-75.3192,40.2045],[-75.32134,40.20379],[-75.32478,40.20178],[-75.32525,40.20194],[-75.32698,40.20113],[-75.3288,40.19928],[-75.32925,40.19918],[-75.32956,40.19954],[-75.33056,40.19932],[-75.33236,40.19822],[-75.33506,40.19765],[-75.33728,40.19755],[-75.33839,40.19791],[-75.34099,40.19765],[-75.34485,40.19883],[-75.34677,40.19864],[-75.34664,40.19933],[-75.34753,40.19962],[-75.35163,40.20013],[-75.35432,40.20114],[-75.35607,40.20112],[-75.35828,40.20264],[-75.35919,40.2038],[-75.36087,40.20395],[-75.36176,40.20447],[-75.36263,40.20632],[-75.36549,40.20743],[-75.3687,40.20737],[-75.37001,40.20793],[-75.37316,40.20829],[-75.37365,40.20789],[-75.37544,40.20784],[-75.3779,40.20889],[-75.37946,40.20863],[-75.3804,40.20764],[-75.38155,40.20739],[-75.38196,40.20685],[-75.38428,40.20726],[-75.38719,40.20691]]]}},{"type":"Feature","properties":{"n":"Schmoutz Creek","w":"stream","rank":3},"geometry":{"type":"MultiLineString","coordinates":[[[-75.46488,40.44841],[-75.46382,40.44773],[-75.46188,40.44731],[-75.46063,40.44438],[-75.46044,40.44334],[-75.46119,40.44228],[-75.46076,40.44153],[-75.46143,40.44054],[-75.46133,40.43969],[-75.46034,40.43834],[-75.46003,40.43636],[-75.45843,40.43505],[-75.45725,40.43466],[-75.45542,40.43262],[-75.45351,40.43188],[-75.45306,40.43092],[-75.45117,40.42919],[-75.44867,40.42805],[-75.44682,40.42773],[-75.44448,40.42623],[-75.44172,40.42601],[-75.44015,40.42633],[-75.43375,40.42393],[-75.43192,40.4239],[-75.42937,40.42269],[-75.42784,40.42242],[-75.4238,40.41837],[-75.4216,40.41759],[-75.41843,40.41725],[-75.41692,40.41659],[-75.41604,40.41544],[-75.41619,40.41119],[-75.41317,40.40997],[-75.41186,40.4069],[-75.41216,40.40608],[-75.41171,40.4042],[-75.41101,40.40309]]]}},{"type":"Feature","properties":{"n":"Stony Creek","w":"stream","rank":3},"geometry":{"type":"MultiLineString","coordinates":[[[-75.28414,40.16969],[-75.28897,40.16801],[-75.28979,40.16827],[-75.29195,40.16691],[-75.29311,40.167],[-75.29423,40.16644],[-75.29513,40.16658],[-75.29749,40.16514],[-75.29849,40.16513],[-75.29985,40.16449],[-75.3029,40.16444],[-75.30509,40.164],[-75.30794,40.16302],[-75.30969,40.16201],[-75.31292,40.16171],[-75.31375,40.16106],[-75.3169,40.16018],[-75.31786,40.15935],[-75.32221,40.15852],[-75.32175,40.15956],[-75.322,40.16065],[-75.32085,40.16288],[-75.32161,40.1639],[-75.32122,40.16498],[-75.3221,40.16633],[-75.32228,40.16757],[-75.32326,40.16857],[-75.32278,40.17016],[-75.31595,40.17235],[-75.31293,40.17417],[-75.30894,40.17529],[-75.30717,40.17757],[-75.30017,40.18159],[-75.29789,40.18243],[-75.29512,40.18428],[-75.29681,40.18767],[-75.30026,40.19094]],[[-75.32221,40.15852],[-75.32335,40.15753],[-75.32612,40.1563],[-75.3263,40.15544],[-75.32336,40.15442],[-75.3231,40.15359],[-75.32443,40.15187],[-75.32524,40.15184],[-75.327,40.15085],[-75.3271,40.14984],[-75.32988,40.14673],[-75.3326,40.1458],[-75.33525,40.14594],[-75.3365,40.14479],[-75.33754,40.14461],[-75.33788,40.14418],[-75.34196,40.14312],[-75.34318,40.14349],[-75.34471,40.14202],[-75.34589,40.14206],[-75.34692,40.13851],[-75.34566,40.1362],[-75.34509,40.1358],[-75.34344,40.13582],[-75.34136,40.13652],[-75.33979,40.13652],[-75.33879,40.136],[-75.33876,40.13457],[-75.34013,40.13176],[-75.34165,40.13023],[-75.34417,40.12867],[-75.34525,40.1269],[-75.34522,40.12476],[-75.34346,40.12164],[-75.34334,40.12037],[-75.34514,40.11887],[-75.34984,40.11718],[-75.35196,40.11394]],[[-75.33456,39.92127],[-75.3348,39.92011],[-75.33277,39.91618],[-75.33249,39.91394],[-75.33143,39.91142],[-75.33232,39.91013],[-75.33232,39.90931],[-75.33026,39.90764],[-75.32944,39.90579],[-75.32518,39.90419],[-75.32361,39.90256],[-75.32323,39.90066],[-75.32161,39.89922],[-75.31864,39.90069],[-75.31618,39.89819],[-75.31655,39.89768],[-75.31661,39.89492],[-75.31458,39.89319],[-75.31427,39.89113],[-75.31478,39.89082],[-75.31542,39.88816],[-75.31623,39.88734],[-75.31623,39.88613],[-75.31748,39.88396],[-75.31691,39.88307],[-75.31764,39.88186],[-75.31731,39.88025],[-75.3181,39.87999],[-75.31864,39.87861],[-75.31737,39.87677],[-75.31816,39.87217],[-75.3171,39.87057],[-75.31418,39.86927]],[[-75.33299,40.1459],[-75.33323,40.14549],[-75.33533,40.14535],[-75.33659,40.14474]]]}},{"type":"Feature","properties":{"n":"West Branch Skippack Creek","w":"stream","rank":3},"geometry":{"type":"MultiLineString","coordinates":[[[-75.37348,40.28909],[-75.37372,40.28629],[-75.37238,40.28381],[-75.37374,40.27909],[-75.37322,40.27794],[-75.37325,40.27577],[-75.37411,40.27442],[-75.37768,40.27182],[-75.37754,40.27103],[-75.37959,40.26623],[-75.37929,40.26539],[-75.3799,40.265],[-75.37878,40.2635],[-75.37931,40.26112],[-75.37894,40.25722],[-75.37935,40.25622],[-75.38248,40.2536],[-75.38343,40.25178],[-75.38305,40.24965],[-75.38349,40.2484],[-75.38195,40.24545],[-75.3809,40.24066],[-75.37949,40.23835],[-75.37815,40.23776],[-75.37857,40.23609],[-75.37817,40.23483],[-75.37861,40.23392]]]}},{"type":"Feature","properties":{"n":"Scioto Creek","w":"stream","rank":3},"geometry":{"type":"MultiLineString","coordinates":[[[-75.5447,40.32751],[-75.54314,40.32541],[-75.54282,40.32425],[-75.54156,40.32293],[-75.54143,40.32218],[-75.53813,40.31787],[-75.536,40.31665],[-75.5346,40.31379],[-75.53179,40.31109],[-75.52904,40.30942],[-75.52801,40.3083],[-75.52542,40.30694],[-75.52234,40.30649],[-75.52136,40.306],[-75.52125,40.30493],[-75.51953,40.304],[-75.51642,40.30135],[-75.51426,40.30031],[-75.51385,40.29952],[-75.51264,40.29908],[-75.50908,40.29614],[-75.50628,40.29473],[-75.50574,40.29405],[-75.50436,40.29372],[-75.50427,40.29215],[-75.50268,40.2911],[-75.50241,40.29038],[-75.49962,40.28796],[-75.49774,40.28705],[-75.49556,40.28706],[-75.49441,40.28637],[-75.49119,40.28545],[-75.4901,40.28135],[-75.48808,40.27916],[-75.48869,40.27674],[-75.48788,40.27577]]]}},{"type":"Feature","properties":{"n":"Beaver Run","w":"stream","rank":3},"geometry":{"type":"MultiLineString","coordinates":[[[-75.68258,40.14734],[-75.68138,40.1482],[-75.67808,40.14904],[-75.67611,40.15025],[-75.67055,40.15142],[-75.67056,40.15333],[-75.67115,40.15358],[-75.67059,40.15523],[-75.67209,40.1586],[-75.6719,40.15956],[-75.6708,40.16079],[-75.67194,40.16184],[-75.67212,40.16252],[-75.672,40.1634],[-75.671,40.16437],[-75.67005,40.16412]],[[-75.72694,40.12821],[-75.72352,40.13041],[-75.72125,40.13138],[-75.72049,40.13252],[-75.71888,40.13376],[-75.71501,40.13561],[-75.71126,40.13795],[-75.70458,40.13831],[-75.70405,40.13875],[-75.70363,40.14088],[-75.70178,40.14187],[-75.69859,40.14288],[-75.69707,40.14253],[-75.69567,40.14309],[-75.69279,40.14299],[-75.69038,40.14354],[-75.68616,40.14589],[-75.68485,40.14611],[-75.68295,40.14719]],[[-75.34834,40.42651],[-75.34538,40.42798],[-75.34572,40.42956],[-75.34427,40.43052],[-75.3435,40.43193],[-75.34159,40.43283],[-75.33959,40.43329],[-75.3386,40.43289],[-75.33681,40.43358],[-75.33534,40.43557],[-75.33346,40.43637],[-75.33079,40.43669],[-75.32627,40.44036]]]}},{"type":"Feature","properties":{"n":"Wise's Mill Run","w":"stream","rank":3},"geometry":{"type":"MultiLineString","coordinates":[[[-75.23385,40.06142],[-75.23238,40.06148],[-75.23067,40.06096],[-75.2294,40.05978],[-75.2279,40.05936],[-75.22568,40.05795],[-75.22515,40.05665],[-75.22132,40.05712],[-75.2194,40.05779]]]}},{"type":"Feature","properties":{"n":"Bell's Mill Run","w":"stream","rank":3},"geometry":{"type":"MultiLineString","coordinates":[[[-75.23788,40.07066],[-75.2383,40.07116],[-75.23818,40.07213],[-75.23523,40.0748],[-75.23292,40.07594],[-75.23018,40.07667],[-75.22607,40.07872],[-75.22522,40.07878]]]}},{"type":"Feature","properties":{"n":"Wissahickon Creek","w":"stream","rank":3},"geometry":{"type":"MultiLineString","coordinates":[[[-75.2546,40.24263],[-75.2575,40.24075],[-75.25991,40.23798],[-75.26487,40.2343],[-75.26599,40.23262],[-75.26926,40.23061],[-75.2705,40.23054],[-75.27107,40.22962],[-75.27209,40.2297],[-75.27222,40.22913],[-75.2732,40.22879],[-75.27431,40.22771]],[[-75.23087,40.09553],[-75.23151,40.09554],[-75.23258,40.09697],[-75.2338,40.09613],[-75.23372,40.09183],[-75.23317,40.09137],[-75.23214,40.09164]]]}},{"type":"Feature","properties":{"n":"Birch Run","w":"stream","rank":3},"geometry":{"type":"MultiLineString","coordinates":[[[-75.69223,40.12505],[-75.69144,40.12357],[-75.6891,40.12133],[-75.68711,40.12095],[-75.68497,40.11971],[-75.68229,40.12074],[-75.68242,40.12169],[-75.68189,40.12194],[-75.68188,40.12261],[-75.68135,40.12265],[-75.6799,40.12405],[-75.67864,40.12404],[-75.67763,40.12342],[-75.67649,40.12334],[-75.67556,40.12392],[-75.67416,40.12374],[-75.67401,40.12253],[-75.67248,40.1219],[-75.67044,40.12007],[-75.66704,40.11924],[-75.66589,40.11797],[-75.66451,40.11768],[-75.66393,40.11718],[-75.66192,40.11778],[-75.66019,40.11713],[-75.65832,40.11741],[-75.65508,40.11977],[-75.65431,40.12118],[-75.65347,40.12137],[-75.65284,40.12244],[-75.65208,40.1223],[-75.65196,40.12311],[-75.6502,40.12424],[-75.64953,40.12539],[-75.64852,40.12558],[-75.64688,40.1276],[-75.64564,40.12802],[-75.64563,40.12872],[-75.64152,40.13049],[-75.6412,40.13108],[-75.64154,40.132],[-75.63843,40.13495],[-75.63765,40.13727],[-75.63604,40.13861],[-75.6346,40.13919],[-75.63436,40.14007],[-75.63279,40.14012],[-75.63281,40.14058],[-75.63165,40.14113],[-75.63031,40.1436],[-75.6289,40.14392],[-75.62886,40.14442],[-75.62613,40.1452],[-75.62464,40.14715],[-75.62204,40.14716],[-75.62067,40.14779]]]}},{"type":"Feature","properties":{"n":"Minister Creek","w":"stream","rank":3},"geometry":{"type":"MultiLineString","coordinates":[[[-75.63213,40.32675],[-75.6286,40.32619],[-75.62692,40.32509],[-75.62542,40.32487],[-75.623,40.32316],[-75.6222,40.32083],[-75.62067,40.3197],[-75.62088,40.31941],[-75.62032,40.31937],[-75.62054,40.31871],[-75.62001,40.31852],[-75.62012,40.31811],[-75.619,40.31677],[-75.61928,40.31569],[-75.61759,40.31483],[-75.61556,40.31273],[-75.61501,40.3128],[-75.61493,40.31203],[-75.61437,40.31197],[-75.61451,40.31113],[-75.61303,40.30988],[-75.6114,40.30943],[-75.61032,40.30812],[-75.60975,40.30819],[-75.60807,40.30594],[-75.6081,40.30516],[-75.60711,40.30433],[-75.60634,40.30433],[-75.60613,40.30298],[-75.60479,40.30188],[-75.59906,40.30078],[-75.59818,40.30011],[-75.59815,40.29962],[-75.59706,40.29929],[-75.59678,40.29851],[-75.59646,40.29886],[-75.59608,40.29855],[-75.59575,40.29778],[-75.59212,40.29695],[-75.59004,40.29791],[-75.58917,40.29793],[-75.58904,40.29738],[-75.58449,40.2959],[-75.57983,40.29841],[-75.57835,40.29882],[-75.57646,40.29788],[-75.57668,40.29694],[-75.57619,40.29629],[-75.57363,40.2957],[-75.57121,40.29427],[-75.56927,40.29442],[-75.56697,40.29347],[-75.56622,40.29258],[-75.56399,40.2934],[-75.56358,40.29301],[-75.56292,40.29328],[-75.55985,40.29255],[-75.5575,40.29365],[-75.55625,40.29272],[-75.55502,40.29271],[-75.55386,40.29239],[-75.55384,40.2921]]]}},{"type":"Feature","properties":{"n":"Pleasant Spring Creek","w":"stream","rank":3},"geometry":{"type":"MultiLineString","coordinates":[[[-75.25328,40.33319],[-75.25443,40.33401],[-75.25585,40.3337],[-75.26032,40.33417],[-75.26226,40.33331],[-75.26729,40.33327],[-75.26981,40.33178],[-75.27091,40.33188],[-75.27256,40.33136],[-75.27403,40.33184],[-75.27502,40.33176],[-75.27625,40.33249],[-75.27654,40.33438],[-75.27576,40.33629],[-75.27859,40.33949],[-75.27816,40.3408],[-75.27883,40.34249],[-75.27943,40.34287],[-75.28118,40.34273],[-75.28584,40.34496],[-75.28871,40.34734],[-75.28914,40.34836],[-75.2882,40.34874],[-75.28812,40.34942],[-75.28879,40.35012],[-75.2871,40.35184],[-75.28755,40.35298],[-75.28854,40.35321],[-75.28822,40.35382],[-75.28867,40.35514],[-75.2879,40.35589],[-75.28715,40.3557],[-75.28626,40.35604],[-75.2853,40.35739],[-75.28365,40.35792],[-75.28239,40.36025],[-75.28291,40.36117],[-75.28459,40.36284],[-75.29037,40.36478],[-75.29192,40.36607],[-75.29442,40.36624],[-75.29573,40.36694]]]}},{"type":"Feature","properties":{"n":"Schuylkill River","w":"stream","rank":3},"geometry":{"type":"MultiLineString","coordinates":[[[-75.42519,40.10859],[-75.42964,40.11081],[-75.43098,40.11107],[-75.43393,40.11102],[-75.43886,40.1098]]]}},{"type":"Feature","properties":{"n":"Pickering Creek","w":"stream","rank":3},"geometry":{"type":"MultiLineString","coordinates":[[[-75.68439,40.08231],[-75.68329,40.08182],[-75.68131,40.08201],[-75.68091,40.08112],[-75.67828,40.07907],[-75.67607,40.07911],[-75.67329,40.07845],[-75.67133,40.07843],[-75.66943,40.07929],[-75.66851,40.07898],[-75.66785,40.07944],[-75.66566,40.07989],[-75.66242,40.08013],[-75.65966,40.07979],[-75.65868,40.07906],[-75.65464,40.07922],[-75.65165,40.07836],[-75.65023,40.07945],[-75.64746,40.07966],[-75.6453,40.0806],[-75.64418,40.08147],[-75.64431,40.08303],[-75.64321,40.08377],[-75.64155,40.08355],[-75.63964,40.08221],[-75.63783,40.08393],[-75.63669,40.08445],[-75.63473,40.08451],[-75.63257,40.08373],[-75.63163,40.08392],[-75.63046,40.08488],[-75.63116,40.0862],[-75.63131,40.0882],[-75.63077,40.08917],[-75.62572,40.09096],[-75.62346,40.09278],[-75.62337,40.09397],[-75.6218,40.09524],[-75.62024,40.09503],[-75.61922,40.09645],[-75.61863,40.09602],[-75.61615,40.09549],[-75.61489,40.09466],[-75.61494,40.09374],[-75.61434,40.09362],[-75.61421,40.09286],[-75.61091,40.0932],[-75.61107,40.09439],[-75.61049,40.09561],[-75.61041,40.09722],[-75.61169,40.09793],[-75.61176,40.09837],[-75.60947,40.10095],[-75.60784,40.10026],[-75.60455,40.10198],[-75.60067,40.10342],[-75.59945,40.10473]]]}},{"type":"Feature","properties":{"n":"Morris Run","w":"stream","rank":3},"geometry":{"type":"MultiLineString","coordinates":[[[-75.22651,40.34044],[-75.21587,40.35023],[-75.21643,40.35257],[-75.21572,40.35754],[-75.21681,40.36104],[-75.21895,40.36368],[-75.22105,40.36964],[-75.22106,40.37159],[-75.22021,40.37311],[-75.22055,40.37407],[-75.22118,40.37491],[-75.22296,40.37522],[-75.22472,40.37613],[-75.23016,40.37417],[-75.23259,40.37454],[-75.23305,40.37397],[-75.2346,40.37352],[-75.23518,40.37369],[-75.23649,40.37329],[-75.23801,40.37371],[-75.239,40.37486],[-75.23934,40.37679],[-75.24008,40.37736],[-75.23842,40.38011],[-75.23779,40.38004],[-75.23734,40.38224],[-75.23833,40.38318],[-75.23827,40.3837],[-75.23941,40.38436],[-75.2392,40.38532],[-75.23771,40.38645],[-75.23794,40.3885],[-75.23854,40.38882],[-75.23907,40.3886],[-75.24194,40.39013],[-75.24464,40.39095],[-75.24664,40.39249],[-75.24837,40.39316],[-75.25022,40.39339],[-75.25139,40.39394],[-75.25219,40.39376],[-75.25276,40.39306],[-75.25554,40.39347]]]}},{"type":"Feature","properties":{"n":"Sanatoga Creek","w":"stream","rank":3},"geometry":{"type":"MultiLineString","coordinates":[[[-75.55334,40.26326],[-75.55839,40.26398],[-75.56721,40.262],[-75.57075,40.26236],[-75.57253,40.26155],[-75.57311,40.25932],[-75.57406,40.25827],[-75.57603,40.25718],[-75.57752,40.25523],[-75.57889,40.25432],[-75.57969,40.25286],[-75.57938,40.25185],[-75.58032,40.24934],[-75.58179,40.24813],[-75.5833,40.24581],[-75.58524,40.24481],[-75.58608,40.24225],[-75.5888,40.24057],[-75.58973,40.23928],[-75.59089,40.23609],[-75.5921,40.23593],[-75.59436,40.23653],[-75.59616,40.23579]]]}},{"type":"Feature","properties":{"n":"South Branch French Creek","w":"stream","rank":3},"geometry":{"type":"MultiLineString","coordinates":[[[-75.80215,40.15034],[-75.79741,40.14932],[-75.79606,40.14849],[-75.7941,40.1483],[-75.7923,40.1472],[-75.79057,40.1478],[-75.78969,40.14717],[-75.78764,40.1469],[-75.78702,40.14615],[-75.7845,40.14548],[-75.78297,40.14655],[-75.78232,40.14843],[-75.78146,40.14903],[-75.77961,40.14798],[-75.77821,40.14864],[-75.77231,40.14831],[-75.77172,40.14873],[-75.76744,40.14722],[-75.76535,40.14781],[-75.76452,40.14939],[-75.76315,40.14979],[-75.76235,40.14955],[-75.7617,40.14872],[-75.75934,40.14896],[-75.75839,40.14797],[-75.75631,40.14759],[-75.75474,40.14669],[-75.75316,40.14743],[-75.75295,40.1484],[-75.75205,40.14898],[-75.75065,40.14856],[-75.74849,40.14863],[-75.74755,40.14947],[-75.74548,40.14995],[-75.74361,40.14973],[-75.74286,40.14922],[-75.74113,40.14961],[-75.74097,40.14876],[-75.73992,40.1482],[-75.73812,40.14867],[-75.73721,40.14834],[-75.73623,40.14907],[-75.73544,40.14885],[-75.73423,40.14927],[-75.73373,40.14889],[-75.73226,40.1503],[-75.73172,40.14919],[-75.73091,40.14927],[-75.72958,40.15033],[-75.72874,40.15028],[-75.72809,40.1513],[-75.72597,40.15112],[-75.72131,40.15157],[-75.71824,40.153],[-75.71749,40.15264],[-75.7166,40.15294]]]}},{"type":"Feature","properties":{"n":"Landis Creek","w":"stream","rank":3},"geometry":{"type":"MultiLineString","coordinates":[[[-75.53754,40.23953],[-75.54043,40.23495],[-75.54049,40.23318],[-75.53982,40.2316],[-75.53901,40.23063],[-75.5355,40.23073],[-75.53416,40.2295],[-75.53016,40.22836],[-75.52841,40.22583],[-75.52474,40.22605],[-75.52404,40.22559],[-75.52271,40.2256],[-75.52166,40.22481],[-75.5195,40.22434],[-75.51755,40.22283],[-75.51738,40.22313],[-75.51651,40.22282],[-75.51643,40.22331],[-75.51189,40.22293],[-75.51009,40.22354],[-75.50641,40.22398],[-75.50635,40.22436],[-75.50249,40.22406],[-75.49804,40.22567],[-75.49693,40.22528],[-75.49537,40.22546],[-75.49501,40.22596],[-75.49347,40.22651],[-75.49312,40.22728]]]}},{"type":"Feature","properties":{"n":"Butter Creek","w":"stream","rank":3},"geometry":{"type":"MultiLineString","coordinates":[[[-75.34907,40.39278],[-75.34887,40.39751],[-75.34942,40.39871],[-75.35137,40.39901],[-75.35526,40.39864],[-75.35624,40.39797],[-75.35757,40.39798],[-75.3584,40.39669],[-75.36025,40.39551],[-75.36327,40.39441],[-75.36577,40.39435],[-75.36752,40.3931],[-75.37059,40.39191],[-75.37419,40.39229],[-75.37817,40.39201],[-75.38011,40.39267],[-75.38249,40.39226],[-75.38488,40.39117],[-75.38751,40.39135],[-75.38845,40.39211],[-75.39401,40.39261],[-75.39507,40.39305],[-75.3982,40.39261],[-75.40046,40.39287],[-75.40276,40.39388],[-75.40581,40.39321],[-75.40953,40.39428],[-75.41122,40.39402]]]}},{"type":"Feature","properties":{"n":"Bonny Brook","w":"stream","rank":3},"geometry":{"type":"MultiLineString","coordinates":[[[-75.47563,40.20386],[-75.47328,40.20554],[-75.47321,40.20747],[-75.47229,40.20854],[-75.47262,40.2092],[-75.47206,40.21019]]]}},{"type":"Feature","properties":{"n":"Rapp Run","w":"stream","rank":3},"geometry":{"type":"MultiLineString","coordinates":[[[-75.17355,40.16417],[-75.17484,40.16231],[-75.17459,40.16089],[-75.17383,40.16027],[-75.17404,40.15991],[-75.17353,40.15966],[-75.17322,40.15853],[-75.1721,40.15827],[-75.17176,40.15783],[-75.17476,40.15578],[-75.1744,40.15521],[-75.17788,40.15041],[-75.1792,40.14977],[-75.18259,40.14665],[-75.18301,40.14333],[-75.18588,40.13891],[-75.18978,40.13509]]]}},{"type":"Feature","properties":{"n":"Schlegel Run","w":"stream","rank":3},"geometry":{"type":"MultiLineString","coordinates":[[[-75.57397,40.37342],[-75.57556,40.36697],[-75.5788,40.36263],[-75.57776,40.35921],[-75.57825,40.35761],[-75.57806,40.3539],[-75.5789,40.35254],[-75.57678,40.34948],[-75.57618,40.34764],[-75.57721,40.34601],[-75.57519,40.3439],[-75.57618,40.34245],[-75.57614,40.34162],[-75.57441,40.33934],[-75.57517,40.33926],[-75.57482,40.3386],[-75.5768,40.33731],[-75.57805,40.33496],[-75.57782,40.3342],[-75.57824,40.33304],[-75.57756,40.32982],[-75.57633,40.3294],[-75.57622,40.32889],[-75.57752,40.32677],[-75.57699,40.32537],[-75.57884,40.32483],[-75.57904,40.32394],[-75.57844,40.32188],[-75.57616,40.32171],[-75.5754,40.32124]]]}},{"type":"Feature","properties":{"n":"Green Tree Run","w":"stream","rank":3},"geometry":{"type":"MultiLineString","coordinates":[[[-75.2437,40.0523],[-75.24476,40.05133],[-75.24482,40.0505],[-75.24722,40.04858],[-75.25003,40.0448]],[[-75.49419,40.0374],[-75.49301,40.03437],[-75.49144,40.03291],[-75.49082,40.0307],[-75.48878,40.02878],[-75.4891,40.02777],[-75.48865,40.02379]]]}},{"type":"Feature","properties":{"n":"Sandy Run","w":"stream","rank":3},"geometry":{"type":"MultiLineString","coordinates":[[[-75.12529,40.12943],[-75.12967,40.12818],[-75.13181,40.12899],[-75.13936,40.1283],[-75.14659,40.12944],[-75.14789,40.12896],[-75.15283,40.12956],[-75.15446,40.12935],[-75.15493,40.12978],[-75.15827,40.13002],[-75.15935,40.12926],[-75.16345,40.12871],[-75.16401,40.12852],[-75.16414,40.12799],[-75.16447,40.12831],[-75.16686,40.12714],[-75.17005,40.12679],[-75.17358,40.12559],[-75.17801,40.12572],[-75.18199,40.12498],[-75.1829,40.1245],[-75.18247,40.12409],[-75.18478,40.12337],[-75.19195,40.1232],[-75.19264,40.1236],[-75.19594,40.12295],[-75.19663,40.12315],[-75.19792,40.12265],[-75.19944,40.12358],[-75.20094,40.12364],[-75.20161,40.12433],[-75.20242,40.12425],[-75.20348,40.12522],[-75.204,40.12582],[-75.20411,40.12708],[-75.20352,40.12881],[-75.20371,40.13097],[-75.2042,40.13174],[-75.20708,40.13327],[-75.20827,40.13267],[-75.20908,40.13312],[-75.21063,40.1332],[-75.21231,40.13415],[-75.21792,40.13234],[-75.21964,40.13297],[-75.22012,40.13227],[-75.21982,40.13185],[-75.22052,40.13154],[-75.21999,40.13111],[-75.22056,40.13085],[-75.22084,40.12992]],[[-75.05052,40.04887],[-75.05052,40.04802],[-75.0498,40.04749],[-75.04668,40.04661],[-75.0431,40.04831],[-75.03982,40.04876]]]}},{"type":"Feature","properties":{"n":"Diamond Run","w":"stream","rank":3},"geometry":{"type":"MultiLineString","coordinates":[[[-75.31057,40.11484],[-75.31673,40.10928],[-75.31725,40.10747],[-75.31853,40.10597],[-75.32101,40.10493],[-75.32083,40.10345],[-75.32134,40.1017],[-75.32281,40.10108]]]}},{"type":"Feature","properties":{"n":"West Swamp Creek","w":"stream","rank":3},"geometry":{"type":"MultiLineString","coordinates":[[[-75.54942,40.28995],[-75.54801,40.29049],[-75.54492,40.29089],[-75.54279,40.28865],[-75.54281,40.28748],[-75.54612,40.28151],[-75.54726,40.28019],[-75.54751,40.27881]]]}},{"type":"Feature","properties":{"n":"Brooke Evans Creek","w":"stream","rank":3},"geometry":{"type":"MultiLineString","coordinates":[[[-75.55233,40.22858],[-75.55326,40.2271],[-75.5545,40.22711],[-75.5547,40.22679],[-75.55632,40.22697],[-75.56042,40.2265],[-75.56211,40.22706],[-75.56501,40.22712],[-75.56753,40.2266],[-75.56937,40.22502],[-75.57296,40.22371],[-75.57508,40.22197],[-75.57872,40.22079],[-75.58021,40.21892],[-75.58536,40.21627],[-75.5875,40.21427]],[[-75.54909,40.23313],[-75.55214,40.2292]]]}},{"type":"Feature","properties":{"n":"Donny Brook","w":"stream","rank":3},"geometry":{"type":"MultiLineString","coordinates":[[[-75.49054,40.19009],[-75.48861,40.18946],[-75.48771,40.18992],[-75.48567,40.19018],[-75.48449,40.18984],[-75.4831,40.19026],[-75.48172,40.19006],[-75.47969,40.19051],[-75.47801,40.19009],[-75.47675,40.18931],[-75.4763,40.1897],[-75.47495,40.18947],[-75.47242,40.19027],[-75.47021,40.18927],[-75.46748,40.19009],[-75.46553,40.18912],[-75.46395,40.18894],[-75.4633,40.18839],[-75.46164,40.18798],[-75.45906,40.18609],[-75.4586,40.18487],[-75.46006,40.18321],[-75.4609,40.18301],[-75.4623,40.18053],[-75.4644,40.17939],[-75.46473,40.17828],[-75.46401,40.1774],[-75.46451,40.1772],[-75.46413,40.17618],[-75.46371,40.17622],[-75.46419,40.1752],[-75.4638,40.17502],[-75.46486,40.17412],[-75.46435,40.17314],[-75.46221,40.17192],[-75.46103,40.17169],[-75.46173,40.17117],[-75.46167,40.17075]]]}},{"type":"Feature","properties":{"n":"Crabby Creek","w":"stream","rank":3},"geometry":{"type":"MultiLineString","coordinates":[[[-75.46726,40.05129],[-75.46954,40.05378],[-75.47014,40.05499],[-75.47111,40.05567],[-75.46982,40.05939],[-75.47074,40.06033]]]}},{"type":"Feature","properties":{"n":"Licking Creek","w":"stream","rank":3},"geometry":{"type":"MultiLineString","coordinates":[[[-75.43701,40.4805],[-75.43723,40.47673],[-75.43814,40.47444],[-75.43695,40.47262],[-75.43577,40.47181],[-75.43531,40.46988],[-75.43368,40.46793],[-75.43363,40.46538],[-75.43283,40.46431],[-75.43302,40.46392],[-75.43218,40.46334],[-75.43336,40.46153],[-75.43336,40.45863],[-75.43373,40.45846],[-75.43417,40.45536],[-75.4339,40.45433],[-75.43225,40.45365],[-75.43198,40.45268],[-75.4309,40.45217],[-75.42944,40.45225],[-75.42786,40.45154],[-75.42479,40.44917],[-75.4212,40.44708],[-75.4204,40.44687],[-75.4202,40.44728],[-75.41951,40.44737],[-75.41794,40.44681],[-75.41617,40.44558],[-75.41537,40.44443],[-75.41165,40.44439],[-75.41085,40.4435],[-75.40774,40.44278],[-75.4002,40.44015],[-75.39944,40.43909],[-75.39876,40.43899]]]}},{"type":"Feature","properties":{"n":"Macoby Creek Branch","w":"stream","rank":3},"geometry":{"type":"MultiLineString","coordinates":[[[-75.48116,40.43609],[-75.48195,40.43568],[-75.48293,40.43397],[-75.48481,40.43319],[-75.48647,40.43191],[-75.48742,40.4317],[-75.48833,40.43008],[-75.48849,40.42849],[-75.4902,40.4268],[-75.4902,40.42614],[-75.49099,40.42568],[-75.49151,40.42448],[-75.4915,40.42372],[-75.4904,40.42285],[-75.4912,40.42017],[-75.49015,40.41733],[-75.49008,40.41393],[-75.49064,40.41241],[-75.48954,40.41039],[-75.48964,40.40915],[-75.49046,40.40793],[-75.49066,40.40494],[-75.49115,40.4049],[-75.491,40.40416],[-75.49196,40.40199]]]}},{"type":"Feature","properties":{"n":"Stuart Farm Creek","w":"stream","rank":3},"geometry":{"type":"MultiLineString","coordinates":[[[-75.2045,40.14916],[-75.20729,40.14833],[-75.20877,40.14872],[-75.21013,40.148],[-75.21271,40.14742],[-75.21674,40.14709],[-75.2204,40.14625],[-75.22139,40.14568],[-75.22004,40.1441]]]}},{"type":"Feature","properties":{"n":"Vine Creek","w":"stream","rank":3},"geometry":{"type":"MultiLineString","coordinates":[[[-75.23235,40.01244],[-75.23193,40.01265],[-75.2319,40.01339],[-75.23131,40.01364],[-75.23046,40.01388],[-75.22925,40.01348],[-75.22681,40.01607],[-75.2271,40.01647],[-75.22566,40.0181],[-75.22421,40.01897],[-75.22397,40.0201],[-75.22197,40.02258]]]}},{"type":"Feature","properties":{"n":"Possum Hollow Run","w":"stream","rank":3},"geometry":{"type":"MultiLineString","coordinates":[[[-75.55256,40.23823],[-75.55699,40.23401],[-75.5606,40.2332],[-75.56289,40.2319],[-75.56668,40.23126],[-75.5705,40.23153],[-75.5761,40.2311],[-75.57665,40.23024],[-75.57627,40.22933],[-75.57682,40.22837],[-75.58032,40.22629],[-75.58202,40.22582],[-75.58388,40.22307],[-75.5867,40.22223],[-75.58756,40.22124],[-75.59002,40.22004]]]}},{"type":"Feature","properties":{"n":"Cresheim Creek","w":"stream","rank":3},"geometry":{"type":"MultiLineString","coordinates":[[[-75.18519,40.08004],[-75.18555,40.07942],[-75.18449,40.07835],[-75.1847,40.07719],[-75.18734,40.07501],[-75.18888,40.07264],[-75.19115,40.07063],[-75.19115,40.06959],[-75.19241,40.06863],[-75.19412,40.06816],[-75.19765,40.06524],[-75.2005,40.06351],[-75.20096,40.06079],[-75.20184,40.05994],[-75.20189,40.05696],[-75.20288,40.05577],[-75.205,40.05494],[-75.20637,40.05371],[-75.2082,40.05378],[-75.20969,40.05312],[-75.21106,40.05309],[-75.21362,40.05226],[-75.21452,40.05074]]]}},{"type":"Feature","properties":{"n":"Eagleville Run","w":"stream","rank":3},"geometry":{"type":"MultiLineString","coordinates":[[[-75.40697,40.15616],[-75.40687,40.15464],[-75.4093,40.15296],[-75.41506,40.15314],[-75.41729,40.15367],[-75.42012,40.15334],[-75.42145,40.15358],[-75.42628,40.15187],[-75.42743,40.15201],[-75.42944,40.15084],[-75.43396,40.14982],[-75.43461,40.15006],[-75.43589,40.14967],[-75.43728,40.15017],[-75.43944,40.1502],[-75.4427,40.15145],[-75.44394,40.15132],[-75.44499,40.15228]]]}},{"type":"Feature","properties":{"n":"Hazelbach Creek","w":"stream","rank":3},"geometry":{"type":"MultiLineString","coordinates":[[[-75.44452,40.41745],[-75.44234,40.41637],[-75.43849,40.41263],[-75.43663,40.41175],[-75.43148,40.40769],[-75.43007,40.40732],[-75.42658,40.4072],[-75.42516,40.40529],[-75.42406,40.4046],[-75.42262,40.40243],[-75.42055,40.40172],[-75.41934,40.40072],[-75.41845,40.39835],[-75.41889,40.39699],[-75.41768,40.3948],[-75.41807,40.39344]]]}},{"type":"Feature","properties":{"n":"Pigeon Run","w":"stream","rank":3},"geometry":{"type":"MultiLineString","coordinates":[[[-75.59624,40.06827],[-75.59847,40.07391],[-75.59561,40.07763],[-75.59426,40.07782],[-75.5939,40.07874],[-75.5931,40.07902],[-75.5932,40.07976],[-75.5912,40.0831],[-75.5892,40.08398],[-75.58917,40.08493],[-75.58957,40.08526],[-75.58832,40.08688],[-75.58769,40.08729],[-75.58653,40.08654],[-75.58557,40.08711],[-75.58503,40.08788],[-75.58545,40.08825],[-75.58305,40.09024],[-75.58268,40.09209],[-75.58173,40.09232],[-75.58098,40.09414],[-75.57934,40.09508],[-75.57905,40.09594],[-75.57966,40.09873],[-75.57673,40.10081],[-75.57688,40.10297]]]}},{"type":"Feature","properties":{"n":"Barrel Run","w":"stream","rank":3},"geometry":{"type":"MultiLineString","coordinates":[[[-75.37685,40.41733],[-75.38002,40.41738],[-75.38976,40.41865],[-75.3924,40.41939],[-75.39291,40.41984],[-75.39617,40.42004],[-75.40007,40.42129],[-75.40362,40.42176]]]}},{"type":"Feature","properties":{"n":"Gorgas Run","w":"stream","rank":3},"geometry":{"type":"MultiLineString","coordinates":[[[-75.21776,40.04357],[-75.21598,40.04264],[-75.21345,40.04343],[-75.21171,40.04313]]]}},{"type":"Feature","properties":{"n":"Tindey Run","w":"stream","rank":3},"geometry":{"type":"MultiLineString","coordinates":[[[-75.49958,40.18287],[-75.50369,40.18294],[-75.50539,40.18437],[-75.50718,40.18507],[-75.50941,40.1847],[-75.51159,40.18489],[-75.51342,40.18438],[-75.51676,40.18536],[-75.51917,40.18444]]]}},{"type":"Feature","properties":{"n":"Towamencin Creek","w":"river","rank":2},"geometry":{"type":"MultiLineString","coordinates":[[[-75.35159,40.22922],[-75.35276,40.22993],[-75.35424,40.22992],[-75.35526,40.23031],[-75.35742,40.22996],[-75.35768,40.22948]]]}},{"type":"Feature","properties":{"n":"Tannery Run","w":"stream","rank":3},"geometry":{"type":"MultiLineString","coordinates":[[[-75.18667,40.16457],[-75.18909,40.16394],[-75.19789,40.16326],[-75.2037,40.16241],[-75.20901,40.16258],[-75.21155,40.1616],[-75.21453,40.15865],[-75.21693,40.15705],[-75.22183,40.15495],[-75.22829,40.15277]]]}},{"type":"Feature","properties":{"n":"Lorraine Run","w":"stream","rank":3},"geometry":{"type":"MultiLineString","coordinates":[[[-75.25347,40.12888],[-75.25342,40.12728],[-75.25114,40.126],[-75.25109,40.12535],[-75.25025,40.12481],[-75.25049,40.12339],[-75.24732,40.12214],[-75.24681,40.12155],[-75.24698,40.11956],[-75.24787,40.11808],[-75.24766,40.11727],[-75.24863,40.11579],[-75.24783,40.11454],[-75.24643,40.11458],[-75.2433,40.11375],[-75.2407,40.11375],[-75.23824,40.11318],[-75.23606,40.11338],[-75.23575,40.11373],[-75.23001,40.11005],[-75.22601,40.10923],[-75.22536,40.10872],[-75.22531,40.10752],[-75.2237,40.10681],[-75.22417,40.1064]]]}},{"type":"Feature","properties":{"n":"Rose Valley Creek","w":"stream","rank":3},"geometry":{"type":"MultiLineString","coordinates":[[[-75.21517,40.16496],[-75.2172,40.16288],[-75.22021,40.16182],[-75.2216,40.15984],[-75.22477,40.15806]]]}},{"type":"Feature","properties":{"n":"MIne Run","w":"stream","rank":3},"geometry":{"type":"MultiLineString","coordinates":[[[-75.74964,40.17668],[-75.74217,40.17741],[-75.73635,40.1797],[-75.7344,40.18],[-75.73235,40.17968]]]}},{"type":"Feature","properties":{"n":"Wentz Run","w":"stream","rank":3},"geometry":{"type":"MultiLineString","coordinates":[[[-75.28087,40.1576],[-75.28308,40.15612],[-75.28472,40.15587],[-75.28678,40.15499],[-75.28748,40.15415],[-75.28964,40.15298],[-75.2918,40.15314],[-75.2943,40.1518]]]}},{"type":"Feature","properties":{"n":"Crossmans Run","w":"stream","rank":3},"geometry":{"type":"MultiLineString","coordinates":[[[-75.46653,40.14675],[-75.46318,40.14369],[-75.46265,40.14254],[-75.4604,40.14037],[-75.45954,40.13862],[-75.46277,40.13535],[-75.46406,40.13299],[-75.46662,40.13083],[-75.46766,40.12768]]]}},{"type":"Feature","properties":{"n":"Baptism Creek","w":"stream","rank":3},"geometry":{"type":"MultiLineString","coordinates":[[[-75.74714,40.21212],[-75.74869,40.21243],[-75.75155,40.21198],[-75.75515,40.21048],[-75.75688,40.20928],[-75.75877,40.20892],[-75.75991,40.2078],[-75.76149,40.20788],[-75.76258,40.20745],[-75.76288,40.2067],[-75.76412,40.20679],[-75.76635,40.20519],[-75.76757,40.2037],[-75.76693,40.20158]]]}},{"type":"Feature","properties":{"n":"Unami Creek","w":"river","rank":2},"geometry":{"type":"MultiLineString","coordinates":[[[-75.4515,40.32935],[-75.44929,40.32697],[-75.44905,40.3262],[-75.45239,40.32592],[-75.45573,40.32615],[-75.4575,40.32332],[-75.45814,40.32292],[-75.45981,40.32343],[-75.46124,40.32474],[-75.46318,40.32466],[-75.4672,40.32162]]]}},{"type":"Feature","properties":{"n":"South Branch French Creek","w":"river","rank":2},"geometry":{"type":"MultiLineString","coordinates":[[[-75.7166,40.15294],[-75.71598,40.15353],[-75.71443,40.15365],[-75.71464,40.15499],[-75.71295,40.15512],[-75.71263,40.15596],[-75.71136,40.15587],[-75.71034,40.15647],[-75.70921,40.15662],[-75.70791,40.15589],[-75.70712,40.15657],[-75.70696,40.15838],[-75.7043,40.15818],[-75.70189,40.15958],[-75.70162,40.16055],[-75.7009,40.16063],[-75.70062,40.16169],[-75.69996,40.16213],[-75.69917,40.16225],[-75.69832,40.16187],[-75.69751,40.16228],[-75.69713,40.16334],[-75.69643,40.16326],[-75.69646,40.16287],[-75.69464,40.16293],[-75.6933,40.16359],[-75.69374,40.16582],[-75.69286,40.16826],[-75.69157,40.16897],[-75.69522,40.17061]]]}},{"type":"Feature","properties":{"n":"Kitchens Lane","w":"stream","rank":3},"geometry":{"type":"MultiLineString","coordinates":[[[-75.2,40.0488],[-75.20163,40.04718],[-75.20246,40.04497],[-75.20515,40.04324],[-75.20542,40.04213],[-75.20655,40.0407],[-75.20559,40.03844],[-75.20345,40.03752],[-75.20307,40.03666],[-75.20209,40.0361]]]}},{"type":"Feature","properties":{"n":"Sunny Brook Creek","w":"stream","rank":3},"geometry":{"type":"MultiLineString","coordinates":[[[-75.1727,40.11241],[-75.1762,40.11209],[-75.17889,40.11232],[-75.18576,40.11173],[-75.18667,40.11203],[-75.18798,40.11324],[-75.18915,40.11351],[-75.1929,40.11236],[-75.19952,40.11277],[-75.20251,40.11222],[-75.20317,40.11169],[-75.20651,40.11065],[-75.21108,40.11256],[-75.21465,40.11124],[-75.21693,40.10983]]]}},{"type":"Feature","properties":{"n":"Marcus Hook Creek","w":"stream","rank":3},"geometry":{"type":"MultiLineString","coordinates":[[[-75.43866,39.8621],[-75.44005,39.86076],[-75.44024,39.85863],[-75.43956,39.85666],[-75.43788,39.85406],[-75.43467,39.85318],[-75.43246,39.85016],[-75.43452,39.84696],[-75.435,39.84695],[-75.4356,39.84524],[-75.43701,39.84464],[-75.43838,39.84321],[-75.43754,39.84204],[-75.43813,39.84057],[-75.43721,39.83918],[-75.43672,39.837],[-75.43634,39.83708],[-75.43501,39.83529],[-75.43164,39.83367],[-75.4311,39.83295],[-75.43012,39.83276],[-75.42799,39.83089],[-75.42391,39.83235],[-75.42126,39.83488],[-75.41953,39.83452],[-75.41827,39.83301],[-75.41558,39.83316],[-75.41365,39.83257],[-75.41283,39.8317],[-75.41069,39.83158],[-75.41015,39.83087],[-75.40965,39.83112],[-75.40788,39.83052],[-75.40826,39.82892],[-75.40942,39.82724],[-75.4083,39.82564],[-75.40991,39.82399],[-75.4101,39.82276],[-75.40931,39.82176],[-75.40917,39.81956],[-75.40426,39.81543],[-75.40308,39.81501],[-75.39546,39.80893]]]}},{"type":"Feature","properties":{"n":"Almonesson Creek","w":"stream","rank":3},"geometry":{"type":"MultiLineString","coordinates":[[[-75.11334,39.80203],[-75.11214,39.80233],[-75.11055,39.80337],[-75.10968,39.80505],[-75.10786,39.80705],[-75.10461,39.80835],[-75.1016,39.80842],[-75.09749,39.81304],[-75.0965,39.81692],[-75.09668,39.81932],[-75.0961,39.82037],[-75.09701,39.82447],[-75.09673,39.82548],[-75.09502,39.82748],[-75.09492,39.82966],[-75.0937,39.83121],[-75.09426,39.83223],[-75.09372,39.83413],[-75.09458,39.83456],[-75.09516,39.8363],[-75.09363,39.83889],[-75.09541,39.84529],[-75.09447,39.84607],[-75.09247,39.84666],[-75.09181,39.84811]]]}},{"type":"Feature","properties":{"n":"Aunt Debs Ditch","w":"canal","rank":3},"geometry":{"type":"MultiLineString","coordinates":[[[-75.31084,39.84057],[-75.31156,39.83996],[-75.3117,39.83924],[-75.31446,39.83785],[-75.32578,39.83456],[-75.33344,39.83495]]]}},{"type":"Feature","properties":{"n":"Baldwin Run","w":"stream","rank":3},"geometry":{"type":"MultiLineString","coordinates":[[[-75.4217,39.85999],[-75.42186,39.85956],[-75.42109,39.85876],[-75.42158,39.85625],[-75.42123,39.85459],[-75.42011,39.85273],[-75.41928,39.85272],[-75.41832,39.85369],[-75.41578,39.85347],[-75.41547,39.85419],[-75.41431,39.85451],[-75.41242,39.85415],[-75.41208,39.85294],[-75.41117,39.85283],[-75.40994,39.85366],[-75.40978,39.85443],[-75.40909,39.85436],[-75.40795,39.85494],[-75.40494,39.857],[-75.40061,39.85752],[-75.39967,39.85677],[-75.39982,39.85613],[-75.39672,39.85557],[-75.39631,39.85475]]]}},{"type":"Feature","properties":{"n":"Barton Run","w":"stream","rank":3},"geometry":{"type":"MultiLineString","coordinates":[[[-74.91778,39.86565],[-74.91362,39.86647],[-74.90816,39.86905],[-74.90566,39.86915],[-74.89963,39.86814],[-74.8991,39.86608],[-74.8959,39.86678],[-74.89318,39.86606],[-74.89186,39.8664],[-74.88737,39.86584],[-74.8847,39.86613],[-74.8829,39.8656],[-74.88286,39.86606],[-74.88218,39.86628],[-74.87992,39.86504],[-74.87845,39.86541],[-74.87664,39.86478],[-74.87541,39.86512],[-74.87459,39.86469],[-74.87212,39.86512],[-74.87042,39.86612],[-74.86973,39.86592],[-74.86953,39.8664],[-74.86769,39.86687],[-74.86703,39.86749],[-74.86656,39.86896],[-74.8651,39.87102],[-74.86524,39.8719],[-74.86408,39.87347],[-74.86417,39.87457],[-74.86271,39.87681],[-74.86175,39.87682],[-74.86204,39.87738],[-74.86173,39.87759],[-74.86008,39.8771],[-74.86002,39.87895],[-74.85912,39.87945],[-74.8598,39.87989],[-74.85975,39.88073],[-74.85863,39.88073],[-74.85882,39.8812],[-74.85969,39.88135],[-74.859,39.88208],[-74.85881,39.88325],[-74.85947,39.88336],[-74.8594,39.8838],[-74.85863,39.88458],[-74.85786,39.88438],[-74.85819,39.88506],[-74.85755,39.88511],[-74.85726,39.88557],[-74.85761,39.88583],[-74.85663,39.88622],[-74.85638,39.887],[-74.85577,39.8867],[-74.85574,39.8871],[-74.8549,39.88743],[-74.85391,39.88733],[-74.85353,39.88769],[-74.85373,39.88813],[-74.85273,39.88864],[-74.8529,39.88891],[-74.85191,39.88891],[-74.85205,39.88935],[-74.85131,39.88972],[-74.85085,39.88956],[-74.8507,39.89009]]]}},{"type":"Feature","properties":{"n":"Bear Swamp River","w":"stream","rank":3},"geometry":{"type":"MultiLineString","coordinates":[[[-74.72194,39.85894],[-74.72392,39.86133],[-74.72427,39.86295],[-74.72292,39.86401],[-74.72276,39.86493],[-74.72328,39.86576],[-74.72271,39.86633],[-74.72229,39.8683],[-74.721,39.86882],[-74.72016,39.87033],[-74.7186,39.87177],[-74.7187,39.87302],[-74.71962,39.87412],[-74.72159,39.8746],[-74.72451,39.87611],[-74.72569,39.87626],[-74.72667,39.87588],[-74.72784,39.87711],[-74.72956,39.87775],[-74.73059,39.87704],[-74.73247,39.87798],[-74.73294,39.8787],[-74.73374,39.87834],[-74.7365,39.87838],[-74.73812,39.87796],[-74.7399,39.87836],[-74.74161,39.87934],[-74.74348,39.87933],[-74.74786,39.88184],[-74.74952,39.88237],[-74.75105,39.88367],[-74.75559,39.8857],[-74.76004,39.88717],[-74.76327,39.88755],[-74.76869,39.88887],[-74.77171,39.89118],[-74.778,39.89298],[-74.77921,39.89433],[-74.7792,39.89594],[-74.7809,39.89748],[-74.78405,39.89796],[-74.78526,39.89872],[-74.78602,39.90069]]]}},{"type":"Feature","properties":{"n":"Beaver Brook","w":"stream","rank":3},"geometry":{"type":"MultiLineString","coordinates":[[[-75.05115,39.86101],[-75.05377,39.85805],[-75.05631,39.85686],[-75.05978,39.85764],[-75.06514,39.86072],[-75.06777,39.86033],[-75.06846,39.86102],[-75.07123,39.86091],[-75.07298,39.86201],[-75.07587,39.86182],[-75.07693,39.86093],[-75.07877,39.86037],[-75.08131,39.86084],[-75.08279,39.8605],[-75.08478,39.85849],[-75.08521,39.85723],[-75.08617,39.8571],[-75.08644,39.8548],[-75.08825,39.8536],[-75.08891,39.85343],[-75.08952,39.85398],[-75.09064,39.85358],[-75.0928,39.85374],[-75.09415,39.85441],[-75.0948,39.85541],[-75.09597,39.85504],[-75.09696,39.85323]]]}},{"type":"Feature","properties":{"n":"Beaverdam Creek","w":"stream","rank":3},"geometry":{"type":"MultiLineString","coordinates":[[[-74.71749,39.88816],[-74.72642,39.8916],[-74.72731,39.89258],[-74.72925,39.89302],[-74.73045,39.89384],[-74.7307,39.89512],[-74.73269,39.89628],[-74.73612,39.90033],[-74.73704,39.90084],[-74.73991,39.90488],[-74.74001,39.90577],[-74.7456,39.9096],[-74.74788,39.91179],[-74.74879,39.91449],[-74.75112,39.91657],[-74.75178,39.91862],[-74.7542,39.92148],[-74.75415,39.92285],[-74.75184,39.92371],[-74.75077,39.92503],[-74.75091,39.9276],[-74.75008,39.9286],[-74.74922,39.92892],[-74.74885,39.93131]]]}},{"type":"Feature","properties":{"n":"Bees Branch","w":"stream","rank":3},"geometry":{"type":"MultiLineString","coordinates":[[[-75.09276,39.77558],[-75.09339,39.77607],[-75.09615,39.77503],[-75.09913,39.77201],[-75.10122,39.77123],[-75.1034,39.77117],[-75.10651,39.77207],[-75.11234,39.77226],[-75.11489,39.77124],[-75.11712,39.7708],[-75.11901,39.77093],[-75.12013,39.77189],[-75.1212,39.77204],[-75.1231,39.77145],[-75.1281,39.76856],[-75.12982,39.76879]]]}},{"type":"Feature","properties":{"n":"Bethel Run","w":"stream","rank":3},"geometry":{"type":"MultiLineString","coordinates":[[[-75.08221,39.76254],[-75.08398,39.76231],[-75.08604,39.76325],[-75.08741,39.76258],[-75.08732,39.76385],[-75.08831,39.76492],[-75.09286,39.76406],[-75.09678,39.76458],[-75.09809,39.76374],[-75.09909,39.76225],[-75.10105,39.76102],[-75.1037,39.76065],[-75.10787,39.75917],[-75.10883,39.75931],[-75.1102,39.75891],[-75.11163,39.7596],[-75.11284,39.76145],[-75.11383,39.76158]]]}},{"type":"Feature","properties":{"n":"Big Timber Creek","w":"river","rank":2},"geometry":{"type":"MultiLineString","coordinates":[[[-75.08523,39.83692],[-75.08584,39.83704],[-75.08699,39.83846],[-75.08549,39.83957],[-75.08398,39.83997],[-75.08396,39.84114],[-75.08329,39.84216],[-75.08514,39.84447],[-75.08774,39.8449],[-75.08983,39.84752],[-75.09229,39.84841],[-75.09346,39.85101],[-75.09517,39.85268],[-75.09812,39.85369],[-75.10214,39.85615],[-75.10502,39.85677],[-75.10549,39.85764],[-75.10508,39.8593],[-75.10574,39.86006],[-75.11265,39.85943],[-75.11458,39.85988],[-75.11642,39.86266],[-75.12203,39.86638],[-75.1224,39.86912],[-75.12375,39.87244],[-75.12291,39.87277],[-75.1208,39.87193],[-75.12075,39.87296],[-75.12242,39.8739],[-75.12521,39.87416],[-75.12665,39.87473],[-75.13042,39.87657],[-75.13207,39.87814],[-75.13189,39.87852],[-75.12778,39.88025],[-75.1275,39.88122],[-75.12838,39.88251],[-75.12939,39.88332],[-75.13954,39.88797]],[[-75.11624,39.86247],[-75.11619,39.8636],[-75.11827,39.86592],[-75.11865,39.86944],[-75.12013,39.87083],[-75.12055,39.87199]]]}},{"type":"Feature","properties":{"n":"Black Lake Run","w":"stream","rank":3},"geometry":{"type":"MultiLineString","coordinates":[[[-74.97394,40.10991],[-74.974,40.10776],[-74.97187,40.1058],[-74.97101,40.1059],[-74.96785,40.10768],[-74.96553,40.10807]]]}},{"type":"Feature","properties":{"n":"Black Run","w":"stream","rank":3},"geometry":{"type":"MultiLineString","coordinates":[[[-74.89627,39.82882],[-74.89543,39.82911],[-74.89397,39.83238],[-74.89256,39.83322],[-74.89238,39.8343],[-74.89148,39.83521],[-74.89136,39.83765],[-74.89562,39.8413],[-74.89668,39.84284],[-74.89709,39.84536],[-74.89644,39.84599],[-74.89649,39.84706],[-74.89547,39.84896],[-74.89541,39.85003],[-74.89054,39.85755],[-74.89031,39.85894],[-74.88847,39.86123],[-74.88851,39.86201],[-74.88634,39.86237],[-74.88465,39.86338],[-74.88051,39.86389],[-74.879,39.86351],[-74.87431,39.86429],[-74.87342,39.86489]]]}},{"type":"Feature","properties":{"n":"Bobbys Run","w":"stream","rank":3},"geometry":{"type":"MultiLineString","coordinates":[[[-74.73642,39.95504],[-74.7383,39.95499],[-74.73965,39.95559],[-74.74233,39.95571],[-74.74424,39.95651],[-74.74578,39.95667],[-74.74697,39.95747],[-74.74995,39.95848],[-74.75305,39.9608],[-74.75395,39.96109],[-74.75509,39.96304],[-74.75875,39.96251],[-74.76264,39.96281],[-74.76807,39.96236],[-74.7742,39.9646],[-74.77575,39.96567],[-74.7769,39.96712],[-74.77899,39.96716],[-74.78124,39.96653],[-74.78572,39.96584],[-74.78869,39.96588],[-74.79026,39.96538],[-74.79165,39.9657],[-74.79274,39.96644],[-74.79879,39.96698],[-74.80264,39.96566],[-74.80377,39.96426],[-74.805,39.96371],[-74.80544,39.96285]]]}},{"type":"Feature","properties":{"n":"Bobbys Run","w":"canal","rank":3},"geometry":{"type":"MultiLineString","coordinates":[[[-74.72611,39.95467],[-74.73068,39.95521],[-74.73356,39.95522],[-74.73458,39.9548],[-74.73642,39.95504]]]}},{"type":"Feature","properties":{"n":"Boundary Creek","w":"stream","rank":3},"geometry":{"type":"MultiLineString","coordinates":[[[-74.92254,40.01153],[-74.92103,40.01054],[-74.91726,40.00966],[-74.91361,40.01041],[-74.91184,40.01012],[-74.90955,40.01214],[-74.90807,40.01214],[-74.90723,40.01257],[-74.90652,40.01206],[-74.90592,40.01302],[-74.90497,40.01315],[-74.90508,40.01411]]]}},{"type":"Feature","properties":{"n":"Bread and Cheese Run","w":"stream","rank":3},"geometry":{"type":"MultiLineString","coordinates":[[[-74.73356,39.84759],[-74.73247,39.84595],[-74.73162,39.84542],[-74.73006,39.8452],[-74.7282,39.84539],[-74.72548,39.84653],[-74.72476,39.84726],[-74.71974,39.84858],[-74.71699,39.85116],[-74.71174,39.85316],[-74.71065,39.85319],[-74.71035,39.85381],[-74.7075,39.85462],[-74.70631,39.85569],[-74.70453,39.85603],[-74.70404,39.85642],[-74.70434,39.85716],[-74.70374,39.85838],[-74.70076,39.85986],[-74.69851,39.86265]]]}},{"type":"Feature","properties":{"n":"Bull Run","w":"stream","rank":3},"geometry":{"type":"MultiLineString","coordinates":[[[-75.09535,39.78373],[-75.09323,39.78439],[-75.09296,39.78778],[-75.09081,39.79047],[-75.09141,39.79317],[-75.09026,39.79409],[-75.08411,39.79456],[-75.08176,39.79634],[-75.08025,39.79946],[-75.07754,39.80118],[-75.07608,39.80353],[-75.07491,39.8044]]]}},{"type":"Feature","properties":{"n":"Byberry Creek","w":"stream","rank":3},"geometry":{"type":"MultiLineString","coordinates":[[[-74.99712,40.11623],[-74.99393,40.11556],[-74.99073,40.11377],[-74.98943,40.11249],[-74.99012,40.11139],[-74.98931,40.11003],[-74.98966,40.10834],[-74.98713,40.10222],[-74.98785,40.09981],[-74.98675,40.09849],[-74.98659,40.0963],[-74.98472,40.09593],[-74.98374,40.0951],[-74.98232,40.09509],[-74.9814,40.09429],[-74.98151,40.09334],[-74.98225,40.09248],[-74.9824,40.09083],[-74.98136,40.08906],[-74.9815,40.0879],[-74.98086,40.08686],[-74.98085,40.08576],[-74.98254,40.08335],[-74.9826,40.0816],[-74.982,40.08102],[-74.98248,40.07801],[-74.98322,40.07637],[-74.98644,40.07289],[-74.98982,40.07271],[-74.99353,40.07193],[-74.99619,40.0668],[-74.9983,40.06638],[-74.99869,40.06598],[-74.99849,40.0638],[-74.99973,40.06247],[-74.99924,40.06151],[-74.99875,40.06148],[-74.99787,40.06187],[-74.99711,40.06175],[-74.99601,40.0624],[-74.99249,40.06254],[-74.9915,40.06422],[-74.9892,40.06449],[-74.98664,40.06565],[-74.98118,40.06527]]]}},{"type":"Feature","properties":{"n":"Chester Creek","w":"stream","rank":3},"geometry":{"type":"MultiLineString","coordinates":[[[-75.44222,39.89225],[-75.4403,39.89356],[-75.43964,39.89352],[-75.43846,39.89291],[-75.43778,39.89144],[-75.43469,39.89088],[-75.43355,39.89205],[-75.43284,39.89393],[-75.43227,39.89398],[-75.43121,39.89298],[-75.43135,39.89191],[-75.42961,39.88878],[-75.42953,39.88617],[-75.43032,39.88485],[-75.42955,39.88361],[-75.42814,39.88297],[-75.42728,39.88146],[-75.4276,39.87992],[-75.4234,39.87853],[-75.42069,39.87964],[-75.41802,39.87958],[-75.41746,39.87891],[-75.41929,39.87708],[-75.41806,39.87465],[-75.41652,39.87389],[-75.4132,39.87392],[-75.41304,39.87107],[-75.41073,39.86981],[-75.40797,39.869],[-75.40709,39.86619],[-75.4057,39.86567],[-75.40338,39.86606],[-75.40162,39.86555],[-75.39849,39.86566],[-75.3976,39.86531],[-75.39705,39.86415],[-75.3948,39.86241],[-75.39419,39.86124],[-75.39501,39.85931],[-75.39494,39.8573],[-75.39733,39.85369],[-75.39642,39.85094],[-75.39545,39.85053],[-75.39305,39.85052],[-75.39162,39.85081],[-75.39019,39.85189],[-75.38887,39.85169],[-75.38648,39.85008],[-75.38398,39.85075],[-75.3814,39.85025],[-75.37845,39.85446],[-75.37623,39.85587],[-75.37284,39.85442],[-75.37124,39.85245],[-75.37028,39.85215],[-75.36752,39.85195],[-75.36716,39.85384],[-75.36513,39.85446],[-75.36367,39.85361],[-75.36322,39.85244],[-75.36551,39.85094],[-75.3658,39.84972],[-75.36472,39.84944],[-75.36345,39.84977],[-75.3627,39.84924],[-75.36217,39.84826],[-75.36295,39.84652],[-75.36127,39.84584],[-75.3597,39.84453],[-75.35762,39.8406],[-75.35697,39.83811]]]}},{"type":"Feature","properties":{"n":"Waltons Run","w":"stream","rank":3},"geometry":{"type":"MultiLineString","coordinates":[[[-75.58364,39.93464],[-75.58351,39.93378],[-75.57996,39.93149],[-75.57934,39.93031],[-75.57898,39.92847],[-75.57993,39.92737]],[[-75.57998,39.9272],[-75.58025,39.92689],[-75.57975,39.92568],[-75.57843,39.92446],[-75.57582,39.92517],[-75.57455,39.92424],[-75.57315,39.92379],[-75.57262,39.92311],[-75.57202,39.92319],[-75.57098,39.92255],[-75.56793,39.92434],[-75.56742,39.92584],[-75.567,39.92578],[-75.56396,39.92787],[-75.56058,39.92926],[-75.55799,39.93187],[-75.55754,39.93151],[-75.55602,39.93171],[-75.55499,39.93276]]]}},{"type":"Feature","properties":{"n":"Chrome Run","w":"stream","rank":3},"geometry":{"type":"MultiLineString","coordinates":[[[-75.43226,39.9097],[-75.4318,39.90946],[-75.43212,39.90787],[-75.43109,39.90505],[-75.43062,39.90449],[-75.42908,39.90452],[-75.42754,39.90271],[-75.42574,39.90192],[-75.42519,39.90072],[-75.42545,39.89887],[-75.42511,39.89805],[-75.42381,39.89748],[-75.42324,39.89654],[-75.42317,39.89509],[-75.42143,39.89367],[-75.42233,39.89277],[-75.42213,39.8918],[-75.42302,39.89077],[-75.42274,39.88925],[-75.42553,39.88702],[-75.42692,39.88456],[-75.42681,39.88395],[-75.4276,39.8835],[-75.42738,39.88278],[-75.42795,39.88251]]]}},{"type":"Feature","properties":{"n":"Church Run","w":"stream","rank":3},"geometry":{"type":"MultiLineString","coordinates":[[[-75.31433,39.73007],[-75.31689,39.73141],[-75.31582,39.7347],[-75.31604,39.7353],[-75.31327,39.73946],[-75.30772,39.74369],[-75.30814,39.7455],[-75.30791,39.7466],[-75.30487,39.75049]]]}},{"type":"Feature","properties":{"n":"Clems Run","w":"stream","rank":3},"geometry":{"type":"MultiLineString","coordinates":[[[-75.16892,39.69988],[-75.17332,39.70101],[-75.17492,39.70224],[-75.18003,39.70375],[-75.18056,39.70424],[-75.18244,39.70439],[-75.18421,39.70514],[-75.18731,39.70539],[-75.18803,39.70582],[-75.18885,39.70723],[-75.191,39.7075],[-75.19222,39.70709],[-75.19489,39.70694],[-75.19684,39.70741],[-75.2006,39.70754]],[[-75.15727,39.69971],[-75.16016,39.70187],[-75.16458,39.70167],[-75.16568,39.70051],[-75.16752,39.69964]]]}},{"type":"Feature","properties":{"n":"Clonmell Creek","w":"river","rank":2},"geometry":{"type":"MultiLineString","coordinates":[[[-75.27364,39.8336],[-75.27456,39.83381],[-75.27522,39.83276],[-75.2757,39.83356],[-75.27692,39.834],[-75.27827,39.83529],[-75.28118,39.83549],[-75.28088,39.83685],[-75.2823,39.83709],[-75.28324,39.83809],[-75.28292,39.84052]]]}},{"type":"Feature","properties":{"n":"Clonmell Creek","w":"stream","rank":3},"geometry":{"type":"MultiLineString","coordinates":[[[-75.23923,39.80699],[-75.24106,39.80801],[-75.24817,39.81475],[-75.25213,39.8199],[-75.2543,39.82086],[-75.25521,39.82442],[-75.25749,39.82539],[-75.25914,39.82552],[-75.26028,39.82811],[-75.26194,39.82865],[-75.26205,39.8294],[-75.26361,39.83044],[-75.26476,39.83001],[-75.26535,39.83063],[-75.26684,39.83055],[-75.26861,39.83096],[-75.27314,39.83237],[-75.27313,39.83281]],[[-75.28292,39.84052],[-75.28334,39.84906]]]}},{"type":"Feature","properties":{"n":"Cold Water Run","w":"stream","rank":3},"geometry":{"type":"MultiLineString","coordinates":[[[-74.74875,39.85732],[-74.74551,39.85654],[-74.74445,39.85584],[-74.74154,39.85611],[-74.73885,39.85999],[-74.73893,39.86118],[-74.73758,39.8624],[-74.73783,39.86383],[-74.74017,39.86453],[-74.74201,39.86677],[-74.74188,39.86726],[-74.74382,39.86795],[-74.74475,39.87033],[-74.74424,39.87297],[-74.74513,39.87399],[-74.74556,39.87552],[-74.74403,39.87576],[-74.7452,39.87915],[-74.7472,39.88052],[-74.74769,39.88171]]]}},{"type":"Feature","properties":{"n":"Collen Brook","w":"stream","rank":3},"geometry":{"type":"MultiLineString","coordinates":[[[-75.31527,39.96038],[-75.31457,39.95869],[-75.31512,39.9569],[-75.31854,39.95544],[-75.31874,39.95381],[-75.3202,39.95335],[-75.32117,39.95171],[-75.32213,39.95118],[-75.32203,39.94909],[-75.32348,39.94797],[-75.32457,39.94473]]]}},{"type":"Feature","properties":{"n":"Cooper River","w":"stream","rank":3},"geometry":{"type":"MultiLineString","coordinates":[[[-74.97067,39.82286],[-74.97467,39.8258],[-74.98079,39.8275],[-74.98116,39.82849],[-74.9842,39.83173],[-74.98573,39.83414],[-74.99003,39.83441],[-74.99201,39.83506],[-74.99815,39.83547],[-75.0014,39.83608],[-75.00239,39.83808],[-75.00305,39.83821],[-75.00541,39.84101],[-75.00725,39.84188],[-75.00979,39.84411],[-75.01148,39.8475],[-75.01465,39.84924],[-75.01508,39.85023],[-75.01573,39.85045],[-75.01741,39.85243],[-75.01803,39.85555],[-75.01727,39.857],[-75.01542,39.85768],[-75.0165,39.85831],[-75.01594,39.85971],[-75.01497,39.86001],[-75.0146,39.86099],[-75.0129,39.86218],[-75.01312,39.86359],[-75.01267,39.86579],[-75.01406,39.86679],[-75.01418,39.8684],[-75.01587,39.86936],[-75.01672,39.87217],[-75.01647,39.87354],[-75.01772,39.87539],[-75.01717,39.87691],[-75.01966,39.87863],[-75.019,39.88006],[-75.01945,39.88143],[-75.02216,39.88258],[-75.02199,39.88314],[-75.02292,39.88403],[-75.02439,39.88403],[-75.02566,39.8848],[-75.02641,39.8854],[-75.02639,39.88656],[-75.02722,39.88736],[-75.02646,39.88944],[-75.02448,39.89072],[-75.02472,39.8928],[-75.02437,39.89515],[-75.02298,39.89628],[-75.02164,39.8965],[-75.02302,39.89981],[-75.02095,39.90076]],[[-75.03604,39.91608],[-75.04082,39.9165],[-75.0409,39.91754]]]}},{"type":"Feature","properties":{"n":"Cooper River","w":"river","rank":2},"geometry":{"type":"MultiLineString","coordinates":[[[-75.02156,39.90305],[-75.02278,39.90444],[-75.02437,39.90463],[-75.02697,39.90686],[-75.02642,39.91116],[-75.02772,39.91209],[-75.02851,39.91197],[-75.0298,39.91288],[-75.03149,39.91581],[-75.03321,39.91654],[-75.03463,39.91591],[-75.03604,39.91608],[-75.04018,39.91705],[-75.04179,39.91805],[-75.04299,39.91812],[-75.04483,39.92034],[-75.04836,39.92234],[-75.05542,39.92392],[-75.06091,39.92601],[-75.07803,39.92521],[-75.08384,39.92674],[-75.08692,39.92691],[-75.08736,39.92743],[-75.08736,39.92934],[-75.08594,39.9317],[-75.08653,39.9348],[-75.0885,39.93435],[-75.08939,39.93451],[-75.09,39.93501],[-75.09034,39.93647],[-75.09421,39.93715],[-75.09749,39.93945],[-75.09952,39.94026],[-75.10243,39.94045],[-75.10412,39.93905],[-75.10531,39.93868],[-75.10591,39.9389],[-75.10598,39.94036],[-75.10407,39.94496],[-75.10472,39.94568],[-75.10653,39.94552],[-75.10757,39.94591],[-75.1098,39.94892],[-75.11068,39.95285],[-75.11011,39.95498],[-75.11013,39.95846]]]}},{"type":"Feature","properties":{"n":"Cropwell Branch","w":"stream","rank":3},"geometry":{"type":"MultiLineString","coordinates":[[[-74.92272,39.89468],[-74.92376,39.89477],[-74.92728,39.89645],[-74.92966,39.89687],[-74.93583,39.89675],[-74.93845,39.8985],[-74.93862,39.90006],[-74.93989,39.90046],[-74.94509,39.89971],[-74.94762,39.90018],[-74.95037,39.89932]]]}},{"type":"Feature","properties":{"n":"Crum Run","w":"stream","rank":3},"geometry":{"type":"MultiLineString","coordinates":[[[-75.40581,39.89549],[-75.40647,39.89476],[-75.41117,39.89302],[-75.41286,39.8916],[-75.41275,39.89065],[-75.41354,39.88935],[-75.41564,39.88858],[-75.41735,39.88688],[-75.42028,39.88573],[-75.42173,39.8834],[-75.42088,39.88242],[-75.42123,39.88032],[-75.42069,39.87964]]]}},{"type":"Feature","properties":{"n":"Darby Creek","w":"river","rank":2},"geometry":{"type":"MultiLineString","coordinates":[[[-75.36307,39.99799],[-75.36289,39.99745],[-75.36085,39.99658],[-75.35991,39.99669],[-75.35988,39.99603],[-75.3582,39.99596],[-75.35758,39.99534],[-75.35642,39.9955],[-75.35395,39.99669],[-75.35031,39.99713],[-75.35133,39.99412],[-75.34814,39.9923],[-75.34367,39.9915],[-75.34302,39.99037],[-75.34309,39.98924],[-75.33878,39.98532],[-75.33756,39.98341],[-75.3375,39.98166],[-75.3359,39.98036],[-75.33671,39.97886],[-75.33598,39.97597],[-75.33674,39.9747],[-75.33823,39.97353],[-75.33838,39.97246],[-75.3364,39.97004],[-75.33343,39.96828],[-75.33393,39.96652],[-75.33299,39.96336],[-75.33337,39.96246],[-75.33271,39.95864],[-75.33427,39.95732],[-75.33541,39.95524],[-75.3325,39.95334],[-75.33106,39.95123],[-75.33103,39.94964],[-75.32928,39.94956],[-75.3281,39.94896],[-75.32847,39.94646],[-75.32793,39.94515],[-75.32687,39.94477],[-75.32223,39.9446],[-75.31953,39.94287],[-75.31713,39.94307],[-75.31623,39.94341],[-75.31572,39.94409],[-75.31402,39.94446],[-75.3132,39.94344],[-75.31089,39.94264],[-75.30845,39.94094],[-75.30697,39.93913],[-75.30712,39.93791],[-75.30575,39.93832],[-75.30491,39.93978],[-75.30318,39.94024],[-75.30178,39.93938],[-75.30146,39.93674],[-75.2995,39.93429],[-75.29604,39.93471],[-75.29467,39.93438],[-75.29385,39.93278],[-75.29234,39.93218],[-75.2874,39.93538],[-75.28535,39.93551],[-75.28437,39.93506],[-75.28358,39.93168],[-75.2822,39.93026],[-75.28071,39.93111],[-75.27987,39.93301],[-75.27889,39.93381],[-75.27694,39.93485],[-75.27516,39.93488],[-75.27574,39.93302],[-75.27532,39.9328],[-75.27479,39.93312],[-75.27328,39.93216],[-75.27295,39.93059],[-75.2715,39.92787],[-75.27217,39.92666],[-75.2683,39.92248],[-75.26801,39.92158],[-75.26702,39.92112],[-75.26711,39.9199],[-75.26456,39.91869],[-75.26332,39.91869],[-75.26226,39.91748],[-75.25974,39.91672],[-75.25851,39.9157],[-75.26,39.91438],[-75.26038,39.91266],[-75.26023,39.90966],[-75.25881,39.9095],[-75.25577,39.91007],[-75.25488,39.90847],[-75.25486,39.9078],[-75.25575,39.90672],[-75.25511,39.9054],[-75.25585,39.90393],[-75.25741,39.90256],[-75.25522,39.89896],[-75.25731,39.89589],[-75.25681,39.89472],[-75.25896,39.89253],[-75.26164,39.89182],[-75.26214,39.88865],[-75.26463,39.88815],[-75.26505,39.88729],[-75.26464,39.88612],[-75.26527,39.88496],[-75.26646,39.88344],[-75.26954,39.8811],[-75.27068,39.88047],[-75.2727,39.88005],[-75.27636,39.88075],[-75.27932,39.88083],[-75.28213,39.88177],[-75.28716,39.88127],[-75.28839,39.88086],[-75.2942,39.87721],[-75.29838,39.87686],[-75.30048,39.87739],[-75.30464,39.87646],[-75.30761,39.87349],[-75.31347,39.87006],[-75.31437,39.86876],[-75.31328,39.86567],[-75.31373,39.86284],[-75.31316,39.86052],[-75.31074,39.8569]]]}},{"type":"Feature","properties":{"n":"Dicks Run","w":"stream","rank":3},"geometry":{"type":"MultiLineString","coordinates":[[[-75.37788,39.91464],[-75.37795,39.91406],[-75.37718,39.91329],[-75.37603,39.9134],[-75.37498,39.91275],[-75.37295,39.90969],[-75.37273,39.9086],[-75.37144,39.90751],[-75.37068,39.90751],[-75.36983,39.90676],[-75.37,39.90627],[-75.3688,39.90561],[-75.36799,39.9044],[-75.36665,39.90378],[-75.36363,39.89938],[-75.35979,39.8989],[-75.35815,39.89616],[-75.3577,39.89403]]]}},{"type":"Feature","properties":{"n":"Duffield Run","w":"stream","rank":3},"geometry":{"type":"MultiLineString","coordinates":[[[-75.06313,39.7246],[-75.0643,39.72422],[-75.06521,39.72441],[-75.06962,39.72397],[-75.07119,39.72533],[-75.07194,39.7267],[-75.07547,39.7273],[-75.07801,39.72706],[-75.0788,39.72793],[-75.08031,39.72791],[-75.08566,39.73071],[-75.08975,39.73051],[-75.09257,39.72985],[-75.09704,39.73189],[-75.09862,39.73158],[-75.10141,39.73241],[-75.10292,39.73168],[-75.10352,39.73177],[-75.1042,39.73311],[-75.10576,39.73427],[-75.10907,39.73564],[-75.11272,39.73532]]]}},{"type":"Feature","properties":{"n":"Dutton Run","w":"stream","rank":3},"geometry":{"type":"MultiLineString","coordinates":[[[-75.42851,39.857],[-75.42876,39.85517],[-75.42767,39.85332],[-75.42633,39.85225],[-75.42481,39.8519],[-75.42206,39.85251],[-75.42009,39.85235],[-75.41928,39.85272]]]}},{"type":"Feature","properties":{"n":"East Branch Chester Creek","w":"stream","rank":3},"geometry":{"type":"MultiLineString","coordinates":[[[-75.59113,40.01069],[-75.5921,40.00969],[-75.59197,40.00823],[-75.59512,40.00726],[-75.59641,40.00637],[-75.59485,40.00425],[-75.59512,40.00246],[-75.59464,40.00125],[-75.59548,39.99974],[-75.59381,39.99796],[-75.59391,39.99695],[-75.59289,39.99511],[-75.59031,39.99356],[-75.59098,39.9925],[-75.59054,39.99029],[-75.58981,39.98905],[-75.58875,39.98834],[-75.58772,39.98491],[-75.58732,39.9846],[-75.58295,39.98466],[-75.57983,39.98393],[-75.57216,39.98483],[-75.57046,39.98543],[-75.56921,39.98476],[-75.56588,39.98437],[-75.56298,39.98501],[-75.56075,39.98148],[-75.55993,39.98131],[-75.55594,39.98257],[-75.55362,39.97891],[-75.55234,39.97869],[-75.55139,39.97614],[-75.55125,39.97404],[-75.55,39.97321],[-75.54796,39.97279],[-75.5477,39.97184],[-75.54353,39.96757],[-75.54334,39.96622],[-75.54432,39.96604],[-75.545,39.96526],[-75.54598,39.96215],[-75.5453,39.9599],[-75.54549,39.95908],[-75.54644,39.95801],[-75.54898,39.9576],[-75.55142,39.95564],[-75.55104,39.95484],[-75.54822,39.95378],[-75.54822,39.95243],[-75.54943,39.95194],[-75.54953,39.95147],[-75.54861,39.95047],[-75.54693,39.95035],[-75.54736,39.94893],[-75.54648,39.94801],[-75.54575,39.94803],[-75.54603,39.94733],[-75.54456,39.94579],[-75.54364,39.94565],[-75.54369,39.94493],[-75.54289,39.9445],[-75.54326,39.94412],[-75.54252,39.9438],[-75.54234,39.94297],[-75.54055,39.94132],[-75.5408,39.94061],[-75.54142,39.94032],[-75.5416,39.93836],[-75.5411,39.93592],[-75.54307,39.93221],[-75.5427,39.93118],[-75.54148,39.93096],[-75.54059,39.93163],[-75.5391,39.93176],[-75.53858,39.93102],[-75.53512,39.93021],[-75.53057,39.92851],[-75.52307,39.9295],[-75.52282,39.9306],[-75.5221,39.93084],[-75.52141,39.93173],[-75.5186,39.93147],[-75.51743,39.93208],[-75.5172,39.93274],[-75.51625,39.93257],[-75.5159,39.93188],[-75.51291,39.9317],[-75.51123,39.93229],[-75.50826,39.93108],[-75.50035,39.93058],[-75.49911,39.93],[-75.49667,39.93021],[-75.49592,39.92853],[-75.49474,39.92725],[-75.49352,39.92685],[-75.49237,39.92336],[-75.49178,39.92305],[-75.49173,39.92157],[-75.49113,39.92157],[-75.49105,39.92083],[-75.49037,39.92034],[-75.48927,39.92095],[-75.48934,39.91854],[-75.4869,39.91648],[-75.48293,39.91559],[-75.48191,39.91474],[-75.48297,39.91394],[-75.48297,39.91351],[-75.48249,39.9129],[-75.48081,39.91291],[-75.48043,39.91169],[-75.48092,39.90889],[-75.48016,39.90781],[-75.47948,39.90759],[-75.47684,39.90812],[-75.47613,39.90739],[-75.47686,39.90626],[-75.47457,39.90633],[-75.47187,39.90492],[-75.47105,39.90381],[-75.47056,39.90126],[-75.47011,39.90087],[-75.46895,39.90136],[-75.46962,39.90272],[-75.46912,39.90287],[-75.46845,39.9025],[-75.46721,39.90384],[-75.46618,39.90371],[-75.46481,39.90239],[-75.46182,39.90174],[-75.46039,39.90029],[-75.45815,39.90189],[-75.45761,39.89945],[-75.45632,39.89925],[-75.45336,39.89617],[-75.45164,39.89562],[-75.45115,39.89459],[-75.45009,39.89379],[-75.45055,39.893],[-75.45024,39.89245],[-75.44923,39.89237],[-75.44737,39.893],[-75.44222,39.89225]]]}},{"type":"Feature","properties":{"n":"East Branch Naamans Creek","w":"stream","rank":3},"geometry":{"type":"MultiLineString","coordinates":[[[-75.46733,39.86239],[-75.46582,39.86137],[-75.46541,39.86011],[-75.46448,39.85907],[-75.46219,39.85803],[-75.45983,39.85503],[-75.4596,39.85315],[-75.45844,39.85129],[-75.45578,39.84972],[-75.45414,39.8477]],[[-75.45406,39.84742],[-75.45352,39.84567],[-75.45264,39.84464],[-75.45168,39.84456],[-75.45107,39.84382],[-75.45053,39.84374],[-75.45058,39.84323],[-75.44982,39.84296],[-75.44978,39.84236],[-75.44826,39.84097],[-75.44846,39.8389],[-75.44751,39.8386],[-75.44772,39.83812],[-75.44713,39.83794],[-75.44735,39.83755],[-75.44672,39.83655],[-75.44706,39.83611],[-75.44779,39.83626],[-75.44885,39.83555],[-75.4475,39.83416],[-75.44848,39.83244],[-75.44804,39.83031],[-75.44751,39.8302],[-75.44717,39.82944],[-75.44738,39.82843],[-75.44661,39.82783],[-75.4461,39.82587],[-75.44553,39.8253],[-75.44557,39.82408],[-75.44471,39.82371],[-75.44575,39.82294],[-75.44603,39.82081],[-75.44749,39.82008]]]}},{"type":"Feature","properties":{"n":"Edwards Run","w":"stream","rank":3},"geometry":{"type":"MultiLineString","coordinates":[[[-75.16436,39.73955],[-75.16759,39.74025],[-75.16904,39.73903],[-75.17116,39.73911],[-75.17171,39.73879],[-75.17633,39.73919],[-75.17738,39.73955],[-75.17893,39.7412],[-75.18039,39.74172],[-75.18161,39.74172],[-75.18279,39.74226],[-75.18443,39.74188],[-75.19041,39.74241],[-75.19393,39.74541],[-75.19506,39.74688],[-75.19514,39.74794],[-75.19129,39.75168],[-75.19173,39.75268],[-75.19086,39.7536],[-75.19096,39.75533],[-75.19005,39.7576],[-75.19093,39.75958],[-75.18927,39.76563],[-75.19013,39.7681],[-75.19167,39.76972],[-75.19241,39.77161],[-75.19586,39.77492],[-75.19573,39.77605],[-75.19685,39.77742],[-75.19662,39.77858],[-75.19776,39.77958],[-75.19689,39.78269],[-75.19875,39.78351],[-75.19845,39.78438],[-75.19749,39.78483],[-75.19792,39.78591],[-75.19708,39.78703],[-75.19733,39.78801],[-75.20051,39.78836],[-75.20108,39.78979],[-75.20227,39.79076],[-75.20225,39.7919],[-75.20276,39.79241],[-75.20513,39.79182],[-75.20583,39.79207],[-75.2083,39.79624],[-75.20955,39.79708],[-75.20881,39.79786],[-75.20919,39.7983],[-75.20725,39.79964],[-75.20692,39.80039],[-75.20737,39.80322],[-75.20827,39.80459],[-75.20727,39.80555],[-75.20365,39.80604],[-75.20277,39.80656],[-75.202,39.80629]]]}},{"type":"Feature","properties":{"n":"Farrows Run","w":"stream","rank":3},"geometry":{"type":"MultiLineString","coordinates":[[[-75.04938,39.79285],[-75.05141,39.79751],[-75.05422,39.79745],[-75.05937,39.796],[-75.06146,39.79657],[-75.06274,39.798],[-75.06434,39.79895],[-75.06715,39.79928],[-75.07072,39.79787],[-75.07251,39.79755],[-75.07399,39.7979],[-75.07442,39.79753]]]}},{"type":"Feature","properties":{"n":"Frankford Creek","w":"river","rank":2},"geometry":{"type":"MultiLineString","coordinates":[[[-75.10434,40.02336],[-75.1032,40.02136],[-75.1037,40.01958],[-75.10513,40.01934],[-75.1069,40.01831],[-75.10751,40.01709],[-75.10696,40.01648],[-75.1061,40.0163],[-75.10267,40.01598],[-75.09876,40.01634],[-75.09582,40.01576],[-75.09428,40.01464],[-75.09347,40.01318],[-75.09495,40.01051]],[[-75.09459,40.00928],[-75.09221,40.00753],[-75.09279,40.00569],[-75.09191,40.00485],[-75.08904,40.00375],[-75.08807,40.00299],[-75.087,39.9995],[-75.08304,39.99614],[-75.07853,39.99111],[-75.06759,39.98316]]]}},{"type":"Feature","properties":{"n":"Frankford Creek","w":"stream","rank":3},"geometry":{"type":"MultiLineString","coordinates":[[[-75.11105,40.03402],[-75.1109,40.02917],[-75.11163,40.02811],[-75.11276,40.02762],[-75.11271,40.02617],[-75.11133,40.02555],[-75.11153,40.02435],[-75.11087,40.02252],[-75.10922,40.02217],[-75.10708,40.02326],[-75.10569,40.02294],[-75.10491,40.02356],[-75.10434,40.02336]]]}},{"type":"Feature","properties":{"n":"Friendship Creek","w":"stream","rank":3},"geometry":{"type":"MultiLineString","coordinates":[[[-74.6993,39.88004],[-74.70215,39.88042],[-74.70227,39.88105],[-74.7047,39.8822],[-74.70446,39.88248],[-74.70503,39.88282],[-74.70469,39.88339],[-74.70565,39.8829],[-74.70608,39.88348],[-74.70668,39.88331],[-74.70681,39.88672],[-74.70817,39.88855],[-74.70786,39.89005],[-74.70986,39.89179],[-74.71032,39.89479],[-74.70962,39.89558],[-74.71029,39.89653],[-74.71036,39.90024],[-74.70969,39.90173],[-74.70967,39.90433],[-74.70929,39.90411],[-74.70902,39.90478],[-74.70951,39.90526],[-74.71043,39.90539],[-74.71098,39.90615],[-74.71042,39.90644],[-74.71085,39.90764],[-74.71046,39.90761],[-74.71024,39.90807],[-74.71055,39.90859],[-74.71015,39.90843],[-74.70973,39.90879],[-74.71017,39.90988],[-74.70961,39.91036],[-74.71016,39.91066],[-74.70995,39.91096],[-74.71075,39.91099],[-74.71117,39.91187],[-74.71232,39.91224],[-74.71204,39.91263],[-74.71322,39.91268],[-74.71323,39.91336],[-74.71281,39.91337],[-74.71232,39.91459],[-74.713,39.91458],[-74.71391,39.91528],[-74.71426,39.917],[-74.71482,39.91732],[-74.7143,39.91876],[-74.71455,39.92048],[-74.71419,39.92071],[-74.71467,39.92124],[-74.71385,39.92206]]]}},{"type":"Feature","properties":{"n":"Friendship Creek Branch","w":"stream","rank":3},"geometry":{"type":"MultiLineString","coordinates":[[[-74.70247,39.90115],[-74.70839,39.89537],[-74.70717,39.89262],[-74.7057,39.89229],[-74.70571,39.89176],[-74.70328,39.89143],[-74.70363,39.88895],[-74.70507,39.88936],[-74.70552,39.88914],[-74.70531,39.8862],[-74.70276,39.88442],[-74.70143,39.88429],[-74.70105,39.88381],[-74.70146,39.88311],[-74.70037,39.88343],[-74.69969,39.88307]]]}},{"type":"Feature","properties":{"n":"Friendship Creek Branch","w":"canal","rank":3},"geometry":{"type":"MultiLineString","coordinates":[[[-74.6981,39.90167],[-74.70113,39.90155],[-74.70247,39.90115]]]}},{"type":"Feature","properties":{"n":"Grand Sprute Run","w":"stream","rank":3},"geometry":{"type":"MultiLineString","coordinates":[[[-75.31476,39.76788],[-75.31621,39.7676],[-75.31758,39.76658],[-75.32132,39.76703],[-75.32365,39.76635],[-75.32772,39.76267],[-75.32921,39.76226],[-75.33211,39.76033],[-75.3331,39.76013],[-75.33367,39.75924]]]}},{"type":"Feature","properties":{"n":"Gravelly Run","w":"stream","rank":3},"geometry":{"type":"MultiLineString","coordinates":[[[-75.02784,39.84616],[-75.02836,39.84623],[-75.02951,39.84525],[-75.03355,39.84407],[-75.03649,39.84429],[-75.03878,39.84555],[-75.04166,39.84544],[-75.04708,39.84603],[-75.04968,39.84507],[-75.05367,39.8444]]]}},{"type":"Feature","properties":{"n":"Green Creek","w":"stream","rank":3},"geometry":{"type":"MultiLineString","coordinates":[[[-75.49493,39.84912],[-75.49477,39.85077],[-75.49326,39.85204],[-75.49102,39.85201],[-75.48996,39.85275],[-75.48744,39.85298],[-75.48663,39.85353],[-75.48581,39.8556],[-75.48509,39.85583],[-75.48508,39.85761],[-75.4845,39.85905],[-75.4815,39.86084],[-75.48176,39.86145],[-75.4813,39.86184],[-75.48094,39.86175],[-75.47862,39.86323],[-75.47683,39.86568],[-75.47593,39.86601],[-75.47552,39.86692],[-75.47463,39.86728],[-75.4727,39.86911],[-75.47279,39.87002],[-75.47056,39.87341],[-75.46877,39.87402],[-75.46842,39.875],[-75.46779,39.87511],[-75.46685,39.87608]]]}},{"type":"Feature","properties":{"n":"Haney Run Branch","w":"stream","rank":3},"geometry":{"type":"MultiLineString","coordinates":[[[-74.95451,39.82745],[-74.95718,39.82984],[-74.95841,39.83163],[-74.96105,39.83208],[-74.96378,39.83371]]]}},{"type":"Feature","properties":{"n":"Haynes Creek","w":"stream","rank":3},"geometry":{"type":"MultiLineString","coordinates":[[[-74.87647,39.80315],[-74.87569,39.80395],[-74.87459,39.80423],[-74.87008,39.80389],[-74.86681,39.80508],[-74.86119,39.80542],[-74.85896,39.80771],[-74.85822,39.80991],[-74.8528,39.81313],[-74.85129,39.8155],[-74.85008,39.81614],[-74.85005,39.81695],[-74.84929,39.81796],[-74.84978,39.81872],[-74.84958,39.81923],[-74.84771,39.82053],[-74.84808,39.82129],[-74.84678,39.8225],[-74.84685,39.82334],[-74.84583,39.82443],[-74.84552,39.82573],[-74.84663,39.82629],[-74.84642,39.82662],[-74.84693,39.82735],[-74.84765,39.8274],[-74.84877,39.82834],[-74.8488,39.8306],[-74.84759,39.83264],[-74.84889,39.83538],[-74.84868,39.83852],[-74.84978,39.84425],[-74.84938,39.84599],[-74.85022,39.84725],[-74.85198,39.84836],[-74.85234,39.8501],[-74.85414,39.8522],[-74.8541,39.85326],[-74.85291,39.85551],[-74.85343,39.85733],[-74.85293,39.86015],[-74.8521,39.86212],[-74.8492,39.86457],[-74.84822,39.86659],[-74.84731,39.86707],[-74.84626,39.86639],[-74.84566,39.86693],[-74.84468,39.86711],[-74.84325,39.86692],[-74.84055,39.86819],[-74.8385,39.86845],[-74.83828,39.86943],[-74.83712,39.86926],[-74.83804,39.87025],[-74.83725,39.87015],[-74.83706,39.87087],[-74.83538,39.87132],[-74.83435,39.87402],[-74.83559,39.87563],[-74.83508,39.87696],[-74.8352,39.88048],[-74.83304,39.88244],[-74.83162,39.88505],[-74.83174,39.88616],[-74.83077,39.88755],[-74.83222,39.88818],[-74.83122,39.88874],[-74.83246,39.89033],[-74.83197,39.89041],[-74.83174,39.891],[-74.83051,39.89121],[-74.83032,39.89171]]]}},{"type":"Feature","properties":{"n":"Hermesprota Creek","w":"stream","rank":3},"geometry":{"type":"MultiLineString","coordinates":[[[-75.28704,39.90904],[-75.28627,39.90884],[-75.28514,39.90747],[-75.28414,39.90713],[-75.28258,39.9047],[-75.28127,39.90369],[-75.27649,39.90396],[-75.27458,39.90317],[-75.27324,39.90181],[-75.27184,39.90146],[-75.27023,39.8988],[-75.2687,39.89865],[-75.26828,39.89752],[-75.26859,39.89666],[-75.26732,39.89531],[-75.26821,39.89358],[-75.26766,39.89154],[-75.26817,39.89002],[-75.26734,39.88879],[-75.26777,39.88726],[-75.26905,39.88685],[-75.26987,39.88613],[-75.27186,39.88558],[-75.27372,39.88427],[-75.27501,39.88422],[-75.27553,39.88355],[-75.27658,39.88345],[-75.27746,39.88269],[-75.27839,39.88268],[-75.28057,39.88114]]]}},{"type":"Feature","properties":{"n":"Hessian Run","w":"stream","rank":3},"geometry":{"type":"MultiLineString","coordinates":[[[-75.14561,39.85698],[-75.15142,39.85781],[-75.15404,39.85644],[-75.15567,39.85629],[-75.16075,39.85686],[-75.16429,39.85671],[-75.16592,39.85629],[-75.16705,39.85653],[-75.16741,39.85614],[-75.17032,39.85715],[-75.1713,39.85709],[-75.17246,39.85771],[-75.17416,39.85744],[-75.17887,39.85796],[-75.17975,39.85614]]]}},{"type":"Feature","properties":{"n":"Hesters Branch","w":"stream","rank":3},"geometry":{"type":"MultiLineString","coordinates":[[[-75.14025,39.813],[-75.14157,39.81474],[-75.14353,39.8152],[-75.14471,39.81604],[-75.14619,39.81584],[-75.14713,39.81611],[-75.14767,39.81851],[-75.1488,39.81981],[-75.14789,39.82078],[-75.14844,39.82331],[-75.14882,39.82334],[-75.14938,39.82487],[-75.15031,39.82588],[-75.15035,39.82727],[-75.15143,39.82838],[-75.15104,39.83],[-75.14945,39.83049],[-75.14838,39.83161],[-75.14809,39.83235],[-75.14882,39.83404],[-75.1469,39.83602],[-75.14566,39.83826],[-75.14659,39.84126]]]}},{"type":"Feature","properties":{"n":"Holly Run","w":"canal","rank":3},"geometry":{"type":"MultiLineString","coordinates":[[[-75.01716,39.7812],[-75.01864,39.78263],[-75.02157,39.78427]],[[-75.02175,39.78437],[-75.02405,39.78511],[-75.02577,39.78502]]]}},{"type":"Feature","properties":{"n":"Holly Run","w":"stream","rank":3},"geometry":{"type":"MultiLineString","coordinates":[[[-75.02577,39.78502],[-75.02805,39.78535],[-75.02954,39.78501],[-75.03049,39.78533],[-75.0332,39.78724],[-75.03405,39.78928],[-75.03555,39.78974],[-75.03678,39.78969],[-75.03987,39.78844],[-75.0418,39.78717],[-75.04469,39.7844],[-75.04771,39.78259],[-75.04828,39.78185],[-75.04836,39.78048],[-75.05061,39.77956]]]}},{"type":"Feature","properties":{"n":"Hotland Run","w":"stream","rank":3},"geometry":{"type":"MultiLineString","coordinates":[[[-75.35937,39.94734],[-75.36126,39.94573],[-75.36138,39.94456],[-75.36277,39.94234],[-75.3645,39.94098],[-75.36577,39.93762],[-75.36843,39.93673],[-75.37053,39.937]]]}},{"type":"Feature","properties":{"n":"Hunter Run","w":"stream","rank":3},"geometry":{"type":"MultiLineString","coordinates":[[[-75.39832,39.97791],[-75.39945,39.97698],[-75.401,39.97344],[-75.40396,39.97234],[-75.40465,39.97003],[-75.40527,39.96996],[-75.40524,39.96933],[-75.40636,39.96761],[-75.40805,39.96609],[-75.40774,39.96552]]]}},{"type":"Feature","properties":{"n":"Huntingdon Valley Creek","w":"stream","rank":3},"geometry":{"type":"MultiLineString","coordinates":[[[-75.04694,40.14838],[-75.04536,40.14702],[-75.04368,40.14644],[-75.04239,40.14716],[-75.0425,40.14653],[-75.04127,40.14578],[-75.0403,40.14292],[-75.03876,40.14142],[-75.03989,40.1385],[-75.04106,40.13753],[-75.04237,40.13543],[-75.04272,40.13353],[-75.04384,40.13197],[-75.04475,40.13088],[-75.04545,40.13106],[-75.04714,40.13012],[-75.0477,40.1288],[-75.04805,40.12893],[-75.0488,40.12821],[-75.0492,40.1257],[-75.05035,40.12458],[-75.05166,40.12132],[-75.06195,40.11916],[-75.06283,40.11927],[-75.06694,40.11722],[-75.06955,40.1174]]]}},{"type":"Feature","properties":{"n":"Jade Run","w":"stream","rank":3},"geometry":{"type":"MultiLineString","coordinates":[[[-74.67999,39.93264],[-74.68361,39.93343],[-74.6849,39.93449],[-74.68897,39.93545],[-74.69637,39.93853],[-74.69792,39.93866],[-74.70054,39.93722],[-74.70373,39.93709],[-74.70459,39.93864],[-74.70454,39.93973],[-74.70727,39.94044],[-74.70698,39.94167],[-74.70579,39.94286],[-74.70861,39.944],[-74.71057,39.94398],[-74.71203,39.9433],[-74.71278,39.9436],[-74.71471,39.94214],[-74.71707,39.94263],[-74.71912,39.94206],[-74.71944,39.94163],[-74.72022,39.94189],[-74.72038,39.9426],[-74.72109,39.94252],[-74.72177,39.94119],[-74.72445,39.94261],[-74.72748,39.94217],[-74.72871,39.94243],[-74.73022,39.94064],[-74.73146,39.94062],[-74.73182,39.94138],[-74.73268,39.94124],[-74.73333,39.93942],[-74.73395,39.93934],[-74.73585,39.93791],[-74.73726,39.9379],[-74.73738,39.93758],[-74.74082,39.93651],[-74.74194,39.93641],[-74.74217,39.93681],[-74.7439,39.93609],[-74.74505,39.93753],[-74.74728,39.93711],[-74.74954,39.93894],[-74.75216,39.93862]]]}},{"type":"Feature","properties":{"n":"Jenkintown Creek","w":"stream","rank":3},"geometry":{"type":"MultiLineString","coordinates":[[[-75.11887,40.09507],[-75.11477,40.09271],[-75.11468,40.09234],[-75.11549,40.09188],[-75.11523,40.09142],[-75.11556,40.09094],[-75.11404,40.08929],[-75.11437,40.08845],[-75.11294,40.08615],[-75.11324,40.0857],[-75.11226,40.08531],[-75.11159,40.08442],[-75.11198,40.08426],[-75.11128,40.08332],[-75.11163,40.08316],[-75.11075,40.0812],[-75.11099,40.07962],[-75.10982,40.07932],[-75.10813,40.07779],[-75.10765,40.07489],[-75.10797,40.07434],[-75.10726,40.07386],[-75.10777,40.07333],[-75.1078,40.07246],[-75.10643,40.07082],[-75.10548,40.06789],[-75.10486,40.06784],[-75.10457,40.06739],[-75.10511,40.06705],[-75.10533,40.06528]]]}},{"type":"Feature","properties":{"n":"Kendles Run","w":"stream","rank":3},"geometry":{"type":"MultiLineString","coordinates":[[[-74.91074,39.99149],[-74.9088,39.9946],[-74.9092,39.99656],[-74.90855,39.99795],[-74.907,39.99953],[-74.90547,40.0003],[-74.90379,40.00217],[-74.90275,40.0022],[-74.9021,40.00294],[-74.89835,40.00405],[-74.89619,40.00657],[-74.89647,40.00811],[-74.89434,40.00936]]]}},{"type":"Feature","properties":{"n":"Kettle Run","w":"stream","rank":3},"geometry":{"type":"MultiLineString","coordinates":[[[-74.9124,39.81091],[-74.911,39.81017],[-74.90818,39.81019],[-74.90649,39.8091],[-74.90352,39.80809],[-74.89891,39.80362],[-74.8982,39.8036],[-74.8976,39.80482],[-74.89671,39.80506],[-74.8945,39.80366],[-74.89156,39.80256],[-74.88876,39.80221],[-74.8853,39.80255],[-74.88187,39.80417],[-74.88143,39.80537],[-74.88064,39.8056],[-74.88012,39.80517],[-74.87968,39.80542],[-74.88012,39.80634],[-74.87912,39.80695],[-74.87341,39.80797],[-74.87295,39.8095],[-74.86884,39.81148],[-74.86721,39.81276],[-74.8662,39.81298],[-74.86563,39.81359],[-74.8658,39.81498],[-74.86507,39.81537],[-74.86522,39.81628],[-74.86363,39.81656],[-74.86085,39.81821],[-74.86064,39.81953],[-74.85988,39.82056],[-74.85744,39.82165],[-74.85362,39.82237],[-74.84992,39.82236],[-74.84685,39.82334]]]}},{"type":"Feature","properties":{"n":"Langford Run","w":"stream","rank":3},"geometry":{"type":"MultiLineString","coordinates":[[[-75.36642,39.97905],[-75.36474,39.97882],[-75.36228,39.97722],[-75.36025,39.97762],[-75.3592,39.97748],[-75.35636,39.97549],[-75.35226,39.97455],[-75.34938,39.97326],[-75.34699,39.97392],[-75.34574,39.9739],[-75.34462,39.97488],[-75.34283,39.97475],[-75.34211,39.97508],[-75.33942,39.97441],[-75.3382,39.97357]]]}},{"type":"Feature","properties":{"n":"Laurel Run","w":"stream","rank":3},"geometry":{"type":"MultiLineString","coordinates":[[[-74.92915,40.01253],[-74.92982,40.01265],[-74.93161,40.01404],[-74.93067,40.01597],[-74.93183,40.01809],[-74.93109,40.01845],[-74.92912,40.02105],[-74.92895,40.02206],[-74.9263,40.02523],[-74.9266,40.02636],[-74.92586,40.02748],[-74.92733,40.02864]],[[-75.76209,39.78584],[-75.76394,39.78367],[-75.76481,39.78325],[-75.76624,39.78333],[-75.76882,39.7821],[-75.77094,39.7819],[-75.77215,39.78233]]]}},{"type":"Feature","properties":{"n":"Little Creek","w":"stream","rank":3},"geometry":{"type":"MultiLineString","coordinates":[[[-74.78077,39.87199],[-74.78211,39.87314],[-74.78201,39.87408],[-74.78264,39.87439],[-74.78343,39.87595],[-74.78646,39.87862],[-74.78605,39.87973],[-74.78529,39.87973],[-74.78468,39.88049],[-74.78404,39.88312],[-74.78492,39.88378],[-74.78443,39.88495],[-74.78503,39.88509],[-74.78538,39.88826],[-74.78638,39.8893],[-74.78707,39.88936],[-74.78837,39.89025],[-74.78929,39.89252],[-74.78923,39.89465],[-74.78861,39.89533],[-74.78896,39.89556],[-74.78874,39.89705],[-74.78829,39.89734],[-74.78768,39.89963],[-74.7862,39.90045],[-74.78497,39.9021],[-74.78608,39.90264],[-74.78614,39.90352],[-74.78759,39.90489],[-74.78746,39.90585],[-74.78943,39.90675],[-74.78987,39.90846],[-74.79076,39.90927],[-74.79057,39.90964],[-74.79126,39.91054],[-74.79065,39.91141],[-74.79125,39.91338],[-74.79034,39.91528],[-74.78837,39.91713],[-74.78886,39.91792],[-74.7878,39.92021],[-74.78876,39.9206],[-74.78881,39.9218],[-74.78806,39.9228],[-74.78834,39.92362],[-74.78763,39.92405],[-74.78582,39.92403],[-74.7848,39.92494],[-74.78485,39.92541],[-74.78367,39.92574],[-74.78282,39.92649],[-74.7822,39.92805],[-74.78317,39.92868],[-74.78362,39.92958],[-74.78509,39.92974],[-74.78508,39.93218],[-74.78692,39.93287],[-74.78799,39.93249],[-74.78867,39.93341],[-74.79086,39.9342],[-74.7915,39.93612],[-74.7929,39.93796],[-74.79397,39.93791],[-74.79497,39.93731],[-74.79577,39.93871],[-74.79765,39.93844],[-74.79746,39.94066],[-74.79847,39.94142],[-74.79743,39.94233],[-74.79777,39.94257],[-74.79852,39.94234],[-74.79841,39.94306],[-74.79916,39.94317]],[[-74.76858,39.85607],[-74.76848,39.85699],[-74.76929,39.85903],[-74.76733,39.85978],[-74.76891,39.86098],[-74.76959,39.8622],[-74.77135,39.8625],[-74.77168,39.86399],[-74.77316,39.86428],[-74.77317,39.86494],[-74.77402,39.8652],[-74.77503,39.8673],[-74.77615,39.86796],[-74.77687,39.86951],[-74.77736,39.8697]]]}},{"type":"Feature","properties":{"n":"Little Crum Creek","w":"stream","rank":3},"geometry":{"type":"MultiLineString","coordinates":[[[-75.34488,39.90806],[-75.34529,39.90538],[-75.34413,39.9025],[-75.34307,39.90169],[-75.34058,39.90216],[-75.33957,39.90106],[-75.33794,39.89467],[-75.33772,39.89153],[-75.33803,39.89098],[-75.33707,39.89047],[-75.33619,39.88928],[-75.3364,39.88886],[-75.33566,39.88769],[-75.33542,39.88603],[-75.33416,39.88556],[-75.33306,39.8862],[-75.33206,39.88618],[-75.33123,39.88557],[-75.33077,39.88438],[-75.33094,39.88226],[-75.33151,39.88199],[-75.33056,39.88036],[-75.33228,39.87842],[-75.33191,39.87672],[-75.32973,39.87608],[-75.33074,39.87342],[-75.32977,39.87123],[-75.33088,39.87035],[-75.33073,39.86951],[-75.33115,39.86925],[-75.3303,39.86783],[-75.33035,39.86717],[-75.33113,39.86649],[-75.33049,39.8651]]]}},{"type":"Feature","properties":{"n":"Little Lebanon Branch","w":"stream","rank":3},"geometry":{"type":"MultiLineString","coordinates":[[[-75.03478,39.73165],[-75.0348,39.73337],[-75.03557,39.7345],[-75.0357,39.73584],[-75.03477,39.73788],[-75.03532,39.73893],[-75.0363,39.73937],[-75.03627,39.74207],[-75.03925,39.74457],[-75.04024,39.74495],[-75.04046,39.74571],[-75.03877,39.74855],[-75.03852,39.74988],[-75.03658,39.75211],[-75.03645,39.75336],[-75.03515,39.75455],[-75.0352,39.75492]]]}},{"type":"Feature","properties":{"n":"Little Mantua Creek","w":"stream","rank":3},"geometry":{"type":"MultiLineString","coordinates":[[[-75.19488,39.82276],[-75.19864,39.82383],[-75.20027,39.82356],[-75.20141,39.82485],[-75.20242,39.82531],[-75.20501,39.825],[-75.20593,39.82564],[-75.20715,39.82587],[-75.20706,39.82676],[-75.20585,39.82766],[-75.20601,39.82932],[-75.20755,39.83066],[-75.20885,39.83372],[-75.21235,39.83777],[-75.21463,39.83973],[-75.21503,39.84026],[-75.2147,39.8408],[-75.2154,39.84141],[-75.21594,39.84281],[-75.21707,39.84354],[-75.217,39.84475],[-75.21471,39.8473],[-75.21712,39.84901],[-75.21756,39.85104],[-75.2169,39.8523],[-75.22262,39.86067]]]}},{"type":"Feature","properties":{"n":"Little Timber Creek","w":"stream","rank":3},"geometry":{"type":"MultiLineString","coordinates":[[[-75.2877,39.76431],[-75.28913,39.76472],[-75.2919,39.76676],[-75.29272,39.76783],[-75.29262,39.76966],[-75.29473,39.77172],[-75.29427,39.77214],[-75.29496,39.77339],[-75.29483,39.77533],[-75.29592,39.7773],[-75.29516,39.77874],[-75.29559,39.78029],[-75.29481,39.78102],[-75.29559,39.78333],[-75.29749,39.78473],[-75.29889,39.78476],[-75.30031,39.78528],[-75.30033,39.78725],[-75.30379,39.78827],[-75.30476,39.78961],[-75.30719,39.79118],[-75.30818,39.79306],[-75.30966,39.79385],[-75.31045,39.79486],[-75.31209,39.79578],[-75.31336,39.79591],[-75.31391,39.79659],[-75.31594,39.79745],[-75.31519,39.79885],[-75.31535,39.79957],[-75.3189,39.80132],[-75.31935,39.8056],[-75.32154,39.80685]],[[-75.06085,39.87353],[-75.06212,39.87307],[-75.06536,39.87287],[-75.06777,39.87134],[-75.07359,39.86943],[-75.07542,39.8693],[-75.07652,39.86995],[-75.0763,39.87213],[-75.07698,39.87315],[-75.08071,39.87322],[-75.08501,39.87251],[-75.08912,39.87263],[-75.09101,39.87312],[-75.09246,39.87407],[-75.09325,39.87391],[-75.09358,39.8743],[-75.0942,39.87405],[-75.098,39.87571],[-75.09919,39.87543],[-75.10118,39.87622],[-75.10189,39.87723],[-75.10359,39.87731],[-75.10625,39.87675],[-75.1066,39.8771],[-75.10621,39.87803],[-75.10815,39.87777],[-75.10867,39.87869],[-75.11204,39.88095]]]}},{"type":"Feature","properties":{"n":"Little Timber Creek","w":"river","rank":2},"geometry":{"type":"MultiLineString","coordinates":[[[-75.11204,39.88095],[-75.1137,39.88235],[-75.11533,39.88284],[-75.11623,39.88358],[-75.11773,39.88298],[-75.11925,39.88297],[-75.12188,39.88379],[-75.1235,39.88365],[-75.12523,39.88437],[-75.1261,39.88391],[-75.12637,39.88241],[-75.12743,39.88082]]]}},{"type":"Feature","properties":{"n":"London Branch","w":"stream","rank":3},"geometry":{"type":"MultiLineString","coordinates":[[[-75.26773,39.77813],[-75.26855,39.77893],[-75.26984,39.77916],[-75.27186,39.78167],[-75.27163,39.78248],[-75.27403,39.78461],[-75.27532,39.78712],[-75.27586,39.79073],[-75.27818,39.7957],[-75.27987,39.79706],[-75.28108,39.79695],[-75.28143,39.79741],[-75.28131,39.79828],[-75.28235,39.80138],[-75.28184,39.80284],[-75.28229,39.80381],[-75.28727,39.80747],[-75.28782,39.80933],[-75.28963,39.81106],[-75.29102,39.81353]]]}},{"type":"Feature","properties":{"n":"Long Hook Creek","w":"stream","rank":3},"geometry":{"type":"MultiLineString","coordinates":[[[-75.2794,39.87372],[-75.27965,39.87315],[-75.28125,39.87295],[-75.28411,39.87395],[-75.28461,39.87486],[-75.28661,39.876],[-75.29427,39.87402],[-75.29555,39.87519],[-75.29687,39.87504],[-75.29798,39.87555],[-75.29811,39.87688]]]}},{"type":"Feature","properties":{"n":"Main Ditch","w":"stream","rank":3},"geometry":{"type":"MultiLineString","coordinates":[[[-75.1954,39.83687],[-75.19978,39.84024],[-75.20051,39.84177],[-75.20225,39.84208],[-75.20374,39.84288],[-75.20397,39.84564],[-75.20459,39.84684],[-75.20533,39.84716],[-75.20589,39.84827],[-75.20871,39.85116],[-75.21005,39.85396],[-75.2111,39.85489],[-75.21308,39.85562]]]}},{"type":"Feature","properties":{"n":"Mantua Creek","w":"river","rank":2},"geometry":{"type":"MultiLineString","coordinates":[[[-75.16286,39.79362],[-75.16468,39.79424],[-75.16805,39.79365],[-75.16988,39.79553],[-75.17176,39.79501],[-75.17248,39.79512],[-75.17433,39.79566],[-75.17521,39.79633],[-75.17677,39.79638],[-75.17777,39.79761],[-75.17958,39.79794],[-75.18067,39.79742],[-75.18109,39.7983],[-75.18212,39.79807],[-75.18306,39.79733],[-75.18589,39.7974],[-75.18569,39.79871],[-75.18998,39.80025],[-75.19062,39.80122],[-75.19344,39.80237],[-75.19458,39.80323],[-75.19787,39.80365],[-75.19927,39.80475],[-75.20045,39.8037],[-75.20204,39.8062],[-75.2008,39.80692],[-75.20031,39.8092],[-75.20296,39.81005],[-75.20302,39.81178],[-75.20478,39.81453],[-75.20663,39.81549],[-75.20912,39.81508],[-75.20855,39.81374],[-75.21099,39.81227],[-75.21209,39.81244],[-75.21395,39.81382],[-75.21546,39.81379],[-75.21781,39.81301],[-75.2207,39.81511],[-75.21972,39.81649],[-75.22136,39.81994],[-75.22501,39.82206],[-75.2279,39.82685],[-75.22908,39.82752],[-75.23252,39.82787],[-75.23406,39.82756],[-75.23536,39.82791],[-75.23634,39.82922],[-75.23604,39.83132],[-75.23705,39.83289],[-75.23649,39.83683],[-75.22974,39.84348],[-75.2275,39.84659],[-75.22785,39.85028],[-75.22858,39.85181],[-75.23462,39.85675]]]}},{"type":"Feature","properties":{"n":"Mantua Creek","w":"stream","rank":3},"geometry":{"type":"MultiLineString","coordinates":[[[-75.10228,39.7029],[-75.09997,39.70352],[-75.09932,39.7028],[-75.09631,39.7027],[-75.09109,39.70657],[-75.09093,39.70692],[-75.09171,39.70771],[-75.09127,39.70902],[-75.0927,39.71043],[-75.09229,39.71404],[-75.09168,39.7147],[-75.09257,39.71581],[-75.09452,39.71618],[-75.09434,39.71662],[-75.09571,39.71672],[-75.09568,39.71738],[-75.09629,39.71777],[-75.0961,39.71929],[-75.09684,39.72003],[-75.09699,39.72127],[-75.09849,39.72142],[-75.09851,39.72271],[-75.10167,39.72639],[-75.10513,39.72767],[-75.10523,39.72907],[-75.1071,39.73029],[-75.11003,39.73137],[-75.11137,39.73245],[-75.11263,39.73431],[-75.11329,39.73731],[-75.11401,39.73755],[-75.11405,39.73843],[-75.11531,39.73962],[-75.11546,39.74038],[-75.12103,39.74417],[-75.12141,39.74771],[-75.11943,39.75071],[-75.11947,39.75237],[-75.11782,39.75392],[-75.11722,39.75572],[-75.11657,39.75626],[-75.1175,39.75735],[-75.11695,39.75824],[-75.11587,39.75865],[-75.11573,39.76006],[-75.11443,39.76112],[-75.11388,39.76117],[-75.11383,39.76158],[-75.11473,39.7622],[-75.11649,39.76233],[-75.11768,39.76487],[-75.12003,39.76471],[-75.12161,39.7661],[-75.12314,39.76573],[-75.12488,39.76633],[-75.12569,39.76575],[-75.12592,39.76676],[-75.12724,39.7669],[-75.12721,39.76782],[-75.12947,39.76774],[-75.12987,39.76882],[-75.13227,39.76935],[-75.13514,39.77321],[-75.13715,39.77378],[-75.13728,39.77573],[-75.13873,39.77567],[-75.14015,39.77629],[-75.1414,39.77608],[-75.14373,39.77656],[-75.14453,39.77731],[-75.14469,39.77867],[-75.14693,39.77946],[-75.14949,39.78228],[-75.15085,39.78254],[-75.15079,39.78334],[-75.15225,39.78295],[-75.15337,39.78339],[-75.15323,39.78521],[-75.15392,39.78609],[-75.15527,39.78598],[-75.15651,39.78788],[-75.15771,39.78846],[-75.15857,39.78816],[-75.15906,39.78849],[-75.16039,39.79002],[-75.16031,39.79176],[-75.16153,39.79196],[-75.16302,39.79409],[-75.16399,39.79417]],[[-75.22752,39.82644],[-75.22709,39.82823],[-75.22739,39.82927],[-75.23053,39.82993],[-75.23069,39.82948],[-75.22932,39.82845],[-75.22939,39.82755]]]}},{"type":"Feature","properties":{"n":"Mason Run","w":"stream","rank":3},"geometry":{"type":"MultiLineString","coordinates":[[[-75.00424,39.80059],[-75.00584,39.80098],[-75.00751,39.80023],[-75.01041,39.8007],[-75.01237,39.79993],[-75.01484,39.80125],[-75.0159,39.80273],[-75.01787,39.80327],[-75.01756,39.80519],[-75.01683,39.80587],[-75.01742,39.80664],[-75.01773,39.80872],[-75.02173,39.81212],[-75.02172,39.81365],[-75.02256,39.81444],[-75.02226,39.816],[-75.02314,39.81613],[-75.02362,39.81708],[-75.02717,39.81877],[-75.02797,39.82127]]]}},{"type":"Feature","properties":{"n":"Masons Creek","w":"stream","rank":3},"geometry":{"type":"MultiLineString","coordinates":[[[-74.87715,39.924],[-74.87452,39.92404],[-74.87337,39.92559],[-74.87114,39.92595],[-74.86892,39.92701],[-74.86497,39.92768],[-74.86232,39.92971],[-74.86113,39.92993],[-74.85899,39.9319],[-74.85537,39.93367],[-74.85318,39.9333],[-74.85121,39.93398],[-74.84977,39.93383],[-74.84952,39.93438],[-74.84806,39.93431],[-74.84778,39.93534],[-74.84873,39.93595],[-74.84897,39.93679],[-74.84867,39.93814],[-74.84751,39.93987],[-74.84788,39.94374],[-74.84599,39.94532],[-74.84531,39.9475],[-74.84593,39.94954],[-74.84699,39.95028],[-74.84981,39.95387],[-74.84957,39.95622],[-74.84898,39.95689],[-74.84952,39.95866],[-74.85013,39.95974],[-74.85146,39.96074],[-74.85253,39.96063],[-74.85467,39.95926],[-74.85579,39.95903],[-74.85678,39.95965],[-74.85831,39.95967],[-74.85873,39.95929],[-74.85965,39.95957],[-74.86002,39.96021],[-74.86204,39.96108],[-74.86143,39.96175],[-74.86209,39.96313],[-74.86128,39.96437],[-74.86062,39.96453],[-74.861,39.96478],[-74.86078,39.96519],[-74.86003,39.96504],[-74.85913,39.96568],[-74.85887,39.96636],[-74.8593,39.96786],[-74.85782,39.96923],[-74.8577,39.97084],[-74.85689,39.9716],[-74.85725,39.97379],[-74.85875,39.97428],[-74.86009,39.97597],[-74.85835,39.97764],[-74.85605,39.9811],[-74.85417,39.98114],[-74.85166,39.98256],[-74.85187,39.98316],[-74.85138,39.98337],[-74.85184,39.98563],[-74.85121,39.98712]]]}},{"type":"Feature","properties":{"n":"Matthews Branch","w":"stream","rank":3},"geometry":{"type":"MultiLineString","coordinates":[[[-75.16418,39.81888],[-75.16482,39.82005],[-75.16473,39.8218],[-75.16635,39.82261],[-75.16597,39.82402],[-75.16709,39.82513],[-75.16747,39.82707],[-75.16867,39.82944],[-75.16972,39.83013],[-75.16975,39.8325],[-75.17174,39.83516],[-75.17179,39.83645],[-75.17274,39.83769],[-75.17375,39.83823],[-75.17411,39.83937],[-75.17369,39.84029],[-75.17614,39.84259],[-75.17408,39.8442],[-75.17328,39.84776]]]}},{"type":"Feature","properties":{"n":"Meadow Brook","w":"stream","rank":3},"geometry":{"type":"MultiLineString","coordinates":[[[-75.11401,40.10765],[-75.11101,40.10919],[-75.11027,40.10927],[-75.10864,40.10839],[-75.10759,40.10909],[-75.10455,40.11007],[-75.10354,40.10967],[-75.10329,40.11016],[-75.09855,40.11081],[-75.09834,40.11127],[-75.09426,40.11275],[-75.09085,40.1125],[-75.08869,40.11318],[-75.08787,40.11388],[-75.08401,40.11498],[-75.08226,40.11512]]]}},{"type":"Feature","properties":{"n":"Miery Run","w":"stream","rank":3},"geometry":{"type":"MultiLineString","coordinates":[[[-75.17582,39.72207],[-75.18103,39.72056],[-75.18296,39.71902],[-75.1854,39.71815],[-75.18787,39.71659],[-75.19065,39.71558],[-75.19185,39.71551],[-75.19465,39.71431],[-75.19559,39.71429],[-75.19811,39.71578]]]}},{"type":"Feature","properties":{"n":"Mill Run","w":"stream","rank":3},"geometry":{"type":"MultiLineString","coordinates":[[[-75.12916,40.05748],[-75.12592,40.05895],[-75.12178,40.05949],[-75.12122,40.06019],[-75.11915,40.06113],[-75.11905,40.06185],[-75.11677,40.06306],[-75.11637,40.06473],[-75.11368,40.06647]]]}},{"type":"Feature","properties":{"n":"Millard Creek","w":"stream","rank":3},"geometry":{"type":"MultiLineString","coordinates":[[[-74.95153,39.83863],[-74.95253,39.83866],[-74.95418,39.83736],[-74.9571,39.83651],[-74.96044,39.83417],[-74.9624,39.8346],[-74.96334,39.83378],[-74.9652,39.8335],[-74.96656,39.83279],[-74.96849,39.83286],[-74.97073,39.83447],[-74.97362,39.8347],[-74.97457,39.83533],[-74.97652,39.83499],[-74.97726,39.83535],[-74.97935,39.83543],[-74.98281,39.83326],[-74.98537,39.8338]]]}},{"type":"Feature","properties":{"n":"Monongahela Brook","w":"stream","rank":3},"geometry":{"type":"MultiLineString","coordinates":[[[-75.10788,39.79042],[-75.10999,39.791],[-75.1135,39.78898],[-75.11747,39.78747],[-75.11935,39.78598],[-75.12166,39.78542],[-75.12306,39.78535],[-75.12433,39.78675],[-75.12507,39.78701],[-75.12529,39.7878],[-75.12654,39.78828],[-75.12988,39.78793],[-75.13511,39.7866],[-75.13611,39.7867],[-75.13855,39.78615],[-75.14042,39.78657],[-75.14298,39.78553],[-75.14415,39.78587],[-75.14522,39.78434],[-75.14681,39.78357],[-75.14792,39.78355],[-75.14911,39.78421],[-75.152,39.7837],[-75.15249,39.78411],[-75.15323,39.78399]]]}},{"type":"Feature","properties":{"n":"Moss Branch","w":"stream","rank":3},"geometry":{"type":"MultiLineString","coordinates":[[[-75.3289,39.77515],[-75.33232,39.776],[-75.3337,39.77941],[-75.33466,39.78055],[-75.33578,39.78066],[-75.33684,39.78154],[-75.33714,39.78265],[-75.33796,39.78337],[-75.3381,39.78462],[-75.33781,39.7861],[-75.3343,39.79097],[-75.33241,39.79514],[-75.33078,39.79665],[-75.32936,39.79674],[-75.3285,39.79718],[-75.32708,39.79924],[-75.32804,39.80127],[-75.3278,39.80213],[-75.32829,39.80256],[-75.32893,39.80244],[-75.32894,39.80359]]]}},{"type":"Feature","properties":{"n":"Muckinipattis Creek","w":"stream","rank":3},"geometry":{"type":"MultiLineString","coordinates":[[[-75.31465,39.92281],[-75.30882,39.92312],[-75.30541,39.9246],[-75.3042,39.9243],[-75.30367,39.9236],[-75.30378,39.92224],[-75.30271,39.91894],[-75.30332,39.91499],[-75.30482,39.91409],[-75.30595,39.91263],[-75.30517,39.91106],[-75.3052,39.90768],[-75.30295,39.90603],[-75.3002,39.90575],[-75.29914,39.90444],[-75.29898,39.90329],[-75.2981,39.90198],[-75.29722,39.90124],[-75.29579,39.90107],[-75.2946,39.89944],[-75.29667,39.89497],[-75.29618,39.89357],[-75.29238,39.89264],[-75.2917,39.89364],[-75.28973,39.8938],[-75.28741,39.89652],[-75.28579,39.89539],[-75.28456,39.89523],[-75.28451,39.89349],[-75.28584,39.89168],[-75.28701,39.89116],[-75.28808,39.8914],[-75.28907,39.89059],[-75.29011,39.88811],[-75.28888,39.88644],[-75.28695,39.8869],[-75.28709,39.88633],[-75.2863,39.88528],[-75.28789,39.88276],[-75.28892,39.88284],[-75.28939,39.88248],[-75.28839,39.88086]]]}},{"type":"Feature","properties":{"n":"Naamans Creek","w":"stream","rank":3},"geometry":{"type":"MultiLineString","coordinates":[[[-75.44749,39.82008],[-75.44789,39.8197],[-75.44768,39.81908],[-75.44625,39.81812],[-75.44571,39.81685],[-75.44599,39.81534],[-75.4455,39.81375],[-75.4463,39.81245]],[[-75.44628,39.81241],[-75.44572,39.81201],[-75.44552,39.81112],[-75.44303,39.81006],[-75.44131,39.80877],[-75.43997,39.80857],[-75.43703,39.80431]]]}},{"type":"Feature","properties":{"n":"Naylors Run","w":"stream","rank":3},"geometry":{"type":"MultiLineString","coordinates":[[[-75.27046,39.95383],[-75.26373,39.95417],[-75.25691,39.95217],[-75.25365,39.95068],[-75.25224,39.95107],[-75.25111,39.95059]]]}},{"type":"Feature","properties":{"n":"Nehonsey Brook","w":"stream","rank":3},"geometry":{"type":"MultiLineString","coordinates":[[[-75.22705,39.79531],[-75.22825,39.79611],[-75.23314,39.79735],[-75.234,39.79792],[-75.2374,39.79786],[-75.24098,39.79866],[-75.24262,39.80034],[-75.24393,39.79962],[-75.24521,39.79976],[-75.24727,39.79916],[-75.24911,39.80121],[-75.25051,39.80175],[-75.25304,39.80385],[-75.25526,39.80463],[-75.25624,39.80825],[-75.2586,39.81191],[-75.26091,39.81324],[-75.2645,39.81327],[-75.26639,39.81515],[-75.26701,39.81506],[-75.27077,39.81635],[-75.2719,39.81823],[-75.2744,39.81879],[-75.2777,39.8187],[-75.27912,39.81937],[-75.28149,39.81952],[-75.28347,39.81881],[-75.28782,39.81867],[-75.28878,39.81762],[-75.29166,39.81786],[-75.29416,39.81632]]]}},{"type":"Feature","properties":{"n":"Newton Creek","w":"stream","rank":3},"geometry":{"type":"MultiLineString","coordinates":[[[-75.04828,39.89608],[-75.04855,39.89758],[-75.04812,39.90009],[-75.04713,39.90072],[-75.04768,39.90252],[-75.04759,39.90409],[-75.05034,39.90732],[-75.05284,39.90846],[-75.05738,39.90847],[-75.05822,39.90685],[-75.06002,39.90632],[-75.06083,39.90498],[-75.0616,39.90483]]]}},{"type":"Feature","properties":{"n":"Newton Creek","w":"river","rank":2},"geometry":{"type":"MultiLineString","coordinates":[[[-75.0616,39.90483],[-75.06622,39.90607],[-75.07031,39.90467],[-75.07135,39.90884],[-75.07437,39.91009],[-75.07912,39.90837],[-75.08416,39.90755],[-75.08516,39.90682],[-75.08729,39.90638],[-75.09111,39.90422],[-75.09433,39.90149],[-75.09579,39.90131],[-75.09926,39.89935],[-75.10182,39.89898],[-75.10302,39.89997],[-75.10469,39.90052],[-75.10794,39.90023],[-75.11184,39.89856],[-75.11332,39.89945],[-75.11403,39.90122],[-75.11649,39.90228],[-75.11638,39.90358],[-75.11471,39.90612],[-75.11733,39.90841],[-75.12018,39.90851],[-75.12233,39.90744],[-75.12889,39.90745]]]}},{"type":"Feature","properties":{"n":"Nicholson Branch","w":"stream","rank":3},"geometry":{"type":"MultiLineString","coordinates":[[[-74.96206,39.84556],[-74.96296,39.84466],[-74.96544,39.84533],[-74.9689,39.84485],[-74.96984,39.84435],[-74.97083,39.84498],[-74.97108,39.84453],[-74.97638,39.84261],[-74.97809,39.84108],[-74.97901,39.84092],[-74.98053,39.83898],[-74.9821,39.83611],[-74.98202,39.83439],[-74.98315,39.83331]]]}},{"type":"Feature","properties":{"n":"North Branch Big Timber Creek","w":"stream","rank":3},"geometry":{"type":"MultiLineString","coordinates":[[[-74.95939,39.78142],[-74.95956,39.78261],[-74.96095,39.7836],[-74.96053,39.78443],[-74.9614,39.7848],[-74.96307,39.78468],[-74.96366,39.78504],[-74.96408,39.78602],[-74.96368,39.78677],[-74.96521,39.78849],[-74.96637,39.78871],[-74.96674,39.78946],[-74.96749,39.78952],[-74.96837,39.79021],[-74.96828,39.79129],[-74.96939,39.79294],[-74.96976,39.79501],[-74.97303,39.79561],[-74.97377,39.79649],[-74.97543,39.79708],[-74.97642,39.79798],[-74.97825,39.79843],[-74.97872,39.79969],[-74.97971,39.79947],[-74.98116,39.79989],[-74.98339,39.79984],[-74.98695,39.80309],[-74.98754,39.8045],[-74.98857,39.80518],[-74.98852,39.80674],[-74.98929,39.8092],[-74.99187,39.80964],[-74.99225,39.81058],[-74.99376,39.81119],[-74.99426,39.81356],[-74.99455,39.81305],[-74.99512,39.81298],[-74.99585,39.81381],[-74.99723,39.81367],[-74.99939,39.81498],[-75.00208,39.8159],[-75.0025,39.81667],[-75.00365,39.81641],[-75.0043,39.81679],[-75.00484,39.81639],[-75.00603,39.81664],[-75.00686,39.81634],[-75.00746,39.81699],[-75.00914,39.81719],[-75.01027,39.81684],[-75.01606,39.81941],[-75.01897,39.81974],[-75.02111,39.81949],[-75.02305,39.81999],[-75.02458,39.82107],[-75.02527,39.82098],[-75.02692,39.82157],[-75.02797,39.82127],[-75.02907,39.82227],[-75.02959,39.82404],[-75.0305,39.82452],[-75.02977,39.82534],[-75.03154,39.8267],[-75.03167,39.82748],[-75.03357,39.82849],[-75.03447,39.82951],[-75.0365,39.82972],[-75.03788,39.82921],[-75.04136,39.82946],[-75.04272,39.83017],[-75.04429,39.83031],[-75.04627,39.8321],[-75.04908,39.83294],[-75.04981,39.83256],[-75.05153,39.83356],[-75.05313,39.83351],[-75.05546,39.83503],[-75.05867,39.8346],[-75.05954,39.83503],[-75.06024,39.83617],[-75.06179,39.83645],[-75.06311,39.83622],[-75.06445,39.8351],[-75.06683,39.83484],[-75.06684,39.83375],[-75.06848,39.83429],[-75.06987,39.83328],[-75.07179,39.83387],[-75.07443,39.83381],[-75.07508,39.83448],[-75.07627,39.83484],[-75.07743,39.83475],[-75.07854,39.83416],[-75.0796,39.83555],[-75.08089,39.83526],[-75.08346,39.83617],[-75.08355,39.83652],[-75.08276,39.83715],[-75.08436,39.83832],[-75.0852,39.83796],[-75.08523,39.83692]]]}},{"type":"Feature","properties":{"n":"North Branch Cooper River","w":"stream","rank":3},"geometry":{"type":"MultiLineString","coordinates":[[[-74.94347,39.85068],[-74.94271,39.84938],[-74.94075,39.84888],[-74.93911,39.84981],[-74.93349,39.8501],[-74.93254,39.85068],[-74.93213,39.85305],[-74.93309,39.85556],[-74.93244,39.85659],[-74.93037,39.85705],[-74.92946,39.85799],[-74.92951,39.85934],[-74.92866,39.86147],[-74.92973,39.86593],[-74.92938,39.86668],[-74.92965,39.86967],[-74.9288,39.87118],[-74.92955,39.87272],[-74.9301,39.87275],[-74.92981,39.87437],[-74.93192,39.87494],[-74.93277,39.8763],[-74.93601,39.87757],[-74.9368,39.87857],[-74.93712,39.87838],[-74.93858,39.87928],[-74.94364,39.88054],[-74.94485,39.88015],[-74.94542,39.87928],[-74.94806,39.87832],[-74.9494,39.87849],[-74.95068,39.87957],[-74.95111,39.88115],[-74.95198,39.88164],[-74.95293,39.88312],[-74.95282,39.8848],[-74.95341,39.88625],[-74.95702,39.88571],[-74.95977,39.88581],[-74.96109,39.88532],[-74.963,39.88675],[-74.96322,39.88748],[-74.96492,39.88747],[-74.96801,39.88901],[-74.96986,39.88839],[-74.97,39.88893],[-74.97406,39.88907],[-74.97457,39.88947],[-74.9739,39.89031],[-74.9757,39.89154],[-74.97615,39.89309],[-74.97758,39.89318],[-74.97779,39.89364],[-74.97834,39.89368],[-74.97833,39.89418],[-74.97991,39.89482],[-74.9806,39.89474],[-74.98087,39.89508],[-74.98098,39.89459],[-74.98141,39.89466],[-74.98149,39.89518],[-74.98272,39.8955],[-74.98369,39.8964],[-74.98421,39.89633],[-74.98423,39.89671],[-74.98555,39.8969],[-74.98646,39.89829],[-74.98884,39.89968],[-74.99104,39.90049],[-74.99206,39.90043],[-74.99669,39.90228],[-74.99888,39.9041],[-74.99979,39.90411],[-75.00076,39.90511],[-75.00197,39.90535],[-75.00395,39.90655],[-75.00489,39.90597],[-75.00832,39.90643],[-75.00843,39.90606],[-75.00947,39.90617],[-75.01032,39.90654],[-75.01003,39.90683],[-75.01089,39.90772],[-75.01246,39.90796],[-75.01548,39.90981],[-75.01724,39.90912],[-75.01952,39.90945],[-75.02595,39.90862],[-75.02666,39.90909]]]}},{"type":"Feature","properties":{"n":"North Branch Newton Creek","w":"stream","rank":3},"geometry":{"type":"MultiLineString","coordinates":[[[-75.09096,39.91421],[-75.09196,39.91371],[-75.09566,39.91398],[-75.09722,39.9135],[-75.09816,39.91406],[-75.10092,39.9122],[-75.10082,39.91161],[-75.10168,39.91094],[-75.10102,39.90991],[-75.10152,39.90928],[-75.10357,39.90945],[-75.10476,39.91012],[-75.10735,39.91004],[-75.1085,39.90948],[-75.11,39.90738],[-75.11525,39.90675]]]}},{"type":"Feature","properties":{"n":"North Branch Pennsauken Creek","w":"stream","rank":3},"geometry":{"type":"MultiLineString","coordinates":[[[-74.90644,39.90897],[-74.90382,39.90864],[-74.90166,39.90897],[-74.9009,39.91032],[-74.89902,39.91151],[-74.89754,39.91499],[-74.8977,39.91636],[-74.89709,39.91876],[-74.89807,39.92016],[-74.89802,39.92114],[-74.89888,39.92188],[-74.90124,39.92263],[-74.90193,39.92241],[-74.90504,39.92403],[-74.91063,39.92876],[-74.91341,39.93218],[-74.91656,39.93374],[-74.92652,39.93198],[-74.92749,39.93241],[-74.92967,39.93258],[-74.92993,39.9323],[-74.93215,39.93288],[-74.93496,39.93216],[-74.93774,39.93246],[-74.93999,39.93199],[-74.94032,39.93257],[-74.94342,39.93462],[-74.94764,39.93505],[-74.94905,39.93611],[-74.94988,39.93898],[-74.95079,39.93984],[-74.95427,39.9414],[-74.95625,39.9438],[-74.9569,39.94583],[-74.95795,39.94666],[-74.96064,39.9478],[-74.96157,39.94918],[-74.96461,39.94954],[-74.96938,39.95247],[-74.97285,39.95326],[-74.97393,39.95337],[-74.97579,39.95288],[-74.97712,39.95309],[-74.97858,39.95222],[-74.98047,39.95335],[-74.98274,39.95349],[-74.98406,39.95499],[-74.98382,39.95537],[-74.98429,39.95588],[-74.98648,39.95656],[-74.98664,39.95866],[-74.98741,39.96026],[-74.98923,39.96053],[-74.98933,39.96117],[-74.99445,39.96364],[-74.99445,39.96644],[-74.99653,39.96711],[-74.99818,39.96706],[-74.99949,39.96834],[-75.00119,39.9675],[-75.00175,39.96763],[-75.00228,39.9688],[-75.00144,39.96946],[-75.00375,39.97202],[-75.00535,39.97284],[-75.00545,39.97364],[-75.00427,39.97418],[-75.00424,39.97465],[-75.00815,39.97817],[-75.00901,39.97951],[-75.00999,39.98003]]]}},{"type":"Feature","properties":{"n":"North Branch Rancocas Creek","w":"stream","rank":3},"geometry":{"type":"MultiLineString","coordinates":[[[-74.78903,39.98948],[-74.79159,39.99104],[-74.79282,39.99323],[-74.79424,39.99332],[-74.79594,39.99424],[-74.79824,39.99487],[-74.80113,39.99403],[-74.80194,39.99496],[-74.8041,39.99607],[-74.80519,39.99748],[-74.8085,39.99615],[-74.81027,39.99777],[-74.8155,39.99702],[-74.8176,39.99851],[-74.82103,39.99725],[-74.82267,39.99463],[-74.82485,39.99441],[-74.82722,39.9972],[-74.82883,39.9969],[-74.82998,39.99535],[-74.83117,39.99482],[-74.8318,39.9952],[-74.8325,39.99705],[-74.83325,39.99768],[-74.83516,39.99773],[-74.83716,39.99728],[-74.83767,39.99792],[-74.83723,39.99892],[-74.83777,39.99924],[-74.84215,39.99746],[-74.8432,39.99815],[-74.84293,39.99939],[-74.84406,39.99955],[-74.84981,39.99882],[-74.8504,39.99837],[-74.85061,39.99696],[-74.85152,39.99644],[-74.85394,39.99635],[-74.85543,39.99774],[-74.8567,39.99812],[-74.85793,39.99795],[-74.86127,39.99651]],[[-74.69979,39.97612],[-74.70105,39.97575],[-74.70136,39.97603],[-74.70071,39.97765],[-74.70156,39.97798],[-74.70269,39.9779],[-74.70394,39.97684],[-74.70472,39.97694],[-74.70491,39.97756],[-74.70389,39.97849],[-74.70523,39.97947],[-74.70631,39.9794],[-74.70712,39.9789],[-74.70777,39.97644],[-74.7101,39.97715],[-74.70904,39.97846],[-74.70968,39.97934],[-74.71084,39.97935],[-74.71239,39.97805],[-74.71434,39.97806],[-74.71468,39.97885],[-74.71396,39.9803],[-74.71578,39.98171],[-74.71718,39.98156],[-74.71848,39.97998],[-74.71882,39.97859],[-74.71811,39.97678],[-74.72078,39.97774],[-74.72198,39.97893],[-74.72157,39.97973],[-74.72009,39.98049],[-74.72099,39.98129],[-74.72378,39.97979],[-74.72576,39.98016],[-74.72796,39.97969],[-74.72874,39.98107],[-74.73025,39.98155],[-74.73172,39.98136],[-74.73388,39.98004],[-74.73492,39.97992],[-74.73553,39.98039],[-74.73561,39.98168],[-74.73647,39.9823],[-74.73922,39.98264],[-74.74283,39.98388],[-74.74739,39.9836],[-74.74984,39.98573],[-74.75076,39.98574],[-74.75239,39.9851],[-74.75225,39.98638],[-74.75269,39.98684],[-74.75423,39.98592],[-74.75539,39.98377],[-74.75789,39.98384],[-74.75884,39.98452],[-74.75887,39.98624],[-74.75982,39.98684],[-74.763,39.98663],[-74.7638,39.98636],[-74.76414,39.98571],[-74.76466,39.98582],[-74.76465,39.98741],[-74.76663,39.98857],[-74.76631,39.98918],[-74.76457,39.98969],[-74.76529,39.9912],[-74.76604,39.99166],[-74.76857,39.98994],[-74.76812,39.98809],[-74.77067,39.98697],[-74.77191,39.98743],[-74.77227,39.98821],[-74.77199,39.98854],[-74.7713,39.98842],[-74.77148,39.98926],[-74.77336,39.991],[-74.77433,39.99075],[-74.77505,39.99007],[-74.77472,39.98785],[-74.77645,39.98773],[-74.77663,39.98809],[-74.77592,39.9893],[-74.77941,39.98984],[-74.77911,39.99098],[-74.77943,39.99258],[-74.77992,39.993],[-74.781,39.99299],[-74.78305,39.99143],[-74.78421,39.9896],[-74.78839,39.98935]],[[-74.79282,39.99323],[-74.79017,39.99459],[-74.78926,39.99422],[-74.78834,39.99288],[-74.78912,39.99216],[-74.79219,39.99213]]]}},{"type":"Feature","properties":{"n":"Old Canal","w":"stream","rank":3},"geometry":{"type":"MultiLineString","coordinates":[[[-75.33958,39.81857],[-75.34994,39.8291],[-75.35145,39.83041],[-75.35518,39.83224]]]}},{"type":"Feature","properties":{"n":"Oldmans Creek","w":"stream","rank":3},"geometry":{"type":"MultiLineString","coordinates":[[[-75.3331,39.69932],[-75.33524,39.70024],[-75.3353,39.70126],[-75.33452,39.70152],[-75.33513,39.70366],[-75.33693,39.70431],[-75.33964,39.70436],[-75.34074,39.70474],[-75.34165,39.7043],[-75.34359,39.7058],[-75.34611,39.70616],[-75.34831,39.70746],[-75.34785,39.70927],[-75.35019,39.71122],[-75.35384,39.71198],[-75.35596,39.71175],[-75.35732,39.71298],[-75.35891,39.7123],[-75.35873,39.71334],[-75.35912,39.71364],[-75.36014,39.71289],[-75.36066,39.71434],[-75.36027,39.71544],[-75.36133,39.71667],[-75.36191,39.71677],[-75.36289,39.71591],[-75.36405,39.71691],[-75.36496,39.71648],[-75.36578,39.71666],[-75.36599,39.71772],[-75.36732,39.71767],[-75.36727,39.71945],[-75.36638,39.72013],[-75.36728,39.72093],[-75.36724,39.72219],[-75.36921,39.72189],[-75.36925,39.72341],[-75.37041,39.72328],[-75.37153,39.72396],[-75.37197,39.72488],[-75.37317,39.72408],[-75.3752,39.72523],[-75.37508,39.72651],[-75.37659,39.72642],[-75.37673,39.72793],[-75.37582,39.72928],[-75.37583,39.73141],[-75.37494,39.7327],[-75.37538,39.73391],[-75.37451,39.7343],[-75.37409,39.73529],[-75.37445,39.73675],[-75.37699,39.73812],[-75.37733,39.73876],[-75.37769,39.741],[-75.37665,39.7421],[-75.37769,39.74363],[-75.37673,39.74498],[-75.37822,39.74512],[-75.3785,39.747],[-75.3802,39.74834],[-75.38599,39.74714],[-75.38696,39.7483],[-75.38732,39.74977],[-75.38584,39.75037],[-75.38698,39.7518],[-75.39935,39.75832],[-75.39959,39.75872],[-75.39897,39.76066],[-75.39941,39.76141],[-75.4032,39.76125],[-75.4043,39.76176],[-75.40589,39.76328],[-75.40594,39.76416],[-75.40499,39.7661],[-75.40476,39.76906],[-75.40043,39.77242],[-75.40106,39.77566],[-75.40002,39.77779],[-75.4017,39.78033],[-75.40232,39.78247],[-75.40673,39.78481],[-75.40738,39.78728],[-75.40891,39.78742],[-75.41115,39.78569],[-75.41317,39.785],[-75.41656,39.78546],[-75.42312,39.78382],[-75.42678,39.78363],[-75.42827,39.78395]]]}},{"type":"Feature","properties":{"n":"Otter Brook","w":"stream","rank":3},"geometry":{"type":"MultiLineString","coordinates":[[[-75.04527,39.85967],[-75.04545,39.85848],[-75.04649,39.85804],[-75.04768,39.8549],[-75.04969,39.85349],[-75.05038,39.8518],[-75.05265,39.84924],[-75.05292,39.84526],[-75.05415,39.84386],[-75.05473,39.8422],[-75.05616,39.84146],[-75.05714,39.84031],[-75.05732,39.83773],[-75.05782,39.83726],[-75.05957,39.83683],[-75.06024,39.83617]]]}},{"type":"Feature","properties":{"n":"Pargey Creek","w":"stream","rank":3},"geometry":{"type":"MultiLineString","coordinates":[[[-75.28234,39.78202],[-75.28189,39.78286],[-75.28244,39.78487],[-75.28488,39.78587],[-75.28635,39.78589],[-75.28763,39.78744],[-75.28735,39.78865],[-75.28578,39.78917],[-75.28597,39.79045],[-75.28535,39.79159],[-75.28608,39.79275],[-75.28852,39.79325],[-75.288,39.79575],[-75.28877,39.79627],[-75.28795,39.79691],[-75.28885,39.7974],[-75.28853,39.79791],[-75.28999,39.80044],[-75.29037,39.80411],[-75.29183,39.80583],[-75.29277,39.80585],[-75.29397,39.80723],[-75.29805,39.8089],[-75.2994,39.80996],[-75.30132,39.81295],[-75.30111,39.81372],[-75.30198,39.81439]]]}},{"type":"Feature","properties":{"n":"Parkers Creek","w":"stream","rank":3},"geometry":{"type":"MultiLineString","coordinates":[[[-74.90445,39.93272],[-74.90337,39.93485],[-74.90352,39.93538],[-74.90035,39.9402],[-74.90014,39.94107],[-74.90058,39.94229],[-74.89732,39.94449],[-74.89357,39.94597],[-74.89383,39.9476],[-74.89556,39.95067],[-74.89545,39.95164],[-74.89768,39.95365],[-74.89702,39.95592],[-74.8944,39.95763],[-74.89348,39.9592],[-74.89179,39.95963],[-74.88991,39.95954],[-74.88779,39.96068],[-74.88629,39.96105],[-74.88572,39.9619],[-74.8859,39.96341],[-74.88948,39.97186],[-74.88587,39.97628],[-74.88527,39.97843],[-74.88242,39.9807],[-74.8824,39.98249],[-74.88288,39.98322],[-74.88262,39.98388],[-74.88301,39.98438],[-74.88223,39.98573],[-74.88234,39.98647],[-74.88295,39.98688],[-74.88519,39.98719],[-74.88697,39.98816],[-74.88793,39.98983],[-74.88832,39.99166],[-74.88697,39.99274],[-74.88685,39.99411],[-74.88521,39.99454],[-74.88214,40.00097]],[[-74.89462,39.92868],[-74.89652,39.92829],[-74.89893,39.92942],[-74.90044,39.9296],[-74.90043,39.93019]]]}},{"type":"Feature","properties":{"n":"Parkers Creek","w":"canal","rank":3},"geometry":{"type":"MultiLineString","coordinates":[[[-74.90043,39.93019],[-74.9022,39.93083],[-74.90334,39.93232],[-74.90445,39.93272]]]}},{"type":"Feature","properties":{"n":"Pennsauken Creek","w":"river","rank":2},"geometry":{"type":"MultiLineString","coordinates":[[[-75.00999,39.98003],[-75.01396,39.98038],[-75.01388,39.98207],[-75.01469,39.98506],[-75.01603,39.98597],[-75.01819,39.98669],[-75.01839,39.98895],[-75.01936,39.98989],[-75.02055,39.99043],[-75.02215,39.99001],[-75.02311,39.99065],[-75.02509,39.99096],[-75.02591,39.9916],[-75.0264,39.99307],[-75.02792,39.99398],[-75.0289,39.99403],[-75.03029,39.99328],[-75.03121,39.9933],[-75.0337,39.99529],[-75.03606,39.99631],[-75.03716,39.99622],[-75.03911,39.99477],[-75.04152,39.99493],[-75.04307,39.99347],[-75.04378,39.99361],[-75.0451,39.99477],[-75.04788,39.99427],[-75.04845,39.99385],[-75.0482,39.99212],[-75.04971,39.99124],[-75.0534,39.99192],[-75.06106,39.99]]]}},{"type":"Feature","properties":{"n":"Pennypack Creek","w":"river","rank":2},"geometry":{"type":"MultiLineString","coordinates":[[[-75.02079,40.05221],[-75.01877,40.05208],[-75.01758,40.05107],[-75.01835,40.04904],[-75.02009,40.04874],[-75.01984,40.04578],[-75.02063,40.04451],[-75.02038,40.04377],[-75.02205,40.03866],[-75.02123,40.03574],[-75.02187,40.0345],[-75.02165,40.03384],[-75.01838,40.03357],[-75.01676,40.03246],[-75.01578,40.03114],[-75.01375,40.0307],[-75.01252,40.0315],[-75.01196,40.03364],[-75.01106,40.03459],[-75.00968,40.03529],[-75.00822,40.03553],[-75.00724,40.03457],[-75.00741,40.03325],[-75.00704,40.03258],[-75.00598,40.03215],[-75.00445,40.03225],[-75.00002,40.02934]]]}},{"type":"Feature","properties":{"n":"Pennypack Creek","w":"stream","rank":3},"geometry":{"type":"MultiLineString","coordinates":[[[-75.17735,40.17623],[-75.1775,40.17648],[-75.17642,40.17685],[-75.17507,40.17799],[-75.17045,40.17852],[-75.16933,40.17902],[-75.16734,40.18083],[-75.16345,40.18164],[-75.16188,40.18156],[-75.15954,40.18028],[-75.1582,40.18048],[-75.15676,40.17975],[-75.15481,40.17953],[-75.15351,40.18003],[-75.15273,40.18083],[-75.15203,40.18081],[-75.1515,40.18038],[-75.14918,40.17989],[-75.14665,40.18028],[-75.14489,40.17895],[-75.14318,40.1792],[-75.14159,40.17885],[-75.13696,40.18043],[-75.13423,40.18008],[-75.13112,40.17908],[-75.1288,40.17953],[-75.12814,40.17866],[-75.12629,40.1778],[-75.12424,40.17764],[-75.12311,40.17794],[-75.12139,40.17729],[-75.11954,40.17793],[-75.11871,40.17742],[-75.11658,40.17747],[-75.11646,40.17681],[-75.11698,40.17658],[-75.11474,40.17314],[-75.11155,40.17332],[-75.10827,40.17061],[-75.10774,40.16781],[-75.10815,40.16736],[-75.10525,40.16559],[-75.10534,40.16513],[-75.10464,40.16444],[-75.10464,40.16266],[-75.1063,40.1608],[-75.1064,40.15973],[-75.10416,40.15836],[-75.10314,40.1582],[-75.10184,40.15713],[-75.10089,40.15726],[-75.10059,40.15778],[-75.0989,40.15794],[-75.09731,40.15739],[-75.09534,40.15576],[-75.09379,40.1565],[-75.0919,40.15594],[-75.09063,40.15598],[-75.08778,40.15718],[-75.08673,40.15673],[-75.08588,40.15726],[-75.08239,40.15791],[-75.08163,40.15719],[-75.07848,40.15587],[-75.07791,40.15456],[-75.07638,40.15439],[-75.0755,40.15383],[-75.07501,40.15329],[-75.07502,40.1519],[-75.07612,40.15138],[-75.07579,40.15082],[-75.07744,40.14927],[-75.07794,40.14773],[-75.0779,40.14692],[-75.07591,40.14336],[-75.07712,40.14193],[-75.07434,40.14029],[-75.07401,40.1387],[-75.07481,40.1358],[-75.07421,40.13478],[-75.07098,40.13433],[-75.07008,40.13268],[-75.07046,40.1319],[-75.07147,40.13192],[-75.07207,40.13152],[-75.07143,40.13005],[-75.07252,40.12917],[-75.07266,40.12694],[-75.07388,40.12441],[-75.0719,40.12209],[-75.07239,40.12059],[-75.07115,40.11987],[-75.071,40.11897],[-75.06985,40.11824],[-75.06955,40.1174],[-75.07069,40.11568],[-75.07542,40.11468],[-75.07598,40.11341],[-75.0723,40.11272],[-75.07112,40.11197],[-75.07298,40.1097],[-75.07382,40.10738],[-75.07323,40.10597],[-75.07356,40.10453],[-75.07156,40.10285],[-75.07176,40.10147],[-75.07285,40.09985],[-75.07173,40.09875],[-75.07318,40.09574],[-75.07202,40.09336],[-75.06994,40.09067],[-75.0671,40.08913],[-75.06682,40.08614],[-75.06586,40.08581],[-75.06402,40.0859],[-75.06299,40.08708],[-75.06243,40.08879],[-75.06096,40.08931],[-75.05977,40.08872],[-75.06086,40.08751],[-75.06053,40.08726],[-75.06085,40.08696],[-75.06086,40.08751]],[[-75.06085,40.08696],[-75.05935,40.08444],[-75.05944,40.08317],[-75.05794,40.08289],[-75.05725,40.08194],[-75.06175,40.07944],[-75.06198,40.07845],[-75.06146,40.07753],[-75.06248,40.07709],[-75.06392,40.07559],[-75.06353,40.07454],[-75.05896,40.07557],[-75.0574,40.07771],[-75.05587,40.07729],[-75.05427,40.07591],[-75.05375,40.07717],[-75.05208,40.07761],[-75.0505,40.07855],[-75.0475,40.07848],[-75.04513,40.07753],[-75.04344,40.07527],[-75.04388,40.07384],[-75.04133,40.07258],[-75.04376,40.06908],[-75.04353,40.06686],[-75.04019,40.06558],[-75.03808,40.06408],[-75.03658,40.06262],[-75.03595,40.06112],[-75.03636,40.0571],[-75.03879,40.05355],[-75.0396,40.0516],[-75.03982,40.04876],[-75.03522,40.04599],[-75.03428,40.0459],[-75.03328,40.04698],[-75.03229,40.05009],[-75.03174,40.05035],[-75.02856,40.05017],[-75.0277,40.04941],[-75.02593,40.04941],[-75.02248,40.05079],[-75.02079,40.05221]],[[-75.11157,40.17024],[-75.10987,40.17025],[-75.1085,40.16867],[-75.10626,40.16784],[-75.10501,40.16614],[-75.10525,40.16559]]]}},{"type":"Feature","properties":{"n":"Peter Creek","w":"stream","rank":3},"geometry":{"type":"MultiLineString","coordinates":[[[-75.05255,39.89869],[-75.07393,39.89647],[-75.0756,39.89547],[-75.07715,39.89525],[-75.07879,39.89442],[-75.08238,39.89616],[-75.08426,39.89771],[-75.09433,39.90149]]]}},{"type":"Feature","properties":{"n":"Pines Run","w":"stream","rank":3},"geometry":{"type":"MultiLineString","coordinates":[[[-75.03199,39.80403],[-75.0319,39.80613],[-75.03434,39.8078],[-75.03731,39.80819],[-75.04096,39.80945],[-75.04268,39.80965],[-75.04332,39.81053],[-75.04357,39.81287],[-75.04319,39.81413],[-75.04391,39.81522],[-75.04753,39.81681],[-75.04909,39.81791],[-75.05003,39.81923],[-75.05373,39.81935],[-75.05915,39.81606],[-75.06197,39.81555],[-75.06399,39.8159],[-75.06487,39.81566],[-75.06524,39.81698],[-75.06631,39.81716],[-75.06782,39.81822],[-75.07122,39.81902],[-75.07198,39.81994],[-75.07349,39.82023],[-75.07424,39.82074],[-75.07421,39.82139],[-75.07517,39.82211],[-75.07565,39.82313],[-75.08068,39.82468],[-75.0824,39.82583],[-75.08283,39.82707]]]}},{"type":"Feature","properties":{"n":"Plank Run","w":"stream","rank":3},"geometry":{"type":"MultiLineString","coordinates":[[[-75.14793,39.71417],[-75.14541,39.71367],[-75.13999,39.71505],[-75.13941,39.71606],[-75.13837,39.71581],[-75.13741,39.71608],[-75.13667,39.71804]]]}},{"type":"Feature","properties":{"n":"Pochack Creek","w":"stream","rank":3},"geometry":{"type":"MultiLineString","coordinates":[[[-75.03588,39.9525],[-75.03635,39.9526],[-75.03858,39.95612],[-75.04109,39.95876],[-75.04239,39.96072],[-75.04229,39.96144],[-75.04411,39.96337],[-75.04408,39.96444],[-75.04223,39.96534],[-75.04379,39.96876],[-75.04403,39.97112],[-75.04317,39.97309],[-75.04482,39.9753],[-75.05033,39.97841],[-75.06537,39.98498]]]}},{"type":"Feature","properties":{"n":"Poquessing Creek","w":"stream","rank":3},"geometry":{"type":"MultiLineString","coordinates":[[[-74.9973,40.14978],[-74.99593,40.14734],[-74.99407,40.1461],[-74.99375,40.14409],[-74.99427,40.14232],[-74.99587,40.14107],[-74.99609,40.14009],[-74.99532,40.13905],[-74.99556,40.13789],[-74.99473,40.13646],[-74.99457,40.13305],[-74.99277,40.13075],[-74.99357,40.12959],[-74.99374,40.12796],[-74.99446,40.12715],[-74.99435,40.12623],[-74.99267,40.12591],[-74.98927,40.12626],[-74.98864,40.12553],[-74.98839,40.12416],[-74.98646,40.12307],[-74.98493,40.12393],[-74.98329,40.12358],[-74.98261,40.12302],[-74.98275,40.12238],[-74.98225,40.12163],[-74.98309,40.1206],[-74.98231,40.11994],[-74.98058,40.12013],[-74.97932,40.11934],[-74.97594,40.12024],[-74.97278,40.11981],[-74.97014,40.11701],[-74.96926,40.11685],[-74.96524,40.11864],[-74.96457,40.11852],[-74.96409,40.11728],[-74.96326,40.11687],[-74.9631,40.11479],[-74.96416,40.11347],[-74.96375,40.10974],[-74.96457,40.10948],[-74.96553,40.10807],[-74.96508,40.10729],[-74.96326,40.10685],[-74.96391,40.10556],[-74.9626,40.10516],[-74.96224,40.10419],[-74.96089,40.1031],[-74.96201,40.09965],[-74.96172,40.09913],[-74.96207,40.09864],[-74.96157,40.09821],[-74.96183,40.09783],[-74.95984,40.09743],[-74.95741,40.09597],[-74.95625,40.0959],[-74.95568,40.09503],[-74.95797,40.09049],[-74.95822,40.08916],[-74.9576,40.08739],[-74.95862,40.08455],[-74.95828,40.08414],[-74.95894,40.08363],[-74.959,40.08245],[-74.95994,40.08217],[-74.9601,40.0811],[-74.96205,40.07948],[-74.96244,40.07801],[-74.96355,40.07705],[-74.96595,40.07724],[-74.96701,40.07639],[-74.96981,40.07647],[-74.97129,40.07586],[-74.9716,40.07445],[-74.97103,40.07383],[-74.97223,40.07319],[-74.97255,40.07213],[-74.97503,40.07066],[-74.97529,40.06982],[-74.97687,40.06911],[-74.97724,40.06814],[-74.98099,40.06597],[-74.98103,40.06167],[-74.98046,40.06008],[-74.98131,40.0598],[-74.9825,40.05857],[-74.98497,40.05738]],[[-74.97826,40.0525],[-74.97439,40.0498]]]}},{"type":"Feature","properties":{"n":"Poquessing Creek","w":"river","rank":2},"geometry":{"type":"MultiLineString","coordinates":[[[-74.98497,40.05738],[-74.98519,40.05704],[-74.98352,40.05443],[-74.98196,40.0537],[-74.97979,40.05354],[-74.97826,40.0525]]]}},{"type":"Feature","properties":{"n":"Porch Branch","w":"stream","rank":3},"geometry":{"type":"MultiLineString","coordinates":[[[-75.08258,39.74416],[-75.08237,39.74306],[-75.08603,39.74102],[-75.08956,39.73961],[-75.09474,39.73974],[-75.09624,39.73901],[-75.09721,39.73912],[-75.0998,39.74071],[-75.10049,39.74426],[-75.10217,39.74483],[-75.10287,39.74843],[-75.1041,39.75],[-75.106,39.7507],[-75.10757,39.75183],[-75.1086,39.75186],[-75.10915,39.75255],[-75.11059,39.75245],[-75.11108,39.75291],[-75.11292,39.75329],[-75.11326,39.75505],[-75.11381,39.75534],[-75.11331,39.75869],[-75.11365,39.75951],[-75.11517,39.76052]]]}},{"type":"Feature","properties":{"n":"Powells Run","w":"stream","rank":3},"geometry":{"type":"MultiLineString","coordinates":[[[-74.71513,40.00499],[-74.71779,40.00358],[-74.71732,40.00305],[-74.71742,40.00216],[-74.71834,40.00109],[-74.71832,39.99994],[-74.71759,39.99834],[-74.71824,39.99667],[-74.71752,39.99457],[-74.71979,39.99188],[-74.72192,39.99135],[-74.72589,39.99197],[-74.72693,39.99171],[-74.72723,39.99198],[-74.73,39.99101],[-74.73024,39.99027],[-74.73117,39.9899],[-74.73342,39.99019],[-74.73513,39.98976],[-74.73513,39.98818],[-74.73589,39.98647],[-74.73719,39.98535],[-74.7375,39.98373],[-74.73852,39.98311],[-74.7387,39.98255]]]}},{"type":"Feature","properties":{"n":"Raccoon Creek","w":"river","rank":2},"geometry":{"type":"MultiLineString","coordinates":[[[-75.25509,39.73865],[-75.25619,39.73972],[-75.26295,39.74108],[-75.26357,39.74193],[-75.26542,39.74246],[-75.2666,39.7438],[-75.26793,39.74302],[-75.27097,39.74334],[-75.272,39.74268],[-75.27329,39.7426],[-75.27454,39.74312],[-75.27577,39.74228],[-75.27696,39.74267],[-75.27759,39.74245],[-75.27829,39.74354],[-75.27996,39.74382],[-75.28182,39.74475],[-75.28334,39.74464],[-75.28557,39.74555],[-75.28642,39.74656],[-75.28916,39.74784],[-75.28931,39.74872],[-75.2902,39.74876],[-75.29079,39.74923],[-75.29206,39.7494],[-75.29365,39.74908],[-75.29409,39.74828],[-75.29701,39.74984],[-75.29784,39.74929],[-75.30037,39.74952],[-75.30177,39.74883],[-75.30303,39.74905],[-75.30468,39.75028],[-75.3059,39.75212],[-75.30699,39.7529],[-75.30724,39.75451],[-75.30988,39.7546],[-75.31149,39.75517],[-75.3132,39.75467],[-75.31507,39.75551],[-75.31853,39.75536],[-75.32151,39.75671],[-75.32621,39.7572],[-75.3327,39.75892],[-75.33413,39.75953],[-75.33507,39.76075],[-75.33699,39.76026],[-75.34169,39.76089],[-75.34377,39.7641],[-75.34574,39.76448],[-75.34521,39.76595],[-75.34612,39.76874],[-75.34696,39.76993],[-75.34987,39.77229],[-75.35435,39.77318],[-75.35472,39.77529],[-75.35559,39.77623],[-75.35542,39.77676],[-75.35375,39.77782],[-75.35317,39.77949],[-75.35116,39.78077],[-75.35049,39.78172],[-75.35067,39.78316],[-75.35342,39.78313],[-75.35604,39.78482],[-75.35645,39.78556],[-75.35537,39.78808],[-75.3555,39.78859],[-75.35668,39.78924],[-75.35675,39.78985],[-75.35366,39.79178],[-75.35318,39.79287],[-75.3543,39.79357],[-75.35563,39.79376],[-75.35719,39.79189],[-75.35826,39.79188],[-75.35914,39.79259],[-75.35831,39.79456],[-75.35416,39.79798],[-75.35432,39.79895],[-75.35566,39.8009],[-75.35529,39.80351],[-75.35616,39.8038],[-75.35823,39.8035],[-75.35932,39.80375],[-75.36287,39.80681],[-75.36641,39.80846],[-75.372,39.80796],[-75.37919,39.80849],[-75.38165,39.80944],[-75.384,39.80971],[-75.38519,39.80941],[-75.38753,39.80953],[-75.39252,39.81053]],[[-75.37957,39.80854],[-75.38261,39.80849],[-75.38407,39.80872],[-75.38519,39.80941]]]}},{"type":"Feature","properties":{"n":"Raccoon Creek","w":"stream","rank":3},"geometry":{"type":"MultiLineString","coordinates":[[[-75.19297,39.6977],[-75.19479,39.6988],[-75.19575,39.70164],[-75.19748,39.70331],[-75.19876,39.70373],[-75.19886,39.70487],[-75.2005,39.7062],[-75.20046,39.70724],[-75.20117,39.70781],[-75.20055,39.71042],[-75.1995,39.71127],[-75.19957,39.71217],[-75.20028,39.71295],[-75.19908,39.714],[-75.19912,39.7152],[-75.19811,39.71578],[-75.20013,39.71675],[-75.20023,39.71818],[-75.20162,39.71868],[-75.20282,39.72021],[-75.20297,39.72125],[-75.20442,39.72164],[-75.20394,39.72317],[-75.20655,39.72361],[-75.20806,39.72457],[-75.2085,39.72641],[-75.21027,39.72803],[-75.21112,39.72827],[-75.21141,39.7293],[-75.21276,39.73084],[-75.21591,39.73146],[-75.21615,39.73216],[-75.21845,39.73297],[-75.22112,39.7324],[-75.22159,39.73588],[-75.22187,39.73555],[-75.22263,39.73558],[-75.22404,39.73637],[-75.22728,39.73637],[-75.2309,39.737],[-75.23228,39.73818],[-75.23448,39.73758],[-75.23595,39.7379],[-75.23718,39.73614],[-75.23825,39.73593],[-75.23954,39.73664],[-75.24154,39.73653],[-75.24411,39.73772],[-75.24661,39.73694],[-75.24986,39.73931],[-75.25366,39.73922],[-75.25509,39.73865]]]}},{"type":"Feature","properties":{"n":"Rancocas Creek","w":"river","rank":2},"geometry":{"type":"MultiLineString","coordinates":[[[-74.86127,39.99651],[-74.86414,39.996],[-74.86822,39.99619],[-74.87273,39.99792],[-74.87774,39.99861],[-74.88381,40.00178],[-74.88696,40.00255],[-74.88755,40.00315],[-74.88789,40.0069],[-74.88852,40.00778],[-74.88989,40.00841],[-74.89467,40.00948],[-74.89624,40.0102],[-74.89977,40.01298],[-74.90438,40.01391],[-74.90652,40.01481],[-74.91503,40.0218],[-74.92108,40.02409],[-74.92254,40.0279],[-74.92383,40.02892],[-74.92467,40.02915],[-74.93034,40.02845],[-74.93278,40.02915],[-74.9375,40.0345],[-74.94473,40.041],[-74.94876,40.04332],[-74.95348,40.04451],[-74.95868,40.04457],[-74.96595,40.04404],[-74.9766,40.04144],[-74.97897,40.04157],[-74.98391,40.04271]],[[-74.92467,40.02915],[-74.92574,40.0299],[-74.92723,40.0301],[-74.93051,40.02845]]]}},{"type":"Feature","properties":{"n":"Rattling Run","w":"stream","rank":3},"geometry":{"type":"MultiLineString","coordinates":[[[-75.22475,39.75631],[-75.22666,39.75702],[-75.22814,39.75712],[-75.22972,39.75624],[-75.23201,39.75567],[-75.23465,39.7565],[-75.23628,39.75657],[-75.2379,39.75618],[-75.23895,39.75654],[-75.24145,39.75834],[-75.24293,39.75847],[-75.24413,39.75954],[-75.24369,39.76086],[-75.24391,39.76256],[-75.24639,39.76422],[-75.2468,39.76579],[-75.24854,39.76734],[-75.25273,39.76728],[-75.25502,39.76606],[-75.25609,39.76702],[-75.25601,39.76757],[-75.25699,39.76863],[-75.25911,39.7695],[-75.25944,39.77134],[-75.26102,39.77263],[-75.26508,39.77136],[-75.26524,39.7709],[-75.26633,39.77037],[-75.26854,39.77093],[-75.27029,39.77234],[-75.27362,39.77365],[-75.27479,39.775],[-75.27636,39.77537],[-75.27711,39.77665],[-75.27937,39.77707],[-75.28268,39.77889],[-75.28293,39.78109],[-75.28234,39.78202]]]}},{"type":"Feature","properties":{"n":"Repaupo Creek","w":"stream","rank":3},"geometry":{"type":"MultiLineString","coordinates":[[[-75.30198,39.81439],[-75.30282,39.81427],[-75.3039,39.81556],[-75.30865,39.81657],[-75.30925,39.81713],[-75.309,39.81769],[-75.31088,39.81906],[-75.31087,39.8197],[-75.31213,39.81945],[-75.31467,39.82047],[-75.31409,39.82207],[-75.31479,39.82214],[-75.31628,39.82126],[-75.31799,39.82164],[-75.31848,39.8235],[-75.31924,39.82425],[-75.31983,39.82424],[-75.3205,39.82297],[-75.32114,39.8227],[-75.32181,39.82331],[-75.32287,39.82349],[-75.32261,39.82528],[-75.32487,39.8255],[-75.32681,39.82723],[-75.32747,39.82705],[-75.32804,39.82496],[-75.33038,39.82577],[-75.3307,39.82626],[-75.33022,39.82811],[-75.33089,39.82874],[-75.33033,39.82972],[-75.33547,39.8335]]]}},{"type":"Feature","properties":{"n":"Robinhood Brook","w":"stream","rank":3},"geometry":{"type":"MultiLineString","coordinates":[[[-75.09914,40.12316],[-75.09781,40.12095],[-75.09687,40.12059],[-75.09322,40.12095],[-75.09082,40.12021],[-75.09003,40.12072],[-75.08884,40.12078],[-75.08687,40.12031],[-75.08527,40.11865],[-75.08508,40.11743],[-75.0844,40.11709],[-75.08404,40.11728],[-75.0824,40.11631],[-75.08226,40.11512],[-75.08053,40.11537],[-75.07995,40.1146],[-75.07733,40.11484],[-75.07588,40.11387]]]}},{"type":"Feature","properties":{"n":"Rockledge Branch","w":"stream","rank":3},"geometry":{"type":"MultiLineString","coordinates":[[[-75.09197,40.08566],[-75.09073,40.08626],[-75.08702,40.0863],[-75.08588,40.08718],[-75.08423,40.08646],[-75.08132,40.08645],[-75.0795,40.08711],[-75.07945,40.0875],[-75.0772,40.08774],[-75.07571,40.08694],[-75.07442,40.0875],[-75.07008,40.08693],[-75.06866,40.08713],[-75.06825,40.08663],[-75.06682,40.08614]]]}},{"type":"Feature","properties":{"n":"Rocky Run","w":"stream","rank":3},"geometry":{"type":"MultiLineString","coordinates":[[[-75.47263,39.94259],[-75.47019,39.93926],[-75.46997,39.93817],[-75.46819,39.9369],[-75.46808,39.93631],[-75.46877,39.93533],[-75.46798,39.93352],[-75.46802,39.93232],[-75.46669,39.93186],[-75.46435,39.93014],[-75.46234,39.9275],[-75.45767,39.92524],[-75.45566,39.925],[-75.45484,39.9236],[-75.45416,39.9239],[-75.45317,39.92334],[-75.45191,39.92188],[-75.45123,39.92042],[-75.45158,39.91966],[-75.45039,39.91829],[-75.45081,39.91753],[-75.4505,39.91638],[-75.45102,39.91565],[-75.45475,39.91518],[-75.45392,39.91401],[-75.45412,39.91286],[-75.45461,39.91235],[-75.45563,39.91251],[-75.45667,39.91188],[-75.4572,39.9097],[-75.45684,39.90807],[-75.45834,39.90769],[-75.45927,39.90666],[-75.46162,39.90561],[-75.46208,39.90572],[-75.46312,39.90415],[-75.46225,39.90319],[-75.4633,39.90227]],[[-75.53012,39.82693],[-75.53203,39.82617],[-75.53319,39.82516],[-75.53424,39.82499],[-75.53468,39.82447],[-75.53597,39.82485],[-75.5379,39.82432],[-75.53986,39.82294],[-75.54286,39.82235],[-75.54471,39.81791],[-75.54471,39.81702],[-75.54535,39.81677],[-75.5464,39.81529],[-75.54779,39.81552],[-75.54968,39.81662],[-75.5514,39.81712],[-75.55406,39.81697],[-75.55557,39.81751],[-75.55806,39.81715],[-75.55944,39.81775],[-75.56026,39.81716],[-75.56016,39.8164],[-75.56071,39.81588],[-75.56161,39.81552],[-75.56293,39.8158],[-75.56359,39.81504]],[[-75.56175,39.81555],[-75.56266,39.81565],[-75.56428,39.81462],[-75.56699,39.81093]]]}},{"type":"Feature","properties":{"n":"Round Meadow Run","w":"stream","rank":3},"geometry":{"type":"MultiLineString","coordinates":[[[-75.11557,40.14396],[-75.1149,40.1444],[-75.11318,40.14716],[-75.11144,40.14845],[-75.11136,40.14902],[-75.10794,40.15076],[-75.10762,40.1516],[-75.10615,40.15302],[-75.10548,40.15319],[-75.10558,40.15372],[-75.10344,40.15338],[-75.10208,40.15406],[-75.10306,40.15562],[-75.10259,40.15762]]]}},{"type":"Feature","properties":{"n":"Sand Ditch","w":"stream","rank":3},"geometry":{"type":"MultiLineString","coordinates":[[[-75.29166,39.81786],[-75.29755,39.81983],[-75.3002,39.82189],[-75.30111,39.82485],[-75.31204,39.83591],[-75.31238,39.837],[-75.31195,39.83789],[-75.31262,39.83869]]]}},{"type":"Feature","properties":{"n":"Sharps Run","w":"stream","rank":3},"geometry":{"type":"MultiLineString","coordinates":[[[-74.86863,39.91748],[-74.86934,39.91487],[-74.86805,39.91418],[-74.86726,39.91065],[-74.86628,39.91108],[-74.8638,39.91011],[-74.86137,39.91018],[-74.85296,39.91273],[-74.8516,39.9124],[-74.8503,39.91131],[-74.8499,39.9093],[-74.84885,39.90915],[-74.84762,39.90814],[-74.84569,39.90798],[-74.84517,39.90682],[-74.84301,39.90677],[-74.84092,39.90575],[-74.84028,39.90583],[-74.83971,39.90646],[-74.83836,39.90551],[-74.83557,39.90556],[-74.83517,39.90584],[-74.83425,39.90473],[-74.83353,39.90485],[-74.83319,39.90385],[-74.83246,39.90363],[-74.83039,39.90406],[-74.82843,39.90339],[-74.82727,39.9048],[-74.82552,39.9046],[-74.82568,39.90498],[-74.82518,39.90523],[-74.82398,39.90512],[-74.82252,39.90582],[-74.82172,39.90568],[-74.82178,39.90609],[-74.82048,39.90647],[-74.82095,39.90687],[-74.82073,39.90709],[-74.81945,39.90678],[-74.81847,39.90698],[-74.81769,39.90612],[-74.81659,39.90594],[-74.81303,39.90712],[-74.81263,39.90775]]]}},{"type":"Feature","properties":{"n":"Sharps Run","w":"canal","rank":3},"geometry":{"type":"MultiLineString","coordinates":[[[-74.87394,39.91822],[-74.87107,39.91809],[-74.86863,39.91748]]]}},{"type":"Feature","properties":{"n":"Shipley Branch","w":"stream","rank":3},"geometry":{"type":"MultiLineString","coordinates":[[[-75.31852,39.9111],[-75.31642,39.90802],[-75.31471,39.90442],[-75.31314,39.90437],[-75.31188,39.90374],[-75.31164,39.90255],[-75.31047,39.90193],[-75.30918,39.90027],[-75.30822,39.9007],[-75.30773,39.90011],[-75.30666,39.90047],[-75.30576,39.89947],[-75.30501,39.89928],[-75.30124,39.90073],[-75.30131,39.9012],[-75.30026,39.90174],[-75.29821,39.90211]]]}},{"type":"Feature","properties":{"n":"Signey Run","w":"stream","rank":3},"geometry":{"type":"MultiLineString","coordinates":[[[-75.01973,39.83562],[-75.0218,39.8351],[-75.02339,39.83307],[-75.02611,39.8317],[-75.02798,39.83187],[-75.02973,39.83093],[-75.0337,39.83147],[-75.0349,39.8311],[-75.03672,39.8312],[-75.03753,39.83106],[-75.03831,39.82961]]]}},{"type":"Feature","properties":{"n":"Slab Bridge Branch","w":"stream","rank":3},"geometry":{"type":"MultiLineString","coordinates":[[[-75.01075,39.75371],[-75.01111,39.75264],[-75.01496,39.75186],[-75.01547,39.75128],[-75.01638,39.75113],[-75.0239,39.74755]]]}},{"type":"Feature","properties":{"n":"South Branch Big Timber Creek","w":"stream","rank":3},"geometry":{"type":"MultiLineString","coordinates":[[[-75.04341,39.76311],[-75.04306,39.7638],[-75.0444,39.76616],[-75.04421,39.7669],[-75.04609,39.76808],[-75.04542,39.7688],[-75.04719,39.76937],[-75.04825,39.77106],[-75.04956,39.77155],[-75.04925,39.77222],[-75.05009,39.7739],[-75.04985,39.77505],[-75.05029,39.77659],[-75.04933,39.77859],[-75.05061,39.77904],[-75.05121,39.78027],[-75.05426,39.78004],[-75.05469,39.7816],[-75.05539,39.78234],[-75.06008,39.78333],[-75.06047,39.78392],[-75.0642,39.78441],[-75.06418,39.78478],[-75.06306,39.78494],[-75.06277,39.78555],[-75.06332,39.78598],[-75.06418,39.78567],[-75.06456,39.7871],[-75.06583,39.78838],[-75.06585,39.78877],[-75.0651,39.78917],[-75.06521,39.78976],[-75.06593,39.78993],[-75.06617,39.78951],[-75.06688,39.78989],[-75.06744,39.7914],[-75.06716,39.79358],[-75.06782,39.79442],[-75.06913,39.79458],[-75.06924,39.79362],[-75.06969,39.79345],[-75.07156,39.7949],[-75.07356,39.79517],[-75.07416,39.79577],[-75.0742,39.79733],[-75.07563,39.79816],[-75.07581,39.79908],[-75.07277,39.80274],[-75.07388,39.8031],[-75.0754,39.80495],[-75.07707,39.80505],[-75.07728,39.80632],[-75.0784,39.80557],[-75.08013,39.80598],[-75.08061,39.80553],[-75.08157,39.80659],[-75.08055,39.80799],[-75.08295,39.80964],[-75.08293,39.81064],[-75.08433,39.81117],[-75.08531,39.81263],[-75.0851,39.81365],[-75.08649,39.81348],[-75.08872,39.81421],[-75.08847,39.81516],[-75.08677,39.81548],[-75.08647,39.81623],[-75.08755,39.81843],[-75.08759,39.81992],[-75.08849,39.82036],[-75.08849,39.82086],[-75.08734,39.82244],[-75.08546,39.82304],[-75.08576,39.82486],[-75.0828,39.82719],[-75.085,39.83074],[-75.08424,39.832],[-75.08305,39.83217],[-75.08294,39.83342],[-75.08484,39.83452],[-75.08467,39.83668],[-75.08523,39.83692]],[[-75.02305,39.73008],[-75.02173,39.73402],[-75.02045,39.7355],[-75.02011,39.73656],[-75.02087,39.73786],[-75.02216,39.7381],[-75.02156,39.73871],[-75.02195,39.73907],[-75.02172,39.73958],[-75.02282,39.74013],[-75.02246,39.7431],[-75.02111,39.74403],[-75.02131,39.74525],[-75.0221,39.74583],[-75.02216,39.7464],[-75.02494,39.74837],[-75.02711,39.74967],[-75.02804,39.74956],[-75.02888,39.7504],[-75.03034,39.75075],[-75.03117,39.75162],[-75.03127,39.75243],[-75.03379,39.75373],[-75.0354,39.75506],[-75.03592,39.75707],[-75.03885,39.75872],[-75.03964,39.76034],[-75.04072,39.76094],[-75.04192,39.76083]]]}},{"type":"Feature","properties":{"n":"South Branch Mill Creek","w":"stream","rank":3},"geometry":{"type":"MultiLineString","coordinates":[[[-74.85906,40.01169],[-74.85917,40.01229],[-74.85996,40.01248],[-74.86166,40.01208],[-74.86353,40.01265],[-74.86816,40.01313],[-74.87037,40.01461],[-74.88258,40.01822],[-74.88328,40.01902],[-74.88362,40.02099],[-74.88565,40.02203],[-74.89023,40.02556],[-74.89016,40.02811],[-74.88916,40.02925],[-74.88935,40.03081],[-74.88792,40.03284],[-74.88877,40.03371],[-74.88877,40.03485],[-74.88992,40.03542]]]}},{"type":"Feature","properties":{"n":"South Branch Naamans Creek","w":"stream","rank":3},"geometry":{"type":"MultiLineString","coordinates":[[[-75.50585,39.84595],[-75.50404,39.8421],[-75.5053,39.84075],[-75.50641,39.83845],[-75.50772,39.83718],[-75.50716,39.83278],[-75.50647,39.83241],[-75.50666,39.83149],[-75.50549,39.82973],[-75.50218,39.82839],[-75.50169,39.82708],[-75.49949,39.82487]],[[-75.49835,39.82309],[-75.49689,39.82215],[-75.49534,39.81853],[-75.49195,39.81573],[-75.49031,39.81554],[-75.48894,39.81435],[-75.48713,39.81488],[-75.48699,39.8142],[-75.48582,39.81345],[-75.48522,39.81367],[-75.48507,39.81455],[-75.48422,39.81499],[-75.48264,39.81372],[-75.48073,39.81357],[-75.48015,39.81282],[-75.47994,39.81113],[-75.47855,39.80923],[-75.47446,39.80738],[-75.47303,39.8061],[-75.4729,39.80471],[-75.46992,39.80398],[-75.46888,39.80282],[-75.46562,39.80443],[-75.46265,39.80751],[-75.45888,39.81038],[-75.45795,39.81025],[-75.45716,39.80955],[-75.45763,39.80822],[-75.45697,39.80787],[-75.45662,39.80703],[-75.45535,39.80759],[-75.45469,39.80871],[-75.45281,39.80959],[-75.45377,39.81101],[-75.45297,39.81206],[-75.45011,39.81213],[-75.44844,39.81254],[-75.44628,39.81241]]]}},{"type":"Feature","properties":{"n":"South Branch Newton Creek","w":"stream","rank":3},"geometry":{"type":"MultiLineString","coordinates":[[[-75.06386,39.87913],[-75.06883,39.87988],[-75.07067,39.87942],[-75.07282,39.87959],[-75.07442,39.87895],[-75.07676,39.87966],[-75.08012,39.88198],[-75.08385,39.88606],[-75.08523,39.88676],[-75.08575,39.88747],[-75.08802,39.88876],[-75.09162,39.88888],[-75.09353,39.88851],[-75.09466,39.88875],[-75.097,39.89105],[-75.09792,39.89118],[-75.09732,39.89206],[-75.09761,39.89232],[-75.09849,39.89244],[-75.09972,39.89202],[-75.1041,39.89258],[-75.1049,39.89147],[-75.10759,39.89202],[-75.10854,39.89278],[-75.11178,39.89295],[-75.11254,39.89383],[-75.11288,39.89561],[-75.11398,39.89607],[-75.11353,39.89692],[-75.11189,39.8976],[-75.11184,39.89856]]]}},{"type":"Feature","properties":{"n":"South Branch Pennsauken Creek","w":"stream","rank":3},"geometry":{"type":"MultiLineString","coordinates":[[[-74.92889,39.88519],[-74.93153,39.88622],[-74.93337,39.88819],[-74.93617,39.88989],[-74.93886,39.89067],[-74.94094,39.89248],[-74.94417,39.89306],[-74.94553,39.89632],[-74.94686,39.89729],[-74.94957,39.89829],[-74.95195,39.90167],[-74.9525,39.90705],[-74.95442,39.90926],[-74.95536,39.91253],[-74.95672,39.91349],[-74.95802,39.91527],[-74.96089,39.91682],[-74.96161,39.91897],[-74.96264,39.91947],[-74.96287,39.92022],[-74.9647,39.92075],[-74.96728,39.92069],[-74.9697,39.92175],[-74.97259,39.92142],[-74.97502,39.92161],[-74.97664,39.9228],[-74.97968,39.92422],[-74.98099,39.92565],[-74.98395,39.92686],[-74.98555,39.93048],[-74.98448,39.93131],[-74.98231,39.931],[-74.98122,39.93121],[-74.98093,39.93239],[-74.98149,39.93374],[-74.98074,39.93417],[-74.97862,39.93434],[-74.97698,39.93545],[-74.97641,39.93685],[-74.97508,39.93781],[-74.97571,39.93976],[-74.98203,39.94044],[-74.98401,39.93984],[-74.9857,39.94011],[-74.98635,39.93978],[-74.98727,39.93988],[-74.98922,39.94104],[-74.99055,39.94064],[-74.99194,39.94089],[-74.99237,39.94027],[-74.99324,39.94017],[-74.99443,39.93937],[-74.99495,39.93999],[-74.99572,39.93985],[-74.99647,39.94048],[-74.99712,39.94013],[-74.99793,39.94041],[-74.99878,39.94024],[-74.99986,39.9408],[-75.00052,39.94197],[-75.00138,39.94162],[-75.00426,39.94149],[-75.00473,39.94309],[-75.00647,39.94291],[-75.00763,39.9443],[-75.0085,39.9445],[-75.00911,39.94515],[-75.01268,39.94519],[-75.01421,39.94587],[-75.01508,39.94681],[-75.01619,39.95039],[-75.01332,39.95408],[-75.01309,39.95663],[-75.01756,39.95926],[-75.01746,39.95983],[-75.01656,39.9605],[-75.01662,39.96223],[-75.01756,39.96365],[-75.01854,39.96355],[-75.01886,39.96402],[-75.01888,39.96714],[-75.02017,39.9683],[-75.01961,39.96882],[-75.01974,39.96948],[-75.01756,39.96937],[-75.01605,39.97027],[-75.0165,39.97142],[-75.016,39.97279],[-75.01754,39.97342],[-75.01745,39.97467],[-75.01662,39.97457],[-75.01627,39.97373],[-75.01569,39.97384],[-75.01479,39.97495],[-75.01558,39.97554],[-75.01542,39.97651],[-75.01419,39.97652],[-75.01339,39.97787],[-75.00999,39.98003]]]}},{"type":"Feature","properties":{"n":"South Branch Raccoon Creek","w":"stream","rank":3},"geometry":{"type":"MultiLineString","coordinates":[[[-75.229,39.69782],[-75.22958,39.69837],[-75.22984,39.70078],[-75.2294,39.70327],[-75.22833,39.70435],[-75.22886,39.70597],[-75.22864,39.70682],[-75.22761,39.70837],[-75.22855,39.70882],[-75.2286,39.70997],[-75.2319,39.71184],[-75.23236,39.71159],[-75.23279,39.71182],[-75.23342,39.71411],[-75.23423,39.71457],[-75.23388,39.71575],[-75.23458,39.7166],[-75.23439,39.7188],[-75.23511,39.71892],[-75.2362,39.72016],[-75.23788,39.7207],[-75.23787,39.72284],[-75.23893,39.72311],[-75.23968,39.72377],[-75.23879,39.72466],[-75.24,39.72493],[-75.24082,39.72562],[-75.24103,39.72672],[-75.24215,39.72728],[-75.24335,39.72855],[-75.24333,39.72952],[-75.24423,39.73013],[-75.24585,39.73017],[-75.24624,39.73068],[-75.24608,39.73181],[-75.24699,39.7326],[-75.24767,39.73289],[-75.24913,39.73277],[-75.2506,39.73338],[-75.25063,39.73377],[-75.25255,39.7351],[-75.25543,39.73486],[-75.25578,39.73674],[-75.25509,39.73865]]]}},{"type":"Feature","properties":{"n":"South Branch Rancocas Creek","w":"stream","rank":3},"geometry":{"type":"MultiLineString","coordinates":[[[-74.69873,39.91682],[-74.70057,39.91775],[-74.70259,39.91797],[-74.70371,39.91899],[-74.70517,39.91904],[-74.70529,39.91937],[-74.70789,39.92026],[-74.70918,39.92029],[-74.70937,39.92069],[-74.71059,39.92085],[-74.7121,39.92215],[-74.71419,39.922],[-74.71452,39.9227],[-74.7156,39.92315],[-74.71771,39.92325],[-74.71776,39.92372],[-74.71818,39.92371],[-74.71797,39.92403],[-74.72053,39.92453],[-74.72187,39.92525],[-74.72257,39.9251],[-74.72218,39.92557],[-74.72266,39.92602],[-74.72421,39.92613],[-74.72442,39.92762],[-74.72567,39.92672],[-74.72896,39.92822],[-74.72934,39.92788],[-74.73162,39.92779],[-74.73259,39.92879],[-74.73402,39.92783],[-74.73505,39.92862],[-74.737,39.92804],[-74.73704,39.92938],[-74.73743,39.92957],[-74.7382,39.9292],[-74.7387,39.92987],[-74.74047,39.9292],[-74.74148,39.92981],[-74.74289,39.92943],[-74.7447,39.93023],[-74.74561,39.92954],[-74.74638,39.93068],[-74.74934,39.93144],[-74.7514,39.93304],[-74.75127,39.93499],[-74.7523,39.93713],[-74.7522,39.93944],[-74.75178,39.93987],[-74.75212,39.94024],[-74.75361,39.94038],[-74.75418,39.9412],[-74.75307,39.94235],[-74.75365,39.94339],[-74.75802,39.94305],[-74.75951,39.94194],[-74.76008,39.94098],[-74.76113,39.94121],[-74.76166,39.94213],[-74.76334,39.93987],[-74.76471,39.94009],[-74.7652,39.93952],[-74.76624,39.93996],[-74.7667,39.93869],[-74.76775,39.93805],[-74.76894,39.93847],[-74.77041,39.9397],[-74.77136,39.9393],[-74.77139,39.93829],[-74.77199,39.93798],[-74.77528,39.93896],[-74.7754,39.93851],[-74.77621,39.93856],[-74.776,39.94007],[-74.77664,39.93974],[-74.77701,39.94003],[-74.77835,39.93937],[-74.77844,39.94044],[-74.77945,39.94106],[-74.77956,39.94215],[-74.78019,39.94243],[-74.78004,39.9434],[-74.77943,39.94395],[-74.78148,39.94356],[-74.78145,39.94418],[-74.78058,39.94486],[-74.78115,39.94552],[-74.78181,39.94561],[-74.78262,39.94471],[-74.78376,39.94453],[-74.78417,39.94494],[-74.78368,39.94566],[-74.7842,39.94612],[-74.78562,39.94512],[-74.78657,39.94587],[-74.78661,39.94685],[-74.78727,39.9468],[-74.78811,39.94592],[-74.79027,39.94651],[-74.79049,39.94727],[-74.7912,39.9477],[-74.79322,39.94771],[-74.79273,39.94845],[-74.793,39.94883],[-74.79433,39.94921],[-74.7961,39.94908],[-74.79688,39.94964],[-74.80006,39.95023],[-74.79985,39.95183],[-74.79908,39.95289],[-74.80068,39.95446],[-74.79936,39.95576],[-74.80009,39.95648],[-74.79929,39.9568],[-74.79946,39.95792],[-74.80179,39.95794],[-74.80415,39.95567],[-74.8067,39.95435],[-74.80476,39.95859],[-74.80302,39.96028],[-74.80278,39.96103],[-74.80539,39.96285],[-74.80658,39.96259],[-74.8072,39.96131],[-74.80884,39.96102],[-74.81145,39.96188],[-74.81302,39.96167],[-74.81442,39.96221],[-74.81451,39.96252],[-74.81366,39.96312],[-74.8146,39.96642],[-74.81403,39.96813],[-74.81648,39.97101],[-74.81871,39.9721],[-74.81945,39.97311],[-74.82166,39.97371],[-74.82294,39.97472],[-74.82513,39.97494],[-74.82523,39.97686],[-74.82388,39.97861],[-74.82423,39.97936],[-74.82581,39.97954],[-74.82787,39.97895],[-74.82872,39.97913],[-74.82903,39.98142],[-74.83012,39.98263],[-74.83424,39.98229],[-74.83513,39.98341],[-74.83756,39.9828],[-74.83958,39.98563],[-74.84066,39.98589],[-74.84285,39.98526],[-74.84428,39.98539],[-74.84522,39.98613],[-74.84576,39.98784],[-74.84679,39.98842],[-74.8479,39.98853],[-74.85057,39.98717],[-74.85175,39.98727],[-74.85237,39.98863],[-74.84882,39.99043],[-74.84852,39.99174],[-74.84946,39.99217],[-74.85298,39.99233],[-74.85393,39.99293],[-74.8542,39.99466],[-74.8547,39.99502],[-74.85589,39.99517],[-74.85698,39.99434],[-74.85806,39.99435],[-74.85906,39.99479],[-74.86001,39.99615],[-74.86127,39.99651]]]}},{"type":"Feature","properties":{"n":"Southampton Creek","w":"stream","rank":3},"geometry":{"type":"MultiLineString","coordinates":[[[-75.05977,40.19332],[-75.06151,40.19167],[-75.06183,40.18994],[-75.06133,40.18933],[-75.06152,40.18709],[-75.06073,40.18571],[-75.06078,40.1849],[-75.05941,40.18426],[-75.0582,40.1811],[-75.05817,40.18058],[-75.05938,40.17943],[-75.05945,40.17867],[-75.05898,40.17831],[-75.05967,40.17641],[-75.0591,40.17597],[-75.05848,40.17429],[-75.05899,40.17444],[-75.05886,40.17414],[-75.06268,40.17052],[-75.06248,40.17004],[-75.06327,40.16839],[-75.06512,40.16649],[-75.06586,40.16508],[-75.06557,40.16463],[-75.06647,40.16397],[-75.06647,40.16324],[-75.06792,40.16287],[-75.06931,40.16084],[-75.07042,40.16085],[-75.07058,40.16],[-75.07161,40.15999],[-75.07235,40.15933],[-75.07367,40.15945],[-75.07501,40.15843],[-75.07644,40.15648],[-75.07617,40.15524],[-75.0767,40.1544]]]}},{"type":"Feature","properties":{"n":"Southwest Branch South Branch Rancocas Creek","w":"stream","rank":3},"geometry":{"type":"MultiLineString","coordinates":[[[-74.92768,39.90404],[-74.92568,39.90342],[-74.92556,39.90226],[-74.92279,39.90245],[-74.92256,39.90209],[-74.91657,39.90065],[-74.91613,39.9014],[-74.91428,39.90182],[-74.91147,39.90141],[-74.90779,39.90001],[-74.906,39.89775],[-74.89886,39.89599],[-74.89528,39.89371],[-74.8926,39.89307],[-74.89111,39.89183],[-74.88821,39.89162],[-74.88593,39.89049],[-74.88357,39.89024],[-74.8782,39.8879],[-74.87696,39.88789],[-74.87604,39.88704],[-74.87298,39.8856],[-74.87039,39.88616],[-74.86882,39.88815],[-74.86679,39.88776],[-74.86481,39.88863],[-74.86178,39.88863],[-74.86102,39.88889],[-74.86032,39.88988],[-74.85928,39.89018],[-74.85737,39.88994],[-74.85647,39.89035],[-74.85619,39.89098],[-74.85236,39.89036],[-74.85149,39.89051],[-74.84965,39.88995],[-74.84901,39.89069],[-74.84853,39.89024],[-74.84755,39.89009],[-74.8473,39.89037],[-74.84588,39.88953],[-74.84479,39.89015],[-74.84401,39.88956],[-74.84292,39.88927],[-74.84265,39.88956],[-74.84245,39.88874],[-74.84144,39.88849],[-74.83919,39.88914],[-74.83856,39.88899],[-74.83845,39.8882],[-74.83809,39.88856],[-74.83658,39.88819],[-74.83656,39.88859],[-74.83581,39.88853],[-74.8333,39.88988],[-74.83331,39.89028],[-74.83195,39.89115],[-74.83199,39.89184],[-74.8303,39.89172],[-74.82939,39.89354],[-74.82651,39.89382],[-74.82616,39.89337],[-74.82568,39.89344],[-74.82529,39.8938],[-74.82524,39.89543],[-74.82286,39.89534],[-74.82128,39.89575],[-74.82001,39.89736],[-74.81928,39.8977],[-74.81824,39.89744],[-74.81778,39.89813],[-74.81805,39.89893],[-74.8174,39.89953],[-74.8151,39.89978],[-74.81473,39.90118],[-74.81531,39.9019],[-74.81477,39.90222],[-74.8134,39.90223],[-74.8139,39.9036],[-74.8128,39.90397],[-74.81251,39.90462],[-74.8127,39.90573],[-74.81204,39.90686],[-74.81268,39.90798],[-74.81188,39.90893],[-74.81184,39.91079],[-74.81128,39.91136],[-74.80999,39.91163],[-74.80973,39.91277],[-74.8073,39.91242],[-74.80634,39.91388],[-74.80597,39.91518],[-74.80629,39.91569],[-74.80532,39.91628],[-74.8043,39.91863],[-74.80305,39.91918],[-74.80275,39.91976],[-74.80264,39.92095],[-74.80386,39.92233],[-74.80361,39.92277],[-74.80518,39.9233],[-74.80472,39.92437],[-74.80547,39.92513],[-74.80545,39.9263],[-74.80648,39.92659],[-74.80598,39.92703],[-74.80604,39.92793],[-74.80407,39.92828],[-74.80549,39.92924],[-74.80621,39.92907],[-74.80647,39.92951],[-74.80582,39.92983],[-74.80459,39.92952],[-74.80305,39.93022],[-74.80363,39.93177],[-74.80505,39.93156],[-74.80436,39.93381],[-74.8057,39.9333],[-74.80614,39.93349],[-74.80582,39.93461],[-74.80418,39.93489],[-74.80407,39.93587],[-74.80354,39.9361],[-74.80485,39.93702],[-74.80487,39.93744],[-74.80431,39.9376],[-74.80316,39.93715],[-74.80249,39.93735],[-74.80273,39.93793],[-74.8043,39.93842],[-74.80408,39.93886],[-74.80212,39.93955],[-74.80144,39.9404],[-74.80176,39.94082],[-74.80291,39.94092],[-74.80318,39.94142],[-74.80098,39.94197],[-74.8006,39.94272],[-74.79921,39.94294],[-74.79967,39.9443],[-74.80073,39.94471],[-74.79951,39.945],[-74.79681,39.94458],[-74.79676,39.94555],[-74.79909,39.94604],[-74.79914,39.94742],[-74.79856,39.94885],[-74.79668,39.94876],[-74.79614,39.94909]]]}},{"type":"Feature","properties":{"n":"Still Run","w":"stream","rank":3},"geometry":{"type":"MultiLineString","coordinates":[[[-75.21863,39.76355],[-75.2189,39.76504],[-75.2203,39.76652],[-75.22247,39.76717],[-75.225,39.76862],[-75.22554,39.7693],[-75.23048,39.76915],[-75.23121,39.77049],[-75.23544,39.77387],[-75.23632,39.77555],[-75.23762,39.77582],[-75.23823,39.77634],[-75.23866,39.777],[-75.23869,39.7793],[-75.23781,39.77991],[-75.23662,39.78289],[-75.23779,39.78406],[-75.2393,39.7846],[-75.24105,39.78424],[-75.24295,39.78323],[-75.24415,39.78354],[-75.24566,39.78317],[-75.24913,39.78357],[-75.25121,39.78493],[-75.25238,39.78526],[-75.25397,39.78517],[-75.25472,39.78557],[-75.25876,39.79057],[-75.26189,39.79169],[-75.26302,39.79247],[-75.26382,39.79436],[-75.26541,39.79583],[-75.26511,39.79779],[-75.26615,39.7985],[-75.2661,39.80014],[-75.26697,39.80029],[-75.26807,39.80285],[-75.27086,39.80425],[-75.27082,39.80523],[-75.27217,39.80513],[-75.27546,39.80658],[-75.27647,39.80912],[-75.27908,39.80892],[-75.28155,39.80999],[-75.28257,39.80984],[-75.28515,39.81098],[-75.28627,39.81285],[-75.28745,39.81278],[-75.29115,39.81354],[-75.29203,39.81472],[-75.29496,39.81569],[-75.29817,39.81597],[-75.29954,39.81544],[-75.30057,39.81581],[-75.30198,39.81439]]]}},{"type":"Feature","properties":{"n":"Stoney Creek","w":"stream","rank":3},"geometry":{"type":"MultiLineString","coordinates":[[[-75.40647,39.84852],[-75.40435,39.84636],[-75.4032,39.84632],[-75.40203,39.84431],[-75.40286,39.84176],[-75.40248,39.83897],[-75.40316,39.83549],[-75.4021,39.83308],[-75.40145,39.83276],[-75.40039,39.833],[-75.4001,39.83228],[-75.4008,39.83114],[-75.40187,39.83049],[-75.40025,39.82625],[-75.4002,39.82477],[-75.39857,39.82252],[-75.39692,39.82218],[-75.39475,39.82021],[-75.39266,39.81698],[-75.39052,39.81176]],[[-75.50276,39.80228],[-75.50133,39.80162],[-75.50075,39.8],[-75.50237,39.79709],[-75.50242,39.79595],[-75.50096,39.79519],[-75.50121,39.79399],[-75.50085,39.79249],[-75.49893,39.79005],[-75.49771,39.78963],[-75.49602,39.78813],[-75.49562,39.78543],[-75.49428,39.78368],[-75.49221,39.78265],[-75.49071,39.78252],[-75.49039,39.78157],[-75.48982,39.78163],[-75.48916,39.781]]]}},{"type":"Feature","properties":{"n":"Swede Run","w":"stream","rank":3},"geometry":{"type":"MultiLineString","coordinates":[[[-74.93721,39.97514],[-74.93785,39.97624],[-74.93734,39.97651],[-74.93273,39.97808],[-74.92898,39.97832],[-74.92832,39.9789],[-74.92749,39.97868],[-74.92495,39.9807],[-74.92249,39.98349],[-74.92315,39.98395],[-74.92329,39.98547],[-74.92398,39.98678],[-74.9249,39.9868],[-74.9258,39.98742],[-74.92602,39.98848],[-74.92705,39.98962],[-74.92819,39.99004],[-74.92819,39.9907],[-74.92922,39.99172],[-74.93091,39.99276],[-74.93261,39.99515],[-74.93597,39.99673],[-74.9366,39.99745],[-74.9363,39.99773],[-74.93777,39.9983],[-74.9375,39.99953],[-74.94135,40.0027],[-74.94248,40.0029],[-74.9446,40.00507],[-74.947,40.00646],[-74.94971,40.00678],[-74.9514,40.00776],[-74.95171,40.00821],[-74.9512,40.00889],[-74.95152,40.00913],[-74.9511,40.01069],[-74.9516,40.01289],[-74.95516,40.01372],[-74.95718,40.01584],[-74.95887,40.01602],[-74.9631,40.01755],[-74.96359,40.01877],[-74.96492,40.0194],[-74.96778,40.01946],[-74.97108,40.02005],[-74.97291,40.02112],[-74.97291,40.02148],[-74.97395,40.02163],[-74.97421,40.0222],[-74.97557,40.02264],[-74.97507,40.02319],[-74.97531,40.02391],[-74.97638,40.02439],[-74.97639,40.02506],[-74.97723,40.02553],[-74.97711,40.02679],[-74.9781,40.02838],[-74.97761,40.02903],[-74.97822,40.03044],[-74.97801,40.03127],[-74.97666,40.03269],[-74.97696,40.03362],[-74.98148,40.03324],[-74.9878,40.03373],[-74.99245,40.03531]]]}},{"type":"Feature","properties":{"n":"Tacony Creek","w":"stream","rank":3},"geometry":{"type":"MultiLineString","coordinates":[[[-75.09504,40.05876],[-75.09755,40.05641],[-75.10005,40.05511],[-75.10382,40.05448],[-75.10625,40.05098],[-75.1074,40.05065],[-75.10841,40.04875],[-75.11117,40.04672],[-75.11111,40.0445],[-75.1145,40.03989],[-75.11377,40.03717],[-75.11105,40.03402]]]}},{"type":"Feature","properties":{"n":"Terwood Run","w":"stream","rank":3},"geometry":{"type":"MultiLineString","coordinates":[[[-75.10199,40.12928],[-75.09952,40.12961],[-75.09739,40.13161],[-75.09455,40.13173],[-75.0923,40.133],[-75.08989,40.13352],[-75.08931,40.13389],[-75.08948,40.13413],[-75.08862,40.13358],[-75.0878,40.13356],[-75.08707,40.13412],[-75.0845,40.13435],[-75.08197,40.13242],[-75.08054,40.13219],[-75.07967,40.13095],[-75.07991,40.13032],[-75.07925,40.13008],[-75.0795,40.12974],[-75.07779,40.12891],[-75.07652,40.129],[-75.07379,40.12482]],[[-75.10865,40.12735],[-75.10666,40.12855],[-75.106,40.12866],[-75.10512,40.12823],[-75.10315,40.12897]]]}},{"type":"Feature","properties":{"n":"Tindale Run","w":"stream","rank":3},"geometry":{"type":"MultiLineString","coordinates":[[[-74.99463,39.87969],[-74.99695,39.87973],[-74.99964,39.8813],[-75.0022,39.88345],[-75.00681,39.88516],[-75.01069,39.88772],[-75.01193,39.88743],[-75.01415,39.88791],[-75.01528,39.88867],[-75.01781,39.88841],[-75.01997,39.8891],[-75.02244,39.88852],[-75.02432,39.88876],[-75.02573,39.88986]]]}},{"type":"Feature","properties":{"n":"Toms Branch","w":"stream","rank":3},"geometry":{"type":"MultiLineString","coordinates":[[[-75.0206,39.77576],[-75.02491,39.77446],[-75.02894,39.7747],[-75.0356,39.77024],[-75.03879,39.76931],[-75.04179,39.76673],[-75.04356,39.76628],[-75.04431,39.76665]]]}},{"type":"Feature","properties":{"n":"Waln Run","w":"stream","rank":3},"geometry":{"type":"MultiLineString","coordinates":[[[-75.56378,39.91241],[-75.56266,39.91233],[-75.55988,39.91436],[-75.55742,39.91545],[-75.55719,39.91641],[-75.555,39.9177],[-75.54569,39.92572],[-75.54429,39.92878],[-75.54562,39.92933],[-75.54586,39.93034]]]}},{"type":"Feature","properties":{"n":"Walton Run","w":"stream","rank":3},"geometry":{"type":"MultiLineString","coordinates":[[[-75.01215,40.09676],[-75.01191,40.09346],[-75.01026,40.09295],[-75.00779,40.09365],[-75.00523,40.09311],[-75.00608,40.08944],[-75.00441,40.087],[-75.00323,40.08708],[-74.99531,40.09066],[-74.99459,40.09064],[-74.99301,40.08934],[-74.99317,40.0869],[-74.99371,40.08585],[-74.99339,40.08501],[-74.99198,40.08518],[-74.99159,40.08468],[-74.99078,40.08498],[-74.9875,40.08719],[-74.98544,40.08936],[-74.98477,40.08923],[-74.9831,40.08749],[-74.9816,40.08691],[-74.98113,40.08725]]]}},{"type":"Feature","properties":{"n":"Webb Creek","w":"stream","rank":3},"geometry":{"type":"MultiLineString","coordinates":[[[-75.52493,39.84446],[-75.52787,39.84624],[-75.52858,39.84719],[-75.53124,39.84792],[-75.5318,39.84949],[-75.53207,39.85168],[-75.52835,39.85473],[-75.52881,39.85721],[-75.52779,39.85932],[-75.52847,39.86037],[-75.52951,39.8609],[-75.5308,39.86234],[-75.53042,39.86358],[-75.53,39.8635],[-75.52954,39.86432],[-75.5301,39.86678],[-75.53065,39.86711],[-75.5302,39.86778],[-75.53071,39.86831],[-75.52955,39.86905],[-75.52807,39.86885],[-75.52756,39.86912],[-75.52693,39.87088],[-75.52578,39.87203],[-75.52256,39.87378],[-75.52036,39.87438],[-75.51998,39.87406],[-75.51653,39.87533],[-75.51604,39.87515],[-75.51559,39.87541],[-75.51585,39.87582],[-75.51487,39.87611],[-75.51277,39.87609],[-75.51262,39.8769],[-75.51326,39.87809],[-75.5129,39.87979],[-75.51247,39.88039],[-75.51196,39.88022],[-75.51189,39.88083],[-75.51309,39.88511],[-75.5121,39.88595],[-75.51129,39.88603],[-75.51097,39.88729],[-75.50984,39.88759]]]}},{"type":"Feature","properties":{"n":"West Branch Chester Creek","w":"stream","rank":3},"geometry":{"type":"MultiLineString","coordinates":[[[-75.56041,39.90097],[-75.55912,39.90053],[-75.55764,39.90077],[-75.55697,39.90019],[-75.55201,39.90055],[-75.55075,39.90001],[-75.54916,39.9],[-75.54789,39.89889],[-75.54467,39.8976],[-75.54198,39.89751],[-75.54076,39.89671],[-75.53996,39.89664],[-75.53931,39.8959],[-75.53733,39.89572],[-75.53534,39.89363],[-75.53559,39.89294],[-75.53523,39.89269],[-75.53188,39.89404],[-75.52825,39.89381],[-75.52662,39.89334],[-75.52478,39.89357],[-75.52435,39.89276],[-75.52175,39.8924],[-75.51975,39.89109],[-75.51922,39.89139],[-75.51824,39.89113],[-75.51643,39.89153],[-75.51651,39.8907],[-75.5156,39.89026],[-75.51159,39.88964],[-75.5113,39.88861],[-75.50984,39.88759],[-75.50799,39.88902],[-75.50767,39.88986],[-75.50535,39.89091],[-75.50307,39.89026],[-75.50026,39.88773],[-75.49875,39.88852],[-75.49384,39.88855],[-75.49329,39.88906],[-75.49215,39.8889],[-75.48949,39.88722],[-75.48984,39.8856],[-75.48935,39.88503],[-75.48709,39.88502],[-75.48673,39.88477],[-75.48702,39.88439],[-75.48474,39.8846],[-75.48383,39.88501],[-75.48334,39.88444],[-75.48172,39.88441],[-75.48121,39.8825],[-75.4786,39.88096],[-75.4771,39.88038],[-75.47577,39.88044],[-75.47511,39.87988],[-75.47458,39.88013],[-75.47319,39.87997],[-75.47268,39.87953],[-75.47023,39.87967],[-75.4687,39.87906],[-75.46882,39.87702],[-75.46737,39.87706],[-75.46618,39.87492],[-75.46355,39.87442],[-75.46087,39.87481],[-75.46062,39.87389],[-75.45928,39.87277],[-75.45851,39.87308],[-75.4574,39.87268],[-75.45636,39.87311],[-75.44882,39.87807],[-75.44985,39.87891],[-75.44942,39.88028],[-75.44762,39.88157],[-75.44674,39.88164],[-75.44577,39.88282],[-75.44598,39.88497],[-75.44466,39.88575],[-75.44374,39.88728],[-75.44222,39.89225]]]}},{"type":"Feature","properties":{"n":"West Branch Naamans Creek","w":"stream","rank":3},"geometry":{"type":"MultiLineString","coordinates":[[[-75.48884,39.83764],[-75.48684,39.83772],[-75.48183,39.83573],[-75.4803,39.83395],[-75.47982,39.83154],[-75.47868,39.83157],[-75.47819,39.83098],[-75.47712,39.83065],[-75.47523,39.82851],[-75.4711,39.83097],[-75.46867,39.83065],[-75.46715,39.82947],[-75.46597,39.82924],[-75.46443,39.82948],[-75.46317,39.83027],[-75.4617,39.8301],[-75.45934,39.82821],[-75.45816,39.8278],[-75.45776,39.82724],[-75.45802,39.82663],[-75.45745,39.82593],[-75.45693,39.82657],[-75.45585,39.82561],[-75.45503,39.82567],[-75.45418,39.82474],[-75.4542,39.82411],[-75.45118,39.82277],[-75.44979,39.82127],[-75.44866,39.821],[-75.44749,39.82008]]]}},{"type":"Feature","properties":{"n":"Whetstone Run","w":"stream","rank":3},"geometry":{"type":"MultiLineString","coordinates":[[[-75.34386,39.95776],[-75.34202,39.95668],[-75.34014,39.95468],[-75.33605,39.95431],[-75.33463,39.95476]]]}},{"type":"Feature","properties":{"n":"Whiskey Run","w":"stream","rank":3},"geometry":{"type":"MultiLineString","coordinates":[[[-75.34769,39.93445],[-75.34788,39.9331],[-75.347,39.93167],[-75.34525,39.93096],[-75.34449,39.92818],[-75.34445,39.92168],[-75.34681,39.9192],[-75.35012,39.91796],[-75.35001,39.91757],[-75.35111,39.91738],[-75.35108,39.91701],[-75.35382,39.91639],[-75.35586,39.91553],[-75.35685,39.9145],[-75.35815,39.91427]]]}},{"type":"Feature","properties":{"n":"White Sluice Race","w":"canal","rank":3},"geometry":{"type":"MultiLineString","coordinates":[[[-75.29817,39.81597],[-75.29962,39.81636],[-75.3087,39.82187],[-75.3125,39.82793],[-75.32032,39.8356]]]}},{"type":"Feature","properties":{"n":"Woodbury Creek","w":"river","rank":2},"geometry":{"type":"MultiLineString","coordinates":[[[-75.1505,39.842],[-75.15341,39.84264],[-75.15513,39.84138],[-75.15684,39.84137],[-75.15742,39.84171],[-75.15769,39.84305],[-75.16093,39.8447],[-75.16366,39.84508],[-75.16571,39.84689],[-75.16794,39.84688],[-75.16934,39.8474],[-75.17152,39.84693],[-75.17604,39.8487],[-75.17876,39.85223],[-75.17869,39.85446],[-75.17957,39.85604],[-75.18128,39.85649],[-75.18599,39.85919],[-75.18848,39.85836],[-75.19239,39.86052],[-75.19548,39.86428],[-75.20022,39.87305]]]}},{"type":"Feature","properties":{"n":"Woodbury Creek","w":"stream","rank":3},"geometry":{"type":"MultiLineString","coordinates":[[[-75.12549,39.8191],[-75.13044,39.82089],[-75.13091,39.82192],[-75.13313,39.8225],[-75.13671,39.82572],[-75.13616,39.82994],[-75.13553,39.83057],[-75.13581,39.83279],[-75.13914,39.83593],[-75.13942,39.83783],[-75.14097,39.83871],[-75.14177,39.84102],[-75.1457,39.8415],[-75.14659,39.84126],[-75.1505,39.842]]]}},{"type":"Feature","properties":{"n":"Wooden Bridge Run","w":"stream","rank":3},"geometry":{"type":"MultiLineString","coordinates":[[[-75.01948,40.08204],[-75.01909,40.08149],[-75.01918,40.07962],[-75.02143,40.0779],[-75.02133,40.07498],[-75.01983,40.07425],[-75.01642,40.07439],[-75.01438,40.07336],[-75.01275,40.07327],[-75.01185,40.07281],[-75.01106,40.07168],[-75.01442,40.06742],[-75.01416,40.06679],[-75.01523,40.06626],[-75.01622,40.06455],[-75.01951,40.06235],[-75.02208,40.05923],[-75.02422,40.05803],[-75.02424,40.05695],[-75.02286,40.05592],[-75.02335,40.05412],[-75.02086,40.0534],[-75.02079,40.05221]]]}},{"type":"Feature","properties":{"n":"Evans Run","w":"stream","rank":3},"geometry":{"type":"MultiLineString","coordinates":[[[-75.47712,39.99565],[-75.47875,39.99899],[-75.47878,40.00226]]]}},{"type":"Feature","properties":{"n":"West Branch Crum Creek","w":"stream","rank":3},"geometry":{"type":"MultiLineString","coordinates":[[[-75.52511,40.02475],[-75.52563,40.02385],[-75.52342,40.02077],[-75.52161,40.01666],[-75.51984,40.01577],[-75.51552,40.01592],[-75.51181,40.01361],[-75.50916,40.01318],[-75.50791,40.01227],[-75.50485,40.01337],[-75.50202,40.0128],[-75.49838,40.00856],[-75.49555,40.00745],[-75.49518,40.00689],[-75.49552,40.00543],[-75.49497,40.00459],[-75.49388,40.00413],[-75.49279,40.0042],[-75.49193,40.00497],[-75.49035,40.00504],[-75.48884,40.00404],[-75.48649,40.0034],[-75.48523,40.00263],[-75.48234,40.00303],[-75.47939,40.00209],[-75.47666,40.0037],[-75.47475,40.00399],[-75.47209,40.00269],[-75.47059,40.00239],[-75.46986,40.00152],[-75.46816,40.0007],[-75.46343,39.99982]]]}},{"type":"Feature","properties":{"n":"Goose Creek","w":"stream","rank":3},"geometry":{"type":"MultiLineString","coordinates":[[[-75.58685,39.9726],[-75.59091,39.96895],[-75.59196,39.96896],[-75.59186,39.96837],[-75.59345,39.96793],[-75.59573,39.96631],[-75.59672,39.96495],[-75.59647,39.96379],[-75.59825,39.96278],[-75.59863,39.96187],[-75.59927,39.9616],[-75.5998,39.96062],[-75.59744,39.95794],[-75.59357,39.95506],[-75.59158,39.95576],[-75.59105,39.9556],[-75.58905,39.95449],[-75.58914,39.95372],[-75.58857,39.9529],[-75.58657,39.95258],[-75.58344,39.95131],[-75.58272,39.9508],[-75.58163,39.94813],[-75.58013,39.94814],[-75.57715,39.94563],[-75.57439,39.94538],[-75.5744,39.94433],[-75.57315,39.94418],[-75.57201,39.94206],[-75.56684,39.94109],[-75.56587,39.93905],[-75.56491,39.93931],[-75.56378,39.94025],[-75.56288,39.9399],[-75.56255,39.93924],[-75.56073,39.93855],[-75.55993,39.93899],[-75.55919,39.93864],[-75.55889,39.93818],[-75.55941,39.93673],[-75.55871,39.9363],[-75.5587,39.93539],[-75.55817,39.93524],[-75.55834,39.93404],[-75.55789,39.93411],[-75.55718,39.93286],[-75.55642,39.9324],[-75.55478,39.93278],[-75.5541,39.93336],[-75.55442,39.93371],[-75.55287,39.93398],[-75.55298,39.93352],[-75.55204,39.93327],[-75.5508,39.93168],[-75.54992,39.92957],[-75.54832,39.92899],[-75.54729,39.93012],[-75.5427,39.93118]]]}},{"type":"Feature","properties":{"n":"Waynesborough Run","w":"stream","rank":3},"geometry":{"type":"MultiLineString","coordinates":[[[-75.47575,40.03809],[-75.4757,40.03652],[-75.47475,40.03514],[-75.47443,40.03185],[-75.47153,40.02746],[-75.47245,40.02491],[-75.47095,40.02355],[-75.46926,40.02009],[-75.46783,40.01882],[-75.46874,40.01856],[-75.46939,40.01777],[-75.46932,40.01716],[-75.47046,40.01555]]]}},{"type":"Feature","properties":{"n":"Delaware River","w":"river","rank":1},"geometry":{"type":"MultiLineString","coordinates":[[[-75.31653,39.84999],[-75.28964,39.84889],[-75.27531,39.84921],[-75.26867,39.84996],[-75.25419,39.85267],[-75.25899,39.85555],[-75.26248,39.85627],[-75.27362,39.8567],[-75.28943,39.85657],[-75.30341,39.8576],[-75.30851,39.85737],[-75.31074,39.8569],[-75.31346,39.85487],[-75.31653,39.84999],[-75.325,39.84961],[-75.34148,39.84614],[-75.35608,39.83874],[-75.37015,39.8288],[-75.38456,39.81934],[-75.38593,39.81795],[-75.38913,39.81294],[-75.39052,39.81176],[-75.39546,39.80893],[-75.41402,39.80162],[-75.42697,39.79751],[-75.4351,39.7945],[-75.44544,39.78942],[-75.45438,39.78444],[-75.46109,39.77826],[-75.47005,39.76782],[-75.50122,39.71367],[-75.51029,39.70305],[-75.51878,39.69005],[-75.52096,39.68597],[-75.52648,39.67897]],[[-75.325,39.84961],[-75.3295,39.84602],[-75.3307,39.84415],[-75.33156,39.84097],[-75.33155,39.8366],[-75.33547,39.8335],[-75.3392,39.83235],[-75.34242,39.8321],[-75.36507,39.83239]],[[-75.08311,39.97598],[-75.08334,39.97289],[-75.08487,39.97111],[-75.09697,39.96497],[-75.10382,39.95941],[-75.10758,39.95831],[-75.11013,39.95846],[-75.1168,39.96013],[-75.12382,39.96274]],[[-74.8217,40.24071],[-74.82062,40.23898],[-74.81453,40.23589],[-74.81011,40.2352],[-74.79678,40.22932],[-74.79443,40.22912],[-74.79228,40.22816],[-74.7722,40.21617],[-74.76903,40.21145],[-74.76751,40.2077],[-74.76067,40.1993],[-74.75737,40.18976],[-74.75518,40.18639],[-74.7532,40.18476],[-74.75063,40.18334],[-74.7464,40.18175],[-74.74211,40.18085],[-74.73989,40.17973],[-74.73038,40.17138],[-74.72314,40.16305],[-74.72125,40.15782],[-74.72111,40.15409],[-74.72197,40.14993],[-74.72381,40.14704],[-74.73111,40.14233],[-74.73926,40.13586],[-74.74085,40.13505],[-74.74447,40.13413],[-74.7471,40.13417],[-74.75172,40.13509],[-74.75957,40.13425],[-74.78121,40.1224],[-74.78375,40.12144],[-74.78766,40.12103],[-74.79946,40.12292],[-74.80956,40.12622],[-74.8157,40.1278],[-74.81966,40.12791],[-74.82257,40.12707],[-74.82558,40.12509],[-74.82739,40.12266],[-74.83211,40.11396],[-74.83503,40.10508],[-74.83734,40.10109],[-74.83803,40.1004],[-74.84143,40.09869],[-74.84972,40.09581],[-74.85502,40.09274],[-74.85815,40.08943],[-74.86023,40.08443],[-74.8613,40.0836],[-74.86433,40.08257],[-74.8775,40.08051],[-74.88198,40.07916],[-74.89147,40.0755],[-74.89951,40.07359],[-74.90439,40.07174],[-74.9094,40.07055],[-74.91191,40.07011],[-74.91581,40.07015],[-74.92092,40.07182],[-74.92202,40.07182],[-74.92979,40.06996],[-74.94227,40.06451],[-74.95214,40.05886],[-74.96186,40.0558],[-74.96894,40.05276],[-74.97439,40.0498],[-74.98391,40.04271],[-74.98942,40.03776],[-75.00002,40.02934],[-75.01378,40.02017],[-75.01964,40.01844],[-75.0275,40.01708],[-75.03422,40.01522],[-75.04488,40.0112],[-75.04709,40.00994],[-75.0534,40.00457],[-75.05809,39.9974],[-75.0585,39.9948],[-75.05991,39.99153],[-75.06418,39.98603],[-75.07126,39.98049],[-75.0756,39.97804],[-75.0802,39.97702],[-75.08583,39.9751],[-75.09637,39.97398],[-75.10812,39.97031],[-75.11949,39.96537],[-75.12977,39.95946],[-75.13257,39.95672],[-75.13481,39.95243],[-75.13599,39.94767],[-75.13639,39.94304],[-75.13592,39.92923],[-75.13491,39.92599],[-75.13239,39.92177],[-75.12889,39.91411],[-75.1283,39.91185],[-75.12837,39.90969],[-75.13137,39.90022],[-75.13439,39.8944],[-75.1373,39.88997],[-75.14114,39.88602],[-75.14515,39.8842],[-75.15065,39.8835],[-75.16287,39.88265],[-75.18139,39.88212],[-75.18789,39.8811],[-75.19274,39.87901],[-75.19536,39.87728],[-75.19986,39.87322],[-75.20502,39.87077],[-75.2218,39.86098],[-75.23462,39.85675],[-75.25419,39.85267]],[[-75.15444,40.5679],[-75.15063,40.57086]],[[-75.11249,40.57169],[-75.0993,40.56706],[-75.07807,40.54796],[-75.07452,40.54549],[-75.06909,40.5426],[-75.06764,40.5407],[-75.06517,40.52584],[-75.06588,40.5187],[-75.06497,40.51031],[-75.06491,40.50295],[-75.06317,40.49877],[-75.06201,40.48835],[-75.06139,40.48709],[-75.06127,40.48088],[-75.06158,40.47739],[-75.06304,40.47148],[-75.06448,40.46842],[-75.0652,40.46518],[-75.06633,40.46315],[-75.0699,40.45926],[-75.07104,40.45615],[-75.06621,40.44601],[-75.06572,40.44191],[-75.06428,40.43854],[-75.06447,40.43644],[-75.06245,40.43054],[-75.06196,40.42441],[-75.06019,40.42065],[-75.05849,40.41836],[-75.05589,40.41644],[-75.04631,40.41414],[-75.04381,40.41239],[-75.04129,40.40976],[-75.03988,40.40931],[-75.03241,40.40516],[-75.02814,40.40404],[-75.0257,40.40373],[-75.02274,40.40402],[-75.00793,40.40756],[-75.00373,40.40784],[-75.00129,40.40873],[-74.99848,40.41038],[-74.99472,40.41039],[-74.9906,40.40941],[-74.9877,40.40802],[-74.9848,40.40575],[-74.98182,40.40408],[-74.97708,40.40205],[-74.96893,40.39958],[-74.9668,40.39834],[-74.96489,40.39657],[-74.96363,40.39464],[-74.96121,40.3885],[-74.95631,40.38081],[-74.94897,40.36557],[-74.94617,40.35788],[-74.94504,40.34627],[-74.94273,40.34135],[-74.94042,40.33828],[-74.93383,40.33345],[-74.92382,40.32754],[-74.91517,40.32034],[-74.90685,40.31643],[-74.90223,40.3155],[-74.89667,40.31527],[-74.89242,40.31346],[-74.88665,40.30992],[-74.87095,40.29789],[-74.8653,40.29224],[-74.86054,40.28535],[-74.85762,40.28011],[-74.85628,40.2758],[-74.85309,40.26916],[-74.84529,40.25689],[-74.84221,40.25044],[-74.84005,40.24844],[-74.8361,40.24618],[-74.8217,40.24071],[-74.81592,40.23931],[-74.81055,40.23746],[-74.79844,40.2318],[-74.79443,40.22912]],[[-75.06491,40.50295],[-75.066,40.50082],[-75.06611,40.49786],[-75.06738,40.49439],[-75.06796,40.49117],[-75.06783,40.48786],[-75.06685,40.48468],[-75.0671,40.47586],[-75.06848,40.47284],[-75.06855,40.46903],[-75.07014,40.46027],[-75.0699,40.45926]],[[-74.74335,40.13432],[-74.74326,40.13198],[-74.74154,40.13029],[-74.74079,40.12895],[-74.74103,40.12817],[-74.74222,40.12702],[-74.75049,40.12221],[-74.75785,40.12114],[-74.7607,40.12145],[-74.76256,40.12188],[-74.76631,40.12381],[-74.77646,40.12513]],[[-74.83661,40.10196],[-74.83529,40.09573],[-74.83581,40.09368],[-74.84285,40.08608],[-74.85017,40.08286],[-74.86218,40.08323]],[[-75.32085,39.84978],[-75.3219,39.84198],[-75.32309,39.83976],[-75.32435,39.83882],[-75.33155,39.8366]],[[-75.00793,40.40756],[-75.00283,40.41069],[-75.00043,40.41116],[-74.99822,40.41109],[-74.99604,40.41049]],[[-75.00373,40.40784],[-75.00171,40.4066],[-74.99599,40.40496],[-74.99361,40.40494],[-74.9882,40.4057],[-74.98387,40.40516]],[[-74.77703,40.21924],[-74.7747,40.21943],[-74.77253,40.21839],[-74.77134,40.21736],[-74.77115,40.21665],[-74.7717,40.21567]],[[-74.85219,40.2676],[-74.85263,40.26605],[-74.85056,40.26021],[-74.84569,40.25473],[-74.84382,40.25366]],[[-74.94598,40.35538],[-74.94763,40.35405],[-74.94783,40.35287],[-74.94774,40.35211],[-74.94551,40.35116]],[[-74.85628,40.2758],[-74.85757,40.27463],[-74.85767,40.27396],[-74.85681,40.26951],[-74.85609,40.26835],[-74.85495,40.26772],[-74.85418,40.26635],[-74.85251,40.26567]],[[-74.87603,40.30148],[-74.87691,40.30043],[-74.87611,40.29903],[-74.87132,40.29635],[-74.86909,40.29585]],[[-74.93106,40.33181],[-74.92902,40.33208],[-74.92633,40.33105],[-74.92541,40.32957],[-74.92536,40.32847]],[[-75.06201,40.48835],[-75.06275,40.48654],[-75.06337,40.47899],[-75.06432,40.47696],[-75.06635,40.47487],[-75.06802,40.4739]],[[-75.06854,40.46956],[-75.06765,40.46849],[-75.06711,40.46578],[-75.06846,40.46091]],[[-75.06448,40.46842],[-75.06711,40.46578]],[[-75.06689,40.48289],[-75.06874,40.48154],[-75.06877,40.47492],[-75.06826,40.47335]],[[-75.0663,40.49965],[-75.06713,40.49895],[-75.06742,40.49751],[-75.06714,40.49507]],[[-75.06588,40.5187],[-75.06795,40.5176],[-75.06909,40.51453],[-75.06914,40.51293],[-75.06871,40.5106],[-75.06692,40.50677],[-75.0666,40.50622],[-75.06493,40.50569]]]}},{"type":"Feature","properties":{"n":"Truman Tributary","w":"stream","rank":3},"geometry":{"type":"MultiLineString","coordinates":[[[-75.12585,40.20149],[-75.12393,40.20089],[-75.12338,40.19991],[-75.12172,40.19857],[-75.12164,40.1977],[-75.1203,40.19637],[-75.11943,40.19455]]]}},{"type":"Feature","properties":{"n":"Paul's Run","w":"stream","rank":3},"geometry":{"type":"MultiLineString","coordinates":[[[-75.03535,40.09705],[-75.03614,40.09635],[-75.03641,40.09506],[-75.03945,40.09296],[-75.04321,40.09202],[-75.04618,40.09234],[-75.04932,40.09116],[-75.05027,40.0917],[-75.05123,40.0902],[-75.05317,40.09099],[-75.05412,40.09074],[-75.05634,40.08943],[-75.05722,40.08831],[-75.05755,40.0864],[-75.05887,40.08579],[-75.05957,40.08497]]]}},{"type":"Feature","properties":{"n":"Ship Creek","w":"stream","rank":3},"geometry":{"type":"MultiLineString","coordinates":[[[-75.3647,39.8574],[-75.36599,39.8563],[-75.36572,39.8546]]]}},{"type":"Feature","properties":{"n":"Sedden's Run","w":"stream","rank":3},"geometry":{"type":"MultiLineString","coordinates":[[[-75.07316,40.07453],[-75.07263,40.07394],[-75.0714,40.07375],[-75.07035,40.07256],[-75.06751,40.07225],[-75.0659,40.07448],[-75.06366,40.0747]]]}},{"type":"Feature","properties":{"n":"Harper's Run","w":"stream","rank":3},"geometry":{"type":"MultiLineString","coordinates":[[[-75.0801,40.09376],[-75.07919,40.09344],[-75.07645,40.09555],[-75.07435,40.09597],[-75.07318,40.09574]]]}},{"type":"Feature","properties":{"n":"Ruth Run","w":"stream","rank":3},"geometry":{"type":"MultiLineString","coordinates":[[[-75.506,40.03693],[-75.50479,40.0349],[-75.50171,40.0326],[-75.50163,40.03053],[-75.50058,40.02822],[-75.50026,40.02593],[-75.5006,40.02514]]]}},{"type":"Feature","properties":{"n":"Linwood Creek","w":"stream","rank":3},"geometry":{"type":"MultiLineString","coordinates":[[[-75.42502,39.80979],[-75.4296,39.80751],[-75.42779,39.80502],[-75.42697,39.79751]]]}},{"type":"Feature","properties":{"n":"Barr Run","w":"stream","rank":3},"geometry":{"type":"MultiLineString","coordinates":[[[-75.46854,39.99319],[-75.46552,39.99459],[-75.46446,39.99621],[-75.4638,39.9985],[-75.46319,39.99902]]]}},{"type":"Feature","properties":{"n":"Ballard Brook","w":"stream","rank":3},"geometry":{"type":"MultiLineString","coordinates":[[[-75.05029,40.10368],[-75.05514,40.10081],[-75.05517,40.09993],[-75.05789,40.09722],[-75.05977,40.09607],[-75.06336,40.09076],[-75.06601,40.08915],[-75.0671,40.08913]]]}},{"type":"Feature","properties":{"n":"Turkey Run","w":"stream","rank":3},"geometry":{"type":"MultiLineString","coordinates":[[[-75.74698,39.74907],[-75.7472,39.74752],[-75.74861,39.74495],[-75.74951,39.74474],[-75.74941,39.74401],[-75.74986,39.74368],[-75.75094,39.74384],[-75.75236,39.7431],[-75.75224,39.74278],[-75.7541,39.74102],[-75.75575,39.74],[-75.75735,39.74001],[-75.76045,39.73865],[-75.76149,39.73666]],[[-75.52954,39.7838],[-75.52866,39.78381],[-75.52856,39.78293],[-75.52723,39.78205],[-75.52657,39.77977],[-75.52577,39.77984],[-75.52492,39.77854],[-75.52286,39.7776],[-75.52321,39.77668],[-75.52226,39.77622],[-75.52191,39.77469],[-75.52243,39.77426],[-75.52267,39.77279],[-75.52371,39.77245],[-75.52282,39.77086],[-75.52203,39.77114],[-75.52151,39.76945],[-75.51974,39.76926],[-75.51912,39.76832]]]}},{"type":"Feature","properties":{"n":"Middle Run","w":"stream","rank":3},"geometry":{"type":"MultiLineString","coordinates":[[[-75.71874,39.71485],[-75.71863,39.71405],[-75.71779,39.71311],[-75.71915,39.71225],[-75.72016,39.71211],[-75.72256,39.70925],[-75.72225,39.70873],[-75.72039,39.70809],[-75.72026,39.70595],[-75.71976,39.70564],[-75.72013,39.70486],[-75.72061,39.70503],[-75.71975,39.70353],[-75.71944,39.70072],[-75.71934,39.69852],[-75.72009,39.69736],[-75.71972,39.69631]]]}},{"type":"Feature","properties":{"n":"Nonesuch Creek","w":"stream","rank":3},"geometry":{"type":"MultiLineString","coordinates":[[[-75.60056,39.69797],[-75.59854,39.69871],[-75.59759,39.69953],[-75.59758,39.70197],[-75.59555,39.70687],[-75.5967,39.70884]]]}},{"type":"Feature","properties":{"n":"Old Shellpot Creek","w":"stream","rank":3},"geometry":{"type":"MultiLineString","coordinates":[[[-75.52315,39.74089],[-75.52471,39.74084],[-75.52715,39.73805]],[[-75.52103,39.74065],[-75.51891,39.74318],[-75.5178,39.74376],[-75.51759,39.74439],[-75.5164,39.74534],[-75.5151,39.74568],[-75.51481,39.74625],[-75.51368,39.74661]]]}},{"type":"Feature","properties":{"n":"Hershey Run","w":"river","rank":2},"geometry":{"type":"MultiLineString","coordinates":[[[-75.63001,39.7119],[-75.63124,39.7111],[-75.63271,39.70894],[-75.63206,39.70769],[-75.63097,39.70729],[-75.62976,39.70742],[-75.62965,39.70625],[-75.63105,39.70513],[-75.63291,39.70517],[-75.63346,39.70485],[-75.635,39.70154],[-75.63112,39.7026],[-75.62939,39.70191],[-75.62926,39.70147]]]}},{"type":"Feature","properties":{"n":"Back Channel","w":"stream","rank":3},"geometry":{"type":"MultiLineString","coordinates":[[[-75.64352,39.70795],[-75.64287,39.70804],[-75.64167,39.70752],[-75.64064,39.70797],[-75.64043,39.7089],[-75.63907,39.70955],[-75.6374,39.71124],[-75.63782,39.71195],[-75.63668,39.71224],[-75.63475,39.71433],[-75.63213,39.71442],[-75.6324,39.71192],[-75.63059,39.71178]]]}},{"type":"Feature","properties":{"n":"Hershey Run","w":"stream","rank":3},"geometry":{"type":"MultiLineString","coordinates":[[[-75.62545,39.72993],[-75.62493,39.72543],[-75.62511,39.72382],[-75.62599,39.72297],[-75.62633,39.72004],[-75.62588,39.71944],[-75.62612,39.71759],[-75.62542,39.71588],[-75.62636,39.71498],[-75.62625,39.71433],[-75.62723,39.71386],[-75.62751,39.71314],[-75.62818,39.71295],[-75.62894,39.71202],[-75.63001,39.7119]]]}},{"type":"Feature","properties":{"n":"Calf Run","w":"stream","rank":3},"geometry":{"type":"MultiLineString","coordinates":[[[-75.65313,39.73527],[-75.65235,39.73228],[-75.65277,39.73155],[-75.65274,39.72972],[-75.65184,39.72925],[-75.65194,39.72635],[-75.65157,39.72526],[-75.65013,39.72426],[-75.64922,39.72293],[-75.64719,39.72359],[-75.64675,39.72303],[-75.64511,39.72241],[-75.64548,39.72151],[-75.64654,39.7211],[-75.64694,39.72038],[-75.6466,39.71964],[-75.64737,39.71877],[-75.64602,39.71714],[-75.64434,39.71668],[-75.64404,39.7154],[-75.64461,39.71447],[-75.64393,39.71332],[-75.64279,39.71376],[-75.64207,39.71345],[-75.64226,39.71294]]]}},{"type":"Feature","properties":{"n":"Silverbrook Creek","w":"stream","rank":3},"geometry":{"type":"MultiLineString","coordinates":[[[-75.58158,39.74884],[-75.58437,39.74461],[-75.5841,39.74413],[-75.58469,39.74185],[-75.5854,39.74019],[-75.58623,39.73948],[-75.58611,39.73866],[-75.58516,39.73798],[-75.58534,39.73699],[-75.58473,39.73609],[-75.58498,39.73557]]]}},{"type":"Feature","properties":{"n":"Little Mill Creek","w":"river","rank":2},"geometry":{"type":"MultiLineString","coordinates":[[[-75.60616,39.76269],[-75.60716,39.76157],[-75.60741,39.76025],[-75.60864,39.75895],[-75.60756,39.75741],[-75.60812,39.75743],[-75.60872,39.75661],[-75.60964,39.7569],[-75.61083,39.75659],[-75.61194,39.75493],[-75.61258,39.75475],[-75.61283,39.75266],[-75.61358,39.75251],[-75.61362,39.75174],[-75.6144,39.75191],[-75.61564,39.75108],[-75.61603,39.74992],[-75.61818,39.7482],[-75.61982,39.74556],[-75.62052,39.74547],[-75.62089,39.74467],[-75.61999,39.74342],[-75.62039,39.74331],[-75.62022,39.74291],[-75.6191,39.74231],[-75.61758,39.74279],[-75.61674,39.74359],[-75.61486,39.74312],[-75.61457,39.74201],[-75.61489,39.74155],[-75.61351,39.74068],[-75.6095,39.74149],[-75.60964,39.74088],[-75.60906,39.74073],[-75.60884,39.74011],[-75.60918,39.73958],[-75.60792,39.73903],[-75.60812,39.73877],[-75.60772,39.73858],[-75.60713,39.73506],[-75.60433,39.73287],[-75.60319,39.7308],[-75.60118,39.73014],[-75.597,39.7307],[-75.59266,39.73327],[-75.59018,39.73304],[-75.5891,39.73345],[-75.58866,39.73448],[-75.58695,39.73479],[-75.58612,39.7356],[-75.58485,39.73556],[-75.58397,39.73361],[-75.582,39.73328],[-75.57976,39.73122],[-75.58002,39.72775],[-75.57891,39.72448],[-75.57737,39.72317],[-75.57663,39.72328],[-75.57509,39.72254],[-75.57029,39.72328],[-75.57043,39.72198],[-75.5691,39.7208],[-75.56819,39.72052],[-75.56761,39.71793]]]}},{"type":"Feature","properties":{"n":"Chestnut Run","w":"stream","rank":3},"geometry":{"type":"MultiLineString","coordinates":[[[-75.60719,39.73662],[-75.60626,39.73687],[-75.60445,39.73832],[-75.60478,39.73923],[-75.60442,39.74191],[-75.60342,39.74306],[-75.60303,39.74437],[-75.60161,39.74559],[-75.60096,39.74758]]]}},{"type":"Feature","properties":{"n":"Little Mill Creek","w":"stream","rank":3},"geometry":{"type":"MultiLineString","coordinates":[[[-75.60076,39.7697],[-75.60181,39.76854],[-75.60134,39.76762],[-75.60173,39.76627],[-75.60301,39.76534],[-75.60304,39.76484],[-75.6046,39.76456],[-75.60616,39.76269]]]}},{"type":"Feature","properties":{"n":"Christina River","w":"river","rank":2},"geometry":{"type":"MultiLineString","coordinates":[[[-75.81299,39.72843],[-75.81285,39.72671],[-75.81185,39.72617],[-75.81215,39.72385],[-75.81151,39.72359],[-75.81085,39.72379],[-75.81072,39.72297],[-75.80934,39.72228],[-75.80897,39.72019],[-75.80833,39.71958],[-75.80727,39.71934],[-75.80812,39.71784],[-75.81006,39.71775],[-75.81275,39.715],[-75.81255,39.7139],[-75.81187,39.71341],[-75.8122,39.71328],[-75.81173,39.71192],[-75.81086,39.71162],[-75.80989,39.71177],[-75.80811,39.71045],[-75.80772,39.70763],[-75.8071,39.70709],[-75.80738,39.70445],[-75.8061,39.70429],[-75.80577,39.70367],[-75.80488,39.70414],[-75.80364,39.70381],[-75.80295,39.70418],[-75.80227,39.70401],[-75.80196,39.70344],[-75.80022,39.70273],[-75.79985,39.70162],[-75.79881,39.70128],[-75.797,39.70147],[-75.79622,39.70075],[-75.79465,39.70037],[-75.79309,39.70109],[-75.79115,39.69964],[-75.78828,39.70062],[-75.78608,39.70045],[-75.78574,39.69981],[-75.78164,39.69823],[-75.78179,39.69741],[-75.78267,39.69712],[-75.78193,39.69601],[-75.77918,39.69591],[-75.7781,39.69463],[-75.77691,39.69434],[-75.77814,39.69251],[-75.77754,39.69178],[-75.77608,39.69164],[-75.77701,39.69028],[-75.77719,39.68663],[-75.77834,39.68598],[-75.77943,39.68409],[-75.77924,39.68304],[-75.78044,39.68202],[-75.78111,39.67989]],[[-75.63715,39.67991],[-75.63736,39.68088],[-75.63627,39.68113],[-75.63484,39.68061],[-75.63483,39.67981]],[[-75.63234,39.67971],[-75.63125,39.68059],[-75.63077,39.68198],[-75.63378,39.68372],[-75.63391,39.68418],[-75.63161,39.6852],[-75.62936,39.68487],[-75.62858,39.68803],[-75.62791,39.68828],[-75.62668,39.6877],[-75.62572,39.6877],[-75.62147,39.69051],[-75.62094,39.692],[-75.62276,39.69479],[-75.62267,39.69683],[-75.61995,39.69781],[-75.61894,39.69984],[-75.61193,39.70871],[-75.6089,39.71048],[-75.60337,39.71116],[-75.59943,39.70891],[-75.59685,39.70876],[-75.5918,39.71192],[-75.59121,39.71416],[-75.58974,39.71583],[-75.58612,39.71676],[-75.58186,39.7187],[-75.57751,39.71827],[-75.57314,39.71731],[-75.57121,39.71734],[-75.56516,39.71817],[-75.56205,39.71909],[-75.56078,39.72003],[-75.55992,39.72229],[-75.56105,39.72646],[-75.55999,39.73193],[-75.5587,39.7346],[-75.55742,39.73606],[-75.55633,39.73651],[-75.55363,39.7363],[-75.54815,39.73389],[-75.54614,39.73346],[-75.53976,39.73575],[-75.53653,39.73629],[-75.5351,39.73604],[-75.5337,39.73522],[-75.53326,39.73438],[-75.53343,39.72819],[-75.5321,39.7251],[-75.53033,39.72251],[-75.52918,39.72185],[-75.50122,39.71367]]]}},{"type":"Feature","properties":{"n":"East Branch Brandywine Creek","w":"stream","rank":3},"geometry":{"type":"MultiLineString","coordinates":[[[-75.82002,40.10519],[-75.8189,40.10602],[-75.81784,40.10573],[-75.8168,40.10476],[-75.81576,40.10496],[-75.81537,40.10589],[-75.81388,40.10598],[-75.81291,40.10536],[-75.81138,40.1052],[-75.80788,40.10647],[-75.80658,40.10558],[-75.80598,40.10681],[-75.80531,40.10695],[-75.80376,40.10654],[-75.80238,40.10553],[-75.80022,40.10669],[-75.79964,40.10632],[-75.79912,40.1049],[-75.79713,40.10521],[-75.79568,40.1048],[-75.79477,40.10395],[-75.79344,40.10407],[-75.79151,40.10159],[-75.79067,40.10123]]]}},{"type":"Feature","properties":{"n":"Bartram Run","w":"stream","rank":3},"geometry":{"type":"MultiLineString","coordinates":[[[-75.45076,39.98646],[-75.44736,39.9867],[-75.44564,39.98796],[-75.44502,39.98906],[-75.44253,39.98984],[-75.43608,39.98727]]]}},{"type":"Feature","properties":{"n":"Trib 00634 To Ridley Creek","w":"stream","rank":3},"geometry":{"type":"MultiLineString","coordinates":[[[-75.39231,39.92593],[-75.39549,39.92406],[-75.39616,39.92302],[-75.3961,39.92199],[-75.39661,39.92195],[-75.39647,39.92155],[-75.39826,39.91997],[-75.39979,39.91881],[-75.40091,39.91844],[-75.40088,39.91803],[-75.40204,39.91716],[-75.40384,39.91714],[-75.40382,39.91674]]]}},{"type":"Feature","properties":{"n":"Trib 00647 Of Ridley Creek","w":"stream","rank":3},"geometry":{"type":"MultiLineString","coordinates":[[[-75.45913,39.94275],[-75.45869,39.94353],[-75.45651,39.94436],[-75.45627,39.94549],[-75.45509,39.94637]]]}},{"type":"Feature","properties":{"n":"Delaware and Raritan Canal","w":"canal","rank":3},"geometry":{"type":"MultiLineString","coordinates":[[[-75.04655,40.41523],[-75.04544,40.41556],[-75.04401,40.41525],[-75.03598,40.4112],[-75.03275,40.40915],[-75.03049,40.40608],[-75.02842,40.40516],[-75.02492,40.40466],[-75.02219,40.40502],[-75.00876,40.40865],[-75.00303,40.41127],[-74.99834,40.41164],[-74.99084,40.41055],[-74.9889,40.40995],[-74.98594,40.4088],[-74.98163,40.40578],[-74.97699,40.40364],[-74.96807,40.40116],[-74.96582,40.40009],[-74.96319,40.39714],[-74.95979,40.38956],[-74.9551,40.38434],[-74.9493,40.37557],[-74.94778,40.37006],[-74.94407,40.35992],[-74.94357,40.35664],[-74.94398,40.35232],[-74.94339,40.34679],[-74.94167,40.34361],[-74.93887,40.34064],[-74.93354,40.33862],[-74.92716,40.33371],[-74.92613,40.3327],[-74.92474,40.32975],[-74.91284,40.32059],[-74.90932,40.31882],[-74.90456,40.31712],[-74.90282,40.31681],[-74.8987,40.31693],[-74.89182,40.31475],[-74.8727,40.3036],[-74.86205,40.29046],[-74.85902,40.28643],[-74.85765,40.28362],[-74.85421,40.27926],[-74.85298,40.2772],[-74.85259,40.27384],[-74.85191,40.27205],[-74.84752,40.26479],[-74.84476,40.26195],[-74.83842,40.25735],[-74.83352,40.25317],[-74.83115,40.25044],[-74.82388,40.24628],[-74.80774,40.24072],[-74.80423,40.2391],[-74.79685,40.23659],[-74.78951,40.23469],[-74.78259,40.23202],[-74.7788,40.22936],[-74.77803,40.22577],[-74.77652,40.22414],[-74.77477,40.22311],[-74.77331,40.22273],[-74.7717,40.22337],[-74.76921,40.22313],[-74.76654,40.22456],[-74.76327,40.22459],[-74.75922,40.22639],[-74.75812,40.22776],[-74.74063,40.23969],[-74.72933,40.24848],[-74.72498,40.24985],[-74.7214,40.25186],[-74.71815,40.25565],[-74.71453,40.26394],[-74.7045,40.27233],[-74.70193,40.27632],[-74.69974,40.28084]]]}},{"type":"Feature","properties":{"n":"Blackhorse Run","w":"stream","rank":3},"geometry":{"type":"MultiLineString","coordinates":[[[-75.6114,39.95452],[-75.61356,39.95269],[-75.61464,39.95246],[-75.61576,39.95131],[-75.61894,39.94965],[-75.62081,39.94816],[-75.62222,39.94899],[-75.62451,39.94927],[-75.62459,39.94955],[-75.62523,39.94929],[-75.62567,39.9465],[-75.62623,39.9458],[-75.62582,39.9451],[-75.62936,39.94221],[-75.62939,39.94179],[-75.63118,39.94099],[-75.63243,39.94141],[-75.63405,39.94099],[-75.63659,39.93899]]]}},{"type":"Feature","properties":{"n":"King Neptune's Revenge","w":"canal","rank":3},"geometry":{"type":"MultiLineString","coordinates":[[[-74.98535,39.80248],[-74.98483,39.80272],[-74.98518,39.80267],[-74.98499,39.80309],[-74.98554,39.80335],[-74.98602,39.80244],[-74.98535,39.80248]]]}},{"type":"Feature","properties":{"n":"Trib 00636 To Ridley Creek","w":"stream","rank":3},"geometry":{"type":"MultiLineString","coordinates":[[[-75.41499,39.90868],[-75.41209,39.90967],[-75.41089,39.9093],[-75.41075,39.91001],[-75.40961,39.91044],[-75.4088,39.91125],[-75.40657,39.91466],[-75.40404,39.91682]]]}},{"type":"Feature","properties":{"n":"Henby Creek","w":"river","rank":2},"geometry":{"type":"MultiLineString","coordinates":[[[-75.48315,39.71477],[-75.48391,39.71372],[-75.48391,39.71192],[-75.483,39.70902],[-75.48357,39.70818],[-75.4828,39.70706],[-75.48052,39.70616],[-75.47912,39.70674],[-75.47641,39.70603],[-75.47502,39.70628],[-75.47386,39.70557],[-75.47237,39.70558]]]}},{"type":"Feature","properties":{"n":"Broad Run","w":"river","rank":2},"geometry":{"type":"MultiLineString","coordinates":[[[-75.74202,39.78383],[-75.74079,39.78278],[-75.7408,39.78216],[-75.74412,39.77914],[-75.74417,39.77767],[-75.74367,39.77712],[-75.74397,39.77619],[-75.74512,39.7742],[-75.7461,39.7734],[-75.74671,39.77167],[-75.74698,39.77183],[-75.74743,39.77119],[-75.74814,39.77104],[-75.74825,39.77055],[-75.74866,39.77075],[-75.74928,39.77029],[-75.74946,39.77059],[-75.75107,39.77011],[-75.7513,39.77044],[-75.75189,39.76984],[-75.75225,39.77002],[-75.75224,39.76972],[-75.75369,39.76936],[-75.75354,39.76913],[-75.75493,39.76892],[-75.75896,39.76703],[-75.75966,39.76771],[-75.76151,39.76781],[-75.76207,39.7671],[-75.76285,39.76708],[-75.76287,39.76655],[-75.76406,39.76627],[-75.76465,39.76647]]]}},{"type":"Feature","properties":{"n":"East Branch White Clay Creek","w":"stream","rank":3},"geometry":{"type":"MultiLineString","coordinates":[[[-75.78151,39.88708],[-75.78398,39.88419],[-75.78564,39.88355],[-75.78601,39.88283],[-75.78667,39.88263],[-75.78692,39.88157],[-75.78846,39.87964],[-75.78957,39.87851],[-75.79034,39.87845],[-75.79032,39.87753],[-75.79121,39.87735],[-75.79164,39.87557],[-75.79117,39.87515],[-75.79152,39.87435],[-75.79124,39.87397],[-75.79079,39.87363],[-75.78944,39.87363],[-75.78618,39.87106],[-75.78646,39.87051],[-75.78577,39.86991],[-75.78693,39.86901],[-75.78714,39.86676],[-75.78593,39.86655],[-75.78523,39.86545],[-75.78527,39.86379],[-75.78491,39.86341],[-75.78446,39.86353],[-75.78307,39.86194],[-75.78317,39.86147],[-75.78404,39.86131],[-75.78389,39.86059],[-75.78452,39.86],[-75.78306,39.8583],[-75.78289,39.85645],[-75.78347,39.85645],[-75.78408,39.85554],[-75.78379,39.85529],[-75.78468,39.85526],[-75.78419,39.85497],[-75.78618,39.85307],[-75.78498,39.85166],[-75.78335,39.85125],[-75.78386,39.85088],[-75.78357,39.85041],[-75.78481,39.84806],[-75.78474,39.84654],[-75.78601,39.8458]]]}},{"type":"Feature","properties":{"n":"East Branch White Clay Creek","w":"river","rank":2},"geometry":{"type":"MultiLineString","coordinates":[[[-75.78601,39.8458],[-75.78652,39.84423],[-75.7863,39.8436],[-75.78482,39.84281],[-75.78454,39.84175],[-75.78194,39.84021],[-75.78214,39.8396],[-75.78119,39.83904],[-75.78144,39.83856],[-75.78097,39.83744],[-75.78188,39.83695],[-75.78152,39.83627],[-75.78197,39.83496],[-75.78162,39.83435],[-75.78202,39.83415],[-75.78133,39.83391],[-75.78186,39.83325],[-75.78145,39.83237],[-75.78181,39.82994],[-75.78224,39.82966],[-75.77998,39.82779],[-75.77955,39.82683],[-75.78087,39.8259],[-75.78189,39.82445],[-75.78314,39.82382],[-75.78392,39.82258],[-75.78375,39.82193],[-75.78417,39.82171],[-75.78383,39.82159],[-75.78415,39.82094],[-75.78366,39.8194],[-75.78268,39.81878],[-75.78293,39.81831],[-75.7814,39.81545],[-75.78461,39.81304],[-75.78356,39.81263],[-75.78441,39.81095],[-75.78364,39.81022],[-75.78232,39.80974],[-75.78192,39.8085],[-75.78209,39.80734],[-75.78303,39.80802],[-75.78325,39.80756],[-75.78228,39.80429],[-75.78292,39.80384],[-75.78244,39.80336],[-75.78342,39.80286],[-75.78363,39.80228],[-75.78295,39.79871],[-75.78194,39.79731],[-75.78127,39.79773],[-75.78003,39.79731],[-75.77561,39.79806],[-75.77443,39.79795],[-75.77406,39.79758],[-75.77425,39.79661],[-75.77606,39.79509],[-75.77305,39.79238],[-75.7711,39.79206],[-75.77148,39.79107],[-75.77339,39.7899],[-75.77322,39.78828],[-75.77192,39.78747],[-75.77184,39.78695],[-75.77363,39.78612],[-75.77434,39.78482],[-75.77589,39.78465],[-75.77667,39.78398],[-75.77512,39.78319],[-75.77268,39.7834],[-75.77228,39.78305],[-75.77215,39.78233],[-75.77275,39.78171],[-75.77438,39.7824],[-75.77461,39.78156],[-75.77096,39.77774],[-75.77062,39.77603],[-75.76877,39.77345],[-75.76838,39.77165],[-75.76877,39.76915],[-75.7642,39.76918],[-75.76301,39.7685],[-75.76461,39.7673],[-75.76464,39.76512],[-75.76746,39.76184],[-75.76691,39.76091],[-75.76563,39.7602],[-75.76415,39.75994],[-75.76351,39.7593],[-75.76713,39.75721],[-75.76389,39.75528],[-75.76319,39.75422],[-75.76332,39.75297],[-75.76572,39.75151],[-75.76761,39.75167],[-75.76824,39.75136],[-75.76902,39.75055],[-75.76846,39.74967],[-75.76935,39.74914]]]}},{"type":"Feature","properties":{"n":"Middle Branch White Clay Creek","w":"river","rank":2},"geometry":{"type":"MultiLineString","coordinates":[[[-75.82079,39.7885],[-75.81984,39.7881],[-75.81899,39.78655],[-75.81571,39.7863],[-75.81527,39.78668],[-75.81367,39.7861],[-75.81216,39.7863],[-75.81137,39.78706],[-75.8102,39.78747],[-75.80931,39.78724],[-75.80739,39.78847],[-75.80583,39.78802],[-75.80466,39.78881],[-75.80236,39.78889],[-75.80353,39.78717],[-75.80274,39.78487],[-75.80345,39.78393],[-75.80358,39.78206],[-75.8026,39.78145],[-75.80032,39.78162],[-75.79734,39.77942],[-75.79754,39.77876],[-75.79854,39.7789],[-75.80036,39.77817],[-75.80046,39.77688],[-75.80006,39.77566],[-75.79817,39.77468],[-75.79764,39.77116],[-75.79574,39.76936],[-75.79599,39.76859],[-75.7949,39.76737],[-75.79477,39.76623],[-75.79174,39.76583],[-75.78761,39.76661],[-75.78671,39.76466],[-75.78494,39.76283],[-75.78382,39.76181],[-75.78201,39.76129],[-75.78238,39.7604],[-75.78341,39.7598],[-75.78375,39.75779],[-75.7843,39.75723],[-75.78529,39.75702],[-75.78579,39.75633],[-75.78557,39.75556],[-75.78479,39.75521],[-75.78127,39.75491],[-75.78032,39.75412],[-75.77964,39.75438],[-75.77887,39.75414],[-75.77857,39.75143],[-75.77566,39.7516],[-75.77266,39.75119],[-75.77243,39.75069],[-75.76952,39.74964],[-75.76935,39.74914]]]}},{"type":"Feature","properties":{"n":"West Branch White Clay Creek","w":"river","rank":2},"geometry":{"type":"MultiLineString","coordinates":[[[-75.82016,39.76379],[-75.81951,39.76417],[-75.81973,39.76486],[-75.8188,39.76502],[-75.81839,39.76463],[-75.8164,39.76456],[-75.81491,39.76385],[-75.81455,39.76478],[-75.81364,39.76501],[-75.81236,39.7647],[-75.81089,39.76544],[-75.81008,39.76538],[-75.80938,39.76473],[-75.80804,39.76527],[-75.8068,39.76508],[-75.80358,39.76577],[-75.80144,39.76558],[-75.80061,39.7661],[-75.799,39.76543],[-75.79696,39.76512],[-75.79477,39.76623]]]}},{"type":"Feature","properties":{"n":"Millrace","w":"stream","rank":3},"geometry":{"type":"MultiLineString","coordinates":[[[-75.65987,39.80008],[-75.65828,39.79904],[-75.65746,39.79934],[-75.6558,39.79836]]]}},{"type":"Feature","properties":{"n":"Whooping John Creek","w":"stream","rank":3},"geometry":{"type":"MultiLineString","coordinates":[[[-75.49586,39.70096],[-75.49454,39.70066],[-75.49356,39.699],[-75.49238,39.6996],[-75.49155,39.6989],[-75.49058,39.69939],[-75.48878,39.699],[-75.48765,39.69915],[-75.48183,39.69552]]]}},{"type":"Feature","properties":{"n":"Leibert Creek","w":"stream","rank":3},"geometry":{"type":"MultiLineString","coordinates":[[[-75.51302,40.50033],[-75.50863,40.5014],[-75.50791,40.50151],[-75.50709,40.50115],[-75.50661,40.50155],[-75.50521,40.50158],[-75.50372,40.50233],[-75.5029,40.50388],[-75.50218,40.50438],[-75.49908,40.50584],[-75.49571,40.50641],[-75.49553,40.50694],[-75.4945,40.50703],[-75.49284,40.50871],[-75.49137,40.50935],[-75.49081,40.51019],[-75.49404,40.51214],[-75.49631,40.51283],[-75.49924,40.51222],[-75.49995,40.51317],[-75.50184,40.51275],[-75.50269,40.51327],[-75.50364,40.51547],[-75.50516,40.51731],[-75.50586,40.51805],[-75.50714,40.5185],[-75.50675,40.52028],[-75.51106,40.52356],[-75.51335,40.52613],[-75.5136,40.52719],[-75.51284,40.5289],[-75.51012,40.53066],[-75.51001,40.53176],[-75.51093,40.53242],[-75.51279,40.53242],[-75.51372,40.53296],[-75.51613,40.53531],[-75.51819,40.53529],[-75.51982,40.53603],[-75.52054,40.53683],[-75.5211,40.53681]]]}},{"type":"Feature","properties":{"n":"Little Lehigh Creek","w":"river","rank":2},"geometry":{"type":"MultiLineString","coordinates":[[[-75.61141,40.54507],[-75.60883,40.54526],[-75.60841,40.54418],[-75.60863,40.54343],[-75.60692,40.54171],[-75.60694,40.5403],[-75.60537,40.539],[-75.60623,40.53746],[-75.60532,40.53637],[-75.60337,40.53601],[-75.6026,40.53434],[-75.59944,40.53366],[-75.59859,40.53315],[-75.59715,40.53387],[-75.5966,40.53578],[-75.59428,40.53637],[-75.59224,40.53733],[-75.59198,40.53789],[-75.59112,40.53794],[-75.59079,40.53922],[-75.59213,40.54051],[-75.59115,40.54142],[-75.5859,40.54156],[-75.58507,40.542],[-75.58375,40.54198],[-75.58332,40.54241],[-75.58165,40.54191],[-75.57835,40.54363],[-75.57585,40.54407],[-75.57441,40.54393],[-75.57379,40.54278],[-75.5738,40.5416],[-75.57467,40.54073],[-75.57352,40.53884],[-75.57078,40.53807],[-75.56802,40.53559],[-75.56718,40.53557],[-75.5659,40.53664],[-75.56616,40.53709],[-75.56571,40.53763],[-75.56432,40.53851],[-75.56409,40.54211],[-75.56186,40.54335],[-75.56112,40.54463],[-75.55963,40.54564],[-75.55718,40.54649],[-75.556,40.54583],[-75.55552,40.54445],[-75.55139,40.5419],[-75.55,40.54219],[-75.54785,40.54184],[-75.54663,40.54267],[-75.54341,40.54247],[-75.54245,40.54143],[-75.54235,40.54039],[-75.53985,40.53945],[-75.53981,40.53891],[-75.53868,40.53812],[-75.53871,40.53594],[-75.53756,40.53552],[-75.53772,40.53457],[-75.53729,40.53391],[-75.53523,40.53296],[-75.53401,40.53292],[-75.53191,40.53365],[-75.5313,40.53447],[-75.52995,40.53503],[-75.53026,40.53667],[-75.53228,40.53901],[-75.53145,40.5399],[-75.52976,40.54056],[-75.5285,40.53962],[-75.52637,40.5357],[-75.52403,40.53457],[-75.52232,40.53456],[-75.52122,40.53504],[-75.52069,40.53632],[-75.52085,40.53672],[-75.52173,40.53693],[-75.52272,40.53906],[-75.52191,40.54077],[-75.52095,40.54099],[-75.51952,40.54026],[-75.51863,40.54035],[-75.51779,40.54122],[-75.51828,40.54344],[-75.51719,40.54413],[-75.51308,40.54104],[-75.5099,40.54184],[-75.50829,40.54321],[-75.50823,40.54409],[-75.51002,40.54533],[-75.51318,40.54647],[-75.51417,40.54737],[-75.51141,40.54842],[-75.50697,40.54868],[-75.50617,40.54961],[-75.5035,40.55131],[-75.50254,40.55253],[-75.50065,40.55344],[-75.50104,40.55435],[-75.50207,40.55488],[-75.50353,40.55537],[-75.50573,40.55543],[-75.50834,40.5564],[-75.50753,40.55856],[-75.50878,40.55973],[-75.51048,40.56025],[-75.51175,40.56182],[-75.51218,40.56276],[-75.51196,40.56451],[-75.51123,40.56509],[-75.50654,40.56532],[-75.50455,40.56589],[-75.50234,40.56703],[-75.50104,40.5683],[-75.49807,40.5694],[-75.49768,40.57003]]]}},{"type":"Feature","properties":{"n":"Swabia Creek","w":"stream","rank":3},"geometry":{"type":"MultiLineString","coordinates":[[[-75.6268,40.47467],[-75.62596,40.47686],[-75.62631,40.48115],[-75.62568,40.48288],[-75.62366,40.48382],[-75.62106,40.48797],[-75.61769,40.4908],[-75.61722,40.49161],[-75.61575,40.49216],[-75.61482,40.49188],[-75.61259,40.49437],[-75.61229,40.49566],[-75.61144,40.49591],[-75.61152,40.49652],[-75.60851,40.49617],[-75.60789,40.49663],[-75.60861,40.49729],[-75.60822,40.49777],[-75.60658,40.49817],[-75.60561,40.49803],[-75.60389,40.49953],[-75.60222,40.49962],[-75.60196,40.49998],[-75.60083,40.50014],[-75.59667,40.50248],[-75.59298,40.50648],[-75.5926,40.50787],[-75.59327,40.51147],[-75.59325,40.51197],[-75.59272,40.51195],[-75.59283,40.51254],[-75.58625,40.51247],[-75.58494,40.51396],[-75.5809,40.51561],[-75.57995,40.51537],[-75.57827,40.51296],[-75.57721,40.51257],[-75.57549,40.51321],[-75.57517,40.51372],[-75.57128,40.5144],[-75.56881,40.51594],[-75.56776,40.51573],[-75.56688,40.51497],[-75.56532,40.51464],[-75.56183,40.51563],[-75.55953,40.51541],[-75.55803,40.51742],[-75.55437,40.51907],[-75.55174,40.521],[-75.55157,40.52214],[-75.55033,40.5227],[-75.55051,40.52536],[-75.54816,40.52666],[-75.54856,40.52837],[-75.54587,40.52972],[-75.54407,40.52985],[-75.54313,40.53095],[-75.54197,40.5314],[-75.54209,40.53284],[-75.54126,40.5341],[-75.54065,40.53433],[-75.53955,40.5359],[-75.53867,40.53584]]]}},{"type":"Feature","properties":{"n":"Chester County Canal","w":"canal","rank":3},"geometry":{"type":"MultiLineString","coordinates":[[[-75.50598,40.14859],[-75.50662,40.14887],[-75.50792,40.14814],[-75.50991,40.14607],[-75.51093,40.14417],[-75.51169,40.14035],[-75.51089,40.13659]]]}},{"type":"Feature","properties":{"n":"Newlin Grist Mill Head Race","w":"stream","rank":3},"geometry":{"type":"MultiLineString","coordinates":[[[-75.51124,39.88855],[-75.51035,39.88719],[-75.5096,39.88698],[-75.50548,39.89027]]]}},{"type":"Feature","properties":{"n":"Mill Race","w":"stream","rank":3},"geometry":{"type":"MultiLineString","coordinates":[[[-75.63338,39.91652],[-75.63249,39.91677],[-75.63101,39.9165],[-75.62963,39.9153]]]}},{"type":"Feature","properties":{"n":"Hurricane Run","w":"stream","rank":3},"geometry":{"type":"MultiLineString","coordinates":[[[-75.54761,39.82795],[-75.54802,39.82688],[-75.55046,39.82481],[-75.55367,39.82358],[-75.55483,39.82168],[-75.55731,39.81992],[-75.5574,39.81944],[-75.55887,39.81884],[-75.55928,39.81774]]]}},{"type":"Feature","properties":{"n":"Egypt Run","w":"stream","rank":3},"geometry":{"type":"MultiLineString","coordinates":[[[-75.74638,39.79851],[-75.74878,39.79925],[-75.75127,39.79854],[-75.7526,39.79897],[-75.75501,39.79754],[-75.7556,39.79774],[-75.75793,39.79624],[-75.75826,39.79643],[-75.75838,39.79607],[-75.75876,39.79623],[-75.76246,39.79467],[-75.76458,39.7941],[-75.76759,39.79397],[-75.76989,39.79228],[-75.77114,39.79189]]]}},{"type":"Feature","properties":{"n":"Indian Run","w":"river","rank":2},"geometry":{"type":"MultiLineString","coordinates":[[[-75.81854,40.0764],[-75.81646,40.0745],[-75.81672,40.07331],[-75.81467,40.0727],[-75.81254,40.07314],[-75.81176,40.07277],[-75.81107,40.0715],[-75.80945,40.072],[-75.80778,40.06931],[-75.80707,40.06992],[-75.80563,40.06845],[-75.80492,40.06937],[-75.80337,40.06986],[-75.79744,40.06997],[-75.79481,40.07068],[-75.79451,40.07124],[-75.79335,40.07181],[-75.79122,40.07226],[-75.79047,40.07202],[-75.79003,40.07245],[-75.78799,40.07254],[-75.78671,40.0721],[-75.78587,40.07232],[-75.78448,40.07299],[-75.78455,40.07445],[-75.78379,40.07466],[-75.78357,40.07533],[-75.78112,40.07643],[-75.78009,40.07577],[-75.77876,40.07605],[-75.77893,40.07653],[-75.77841,40.07716],[-75.77747,40.07691],[-75.77517,40.07769],[-75.77424,40.077],[-75.77335,40.07689],[-75.77151,40.07847],[-75.771,40.07772],[-75.7691,40.0778]]]}},{"type":"Feature","properties":{"n":"Delchester Run","w":"stream","rank":3},"geometry":{"type":"MultiLineString","coordinates":[[[-75.48161,39.97695],[-75.47973,39.97497],[-75.47952,39.97356],[-75.48157,39.97024],[-75.48303,39.96942],[-75.4834,39.9682],[-75.48401,39.96797]]]}},{"type":"Feature","properties":{"n":"Shellpot Creek","w":"river","rank":2},"geometry":{"type":"MultiLineString","coordinates":[[[-75.5171,39.76318],[-75.51696,39.76277],[-75.5177,39.76237],[-75.51785,39.76148],[-75.51891,39.7602],[-75.51872,39.75984],[-75.51646,39.75903],[-75.51629,39.75782],[-75.51703,39.75733],[-75.51543,39.75418],[-75.51602,39.75341],[-75.51585,39.75253],[-75.51689,39.75203],[-75.51726,39.75083],[-75.51632,39.74977],[-75.5132,39.74823],[-75.51371,39.74667],[-75.51209,39.745],[-75.51301,39.74323],[-75.51296,39.74049],[-75.50427,39.73449],[-75.49114,39.7314]]]}},{"type":"Feature","properties":{"n":"Trib 00765 To Cobbs Creek","w":"stream","rank":3},"geometry":{"type":"MultiLineString","coordinates":[[[-75.31384,39.99759],[-75.3124,39.99674],[-75.30953,39.99745]]]}},{"type":"Feature","properties":{"n":"Mingo Creek","w":"river","rank":2},"geometry":{"type":"MultiLineString","coordinates":[[[-75.22877,39.89482],[-75.22619,39.89398],[-75.22319,39.89355],[-75.21596,39.89669],[-75.21515,39.89765],[-75.21198,39.89812]]]}},{"type":"Feature","properties":{"n":"South Branch Raritan River","w":"river","rank":2},"geometry":{"type":"MultiLineString","coordinates":[[[-74.8566,40.55636],[-74.85485,40.55458],[-74.8532,40.55384],[-74.85307,40.55224],[-74.85341,40.55183],[-74.8532,40.55111],[-74.85256,40.55083],[-74.85225,40.54849],[-74.8495,40.54534],[-74.84741,40.54367],[-74.84646,40.542],[-74.84366,40.53888],[-74.84244,40.5383],[-74.83449,40.53805],[-74.83409,40.53763],[-74.83431,40.53486],[-74.83545,40.53081],[-74.83731,40.52946],[-74.83742,40.52745],[-74.8356,40.52546],[-74.83351,40.52481],[-74.83166,40.52268],[-74.83064,40.52222],[-74.8277,40.52196],[-74.82655,40.52131],[-74.82492,40.521],[-74.82033,40.52071],[-74.81725,40.51921],[-74.81268,40.51898],[-74.8091,40.51811],[-74.80653,40.51814],[-74.80363,40.51694],[-74.80234,40.51739],[-74.80145,40.51699],[-74.80054,40.51589],[-74.79749,40.51567],[-74.794,40.51463],[-74.789,40.51243],[-74.78728,40.51204],[-74.7857,40.51021],[-74.78459,40.50784],[-74.78128,40.50497],[-74.77615,40.50316],[-74.77496,40.50338],[-74.77425,40.50408],[-74.76714,40.50358],[-74.76543,40.5047],[-74.76187,40.5051],[-74.75509,40.50711],[-74.75113,40.50658],[-74.74898,40.50588],[-74.74809,40.5053],[-74.74736,40.50324],[-74.74678,40.50289],[-74.74164,40.50196],[-74.73696,40.50212],[-74.72868,40.50385],[-74.7257,40.50631],[-74.72574,40.50757],[-74.72877,40.51273],[-74.72963,40.51541],[-74.72917,40.51791],[-74.72729,40.52066],[-74.72605,40.52067],[-74.72425,40.52008],[-74.72213,40.51835],[-74.71497,40.51731],[-74.71222,40.51751],[-74.71028,40.51877],[-74.70646,40.51954],[-74.70425,40.52091],[-74.70329,40.52437],[-74.70689,40.52698],[-74.70797,40.5289],[-74.70789,40.53074],[-74.70726,40.53132],[-74.70568,40.5316],[-74.7054,40.53264],[-74.70629,40.53404],[-74.70868,40.53495],[-74.70954,40.53566],[-74.70933,40.53733],[-74.70877,40.53792],[-74.70682,40.53825],[-74.7049,40.53925],[-74.70309,40.53964],[-74.69858,40.54201],[-74.69835,40.54359],[-74.69903,40.54474],[-74.69895,40.54579],[-74.6981,40.5464],[-74.69641,40.54666],[-74.69501,40.54765],[-74.69223,40.55122],[-74.68917,40.55328],[-74.68741,40.55535]]]}},{"type":"Feature","properties":{"n":"Scotts Run","w":"stream","rank":3},"geometry":{"type":"MultiLineString","coordinates":[[[-75.79754,40.20898],[-75.79665,40.2071],[-75.79555,40.20669],[-75.79491,40.20592],[-75.79426,40.206],[-75.79392,40.20565],[-75.79254,40.20592],[-75.79089,40.20499],[-75.79092,40.20533],[-75.78988,40.20517],[-75.78911,40.20392],[-75.78943,40.20297],[-75.78867,40.20259]]]}},{"type":"Feature","properties":{"n":"Aquetong Creek","w":"river","rank":2},"geometry":{"type":"MultiLineString","coordinates":[[[-74.99386,40.35327],[-74.991,40.3535],[-74.98873,40.35417],[-74.98347,40.35406],[-74.98145,40.355],[-74.98022,40.35466],[-74.97884,40.3552],[-74.97406,40.35514],[-74.97113,40.35628],[-74.97001,40.35749],[-74.97035,40.35797],[-74.96976,40.35909],[-74.96781,40.3606],[-74.96548,40.36037],[-74.96501,40.35991],[-74.96446,40.36009],[-74.96161,40.36282],[-74.96004,40.36199],[-74.95902,40.36191],[-74.95538,40.36279],[-74.95279,40.36297],[-74.94967,40.36196]]]}},{"type":"Feature","properties":{"n":"Burrows Run","w":"stream","rank":3},"geometry":{"type":"MultiLineString","coordinates":[[[-75.64345,39.85242],[-75.64232,39.8522],[-75.64232,39.85177],[-75.6432,39.85022],[-75.64459,39.84895],[-75.64412,39.84763],[-75.6446,39.84586],[-75.64434,39.84531],[-75.64492,39.84375],[-75.64561,39.8433],[-75.64578,39.84211],[-75.64894,39.84072],[-75.64953,39.83979],[-75.65126,39.83895],[-75.65138,39.83817],[-75.65081,39.83732],[-75.65113,39.83655],[-75.6507,39.83552],[-75.6514,39.83401],[-75.65147,39.83136],[-75.64895,39.83014],[-75.6466,39.82956],[-75.6451,39.82871],[-75.64498,39.82817],[-75.64324,39.82768],[-75.64344,39.82703],[-75.6427,39.82428],[-75.64457,39.82268],[-75.64549,39.82092],[-75.64256,39.81858],[-75.64251,39.81721],[-75.64121,39.81665],[-75.64076,39.81549],[-75.64147,39.81424],[-75.642,39.81424],[-75.64235,39.8132],[-75.64521,39.81171],[-75.64592,39.81088],[-75.64632,39.8079],[-75.64739,39.80667],[-75.64751,39.80559],[-75.64415,39.80473],[-75.64373,39.80407],[-75.6456,39.80173],[-75.64626,39.80144],[-75.64684,39.80061],[-75.64664,39.80021],[-75.64764,39.79922],[-75.64831,39.79908],[-75.64855,39.79796]]]}},{"type":"Feature","properties":{"n":"Cooks Run","w":"stream","rank":3},"geometry":{"type":"MultiLineString","coordinates":[[[-75.12532,40.32278],[-75.12779,40.32375],[-75.12845,40.32306],[-75.13,40.32248],[-75.13266,40.32339],[-75.13537,40.31967],[-75.13772,40.31757],[-75.13877,40.31548],[-75.14081,40.31499],[-75.14335,40.31251],[-75.14448,40.31266],[-75.14573,40.31148],[-75.14738,40.31063],[-75.14887,40.30903],[-75.14998,40.30868],[-75.15215,40.30646],[-75.15364,40.30623],[-75.15375,40.30583],[-75.15468,40.30574],[-75.15498,40.30603],[-75.15859,40.30515],[-75.16025,40.30395],[-75.16072,40.3041],[-75.16352,40.30308],[-75.16479,40.302],[-75.16577,40.30183],[-75.16608,40.30224],[-75.16773,40.30151],[-75.16768,40.30117],[-75.16953,40.30097],[-75.17047,40.29946],[-75.17185,40.29958],[-75.17648,40.29827],[-75.17913,40.29651],[-75.17919,40.29511],[-75.18097,40.29396],[-75.18096,40.29265],[-75.18158,40.29272],[-75.18169,40.29241]]]}},{"type":"Feature","properties":{"n":"Ramsey Run","w":"stream","rank":3},"geometry":{"type":"MultiLineString","coordinates":[[[-75.57284,39.82858],[-75.57133,39.82972],[-75.56688,39.82868],[-75.56309,39.8291],[-75.56127,39.82792],[-75.55733,39.82764]]]}},{"type":"Feature","properties":{"n":"Broad Run","w":"stream","rank":3},"geometry":{"type":"MultiLineString","coordinates":[[[-75.71049,39.95218],[-75.71029,39.95173],[-75.70942,39.95157],[-75.70914,39.95084],[-75.70867,39.95113],[-75.70777,39.95046],[-75.70625,39.9503],[-75.70545,39.94957],[-75.7055,39.94908],[-75.70465,39.94904],[-75.70356,39.94815],[-75.70282,39.94602],[-75.70103,39.94444],[-75.70113,39.94403],[-75.70025,39.94336],[-75.70038,39.94289],[-75.69821,39.94084],[-75.69796,39.93951],[-75.6984,39.93944],[-75.6985,39.93871],[-75.69792,39.93832],[-75.69786,39.93752],[-75.69716,39.93742],[-75.69688,39.9369],[-75.69642,39.93704],[-75.69635,39.93653],[-75.69534,39.93612],[-75.69335,39.93545],[-75.69197,39.93541],[-75.69068,39.93299],[-75.69087,39.93174],[-75.69024,39.93085],[-75.68857,39.93008],[-75.68763,39.93038],[-75.68348,39.93003],[-75.68317,39.93038],[-75.68063,39.93026],[-75.68018,39.93041],[-75.68055,39.93152],[-75.67985,39.93229]],[[-75.60974,40.00598],[-75.6113,40.00551],[-75.6156,40.00524],[-75.61584,40.00474],[-75.62121,40.00303],[-75.62476,40.00064],[-75.62548,39.99953],[-75.6255,39.99837],[-75.62893,39.99712],[-75.62907,39.99596],[-75.63043,39.99485],[-75.63314,39.99387],[-75.63503,39.99419],[-75.63691,39.99401],[-75.63947,39.9928],[-75.64019,39.99183],[-75.63965,39.99025],[-75.64002,39.98859],[-75.6397,39.98779],[-75.64016,39.98675],[-75.64257,39.98658],[-75.64309,39.98615],[-75.64352,39.98642],[-75.6462,39.98495],[-75.64673,39.9852],[-75.64719,39.98471],[-75.65174,39.98517],[-75.6527,39.98474],[-75.65568,39.98525],[-75.65821,39.98368],[-75.65774,39.98254],[-75.65873,39.98231],[-75.65959,39.98144],[-75.66188,39.98194],[-75.66353,39.98133]]]}},{"type":"Feature","properties":{"n":"Shamona Creek","w":"stream","rank":3},"geometry":{"type":"MultiLineString","coordinates":[[[-75.69193,40.04872],[-75.69323,40.04983],[-75.69516,40.05049],[-75.69605,40.05124],[-75.69701,40.04873],[-75.697,40.04595],[-75.69792,40.04545],[-75.69839,40.04453],[-75.69817,40.04227],[-75.69875,40.04124],[-75.70125,40.04083],[-75.70301,40.04143],[-75.70477,40.0398],[-75.70619,40.03938],[-75.70768,40.03949]],[[-75.67504,40.0656],[-75.67586,40.06495],[-75.67485,40.064],[-75.67487,40.06347],[-75.67699,40.06245],[-75.67809,40.06138],[-75.6782,40.06049],[-75.68043,40.06021],[-75.68156,40.0607],[-75.68252,40.06041]],[[-75.68633,40.05752],[-75.68921,40.05565],[-75.69438,40.05474],[-75.69536,40.05402],[-75.69552,40.05325]]]}},{"type":"Feature","properties":{"n":"Moore Creek","w":"stream","rank":3},"geometry":{"type":"MultiLineString","coordinates":[[[-74.85668,40.35827],[-74.861,40.35644],[-74.86439,40.35364],[-74.86551,40.35323],[-74.86542,40.35294],[-74.86733,40.35251],[-74.86739,40.35196],[-74.86847,40.35179],[-74.86904,40.35095],[-74.8708,40.35059],[-74.87104,40.35103],[-74.87168,40.35104],[-74.87509,40.34937],[-74.8753,40.34866],[-74.87619,40.3485],[-74.87697,40.34743],[-74.87857,40.34664],[-74.87918,40.34559],[-74.88082,40.34519],[-74.88134,40.34469],[-74.88587,40.34437],[-74.88695,40.34357],[-74.88883,40.34302],[-74.88858,40.34271],[-74.89014,40.34201],[-74.89125,40.34224],[-74.89301,40.34189],[-74.89364,40.34037],[-74.8953,40.34011],[-74.89738,40.33858],[-74.89845,40.3384],[-74.89859,40.33777],[-74.89803,40.33752],[-74.89818,40.33592],[-74.90025,40.33469],[-74.90207,40.33429],[-74.90241,40.33354],[-74.90549,40.33306],[-74.90665,40.33252],[-74.90776,40.3327],[-74.90932,40.33241],[-74.91108,40.33171],[-74.91143,40.32936],[-74.91258,40.32896],[-74.91273,40.32843],[-74.91544,40.32634],[-74.91661,40.32446],[-74.91858,40.32308]]]}},{"type":"Feature","properties":{"n":"Fiddlers Creek","w":"stream","rank":3},"geometry":{"type":"MultiLineString","coordinates":[[[-74.86426,40.32091],[-74.86627,40.32178],[-74.8692,40.32216],[-74.87183,40.32185],[-74.87526,40.32083],[-74.87788,40.31876],[-74.88201,40.31709],[-74.88121,40.31518],[-74.8833,40.31235],[-74.88452,40.3116],[-74.88584,40.30931]]]}},{"type":"Feature","properties":{"n":"Berman Run","w":"stream","rank":3},"geometry":{"type":"MultiLineString","coordinates":[[[-75.46142,40.38273],[-75.46452,40.37933],[-75.46491,40.37935],[-75.4651,40.37865],[-75.46883,40.37851],[-75.47092,40.37695]]]}},{"type":"Feature","properties":{"n":"Pleasant Run","w":"river","rank":2},"geometry":{"type":"MultiLineString","coordinates":[[[-74.79268,40.56104],[-74.79229,40.55998],[-74.79037,40.55866],[-74.79018,40.55789],[-74.78971,40.55795],[-74.78971,40.55719],[-74.78802,40.55604],[-74.78749,40.55494],[-74.78599,40.55425],[-74.78613,40.55357],[-74.78497,40.55203],[-74.78365,40.55126],[-74.78294,40.55148],[-74.7799,40.55074],[-74.77976,40.55006],[-74.77909,40.55015],[-74.77848,40.54935],[-74.7754,40.54859],[-74.77494,40.54733],[-74.77425,40.54689],[-74.77468,40.54655],[-74.77414,40.54614],[-74.7739,40.54496],[-74.77219,40.54452],[-74.77097,40.54358],[-74.76723,40.544],[-74.76595,40.54344],[-74.76448,40.54333],[-74.76334,40.5422],[-74.76067,40.54288],[-74.76029,40.54213],[-74.75947,40.54199],[-74.75926,40.54116],[-74.75836,40.54041],[-74.75703,40.53997],[-74.75563,40.53838],[-74.75354,40.53761],[-74.75201,40.53606],[-74.75167,40.53398],[-74.75067,40.53302],[-74.75091,40.53218],[-74.75055,40.5316],[-74.74863,40.53198],[-74.74739,40.5315],[-74.74649,40.53157],[-74.7456,40.53051],[-74.74379,40.52936],[-74.73874,40.52928],[-74.73799,40.52887],[-74.73723,40.52654],[-74.73799,40.52545],[-74.73789,40.5245],[-74.73724,40.52399],[-74.73783,40.52332],[-74.73662,40.52261],[-74.73652,40.5219],[-74.73578,40.5217],[-74.73593,40.52013],[-74.73479,40.51981],[-74.73366,40.51803],[-74.73253,40.51719],[-74.73204,40.51742],[-74.73188,40.51826],[-74.73094,40.51796],[-74.7307,40.51722],[-74.729,40.51813]]]}},{"type":"Feature","properties":{"n":"West Branch Brandywine Creek","w":"river","rank":2},"geometry":{"type":"MultiLineString","coordinates":[[[-75.82014,39.96628],[-75.81469,39.96566],[-75.80661,39.96693],[-75.80545,39.9668],[-75.8041,39.96581],[-75.80427,39.96317],[-75.80217,39.9618],[-75.80028,39.96136],[-75.79215,39.96167],[-75.78785,39.9602],[-75.78472,39.95564],[-75.78289,39.95594],[-75.78133,39.95572],[-75.77837,39.95455],[-75.77821,39.95277],[-75.77978,39.95244],[-75.78009,39.95111],[-75.77925,39.94646],[-75.7785,39.94569],[-75.77532,39.94508],[-75.7744,39.94295],[-75.77445,39.94098],[-75.77773,39.93872],[-75.77766,39.93838],[-75.77507,39.93806],[-75.7745,39.9377],[-75.77442,39.93646],[-75.77074,39.93564],[-75.7682,39.93511],[-75.75939,39.93493],[-75.75851,39.93418],[-75.75622,39.93525],[-75.75412,39.93741],[-75.75309,39.93744],[-75.75061,39.9358],[-75.74905,39.93234],[-75.74126,39.93137],[-75.73936,39.93052],[-75.73442,39.92652],[-75.73297,39.92465],[-75.73216,39.92474],[-75.73158,39.92572],[-75.73042,39.92618],[-75.72942,39.9278],[-75.72973,39.92862],[-75.7339,39.93171],[-75.73463,39.93286],[-75.73582,39.93329],[-75.73586,39.93439],[-75.73532,39.93502],[-75.72946,39.93697],[-75.72805,39.93651],[-75.7253,39.93368],[-75.72378,39.93319],[-75.72318,39.93329],[-75.72275,39.93394],[-75.72132,39.93404],[-75.71853,39.93533],[-75.71674,39.93328],[-75.71513,39.93231],[-75.71288,39.92816],[-75.71181,39.92731],[-75.70567,39.92346],[-75.70148,39.92341],[-75.69938,39.92225],[-75.69702,39.91986],[-75.69066,39.92029],[-75.6885,39.92116],[-75.68832,39.92169],[-75.68927,39.92188],[-75.69049,39.92299],[-75.69039,39.92364],[-75.6874,39.92309],[-75.68645,39.92331],[-75.6846,39.92439],[-75.68412,39.92579],[-75.68196,39.92656],[-75.67993,39.92846],[-75.67926,39.92969],[-75.67998,39.93401],[-75.67692,39.93476],[-75.67476,39.93337],[-75.6733,39.93426],[-75.66985,39.93419],[-75.66898,39.93375],[-75.66871,39.93257],[-75.66781,39.93142],[-75.66833,39.9308],[-75.66752,39.92981],[-75.66776,39.92758],[-75.66674,39.92664],[-75.66408,39.92681],[-75.66169,39.92517],[-75.65335,39.92412],[-75.64919,39.92252]]]}},{"type":"Feature","properties":{"n":"Perkins Run","w":"stream","rank":3},"geometry":{"type":"MultiLineString","coordinates":[[[-75.49773,39.80988],[-75.49702,39.8096],[-75.49492,39.81007],[-75.49397,39.80855],[-75.49097,39.80808],[-75.48999,39.80753],[-75.48785,39.80844],[-75.48644,39.80744],[-75.48645,39.80695],[-75.48506,39.80602],[-75.48543,39.80431],[-75.48505,39.80261],[-75.48547,39.80239],[-75.48467,39.80177],[-75.48394,39.80184],[-75.48154,39.80075],[-75.47833,39.7989],[-75.47898,39.79838],[-75.47794,39.79679],[-75.47739,39.79674],[-75.47631,39.79566],[-75.47662,39.79511],[-75.47578,39.79263],[-75.47515,39.79262],[-75.47446,39.79185],[-75.47516,39.79111],[-75.47447,39.78986],[-75.47435,39.78847],[-75.47294,39.78746],[-75.47147,39.78705],[-75.47199,39.78639],[-75.47018,39.78494]]]}},{"type":"Feature","properties":{"n":"Crum Creek","w":"river","rank":2},"geometry":{"type":"MultiLineString","coordinates":[[[-75.35834,39.90763],[-75.35751,39.90688],[-75.35836,39.90438],[-75.3614,39.90322],[-75.36189,39.90233],[-75.36044,39.90141],[-75.35691,39.90125],[-75.35731,39.89942],[-75.35543,39.89879],[-75.35634,39.89671],[-75.35624,39.89513],[-75.359,39.89292],[-75.35705,39.89174],[-75.35619,39.89014],[-75.35782,39.88709],[-75.35529,39.88624],[-75.35495,39.88388],[-75.35088,39.88365],[-75.35089,39.88225],[-75.34896,39.87851],[-75.35034,39.87642],[-75.34999,39.87394],[-75.3507,39.87297],[-75.35037,39.87166],[-75.349,39.87106],[-75.34685,39.86928],[-75.3448,39.86912],[-75.34086,39.86695]],[[-75.34068,39.8668],[-75.33904,39.8654],[-75.33776,39.86488],[-75.33455,39.86434],[-75.32903,39.8653],[-75.32451,39.86359],[-75.3207,39.85767],[-75.31849,39.8499]]]}},{"type":"Feature","properties":{"n":"Bucktoe Creek","w":"stream","rank":3},"geometry":{"type":"MultiLineString","coordinates":[[[-75.72801,39.81703],[-75.7249,39.81646],[-75.7249,39.81604],[-75.72229,39.81554],[-75.72116,39.81479],[-75.71994,39.81484],[-75.72002,39.81436],[-75.71971,39.8145],[-75.71898,39.81328],[-75.71813,39.81307],[-75.71739,39.81213],[-75.71589,39.8121]],[[-75.73527,39.81627],[-75.73378,39.81645],[-75.73288,39.81751],[-75.73047,39.81751],[-75.72949,39.81715]]]}},{"type":"Feature","properties":{"n":"East Branch Red Clay Creek","w":"river","rank":2},"geometry":{"type":"MultiLineString","coordinates":[[[-75.70485,39.86828],[-75.70523,39.86691],[-75.70852,39.86397],[-75.70905,39.86297],[-75.70919,39.8618],[-75.70791,39.86046],[-75.70789,39.85968],[-75.70868,39.8595],[-75.70824,39.85715],[-75.70927,39.85525],[-75.71048,39.85475],[-75.71109,39.85395],[-75.71095,39.85285],[-75.71042,39.85247],[-75.71096,39.85057],[-75.7103,39.84989],[-75.70873,39.85016],[-75.70848,39.84955],[-75.70692,39.8493],[-75.70623,39.84864],[-75.70632,39.84657],[-75.70554,39.84425],[-75.70699,39.84306],[-75.70706,39.84095],[-75.70556,39.84069],[-75.7014,39.84177],[-75.69916,39.84179],[-75.69692,39.84008],[-75.69661,39.83909],[-75.69714,39.83671],[-75.69594,39.83682],[-75.69199,39.83602],[-75.69118,39.83498],[-75.69087,39.83344],[-75.69139,39.83185],[-75.68862,39.8291],[-75.69033,39.82669],[-75.69171,39.82687],[-75.69362,39.82618],[-75.69423,39.82458],[-75.69367,39.82309],[-75.69447,39.82236],[-75.69414,39.82112],[-75.69356,39.82099],[-75.69323,39.82012],[-75.69224,39.82051],[-75.69071,39.82005],[-75.69163,39.81887],[-75.69136,39.81854],[-75.69234,39.81776]]]}},{"type":"Feature","properties":{"n":"Squirrel Run","w":"stream","rank":3},"geometry":{"type":"MultiLineString","coordinates":[[[-75.59299,39.78057],[-75.59254,39.78001],[-75.59118,39.78066],[-75.58993,39.7807],[-75.58755,39.78072],[-75.5867,39.78018],[-75.5855,39.78021],[-75.58451,39.7795],[-75.58455,39.77849],[-75.58396,39.77762],[-75.58277,39.77761],[-75.5819,39.7769],[-75.58217,39.77648],[-75.5796,39.77576],[-75.57897,39.77449],[-75.57817,39.77433]]]}},{"type":"Feature","properties":{"n":"Geddes Run","w":"stream","rank":3},"geometry":{"type":"MultiLineString","coordinates":[[[-75.1404,40.38576],[-75.13705,40.38738],[-75.13349,40.39068],[-75.13216,40.39142],[-75.13231,40.39202],[-75.13156,40.39293],[-75.12822,40.39549],[-75.12639,40.39626],[-75.12426,40.39851],[-75.12332,40.39861],[-75.12257,40.3997],[-75.12136,40.40007],[-75.12137,40.40056],[-75.12035,40.40062],[-75.11821,40.40257],[-75.11729,40.40277],[-75.11571,40.40459],[-75.1137,40.40525],[-75.11295,40.4066],[-75.1119,40.40687],[-75.10926,40.40875],[-75.10622,40.40894],[-75.10299,40.41095],[-75.10027,40.41179],[-75.09898,40.4134],[-75.09774,40.41394],[-75.097,40.41508],[-75.09385,40.4161],[-75.09076,40.41491],[-75.08972,40.41601],[-75.089,40.41617],[-75.08692,40.41576],[-75.08538,40.41438],[-75.08339,40.4138],[-75.08154,40.41589],[-75.08043,40.4159],[-75.07489,40.41942],[-75.07292,40.4198],[-75.07181,40.42051],[-75.07149,40.42136],[-75.06885,40.42123],[-75.06661,40.42246],[-75.06639,40.42309]]]}},{"type":"Feature","properties":{"n":"Rock Brook","w":"stream","rank":3},"geometry":{"type":"MultiLineString","coordinates":[[[-74.72927,40.46209],[-74.72796,40.46226],[-74.72792,40.46164],[-74.72724,40.46149],[-74.72619,40.46033],[-74.72873,40.45961],[-74.73006,40.45823],[-74.73214,40.45769],[-74.73199,40.45716],[-74.73251,40.45705],[-74.73247,40.45666],[-74.73414,40.45598],[-74.73406,40.45527],[-74.73578,40.45524],[-74.73851,40.45429],[-74.73949,40.44997],[-74.74213,40.44814],[-74.74358,40.44823],[-74.74559,40.44539],[-74.74479,40.44467],[-74.74351,40.44488],[-74.74296,40.44412],[-74.74182,40.44361],[-74.74242,40.44325],[-74.74248,40.44249],[-74.74099,40.44144],[-74.7406,40.44035],[-74.73645,40.43787],[-74.73558,40.43633],[-74.73314,40.43481],[-74.73128,40.43495],[-74.72942,40.43394],[-74.72831,40.43125],[-74.72593,40.42985],[-74.72576,40.42901],[-74.7249,40.4281],[-74.72155,40.42049],[-74.72186,40.4196],[-74.72135,40.41864],[-74.72048,40.41813],[-74.71976,40.41682],[-74.71919,40.41689],[-74.7191,40.41651],[-74.7164,40.41512],[-74.7169,40.41277],[-74.71647,40.41202],[-74.71187,40.41029],[-74.71057,40.41055],[-74.71021,40.41133],[-74.7086,40.41125],[-74.70634,40.41218],[-74.70566,40.41214],[-74.70372,40.41093],[-74.69722,40.41267],[-74.69524,40.41263],[-74.69324,40.41338],[-74.68816,40.41287],[-74.68435,40.41303],[-74.68242,40.41264],[-74.68176,40.41303],[-74.67938,40.41306]]]}},{"type":"Feature","properties":{"n":"Stony Brook","w":"river","rank":2},"geometry":{"type":"MultiLineString","coordinates":[[[-74.81425,40.3833],[-74.81313,40.38317],[-74.81197,40.38368],[-74.81036,40.38353],[-74.80966,40.38232],[-74.80793,40.38082],[-74.80515,40.38154],[-74.80477,40.3821],[-74.80256,40.38183],[-74.80155,40.37895],[-74.80006,40.37715],[-74.79836,40.37634],[-74.79711,40.37644],[-74.79474,40.37586],[-74.79381,40.37479],[-74.79363,40.37351],[-74.79266,40.37277],[-74.79136,40.37275],[-74.79005,40.37189],[-74.7883,40.37155],[-74.78947,40.36801],[-74.78917,40.36703],[-74.78829,40.36575],[-74.78663,40.3652],[-74.78323,40.36297],[-74.78456,40.35821],[-74.78638,40.35601],[-74.78629,40.35549],[-74.78446,40.35417],[-74.78254,40.34952],[-74.78061,40.34793],[-74.77942,40.34745],[-74.77872,40.34561],[-74.77901,40.34494],[-74.7777,40.34367],[-74.77755,40.34202],[-74.77697,40.34158],[-74.77698,40.33987],[-74.77785,40.33942],[-74.77875,40.33779],[-74.78005,40.33695],[-74.78196,40.33324],[-74.7758,40.3308],[-74.77438,40.33062],[-74.77346,40.33124],[-74.77079,40.32967],[-74.76889,40.32983],[-74.7675,40.33042],[-74.76698,40.33176],[-74.76624,40.33224],[-74.76346,40.33263],[-74.76048,40.33201],[-74.7521,40.33502],[-74.74822,40.33519],[-74.74479,40.33681],[-74.74335,40.33818],[-74.74069,40.33797],[-74.73736,40.33607],[-74.73627,40.33625],[-74.73494,40.33872],[-74.73212,40.3396],[-74.73044,40.33896],[-74.72965,40.33914],[-74.7269,40.34152],[-74.72708,40.34186],[-74.7223,40.34534],[-74.71984,40.34846],[-74.71726,40.35404]],[[-74.71779,40.35302],[-74.71785,40.35365],[-74.71705,40.35414],[-74.71568,40.35405],[-74.71331,40.35159],[-74.71142,40.35115],[-74.71004,40.35215],[-74.71056,40.35311],[-74.71024,40.35373],[-74.70448,40.35621],[-74.70379,40.35613],[-74.70306,40.35395],[-74.69986,40.35232],[-74.69853,40.35279],[-74.69696,40.35231],[-74.69486,40.35319]]]}},{"type":"Feature","properties":{"n":"Crawfish Run","w":"stream","rank":3},"geometry":{"type":"MultiLineString","coordinates":[[[-75.58576,39.79275],[-75.58344,39.78991],[-75.5801,39.789]]]}},{"type":"Feature","properties":{"n":"Wickecheoke Creek","w":"stream","rank":3},"geometry":{"type":"MultiLineString","coordinates":[[[-74.96623,40.44402],[-74.96532,40.43921],[-74.9664,40.43552],[-74.96836,40.43367],[-74.97253,40.43111],[-74.97313,40.43019],[-74.97303,40.4292],[-74.97489,40.42852],[-74.97626,40.42882],[-74.97845,40.42763],[-74.97992,40.4252],[-74.98038,40.42352],[-74.97915,40.42004],[-74.98516,40.4171],[-74.98541,40.41624],[-74.98429,40.41383],[-74.98692,40.41108],[-74.98641,40.40898],[-74.9877,40.40802]],[[-74.97526,40.46411],[-74.97339,40.46398],[-74.97116,40.46293],[-74.97167,40.462],[-74.97138,40.46162],[-74.96837,40.45898],[-74.96752,40.45889],[-74.96754,40.4574],[-74.96826,40.45598],[-74.97263,40.45464],[-74.97313,40.45426],[-74.97343,40.45293],[-74.97312,40.45208],[-74.9673,40.44889]],[[-74.91132,40.54575],[-74.91076,40.5445],[-74.91086,40.54332],[-74.91193,40.54229],[-74.91195,40.54074],[-74.91175,40.53959],[-74.91117,40.53904],[-74.91025,40.53276],[-74.91069,40.5319],[-74.91105,40.52767],[-74.91157,40.52667],[-74.91138,40.52583],[-74.91224,40.52515],[-74.912,40.52472],[-74.91267,40.52366],[-74.91263,40.52281],[-74.91356,40.52174],[-74.91355,40.52078],[-74.91392,40.52065],[-74.91362,40.5204],[-74.91404,40.52018],[-74.9138,40.51932],[-74.91521,40.51835],[-74.91532,40.51759],[-74.91605,40.51702],[-74.91611,40.51589],[-74.91685,40.51549],[-74.91718,40.51458],[-74.91848,40.51418],[-74.91887,40.51369],[-74.92036,40.51399],[-74.9226,40.51338],[-74.9235,40.51292],[-74.92443,40.51158],[-74.92647,40.51119],[-74.92758,40.51149],[-74.92863,40.51053],[-74.92866,40.50968],[-74.92925,40.50945],[-74.93114,40.50975],[-74.93186,40.51046],[-74.934,40.51054],[-74.93511,40.50994],[-74.93727,40.51004],[-74.93811,40.50858],[-74.93977,40.50755],[-74.94011,40.50677],[-74.94174,40.50691],[-74.94165,40.50629],[-74.94067,40.50564],[-74.94091,40.50469],[-74.94174,40.50491],[-74.94293,40.50438],[-74.9429,40.50494],[-74.94392,40.50499],[-74.94592,40.5031],[-74.94688,40.50278],[-74.94733,40.5016],[-74.94838,40.5016],[-74.94852,40.50092],[-74.94955,40.50069],[-74.95274,40.49856],[-74.95385,40.49734],[-74.95446,40.49762],[-74.95525,40.49734],[-74.9555,40.49702],[-74.95514,40.49644],[-74.95697,40.4961],[-74.95912,40.49385],[-74.96046,40.49333],[-74.96092,40.49237],[-74.96213,40.49218],[-74.96242,40.49085],[-74.96388,40.48973],[-74.96611,40.48845],[-74.96721,40.48884],[-74.96868,40.48752],[-74.96912,40.48641],[-74.97085,40.48573],[-74.97443,40.48328],[-74.97569,40.48346],[-74.97745,40.48013]]]}},{"type":"Feature","properties":{"n":"Cuttalossa Creek","w":"stream","rank":3},"geometry":{"type":"MultiLineString","coordinates":[[[-75.0227,40.38569],[-75.02518,40.38763],[-75.02413,40.38912],[-75.02445,40.39001],[-75.02728,40.3913],[-75.02874,40.39293],[-75.02708,40.39365],[-75.02516,40.39366],[-75.02347,40.39552],[-75.02233,40.39582],[-75.01925,40.39779],[-75.01919,40.39836],[-75.02009,40.39933],[-75.01874,40.40042],[-75.01979,40.40113],[-75.02029,40.40231],[-75.02209,40.40281],[-75.02274,40.40402]]]}},{"type":"Feature","properties":{"n":"Pidcock Creek","w":"river","rank":2},"geometry":{"type":"MultiLineString","coordinates":[[[-74.98126,40.32073],[-74.9784,40.32212],[-74.97726,40.32182],[-74.97527,40.32234],[-74.97077,40.32042],[-74.97073,40.31876],[-74.96923,40.31848],[-74.96618,40.31913],[-74.96499,40.31888],[-74.96316,40.32066],[-74.96313,40.32184],[-74.96382,40.32254],[-74.96205,40.32404],[-74.96307,40.32455],[-74.96294,40.32496],[-74.96118,40.32499],[-74.96057,40.32623],[-74.95814,40.32694],[-74.95315,40.32728],[-74.95258,40.32813],[-74.95049,40.32908],[-74.95001,40.32863],[-74.94923,40.32883],[-74.94779,40.33059],[-74.94646,40.3304],[-74.94523,40.32955],[-74.94508,40.32838],[-74.94575,40.32693],[-74.94315,40.32716],[-74.93988,40.32806],[-74.9374,40.32936],[-74.93589,40.33139]]]}},{"type":"Feature","properties":{"n":"Saucon Creek","w":"stream","rank":3},"geometry":{"type":"MultiLineString","coordinates":[[[-75.46893,40.51465],[-75.46548,40.5162],[-75.46535,40.51689],[-75.46463,40.51712],[-75.46394,40.5181],[-75.46415,40.5191],[-75.46313,40.52051],[-75.46313,40.52238],[-75.46268,40.52293],[-75.46313,40.52539],[-75.46283,40.5262],[-75.46048,40.52806],[-75.45417,40.52956],[-75.4496,40.53359],[-75.44476,40.53626],[-75.44174,40.53894],[-75.43985,40.5396],[-75.43906,40.54127],[-75.43862,40.54482],[-75.43746,40.54548],[-75.43431,40.54546],[-75.43408,40.54577],[-75.43208,40.54601],[-75.42976,40.54564],[-75.428,40.54588]]]}},{"type":"Feature","properties":{"n":"Trib 00675 To Hunters Run","w":"stream","rank":3},"geometry":{"type":"MultiLineString","coordinates":[[[-75.51544,39.96238],[-75.51271,39.96292],[-75.51191,39.96383],[-75.5099,39.96408],[-75.50842,39.96541]]]}},{"type":"Feature","properties":{"n":"Richard Run","w":"stream","rank":3},"geometry":{"type":"MultiLineString","coordinates":[[[-75.07574,40.42592],[-75.07526,40.42635],[-75.07173,40.42726]]]}},{"type":"Feature","properties":{"n":"Thorton Creek","w":"stream","rank":3},"geometry":{"type":"MultiLineString","coordinates":[[[-74.69978,40.14794],[-74.70607,40.14981],[-74.70768,40.15114],[-74.70991,40.15145],[-74.71165,40.1535],[-74.7135,40.15352]]]}},{"type":"Feature","properties":{"n":"Roaring Brook","w":"stream","rank":3},"geometry":{"type":"MultiLineString","coordinates":[[[-74.72094,40.46168],[-74.7164,40.46191],[-74.71328,40.46135],[-74.70968,40.45952],[-74.70812,40.4592],[-74.70279,40.45638],[-74.70147,40.4546],[-74.69941,40.45486],[-74.69514,40.45412],[-74.69447,40.45511],[-74.69461,40.45634],[-74.69247,40.45672],[-74.69202,40.45726],[-74.69152,40.45698],[-74.69159,40.45652],[-74.69049,40.45633]]]}},{"type":"Feature","properties":{"n":"Merion Stream","w":"stream","rank":3},"geometry":{"type":"MultiLineString","coordinates":[[[-75.25189,40.00317],[-75.25085,40.00113],[-75.25122,39.99631],[-75.25066,39.99429],[-75.25073,39.99232],[-75.24998,39.99043]]]}},{"type":"Feature","properties":{"n":"Talley Run","w":"stream","rank":3},"geometry":{"type":"MultiLineString","coordinates":[[[-75.5652,39.83395],[-75.56635,39.83408],[-75.56959,39.8326],[-75.5718,39.83241],[-75.57375,39.83119]]]}},{"type":"Feature","properties":{"n":"Gold Run","w":"stream","rank":3},"geometry":{"type":"MultiLineString","coordinates":[[[-74.81005,40.25259],[-74.80758,40.25587],[-74.80772,40.2567],[-74.80513,40.26251],[-74.80511,40.2635],[-74.8047,40.26361],[-74.80517,40.26414]],[[-74.80758,40.25587],[-74.80508,40.25488],[-74.80374,40.25505],[-74.79974,40.2537]]]}},{"type":"Feature","properties":{"n":"Pocopson Creek","w":"river","rank":2},"geometry":{"type":"MultiLineString","coordinates":[[[-75.67057,39.89799],[-75.66978,39.89761],[-75.66927,39.89793],[-75.66804,39.89772],[-75.66676,39.89916],[-75.66545,39.8997],[-75.66472,39.89957],[-75.66463,39.8999],[-75.66411,39.89963],[-75.66417,39.90005],[-75.66222,39.89966],[-75.66194,39.89861],[-75.65782,39.89855],[-75.65556,39.89977],[-75.65479,39.89975],[-75.65446,39.9004],[-75.65502,39.90056],[-75.65462,39.90083],[-75.65491,39.9011],[-75.65329,39.90211],[-75.65235,39.90237],[-75.65181,39.90211],[-75.65126,39.90283],[-75.65017,39.90293],[-75.64894,39.90183],[-75.64771,39.90204],[-75.64782,39.90249],[-75.64747,39.90255],[-75.64718,39.90191],[-75.64667,39.90194],[-75.64644,39.90237],[-75.64571,39.90244],[-75.64536,39.90353],[-75.64444,39.90365],[-75.64372,39.90428],[-75.64329,39.90425],[-75.64303,39.90369],[-75.64086,39.90345],[-75.64052,39.90166],[-75.637,39.9007],[-75.63671,39.90014],[-75.63609,39.90003],[-75.63455,39.90117],[-75.63305,39.89947],[-75.63304,39.89781],[-75.63241,39.8977],[-75.63163,39.89628],[-75.63074,39.8957],[-75.62862,39.89589],[-75.62855,39.8962],[-75.6278,39.8959],[-75.62729,39.89626],[-75.62777,39.8966],[-75.62584,39.8971],[-75.62262,39.89688]]]}},{"type":"Feature","properties":{"n":"Shabakunk","w":"stream","rank":3},"geometry":{"type":"MultiLineString","coordinates":[[[-74.74998,40.25129],[-74.75116,40.25337],[-74.75098,40.25545],[-74.74963,40.25816],[-74.74965,40.25909],[-74.75113,40.26311],[-74.75456,40.26333],[-74.75692,40.264],[-74.76295,40.26202]]]}},{"type":"Feature","properties":{"n":"Eagleview Creek","w":"stream","rank":3},"geometry":{"type":"MultiLineString","coordinates":[[[-75.6777,40.05559],[-75.6776,40.05748],[-75.67845,40.05932],[-75.6796,40.06033]]]}},{"type":"Feature","properties":{"n":"Duck Creek","w":"river","rank":2},"geometry":{"type":"MultiLineString","coordinates":[[[-74.71998,40.17343],[-74.71954,40.17264],[-74.71977,40.17204],[-74.71901,40.17143],[-74.71925,40.17013],[-74.71847,40.16921],[-74.71754,40.16605],[-74.71818,40.16341],[-74.71769,40.16166],[-74.7182,40.16078],[-74.72165,40.15921]]]}},{"type":"Feature","properties":{"n":"Woodsville Brook","w":"stream","rank":3},"geometry":{"type":"MultiLineString","coordinates":[[[-74.84052,40.36916],[-74.83605,40.37111],[-74.83594,40.37158],[-74.83248,40.37302],[-74.83233,40.37344],[-74.82976,40.37449],[-74.82998,40.3749],[-74.82936,40.37497],[-74.82941,40.37528],[-74.82723,40.37603],[-74.82722,40.37642],[-74.82525,40.37727],[-74.82417,40.37904],[-74.82297,40.37972],[-74.82058,40.38034],[-74.81947,40.38217],[-74.81802,40.38231],[-74.81728,40.38441],[-74.81564,40.38388]]]}},{"type":"Feature","properties":{"n":"Stony Brook","w":"stream","rank":3},"geometry":{"type":"MultiLineString","coordinates":[[[-74.84124,40.39937],[-74.84123,40.39874],[-74.83843,40.3964],[-74.83806,40.39552],[-74.8374,40.39569],[-74.83658,40.39522],[-74.8346,40.39375],[-74.83386,40.39244],[-74.83142,40.39146],[-74.82935,40.39006],[-74.82891,40.38906],[-74.825,40.38601],[-74.82407,40.38578],[-74.82235,40.38611],[-74.81962,40.38755],[-74.81878,40.38597],[-74.81425,40.3833]]]}},{"type":"Feature","properties":{"n":"Peters Brook","w":"stream","rank":3},"geometry":{"type":"MultiLineString","coordinates":[[[-74.85858,40.37868],[-74.85646,40.38218],[-74.85581,40.38223],[-74.8539,40.38371],[-74.85102,40.38484],[-74.84465,40.38904],[-74.84306,40.38921],[-74.84196,40.39005],[-74.84108,40.38993],[-74.83848,40.3911],[-74.83879,40.39127],[-74.83843,40.39161],[-74.83386,40.39244]]]}},{"type":"Feature","properties":{"n":"Springers Brook","w":"stream","rank":3},"geometry":{"type":"MultiLineString","coordinates":[[[-74.74163,39.79496],[-74.74077,39.79268],[-74.74091,39.79004],[-74.74388,39.78629],[-74.74306,39.78256],[-74.74083,39.78042],[-74.7369,39.77875],[-74.73578,39.7787],[-74.735,39.77792],[-74.73353,39.77761],[-74.73317,39.77659]],[[-74.71418,39.77179],[-74.71312,39.77188],[-74.71225,39.77064],[-74.71089,39.77016],[-74.71038,39.76948],[-74.71059,39.76798],[-74.7098,39.76712],[-74.71063,39.76428],[-74.7098,39.76238],[-74.70856,39.76168],[-74.70674,39.76141],[-74.70377,39.76255],[-74.70065,39.76217],[-74.69796,39.75966],[-74.69614,39.75595],[-74.69517,39.75238],[-74.69398,39.75104],[-74.69354,39.74966]]]}},{"type":"Feature","properties":{"n":"Tributary to Saucon Creek","w":"stream","rank":3},"geometry":{"type":"MultiLineString","coordinates":[[[-75.40148,40.49922],[-75.39807,40.50179],[-75.39744,40.50167],[-75.39671,40.50211],[-75.39626,40.50287],[-75.39229,40.50347],[-75.39114,40.50496],[-75.39047,40.50498],[-75.38964,40.50708],[-75.38803,40.50876],[-75.38834,40.50916],[-75.38798,40.50953],[-75.38885,40.51018],[-75.38891,40.51069],[-75.39095,40.51203],[-75.39113,40.51622],[-75.39159,40.51748],[-75.39235,40.51803],[-75.39202,40.51912]]]}},{"type":"Feature","properties":{"n":"Tumble Brook","w":"stream","rank":3},"geometry":{"type":"MultiLineString","coordinates":[[[-75.37853,40.51539],[-75.38115,40.5161],[-75.38138,40.51736],[-75.3837,40.51803],[-75.38518,40.51783],[-75.38568,40.51828],[-75.38727,40.51861],[-75.38945,40.52],[-75.38921,40.52035],[-75.38966,40.5209]],[[-75.38145,40.51739],[-75.37914,40.51787],[-75.37628,40.5179],[-75.374,40.51896],[-75.37377,40.51941],[-75.37097,40.51994]]]}},{"type":"Feature","properties":{"n":"West Branch Shabakunk Creek","w":"stream","rank":3},"geometry":{"type":"MultiLineString","coordinates":[[[-74.79857,40.27486],[-74.79853,40.27329],[-74.79541,40.27189],[-74.79406,40.26998],[-74.79429,40.26778],[-74.79518,40.26728],[-74.79533,40.26663],[-74.79531,40.26419],[-74.78787,40.26292],[-74.78611,40.26093],[-74.78531,40.25639],[-74.78151,40.25308],[-74.78124,40.25173],[-74.78062,40.25125],[-74.78083,40.25026],[-74.77969,40.24951],[-74.77466,40.24943],[-74.77231,40.24875],[-74.77009,40.24552],[-74.76732,40.24335],[-74.76279,40.24348],[-74.76168,40.2443],[-74.76104,40.24546],[-74.75917,40.24626],[-74.75641,40.24869],[-74.75404,40.24978],[-74.75096,40.25057],[-74.74998,40.25129]],[[-74.81697,40.28359],[-74.8137,40.28062],[-74.81047,40.27986],[-74.80763,40.27792],[-74.80649,40.27683],[-74.8063,40.2761],[-74.8029,40.27446],[-74.79965,40.27538],[-74.7986,40.27445]]]}},{"type":"Feature","properties":{"n":"West Branch Shabakunk Creek Tributary","w":"stream","rank":3},"geometry":{"type":"MultiLineString","coordinates":[[[-74.79772,40.27303],[-74.79699,40.27545],[-74.79311,40.27789],[-74.79252,40.27887],[-74.79059,40.28037],[-74.79013,40.28177],[-74.79213,40.28322]],[[-74.8013,40.28215],[-74.80288,40.27885],[-74.80195,40.2777]]]}},{"type":"Feature","properties":{"n":"West Branch Shabakunk CreekTributary","w":"stream","rank":3},"geometry":{"type":"MultiLineString","coordinates":[[[-74.79882,40.27366],[-74.80027,40.27324],[-74.80636,40.27289]]]}},{"type":"Feature","properties":{"n":"Second Neshanic River","w":"stream","rank":3},"geometry":{"type":"MultiLineString","coordinates":[[[-74.91751,40.49206],[-74.91637,40.49212],[-74.91456,40.49352],[-74.91062,40.49372],[-74.90938,40.49469],[-74.90794,40.49494],[-74.9062,40.49651],[-74.90422,40.4969],[-74.9012,40.4965],[-74.8993,40.49587],[-74.89835,40.49455],[-74.89616,40.49357],[-74.89397,40.49391],[-74.89146,40.49288],[-74.88948,40.49098],[-74.88872,40.48931],[-74.88692,40.48876],[-74.88614,40.48886],[-74.88482,40.48809],[-74.88231,40.48747],[-74.87873,40.48491],[-74.87686,40.48493],[-74.87494,40.48299],[-74.87526,40.48212],[-74.87446,40.48168],[-74.8741,40.48082],[-74.87052,40.48036],[-74.86921,40.48057],[-74.8686,40.48027],[-74.86864,40.47988],[-74.86799,40.48],[-74.86638,40.4811],[-74.86607,40.48217],[-74.86652,40.48255],[-74.86637,40.4831],[-74.86515,40.48361],[-74.86253,40.48283],[-74.86269,40.48229],[-74.86158,40.48065],[-74.85822,40.47978]]]}},{"type":"Feature","properties":{"n":"Nishisakawick Creek","w":"stream","rank":3},"geometry":{"type":"MultiLineString","coordinates":[[[-75.00995,40.57018],[-75.00839,40.56907],[-75.00814,40.56803],[-75.00867,40.56786],[-75.00884,40.56816],[-75.01055,40.56722],[-75.01472,40.56869],[-75.0178,40.56842],[-75.01969,40.56681],[-75.0212,40.56471],[-75.02706,40.56532],[-75.03168,40.56431],[-75.03139,40.56292],[-75.02887,40.56045],[-75.02945,40.55828],[-75.02741,40.55676],[-75.02814,40.55535],[-75.03037,40.55487],[-75.03273,40.55597],[-75.03655,40.55646],[-75.03699,40.55586],[-75.0358,40.55421],[-75.0354,40.55129],[-75.03417,40.55001],[-75.03467,40.5488],[-75.03768,40.54899],[-75.03969,40.54858],[-75.04048,40.54804],[-75.04011,40.54521],[-75.04234,40.54468],[-75.04455,40.54502],[-75.04583,40.54444],[-75.04708,40.54289],[-75.04764,40.54127],[-75.04654,40.5402],[-75.04434,40.53932],[-75.0448,40.53868],[-75.0472,40.53713],[-75.054,40.53448],[-75.05422,40.53225],[-75.0588,40.52845],[-75.06033,40.52643],[-75.06076,40.52467],[-75.06139,40.52398],[-75.06529,40.5238]]]}},{"type":"Feature","properties":{"n":"Little Nishisakawick Creek","w":"stream","rank":3},"geometry":{"type":"MultiLineString","coordinates":[[[-75.00071,40.53831],[-75.00773,40.53584],[-75.01068,40.5333],[-75.0175,40.53143],[-75.02291,40.53072],[-75.02939,40.53156],[-75.03251,40.53142],[-75.03829,40.52939],[-75.0406,40.52965],[-75.04177,40.52806],[-75.04412,40.52653],[-75.04591,40.52458],[-75.05098,40.5223],[-75.05577,40.52374],[-75.05824,40.52306],[-75.06536,40.52344]]]}},{"type":"Feature","properties":{"n":"Copper Creek","w":"stream","rank":3},"geometry":{"type":"MultiLineString","coordinates":[[[-75.04024,40.5096],[-75.04278,40.5103],[-75.0436,40.51087],[-75.04813,40.51122],[-75.05014,40.51104],[-75.05323,40.51008],[-75.05469,40.50883],[-75.061,40.50517],[-75.06493,40.50373]]]}},{"type":"Feature","properties":{"n":"Lockatong Creek","w":"stream","rank":3},"geometry":{"type":"MultiLineString","coordinates":[[[-74.95289,40.53558],[-74.95333,40.53513],[-74.95334,40.53341],[-74.95454,40.53161],[-74.96077,40.52733],[-74.96159,40.52562],[-74.96233,40.52509],[-74.96573,40.52447],[-74.96641,40.52373],[-74.96728,40.52352],[-74.96776,40.52269],[-74.96945,40.52226],[-74.97176,40.52232],[-74.97466,40.52171],[-74.97634,40.52211],[-74.97957,40.5188],[-74.98296,40.51724],[-74.98544,40.51689],[-74.98846,40.51852],[-74.98949,40.51826],[-74.99022,40.51748],[-74.99338,40.51678],[-74.99422,40.51614],[-74.99482,40.51489],[-74.99587,40.51495],[-75.00084,40.51102],[-75.00268,40.50888],[-75.00301,40.50746],[-75.00339,40.50731],[-75.00415,40.50772],[-75.00463,40.50731],[-75.00587,40.50399],[-75.00703,40.50332],[-75.00799,40.50323],[-75.00826,40.50246],[-75.00957,40.50133],[-75.00951,40.5006],[-75.01031,40.49978],[-75.01016,40.49861],[-75.01116,40.49727],[-75.01221,40.4969],[-75.01294,40.49597],[-75.01422,40.49379],[-75.01456,40.49201],[-75.01559,40.49113],[-75.01822,40.49045],[-75.01866,40.48946],[-75.02033,40.48836],[-75.02183,40.4827],[-75.02235,40.48221],[-75.02198,40.48135],[-75.02269,40.48069],[-75.02246,40.48032],[-75.02089,40.4797],[-75.01691,40.48031],[-75.01491,40.47952],[-75.01635,40.47741],[-75.01653,40.47618],[-75.01721,40.47554],[-75.01927,40.47486],[-75.0218,40.47266],[-75.02114,40.47075],[-75.02445,40.4684],[-75.02363,40.46699],[-75.02373,40.46623],[-75.02643,40.46509],[-75.02577,40.46395],[-75.02604,40.46142],[-75.02538,40.46077],[-75.02875,40.45785],[-75.02758,40.45641],[-75.02537,40.45507],[-75.02506,40.45376],[-75.02312,40.45188],[-75.02334,40.45035],[-75.02419,40.45028]],[[-75.0232,40.4509],[-75.02539,40.44941],[-75.02502,40.44814],[-75.02357,40.44766],[-75.02297,40.4449],[-75.02353,40.44276],[-75.02477,40.44131],[-75.02471,40.44074],[-75.02276,40.43965],[-75.02307,40.43891],[-75.02203,40.43653],[-75.01988,40.43541],[-75.01652,40.43581],[-75.01209,40.43719],[-75.01127,40.43723],[-75.01092,40.4369],[-75.0099,40.43592],[-75.00944,40.43473],[-75.01031,40.43128],[-75.00936,40.42997],[-75.00896,40.42786],[-75.00737,40.42579],[-75.00636,40.42346],[-75.01208,40.42047],[-75.01768,40.41876],[-75.01788,40.41815],[-75.01683,40.41736],[-75.01775,40.41663],[-75.01721,40.41516],[-75.01482,40.41394],[-75.01502,40.41174],[-75.01385,40.40931],[-75.01429,40.40799],[-75.01336,40.4062]]]}},{"type":"Feature","properties":{"n":"Neshanic River","w":"river","rank":2},"geometry":{"type":"MultiLineString","coordinates":[[[-74.85818,40.47975],[-74.85677,40.479],[-74.85455,40.47903],[-74.85289,40.47818],[-74.84455,40.47806],[-74.84438,40.47757],[-74.84336,40.47755],[-74.84184,40.47623],[-74.83949,40.47349],[-74.83817,40.47298],[-74.83698,40.47365],[-74.83397,40.47392],[-74.83296,40.47449],[-74.83106,40.47396],[-74.82857,40.47398],[-74.82673,40.47175],[-74.82725,40.46824],[-74.82647,40.46636],[-74.82336,40.46631],[-74.82224,40.46688],[-74.8195,40.46733],[-74.81685,40.4668],[-74.80962,40.46873],[-74.80837,40.46839],[-74.80747,40.46874],[-74.80567,40.46745],[-74.80385,40.46422],[-74.80277,40.46364],[-74.80098,40.46366],[-74.79912,40.46514],[-74.79662,40.46582],[-74.7948,40.46554],[-74.78919,40.46643],[-74.78861,40.46682],[-74.78935,40.46766],[-74.78825,40.46854],[-74.78669,40.46907],[-74.78519,40.46874],[-74.77957,40.47159],[-74.77869,40.47167],[-74.77803,40.46925],[-74.77739,40.4691],[-74.77593,40.46958],[-74.77491,40.47211],[-74.77547,40.47603],[-74.7749,40.47766],[-74.7752,40.47871],[-74.77441,40.47965],[-74.77063,40.48201],[-74.76908,40.48505],[-74.76737,40.4861],[-74.766,40.4864],[-74.76432,40.48506],[-74.76228,40.48501],[-74.75903,40.48756],[-74.75424,40.48835],[-74.75371,40.48924],[-74.75319,40.49494],[-74.74625,40.4975],[-74.74586,40.4992],[-74.74164,40.50196]]]}},{"type":"Feature","properties":{"n":"First Neshanic River","w":"stream","rank":3},"geometry":{"type":"MultiLineString","coordinates":[[[-74.87717,40.49935],[-74.87498,40.49701],[-74.87171,40.49583],[-74.86903,40.49426],[-74.86905,40.49383],[-74.86618,40.49085],[-74.86521,40.49051],[-74.86377,40.49075],[-74.8609,40.48872],[-74.86081,40.48829],[-74.86035,40.48831],[-74.86057,40.48758],[-74.85948,40.48695],[-74.85922,40.48635],[-74.85964,40.48526],[-74.85825,40.48474],[-74.85692,40.48254],[-74.85818,40.47975]]]}},{"type":"Feature","properties":{"n":"Plum Brook","w":"stream","rank":3},"geometry":{"type":"MultiLineString","coordinates":[[[-74.9071,40.51477],[-74.91018,40.50983],[-74.91124,40.50965],[-74.91103,40.50915],[-74.91268,40.50791],[-74.91271,40.50736],[-74.91439,40.50647],[-74.91416,40.50517],[-74.91505,40.50475],[-74.91494,40.50444],[-74.91579,40.5038],[-74.91658,40.50389],[-74.91688,40.5033],[-74.91834,40.50251],[-74.91877,40.5024],[-74.91892,40.5029],[-74.92095,40.50145],[-74.92181,40.50132],[-74.92197,40.50183],[-74.92307,40.50101],[-74.9229,40.50013],[-74.92378,40.49965],[-74.92386,40.50036],[-74.92419,40.5003],[-74.92524,40.49826],[-74.92664,40.49807],[-74.92668,40.49755],[-74.92739,40.49742],[-74.92706,40.4966],[-74.93218,40.49403],[-74.93286,40.494],[-74.93277,40.49456],[-74.93318,40.49463],[-74.93358,40.49329],[-74.93876,40.49035],[-74.93953,40.48865],[-74.94077,40.48758],[-74.94303,40.48678],[-74.94321,40.48598],[-74.94275,40.48543],[-74.9437,40.48434],[-74.94239,40.48336],[-74.94243,40.48256],[-74.9408,40.48106],[-74.94052,40.47899],[-74.94183,40.47807],[-74.94255,40.47827],[-74.94364,40.47794],[-74.94458,40.47678],[-74.94664,40.47586],[-74.9476,40.47464],[-74.94934,40.47455],[-74.94993,40.47372],[-74.94981,40.47314],[-74.95478,40.47072],[-74.95728,40.46902],[-74.95764,40.46804],[-74.95879,40.46722],[-74.96018,40.46708],[-74.96222,40.46601],[-74.96518,40.46329],[-74.96738,40.46232],[-74.96815,40.46137],[-74.96802,40.45947],[-74.96752,40.45889]]]}},{"type":"Feature","properties":{"n":"Harihokake Creek","w":"stream","rank":3},"geometry":{"type":"MultiLineString","coordinates":[[[-75.05925,40.56019],[-75.05894,40.559],[-75.05798,40.55806],[-75.05739,40.55666],[-75.06041,40.55452],[-75.06011,40.55307],[-75.05824,40.5511],[-75.05814,40.5501],[-75.05984,40.54597],[-75.06118,40.54465],[-75.06413,40.54465],[-75.06627,40.54705],[-75.06696,40.54897],[-75.06755,40.54917],[-75.07106,40.54703],[-75.07046,40.54645],[-75.07296,40.54465]]]}},{"type":"Feature","properties":{"n":"Ardsley Creek","w":"stream","rank":3},"geometry":{"type":"MultiLineString","coordinates":[[[-75.14971,40.11994],[-75.14907,40.12102],[-75.15013,40.12167],[-75.15051,40.12281]]]}},{"type":"Feature","properties":{"n":"Hartwell Run","w":"stream","rank":3},"geometry":{"type":"MultiLineString","coordinates":[[[-75.21271,40.06412],[-75.21385,40.0633],[-75.2156,40.06062],[-75.21711,40.05961],[-75.21749,40.05742],[-75.21832,40.05664]]]}},{"type":"Feature","properties":{"n":"Thomas Mill Run","w":"stream","rank":3},"geometry":{"type":"MultiLineString","coordinates":[[[-75.21499,40.07435],[-75.21697,40.07377],[-75.21993,40.0744],[-75.22192,40.07383],[-75.22304,40.07396]]]}},{"type":"Feature","properties":{"n":"Alexauken Creek","w":"stream","rank":3},"geometry":{"type":"MultiLineString","coordinates":[[[-74.86689,40.39921],[-74.86799,40.40003],[-74.86855,40.39984],[-74.86976,40.4005],[-74.8718,40.40084],[-74.87287,40.4003],[-74.8749,40.40102],[-74.87792,40.40075],[-74.8795,40.39998],[-74.88069,40.40015],[-74.88219,40.3994],[-74.88354,40.39964],[-74.88535,40.39879],[-74.88713,40.39833],[-74.8878,40.39863],[-74.8897,40.39827],[-74.89186,40.39727],[-74.89294,40.39737],[-74.89436,40.3967],[-74.90032,40.39672],[-74.90093,40.39695],[-74.90122,40.39835],[-74.90195,40.39933],[-74.8998,40.40114],[-74.89992,40.40203],[-74.90056,40.40288],[-74.90275,40.40301],[-74.90528,40.40457],[-74.90775,40.40414],[-74.90915,40.40308],[-74.91149,40.40273],[-74.91314,40.40319],[-74.91538,40.40319],[-74.91663,40.4037],[-74.9177,40.40343],[-74.91818,40.40409],[-74.91892,40.40419],[-74.9212,40.4039],[-74.92312,40.40299],[-74.92364,40.40191],[-74.9245,40.40138],[-74.92537,40.39936],[-74.9263,40.39836],[-74.92726,40.39802],[-74.92694,40.39737],[-74.92803,40.39636],[-74.93122,40.39472],[-74.93159,40.39521],[-74.93281,40.39482],[-74.93488,40.39515],[-74.93569,40.39381],[-74.93946,40.39256],[-74.94088,40.39103],[-74.9404,40.38881],[-74.94075,40.38825],[-74.94198,40.38762],[-74.94369,40.38748],[-74.94617,40.38604],[-74.94748,40.38461],[-74.9476,40.38216],[-74.94822,40.38118],[-74.94806,40.37889],[-74.95426,40.37668]],[[-74.86702,40.39587],[-74.86545,40.39709],[-74.86679,40.39914]]]}},{"type":"Feature","properties":{"n":"Back Brook","w":"stream","rank":3},"geometry":{"type":"MultiLineString","coordinates":[[[-74.86934,40.42423],[-74.86505,40.42521],[-74.8625,40.42328],[-74.86119,40.42345],[-74.86017,40.42312],[-74.85814,40.42317],[-74.85591,40.42421],[-74.8551,40.4239],[-74.85355,40.42456],[-74.85075,40.42714],[-74.85017,40.42708],[-74.84974,40.42781],[-74.84904,40.42791],[-74.84791,40.4294],[-74.84627,40.42991],[-74.84511,40.4313],[-74.84192,40.43254],[-74.84127,40.43349],[-74.83954,40.4336],[-74.83762,40.43575],[-74.83709,40.43549],[-74.83657,40.43614],[-74.83606,40.43612],[-74.83459,40.43864],[-74.8351,40.43986],[-74.83135,40.44183],[-74.83076,40.44346],[-74.829,40.44457],[-74.82956,40.44526],[-74.82623,40.44618],[-74.82566,40.44714],[-74.82431,40.44756],[-74.82313,40.44665],[-74.82125,40.44647],[-74.81971,40.44861],[-74.81854,40.44929],[-74.81812,40.45035],[-74.81678,40.45092],[-74.81516,40.4524],[-74.81214,40.45342],[-74.81108,40.45422],[-74.81091,40.4549],[-74.80992,40.4553],[-74.80986,40.45657],[-74.80881,40.45794],[-74.80451,40.45987],[-74.804,40.46047],[-74.80317,40.46054],[-74.80161,40.46261],[-74.79786,40.46539]],[[-74.71651,40.44712],[-74.70951,40.44301],[-74.70709,40.44326],[-74.70541,40.4426],[-74.70465,40.44145],[-74.7035,40.44099],[-74.70286,40.43842],[-74.70113,40.43739],[-74.6996,40.43818],[-74.69745,40.43793],[-74.69603,40.43737],[-74.69499,40.43779]]]}},{"type":"Feature","properties":{"n":"Lansdowne Creek","w":"stream","rank":3},"geometry":{"type":"MultiLineString","coordinates":[[[-75.2178,39.98409],[-75.21644,39.98218],[-75.21304,39.98124],[-75.21041,39.98156],[-75.21032,39.98193],[-75.20938,39.98224],[-75.20779,39.98204],[-75.20486,39.98252]]]}},{"type":"Feature","properties":{"n":"Montgomery Creek","w":"stream","rank":3},"geometry":{"type":"MultiLineString","coordinates":[[[-75.21284,39.98459],[-75.2125,39.98431],[-75.2114,39.98441],[-75.20965,39.9858],[-75.20864,39.986]]]}},{"type":"Feature","properties":{"n":"West Branch Red Clay Creek","w":"river","rank":2},"geometry":{"type":"MultiLineString","coordinates":[[[-75.74694,39.88541],[-75.74147,39.88483],[-75.73386,39.88185],[-75.73369,39.88065],[-75.73427,39.8805],[-75.73385,39.87981],[-75.73407,39.87709],[-75.73284,39.87506],[-75.73403,39.87443],[-75.73375,39.87425],[-75.73488,39.87328],[-75.73525,39.87185],[-75.73575,39.87205],[-75.73641,39.87079],[-75.73712,39.87036],[-75.73755,39.87063],[-75.73794,39.87021],[-75.73798,39.86994],[-75.73729,39.87007],[-75.73773,39.86981],[-75.73705,39.86921],[-75.73775,39.86878],[-75.73689,39.86849],[-75.73684,39.86814],[-75.7361,39.86826],[-75.73467,39.86672],[-75.73524,39.86637],[-75.73541,39.86485],[-75.73428,39.86397],[-75.7347,39.8635],[-75.73422,39.86217],[-75.73525,39.86062],[-75.73202,39.85923],[-75.73222,39.85637],[-75.73022,39.85437],[-75.72993,39.85267],[-75.72897,39.85196],[-75.7291,39.85119],[-75.72789,39.85025],[-75.72711,39.85056],[-75.72666,39.85015],[-75.72362,39.8495],[-75.72326,39.84795],[-75.72242,39.84772],[-75.72153,39.84645],[-75.72148,39.84399],[-75.72343,39.84262],[-75.72317,39.84186],[-75.72459,39.84088],[-75.72542,39.83596],[-75.72509,39.835],[-75.72398,39.83424],[-75.72468,39.83331],[-75.72417,39.83272],[-75.72311,39.83239],[-75.72347,39.83203],[-75.72303,39.83149],[-75.72132,39.83035],[-75.71929,39.82988],[-75.71816,39.82839],[-75.71835,39.82651],[-75.71907,39.82617],[-75.71938,39.82505],[-75.71827,39.82208],[-75.71529,39.81994],[-75.71474,39.81791],[-75.71565,39.81717],[-75.71514,39.81478],[-75.71565,39.81422],[-75.71589,39.8121],[-75.71454,39.81154],[-75.71365,39.81178],[-75.71323,39.8112],[-75.70956,39.8095],[-75.7078,39.80947],[-75.70393,39.81152],[-75.7038,39.81196],[-75.70435,39.81255],[-75.70389,39.813],[-75.70346,39.81524],[-75.70154,39.81553],[-75.70096,39.81462],[-75.70001,39.81451],[-75.69791,39.81667],[-75.69537,39.81689],[-75.69303,39.81784],[-75.69234,39.81776]]]}},{"type":"Feature","properties":{"n":"Trib 00908 to Trout Run","w":"stream","rank":3},"geometry":{"type":"MultiLineString","coordinates":[[[-75.28431,40.01177],[-75.28555,40.01615],[-75.28674,40.01845]]]}},{"type":"Feature","properties":{"n":"Core Creek","w":"stream","rank":3},"geometry":{"type":"MultiLineString","coordinates":[[[-74.91928,40.19676],[-74.92036,40.1954],[-74.92051,40.19453],[-74.92173,40.19434],[-74.92248,40.1937],[-74.92396,40.19347],[-74.92472,40.19375],[-74.92617,40.19306],[-74.92641,40.19111],[-74.92864,40.18922]],[[-74.91586,40.25533],[-74.9115,40.25594],[-74.90947,40.25672],[-74.90233,40.25718],[-74.90042,40.25798],[-74.89677,40.25694]]]}},{"type":"Feature","properties":{"n":"Gallows Run","w":"stream","rank":3},"geometry":{"type":"MultiLineString","coordinates":[[[-75.20036,40.53813],[-75.19749,40.53845],[-75.19294,40.53971],[-75.1915,40.54094],[-75.18752,40.54069],[-75.18556,40.54233],[-75.18378,40.54314],[-75.18337,40.54412],[-75.18354,40.54691],[-75.18223,40.54897],[-75.18208,40.55267],[-75.18121,40.55391],[-75.18352,40.55489],[-75.18386,40.5563],[-75.18189,40.55753],[-75.181,40.55888],[-75.17978,40.55926],[-75.17892,40.55908],[-75.17721,40.56016],[-75.17598,40.55994],[-75.17205,40.56087],[-75.17081,40.56189]]]}},{"type":"Feature","properties":{"n":"Hickory Creek","w":"stream","rank":3},"geometry":{"type":"MultiLineString","coordinates":[[[-75.07226,40.40668],[-75.07164,40.40931],[-75.07002,40.4099],[-75.07016,40.41157],[-75.06926,40.41191],[-75.06925,40.41289],[-75.06827,40.41323],[-75.06727,40.41437],[-75.06671,40.41598],[-75.06167,40.42084],[-75.06019,40.42065]]]}},{"type":"Feature","properties":{"n":"Smithtown Creek","w":"stream","rank":3},"geometry":{"type":"MultiLineString","coordinates":[[[-75.09634,40.45248],[-75.09306,40.45376],[-75.092,40.45381],[-75.08949,40.45523],[-75.08536,40.45678],[-75.08381,40.45814],[-75.08175,40.45825],[-75.08124,40.45896],[-75.07723,40.46055],[-75.07487,40.46232],[-75.07302,40.46263],[-75.06993,40.46224]]]}},{"type":"Feature","properties":{"n":"Jericho Creek","w":"stream","rank":3},"geometry":{"type":"MultiLineString","coordinates":[[[-74.97677,40.29209],[-74.97298,40.29235],[-74.97067,40.29342],[-74.96936,40.29356],[-74.9675,40.29314],[-74.96653,40.2936],[-74.96462,40.29338],[-74.96413,40.29377],[-74.96416,40.29345],[-74.963,40.29339],[-74.96281,40.29307],[-74.95815,40.29262],[-74.95644,40.29298],[-74.95509,40.29282],[-74.95427,40.29338],[-74.954,40.29307],[-74.95328,40.29361],[-74.95277,40.29352],[-74.94949,40.29599],[-74.9463,40.29637],[-74.94616,40.29726],[-74.94519,40.29812],[-74.94106,40.29874],[-74.93887,40.29991],[-74.9359,40.30072],[-74.93312,40.30071],[-74.9322,40.30185],[-74.93133,40.30163],[-74.93148,40.30101],[-74.93065,40.3009],[-74.93072,40.30128],[-74.93015,40.30114],[-74.92942,40.30161],[-74.92838,40.3012],[-74.92863,40.30191],[-74.92829,40.30216],[-74.92762,40.30168],[-74.9251,40.30176],[-74.92395,40.30139],[-74.92337,40.30207],[-74.92258,40.30168],[-74.92215,40.30261],[-74.92117,40.30264],[-74.92151,40.30316],[-74.92029,40.30313],[-74.91862,40.30399],[-74.917,40.30419],[-74.91615,40.30641],[-74.91394,40.30751],[-74.9134,40.30834],[-74.90619,40.30553],[-74.90495,40.30745],[-74.90521,40.30807],[-74.90627,40.30869],[-74.90595,40.31225],[-74.90563,40.31254],[-74.90457,40.3125],[-74.90302,40.31378],[-74.90223,40.3155]]]}},{"type":"Feature","properties":{"n":"Hough's Creek","w":"stream","rank":3},"geometry":{"type":"MultiLineString","coordinates":[[[-74.9287,40.27447],[-74.92222,40.27564],[-74.91873,40.2758],[-74.91748,40.27631],[-74.91302,40.27706],[-74.90743,40.27865],[-74.90434,40.28025],[-74.89728,40.28228],[-74.89591,40.28319],[-74.89351,40.28361],[-74.89297,40.28413],[-74.89137,40.2838],[-74.88506,40.28521],[-74.88313,40.28515],[-74.88175,40.28412],[-74.87927,40.28394],[-74.87728,40.28433],[-74.87713,40.28384],[-74.87555,40.28341],[-74.87455,40.28242],[-74.87168,40.28216],[-74.86958,40.28057],[-74.86755,40.2807],[-74.86564,40.28157],[-74.86357,40.28194],[-74.86356,40.28105],[-74.86246,40.28099],[-74.86213,40.2803],[-74.86067,40.2794],[-74.86002,40.27785],[-74.85674,40.27799]]]}},{"type":"Feature","properties":{"n":"Rabbit Run","w":"stream","rank":3},"geometry":{"type":"MultiLineString","coordinates":[[[-74.96686,40.36694],[-74.96386,40.37056],[-74.96346,40.372],[-74.96098,40.37371],[-74.96147,40.37456],[-74.96106,40.37522],[-74.95852,40.37589],[-74.9572,40.376],[-74.95644,40.37565]]]}},{"type":"Feature","properties":{"n":"Matson Run","w":"stream","rank":3},"geometry":{"type":"MultiLineString","coordinates":[[[-75.53202,39.77347],[-75.53119,39.77335],[-75.52852,39.77109],[-75.52677,39.77049],[-75.52722,39.76907],[-75.52604,39.76636]]]}},{"type":"Feature","properties":{"n":"Hillcrest Run","w":"stream","rank":3},"geometry":{"type":"MultiLineString","coordinates":[[[-75.20993,40.08087],[-75.21277,40.08375],[-75.2142,40.08432],[-75.21504,40.08544],[-75.21647,40.08611],[-75.21871,40.08568],[-75.22386,40.08604]]]}},{"type":"Feature","properties":{"n":"Cathedral Run","w":"stream","rank":3},"geometry":{"type":"MultiLineString","coordinates":[[[-75.2289,40.06806],[-75.22734,40.06793],[-75.22288,40.06632],[-75.22187,40.06518]]]}},{"type":"Feature","properties":{"n":"Dry Branch Creek","w":"stream","rank":3},"geometry":{"type":"MultiLineString","coordinates":[[[-75.29847,40.4747],[-75.30379,40.46751],[-75.30626,40.46213],[-75.30761,40.46024],[-75.3083,40.45993],[-75.30906,40.45764],[-75.30968,40.4574],[-75.31001,40.45638],[-75.31066,40.45623],[-75.311,40.455]]]}},{"type":"Feature","properties":{"n":"Great Egg Harbor River","w":"river","rank":2},"geometry":{"type":"MultiLineString","coordinates":[[[-74.93748,39.70154],[-74.93631,39.69955],[-74.9365,39.69841],[-74.93513,39.69726],[-74.93481,39.69589],[-74.93576,39.69423]]]}},{"type":"Feature","properties":{"n":"Alapocas Run","w":"stream","rank":3},"geometry":{"type":"MultiLineString","coordinates":[[[-75.54658,39.78435],[-75.54607,39.78085],[-75.54655,39.77903],[-75.54736,39.77785],[-75.54921,39.77653],[-75.54956,39.77556],[-75.55008,39.77542],[-75.55119,39.77266],[-75.55433,39.77057],[-75.55454,39.77087],[-75.55563,39.77087],[-75.55618,39.7703],[-75.55845,39.76995],[-75.55917,39.7686]]]}},{"type":"Feature","properties":{"n":"Dark Hollow Run","w":"stream","rank":3},"geometry":{"type":"MultiLineString","coordinates":[[[-74.96679,40.34195],[-74.96572,40.34383],[-74.96366,40.34525],[-74.96292,40.34658],[-74.9597,40.34963],[-74.95936,40.3507],[-74.95848,40.3515],[-74.95684,40.35229],[-74.95655,40.35291],[-74.95235,40.3563],[-74.95154,40.35626],[-74.94943,40.35745],[-74.94844,40.35761]]]}},{"type":"Feature","properties":{"n":"Warford Creek","w":"stream","rank":3},"geometry":{"type":"MultiLineString","coordinates":[[[-75.02747,40.4881],[-75.03131,40.48482],[-75.03628,40.48209],[-75.03896,40.48118],[-75.04354,40.47802],[-75.05217,40.47367],[-75.05519,40.47154],[-75.05838,40.47016],[-75.06141,40.46937],[-75.06392,40.46971]]]}},{"type":"Feature","properties":{"n":"East Branch Red Clay Creek","w":"stream","rank":3},"geometry":{"type":"MultiLineString","coordinates":[[[-75.69663,39.88073],[-75.6977,39.87875],[-75.69932,39.87725],[-75.70124,39.87628],[-75.70107,39.87462],[-75.70163,39.87425],[-75.70172,39.87323],[-75.70259,39.87222],[-75.70264,39.86979],[-75.70397,39.8692],[-75.70485,39.86828]]]}},{"type":"Feature","properties":{"n":"Little Lehigh Creek","w":"stream","rank":3},"geometry":{"type":"MultiLineString","coordinates":[[[-75.64985,40.49029],[-75.64527,40.49489],[-75.64533,40.49656],[-75.64412,40.49943],[-75.64226,40.50032],[-75.64225,40.50108],[-75.6411,40.50286],[-75.63766,40.50333],[-75.63696,40.50395],[-75.6361,40.50387],[-75.63577,40.50434],[-75.63452,40.50461],[-75.63406,40.5062],[-75.63225,40.50764],[-75.63157,40.50988],[-75.63077,40.51082],[-75.62559,40.51185],[-75.62615,40.51424],[-75.62739,40.51495],[-75.62978,40.51764],[-75.63083,40.51788],[-75.63092,40.51964],[-75.63006,40.52133],[-75.62846,40.52166],[-75.62809,40.5221],[-75.62697,40.52157],[-75.62386,40.52245],[-75.62272,40.52232],[-75.62209,40.52268],[-75.62173,40.52392],[-75.62263,40.52526],[-75.62149,40.52609],[-75.62103,40.52585],[-75.61928,40.52685],[-75.61837,40.52685],[-75.61793,40.52648],[-75.61652,40.5266],[-75.61597,40.52577],[-75.61508,40.52544],[-75.61348,40.52627],[-75.61168,40.52634],[-75.61073,40.52685],[-75.60878,40.52667],[-75.60834,40.52722],[-75.60756,40.52711],[-75.60741,40.52758],[-75.60177,40.52767],[-75.60144,40.52904],[-75.60204,40.52985],[-75.60191,40.53056],[-75.60012,40.53158],[-75.60037,40.53212],[-75.59973,40.53357]]]}},{"type":"Feature","properties":{"n":"Shipetaukin Creek","w":"stream","rank":3},"geometry":{"type":"MultiLineString","coordinates":[[[-74.7488,40.31561],[-74.74906,40.3139],[-74.74893,40.31247],[-74.74855,40.31222],[-74.74979,40.30927],[-74.74853,40.30786],[-74.746,40.30861],[-74.74217,40.30886],[-74.74123,40.30858],[-74.74022,40.30897],[-74.73753,40.30808],[-74.73569,40.30866],[-74.73506,40.30776],[-74.73398,40.30724],[-74.7327,40.30762],[-74.73211,40.30824],[-74.73076,40.30815],[-74.72885,40.30961],[-74.7263,40.31023],[-74.72573,40.31173],[-74.72371,40.31296],[-74.7221,40.31274],[-74.72014,40.31148],[-74.71867,40.31273],[-74.71533,40.31294],[-74.71391,40.31411],[-74.71301,40.31401],[-74.71316,40.31344],[-74.71208,40.31297],[-74.71116,40.31195],[-74.71126,40.31102],[-74.71043,40.30929],[-74.711,40.30668],[-74.71154,40.30645],[-74.7132,40.30385],[-74.71279,40.30247],[-74.7119,40.30164],[-74.71237,40.30129],[-74.71081,40.3005],[-74.71049,40.29993],[-74.70999,40.29996],[-74.70991,40.29908],[-74.70872,40.2978],[-74.70784,40.29744],[-74.70634,40.29804],[-74.70609,40.29652],[-74.70197,40.29551],[-74.70056,40.29391],[-74.69566,40.29075],[-74.69598,40.28908],[-74.69848,40.28395],[-74.70165,40.27917],[-74.70267,40.27557],[-74.70218,40.27539],[-74.70217,40.27413],[-74.70627,40.26886]]]}},{"type":"Feature","properties":{"n":"East Branch Christina River","w":"stream","rank":3},"geometry":{"type":"MultiLineString","coordinates":[[[-75.80189,39.73341],[-75.80171,39.72975],[-75.802,39.72871],[-75.80279,39.72848],[-75.80307,39.72742],[-75.80198,39.72545],[-75.79905,39.72383],[-75.79739,39.72357],[-75.79657,39.72389],[-75.79567,39.72354],[-75.79492,39.72225],[-75.7942,39.72202],[-75.7944,39.72096],[-75.79367,39.71991],[-75.79193,39.71977],[-75.79115,39.71889],[-75.79071,39.71694],[-75.78932,39.71618],[-75.7894,39.71575],[-75.78867,39.71575],[-75.78822,39.7153],[-75.78796,39.71304],[-75.78742,39.71309],[-75.78708,39.71213],[-75.78815,39.71113],[-75.78797,39.70992],[-75.78589,39.70843],[-75.78585,39.70758],[-75.78519,39.70744],[-75.78506,39.70686],[-75.78543,39.70527],[-75.78494,39.70502],[-75.78492,39.70373],[-75.78683,39.70054]]]}},{"type":"Feature","properties":{"n":"Jacobs Creek","w":"stream","rank":3},"geometry":{"type":"MultiLineString","coordinates":[[[-74.82523,40.35783],[-74.82533,40.35696],[-74.82639,40.35615],[-74.82715,40.35353],[-74.8286,40.35117],[-74.8321,40.34817],[-74.83465,40.34713],[-74.83599,40.34374],[-74.83688,40.34253],[-74.83808,40.34227],[-74.83853,40.34133],[-74.83494,40.33636],[-74.83568,40.33491],[-74.83611,40.33049],[-74.83702,40.32909],[-74.83692,40.32652],[-74.83819,40.31542],[-74.83744,40.31333],[-74.83671,40.31259],[-74.83685,40.31194],[-74.83519,40.31134],[-74.83439,40.31023],[-74.83358,40.30799],[-74.83424,40.30617],[-74.83348,40.30557],[-74.83383,40.30466],[-74.83227,40.30122],[-74.83555,40.29798],[-74.83699,40.29616],[-74.83775,40.2943],[-74.84039,40.29274],[-74.84097,40.29053],[-74.84436,40.2891],[-74.84603,40.28747],[-74.84767,40.28444],[-74.84764,40.28355],[-74.85039,40.28008],[-74.85655,40.27729]]]}},{"type":"Feature","properties":{"n":"Woolsey Brook","w":"stream","rank":3},"geometry":{"type":"MultiLineString","coordinates":[[[-74.81374,40.31484],[-74.81441,40.31425],[-74.81534,40.31422],[-74.81905,40.3126],[-74.82069,40.31235],[-74.8228,40.31109],[-74.82508,40.30928],[-74.8263,40.30748],[-74.82892,40.30589],[-74.83246,40.3019]]]}},{"type":"Feature","properties":{"n":"Honey Branch","w":"stream","rank":3},"geometry":{"type":"MultiLineString","coordinates":[[[-74.76717,40.36996],[-74.7664,40.36948],[-74.76517,40.3641],[-74.76712,40.35965],[-74.76602,40.35888],[-74.76539,40.35724],[-74.76369,40.35663],[-74.76237,40.35534],[-74.76113,40.35505],[-74.75958,40.35544],[-74.75695,40.35478],[-74.75578,40.35398],[-74.7542,40.3538],[-74.75323,40.35317],[-74.75107,40.35425],[-74.74917,40.35384],[-74.74834,40.353],[-74.74858,40.35104],[-74.74689,40.34786],[-74.74625,40.34558],[-74.74643,40.34378],[-74.74466,40.34234],[-74.74434,40.34142],[-74.74265,40.34003],[-74.7415,40.33815]]]}},{"type":"Feature","properties":{"n":"Pidcock Creek","w":"stream","rank":3},"geometry":{"type":"MultiLineString","coordinates":[[[-75.01921,40.3109],[-75.018,40.31161],[-75.01734,40.31268],[-75.01511,40.3133],[-75.01363,40.31433],[-75.013,40.31533],[-75.01026,40.31639],[-75.00754,40.31852],[-75.00565,40.31885],[-75.00516,40.31941],[-75.00444,40.31942],[-75.0043,40.31998],[-75.00159,40.32121]]]}},{"type":"Feature","properties":{"n":"Pond Run","w":"canal","rank":3},"geometry":{"type":"MultiLineString","coordinates":[[[-74.72178,40.22283],[-74.72394,40.22398],[-74.72468,40.22509],[-74.72352,40.22675],[-74.72423,40.22736],[-74.72591,40.22737],[-74.72732,40.22861]],[[-74.69909,40.21933],[-74.70352,40.22023],[-74.70875,40.21947],[-74.71682,40.22213],[-74.71816,40.22153]],[[-74.72603,40.22996],[-74.72526,40.23055],[-74.72539,40.23144],[-74.72637,40.23227],[-74.72786,40.23255]],[[-74.73262,40.2322],[-74.73341,40.23148],[-74.7355,40.23093],[-74.73692,40.23123],[-74.73822,40.23036]]]}},{"type":"Feature","properties":{"n":"Miry Run","w":"stream","rank":3},"geometry":{"type":"MultiLineString","coordinates":[[[-74.69956,40.24715],[-74.70186,40.24661],[-74.70294,40.24682],[-74.70438,40.24792],[-74.70497,40.2493],[-74.71194,40.24919],[-74.71315,40.24954],[-74.71615,40.24878],[-74.71923,40.2492]]]}},{"type":"Feature","properties":{"n":"Amaranth Stream","w":"stream","rank":3},"geometry":{"type":"MultiLineString","coordinates":[[[-75.78364,39.71496],[-75.78455,39.71497],[-75.78791,39.71381]]]}},{"type":"Feature","properties":{"n":"John Smedley Run","w":"stream","rank":3},"geometry":{"type":"MultiLineString","coordinates":[[[-75.62103,39.99092],[-75.62352,39.99023],[-75.625,39.98937],[-75.62781,39.98897],[-75.6289,39.98843],[-75.6301,39.9886],[-75.63989,39.9874]]]}},{"type":"Feature","properties":{"n":"Falls Run","w":"stream","rank":3},"geometry":{"type":"MultiLineString","coordinates":[[[-75.28021,39.93876],[-75.28412,39.93519]]]}},{"type":"Feature","properties":{"n":"Pantreading Creek","w":"stream","rank":3},"geometry":{"type":"MultiLineString","coordinates":[[[-75.29847,40.00166],[-75.30072,39.9985]]]}},{"type":"Feature","properties":{"n":"Mullica River","w":"river","rank":2},"geometry":{"type":"MultiLineString","coordinates":[[[-74.74782,39.74301],[-74.7458,39.74296],[-74.74369,39.74342],[-74.73796,39.74171],[-74.73434,39.74164],[-74.72591,39.74049],[-74.72059,39.73837],[-74.7205,39.73769],[-74.71967,39.73783],[-74.71884,39.73722],[-74.71705,39.73725],[-74.71622,39.73604],[-74.7148,39.73602],[-74.71376,39.73512],[-74.7132,39.73382],[-74.71229,39.73418],[-74.71113,39.73397],[-74.71086,39.73284],[-74.71008,39.73259],[-74.71035,39.73192],[-74.70892,39.73065],[-74.70806,39.73071],[-74.70645,39.72971],[-74.70497,39.72943],[-74.70291,39.73063],[-74.70233,39.7304],[-74.70203,39.73071],[-74.70108,39.73028],[-74.70069,39.72932],[-74.69999,39.72899],[-74.69742,39.72875],[-74.69743,39.72836],[-74.6966,39.72783],[-74.69619,39.72825],[-74.69435,39.72767],[-74.69419,39.72702],[-74.69519,39.72574],[-74.69479,39.72487],[-74.69285,39.72578],[-74.69168,39.72489],[-74.69205,39.72395],[-74.69298,39.72364],[-74.69376,39.71934],[-74.6927,39.71842],[-74.69325,39.71774],[-74.69194,39.71735],[-74.69205,39.71578],[-74.69101,39.71501],[-74.69132,39.71426],[-74.69078,39.71395],[-74.69083,39.71334],[-74.68989,39.71242],[-74.68875,39.71214],[-74.68902,39.71169],[-74.68844,39.71131],[-74.68861,39.71065],[-74.68796,39.70988],[-74.68697,39.70952],[-74.68675,39.70853],[-74.68563,39.70814],[-74.68552,39.70589],[-74.68445,39.70565],[-74.68528,39.70549],[-74.68523,39.70506],[-74.6835,39.70358],[-74.68236,39.70333],[-74.68208,39.70272],[-74.6817,39.70298],[-74.68043,39.70145],[-74.68061,39.69872],[-74.67997,39.69788]]]}},{"type":"Feature","properties":{"n":"Mullica River","w":"stream","rank":3},"geometry":{"type":"MultiLineString","coordinates":[[[-74.80504,39.78188],[-74.80172,39.77991],[-74.80121,39.77896],[-74.79873,39.77738],[-74.79904,39.77597],[-74.79746,39.77554],[-74.79672,39.77571],[-74.79617,39.77472],[-74.79547,39.77442],[-74.79512,39.77338],[-74.7911,39.77157],[-74.79021,39.76978],[-74.78925,39.76956],[-74.78885,39.76791],[-74.78819,39.76766],[-74.78787,39.76685],[-74.78705,39.76683],[-74.78673,39.76597],[-74.78527,39.76575],[-74.78493,39.76459],[-74.78382,39.76404],[-74.78341,39.76339],[-74.78375,39.76251],[-74.78132,39.75869],[-74.77936,39.75789],[-74.77671,39.75773],[-74.77511,39.75657],[-74.77507,39.75617],[-74.77581,39.75576],[-74.77513,39.75508],[-74.77547,39.75288],[-74.77362,39.75214],[-74.77298,39.75017],[-74.77052,39.7489],[-74.76864,39.74883],[-74.76671,39.74731],[-74.76633,39.7465],[-74.76537,39.74616],[-74.76409,39.74628],[-74.76404,39.74553],[-74.7615,39.74451],[-74.75962,39.74242],[-74.75894,39.74243],[-74.75854,39.74354],[-74.75799,39.74376],[-74.75716,39.74305],[-74.75734,39.74251],[-74.75641,39.74208],[-74.75585,39.74218],[-74.75531,39.74344],[-74.75454,39.74384],[-74.75306,39.74282],[-74.75121,39.74311],[-74.75046,39.74271],[-74.74862,39.74268],[-74.74782,39.74301]]]}},{"type":"Feature","properties":{"n":"Rapp Creek","w":"stream","rank":3},"geometry":{"type":"MultiLineString","coordinates":[[[-75.15755,40.54333],[-75.15719,40.54249],[-75.15398,40.54177],[-75.15301,40.54024],[-75.15318,40.53969],[-75.1537,40.53956],[-75.15418,40.53794],[-75.15324,40.53623],[-75.15413,40.53521],[-75.15344,40.53387],[-75.15468,40.53267],[-75.15443,40.53228],[-75.15535,40.53102],[-75.15493,40.53012],[-75.15541,40.53013],[-75.15561,40.52949],[-75.15609,40.52939],[-75.15578,40.52894],[-75.15681,40.52733],[-75.15648,40.5266],[-75.15726,40.52598],[-75.15704,40.52482],[-75.15977,40.52232],[-75.15809,40.52066],[-75.15803,40.51976],[-75.15607,40.51862],[-75.15544,40.51652],[-75.15344,40.51468],[-75.15302,40.51355],[-75.15397,40.51214],[-75.15641,40.51143],[-75.15732,40.5108],[-75.15691,40.50893],[-75.15722,40.50788],[-75.15846,40.50666],[-75.15876,40.50399],[-75.15993,40.50294],[-75.16119,40.50047],[-75.1652,40.49781],[-75.16567,40.49697],[-75.16575,40.49489],[-75.16425,40.49276],[-75.16392,40.4911],[-75.16037,40.48972],[-75.1585,40.48988],[-75.15673,40.48757],[-75.15588,40.48705],[-75.15314,40.48663],[-75.14913,40.48694],[-75.1489,40.4858],[-75.14931,40.48394],[-75.14683,40.48202],[-75.14666,40.48088]]]}},{"type":"Feature","properties":{"n":"High Falls Creek","w":"stream","rank":3},"geometry":{"type":"MultiLineString","coordinates":[[[-75.11555,40.53674],[-75.11593,40.5387],[-75.11732,40.54176],[-75.11724,40.54361],[-75.11883,40.54438],[-75.11912,40.54412],[-75.12047,40.54493],[-75.12007,40.54611],[-75.11797,40.54738],[-75.11747,40.54834],[-75.11663,40.54893],[-75.11548,40.5491],[-75.11453,40.54995],[-75.11448,40.55159],[-75.11524,40.55215],[-75.11663,40.5524],[-75.11787,40.55414],[-75.11757,40.55559],[-75.1183,40.55635],[-75.11814,40.55669]]]}},{"type":"Feature","properties":{"n":"Thorndale Run","w":"stream","rank":3},"geometry":{"type":"MultiLineString","coordinates":[[[-75.75331,39.9949],[-75.75206,39.99708],[-75.75191,39.99818]],[[-75.75285,39.99043],[-75.75357,39.99255],[-75.75346,39.9936]]]}},{"type":"Feature","properties":{"n":"Cat Tail Brook","w":"stream","rank":3},"geometry":{"type":"MultiLineString","coordinates":[[[-74.77106,40.43899],[-74.76752,40.44133],[-74.76372,40.44211],[-74.76164,40.44185],[-74.76143,40.44131],[-74.76018,40.441],[-74.75991,40.44175],[-74.75872,40.44199],[-74.75583,40.4406],[-74.75561,40.44103],[-74.75446,40.44046],[-74.75309,40.44074],[-74.75217,40.44014],[-74.75132,40.44154],[-74.74949,40.44136],[-74.74731,40.4402],[-74.74585,40.44089],[-74.74331,40.4411],[-74.74199,40.44197]]]}},{"type":"Feature","properties":{"n":"Stony Brook Branch","w":"stream","rank":3},"geometry":{"type":"MultiLineString","coordinates":[[[-74.81077,40.35955],[-74.80989,40.3598],[-74.80905,40.36088],[-74.80832,40.36102],[-74.80754,40.36182],[-74.80451,40.36185],[-74.80463,40.36158],[-74.80335,40.3613],[-74.80266,40.36157],[-74.80113,40.3614],[-74.7993,40.36008],[-74.79726,40.3577],[-74.79522,40.35723],[-74.79309,40.35523],[-74.79113,40.35511],[-74.7889,40.35433],[-74.78834,40.35375],[-74.78548,40.3543],[-74.78446,40.35417]]]}},{"type":"Feature","properties":{"n":"Lost Trail Creek","w":"stream","rank":3},"geometry":{"type":"MultiLineString","coordinates":[[[-75.73945,39.90463],[-75.73907,39.90419],[-75.73783,39.90402],[-75.7361,39.90447],[-75.73493,39.90364],[-75.73176,39.90328],[-75.73049,39.90477],[-75.72882,39.90583],[-75.72651,39.90938],[-75.7276,39.91156],[-75.7274,39.91222],[-75.72688,39.91237],[-75.72591,39.91592],[-75.72402,39.91739],[-75.72239,39.91772],[-75.72073,39.91875],[-75.71862,39.91901],[-75.71902,39.92001],[-75.71875,39.92029],[-75.71531,39.92026],[-75.71343,39.92112],[-75.71407,39.92169],[-75.71368,39.92193],[-75.71417,39.92268],[-75.71534,39.92318],[-75.7153,39.92389],[-75.71426,39.92523],[-75.71477,39.92547],[-75.71436,39.92563],[-75.71442,39.92619],[-75.71528,39.92652],[-75.71493,39.92695],[-75.71573,39.92743],[-75.71612,39.92938],[-75.71544,39.93],[-75.71537,39.92967],[-75.71457,39.92946],[-75.7142,39.92972],[-75.71347,39.92922]]]}},{"type":"Feature","properties":{"n":"Wildcat Branch","w":"stream","rank":3},"geometry":{"type":"MultiLineString","coordinates":[[[-74.85828,39.73461],[-74.85157,39.73721],[-74.85032,39.73682],[-74.84839,39.73733],[-74.84635,39.73673],[-74.84416,39.73781],[-74.84341,39.73738],[-74.84318,39.73774],[-74.83768,39.73926],[-74.8344,39.73966],[-74.83333,39.73923],[-74.83028,39.73896],[-74.82727,39.74019]]]}},{"type":"Feature","properties":{"n":"Hays Mill Creek","w":"stream","rank":3},"geometry":{"type":"MultiLineString","coordinates":[[[-74.88375,39.75896],[-74.88335,39.7591],[-74.88358,39.7595],[-74.88316,39.76011],[-74.87939,39.75999],[-74.87778,39.76067],[-74.87672,39.76164],[-74.87333,39.76204],[-74.87009,39.76064],[-74.86971,39.7601],[-74.86874,39.76024],[-74.86732,39.75935],[-74.86445,39.75879],[-74.86249,39.75863],[-74.86234,39.75897],[-74.86151,39.75888],[-74.85679,39.7599],[-74.85582,39.75971],[-74.85484,39.7601],[-74.85355,39.75982],[-74.84592,39.75514],[-74.84571,39.75314],[-74.84133,39.75132],[-74.84079,39.74937],[-74.83933,39.74866],[-74.8394,39.74818],[-74.83737,39.74563],[-74.83725,39.74483]]]}},{"type":"Feature","properties":{"n":"Mechescatauxin Creek / Sleeper Branch","w":"river","rank":2},"geometry":{"type":"MultiLineString","coordinates":[[[-74.75956,39.72436],[-74.75653,39.72272],[-74.75572,39.72282],[-74.75251,39.72165],[-74.7521,39.72019],[-74.75028,39.71923],[-74.74787,39.7192],[-74.74614,39.71749],[-74.74608,39.71656],[-74.7445,39.71599],[-74.74406,39.71302],[-74.74278,39.71287],[-74.74257,39.71228],[-74.73939,39.7108],[-74.73788,39.70939],[-74.73814,39.70847],[-74.73772,39.70799],[-74.73342,39.70752],[-74.7291,39.70492],[-74.72762,39.70492],[-74.72693,39.70458],[-74.72427,39.70261],[-74.71958,39.70192],[-74.71449,39.69929],[-74.71228,39.69761],[-74.70832,39.69646],[-74.70693,39.69552],[-74.70571,39.69532],[-74.70412,39.69567],[-74.70265,39.69459],[-74.70052,39.69399],[-74.69885,39.69219],[-74.69404,39.68972],[-74.69299,39.6884],[-74.69188,39.68535],[-74.68842,39.68191],[-74.68752,39.67982]]]}},{"type":"Feature","properties":{"n":"Cooper Branch","w":"stream","rank":3},"geometry":{"type":"MultiLineString","coordinates":[[[-74.84714,39.74698],[-74.84641,39.74735],[-74.84459,39.74713],[-74.84413,39.74669],[-74.83939,39.74513],[-74.83725,39.74483]]]}},{"type":"Feature","properties":{"n":"Third Neshanic River","w":"stream","rank":3},"geometry":{"type":"MultiLineString","coordinates":[[[-74.9285,40.46437],[-74.92591,40.46564],[-74.92529,40.46635],[-74.92327,40.46677],[-74.92063,40.46884],[-74.9181,40.46948],[-74.91719,40.46892],[-74.91646,40.4675],[-74.91485,40.46669],[-74.91391,40.46529],[-74.91308,40.46591],[-74.91238,40.46563],[-74.9113,40.46579],[-74.91047,40.46635],[-74.9088,40.46577],[-74.90793,40.46392],[-74.90693,40.46375],[-74.90583,40.46239],[-74.90626,40.46075],[-74.90585,40.46039],[-74.90649,40.45899],[-74.90616,40.45736],[-74.90449,40.45683],[-74.90423,40.45704],[-74.90412,40.45647],[-74.90269,40.45621],[-74.90153,40.45659],[-74.89929,40.4565],[-74.8979,40.4571],[-74.89803,40.45748],[-74.89744,40.45777],[-74.8964,40.45728],[-74.89481,40.45743],[-74.89247,40.45685],[-74.89155,40.45526],[-74.89359,40.45285],[-74.89372,40.45242],[-74.89301,40.45185],[-74.89174,40.45157],[-74.88754,40.45172],[-74.88701,40.45213],[-74.88728,40.45238],[-74.88501,40.45271],[-74.88453,40.45314],[-74.88292,40.45191],[-74.88086,40.45218],[-74.87856,40.4519],[-74.87595,40.45295],[-74.87458,40.45212],[-74.87188,40.45313],[-74.86958,40.45224],[-74.86831,40.45351],[-74.8689,40.45373],[-74.86959,40.45536],[-74.86931,40.45626],[-74.86783,40.45732],[-74.86644,40.46007],[-74.86547,40.46097],[-74.86587,40.46158],[-74.86506,40.46326],[-74.86359,40.46458],[-74.86359,40.46616],[-74.86662,40.46766],[-74.86599,40.46874],[-74.86626,40.47051],[-74.86486,40.47162],[-74.86451,40.47408],[-74.86208,40.47521],[-74.85806,40.47403],[-74.85627,40.47404],[-74.85498,40.47552],[-74.85464,40.47704],[-74.85368,40.47755],[-74.85387,40.47824],[-74.85316,40.47825]]]}},{"type":"Feature","properties":{"n":"Branch Back Brook","w":"stream","rank":3},"geometry":{"type":"MultiLineString","coordinates":[[[-74.87396,40.41665],[-74.87051,40.41824],[-74.86414,40.42232],[-74.86229,40.42308],[-74.86071,40.42322]]]}},{"type":"Feature","properties":{"n":"Dyers Creek","w":"stream","rank":3},"geometry":{"type":"MultiLineString","coordinates":[[[-74.87518,40.26324],[-74.87431,40.26302],[-74.87379,40.2633],[-74.87278,40.26497],[-74.87139,40.26602],[-74.8694,40.26604],[-74.8681,40.26676],[-74.86777,40.26644],[-74.86551,40.26742],[-74.86497,40.26725],[-74.86424,40.2678],[-74.8641,40.26748],[-74.86209,40.26701],[-74.86112,40.2673],[-74.86026,40.26678],[-74.85512,40.26788]]]}},{"type":"Feature","properties":{"n":"Church Creek","w":"stream","rank":3},"geometry":{"type":"MultiLineString","coordinates":[[[-75.24018,39.8823],[-75.23743,39.88535]]]}},{"type":"Feature","properties":{"n":"Game Creek","w":"stream","rank":3},"geometry":{"type":"MultiLineString","coordinates":[[[-75.39875,39.70518],[-75.40099,39.70403],[-75.40392,39.70399],[-75.40509,39.70445],[-75.40627,39.70385],[-75.40863,39.70382],[-75.41275,39.70057],[-75.41548,39.69968],[-75.41851,39.69941],[-75.42143,39.69965]]]}},{"type":"Feature","properties":{"n":"Indian Mills Brook","w":"stream","rank":3},"geometry":{"type":"MultiLineString","coordinates":[[[-74.74704,39.79327],[-74.74653,39.79305],[-74.74681,39.79251],[-74.74444,39.79164],[-74.74358,39.79031],[-74.74357,39.78929],[-74.74248,39.78838]]]}},{"type":"Feature","properties":{"n":"Assiscong Creek","w":"stream","rank":3},"geometry":{"type":"MultiLineString","coordinates":[[[-74.89619,40.5614],[-74.89556,40.55905],[-74.89363,40.55774],[-74.89206,40.55484],[-74.88881,40.55154],[-74.88742,40.55112],[-74.88575,40.54935],[-74.88344,40.54818],[-74.87818,40.54736],[-74.87626,40.54506],[-74.87507,40.54434],[-74.87351,40.54406],[-74.87183,40.54182],[-74.87074,40.54112],[-74.86996,40.54148],[-74.86779,40.54097],[-74.86682,40.54127],[-74.8647,40.54047],[-74.86117,40.54049],[-74.85898,40.53856],[-74.85674,40.53786],[-74.85643,40.53714],[-74.85544,40.53681],[-74.85135,40.5368],[-74.85043,40.5376],[-74.84865,40.53786],[-74.84705,40.53922],[-74.84727,40.53961],[-74.8469,40.53994],[-74.84595,40.53945],[-74.84497,40.5396],[-74.84471,40.53888],[-74.84366,40.53888]]]}},{"type":"Feature","properties":{"n":"Lead Shot Run","w":"stream","rank":3},"geometry":{"type":"MultiLineString","coordinates":[[[-75.46832,40.02875],[-75.46999,40.02844],[-75.47181,40.02621]]]}},{"type":"Feature","properties":{"n":"Radley Run","w":"stream","rank":3},"geometry":{"type":"MultiLineString","coordinates":[[[-75.57115,39.90247],[-75.57213,39.90262],[-75.57293,39.9035],[-75.57095,39.90505],[-75.57029,39.90623],[-75.57046,39.90832],[-75.57299,39.91093],[-75.57349,39.91096],[-75.57411,39.91198],[-75.57602,39.91191],[-75.57839,39.91427],[-75.58006,39.9139],[-75.58022,39.91343],[-75.58129,39.91325],[-75.58225,39.91239],[-75.58449,39.91241],[-75.5841,39.91396],[-75.58448,39.91499],[-75.58667,39.91566],[-75.59047,39.91517],[-75.59213,39.91447],[-75.59317,39.91597],[-75.59666,39.91577],[-75.59785,39.91627],[-75.59992,39.91598],[-75.60175,39.91847],[-75.60204,39.91972],[-75.60168,39.92001],[-75.60268,39.92062],[-75.6039,39.92031],[-75.60403,39.91919],[-75.60631,39.9174],[-75.61024,39.91554],[-75.61093,39.91596],[-75.61119,39.91672],[-75.61356,39.91738],[-75.61586,39.91717],[-75.6156,39.91693],[-75.61663,39.91599],[-75.61722,39.91595],[-75.61732,39.91385],[-75.6195,39.91216],[-75.62149,39.90699],[-75.62077,39.90663],[-75.62046,39.90503],[-75.62148,39.90285],[-75.62101,39.90251],[-75.62049,39.90058],[-75.62195,39.8991],[-75.62379,39.89875]]]}},{"type":"Feature","properties":{"n":"Iron Run","w":"river","rank":2},"geometry":{"type":"MultiLineString","coordinates":[[[-75.60936,40.55716],[-75.60682,40.54726],[-75.60751,40.54527],[-75.60877,40.54486]]]}},{"type":"Feature","properties":{"n":"Swan Creek","w":"stream","rank":3},"geometry":{"type":"MultiLineString","coordinates":[[[-74.92432,40.3615],[-74.92504,40.3614],[-74.92597,40.36184],[-74.92744,40.3631],[-74.92921,40.36301],[-74.93296,40.36603],[-74.93374,40.36609],[-74.93486,40.36682],[-74.93546,40.36643],[-74.93728,40.36655],[-74.93857,40.36555],[-74.94054,40.3649],[-74.94313,40.36475],[-74.94828,40.36335]]]}},{"type":"Feature","properties":{"n":"Wissinoming Creek","w":"stream","rank":3},"geometry":{"type":"MultiLineString","coordinates":[[[-75.05149,40.01288],[-75.04814,40.00908]]]}},{"type":"Feature","properties":{"n":"Lewis Brook","w":"stream","rank":3},"geometry":{"type":"MultiLineString","coordinates":[[[-74.79702,40.32908],[-74.79515,40.32977],[-74.7947,40.33047],[-74.79293,40.33092],[-74.79123,40.33227],[-74.78751,40.33379],[-74.78545,40.33418],[-74.78266,40.33399],[-74.78196,40.33324]]]}},{"type":"Feature","properties":{"n":"Steele Run","w":"stream","rank":3},"geometry":{"type":"MultiLineString","coordinates":[[[-74.85005,40.3097],[-74.85246,40.30915],[-74.85805,40.30862],[-74.86154,40.30731],[-74.86291,40.30722],[-74.86507,40.30554],[-74.86603,40.30523],[-74.86629,40.30464],[-74.86796,40.30409],[-74.87019,40.30246]]]}},{"type":"Feature","properties":{"n":"Gun Branch","w":"stream","rank":3},"geometry":{"type":"MultiLineString","coordinates":[[[-74.80949,39.70128],[-74.80818,39.7005],[-74.80663,39.70055],[-74.80194,39.7014],[-74.79822,39.70153],[-74.79449,39.70295],[-74.7897,39.70201],[-74.78484,39.70046],[-74.77488,39.70159],[-74.77299,39.69934],[-74.76723,39.6985],[-74.75324,39.69879]]]}},{"type":"Feature","properties":{"n":"Foxchase Run","w":"stream","rank":3},"geometry":{"type":"MultiLineString","coordinates":[[[-75.65471,39.8567],[-75.65398,39.85648],[-75.65473,39.85544],[-75.65354,39.85402],[-75.65417,39.85063],[-75.6552,39.84901],[-75.65524,39.84729],[-75.6544,39.84645],[-75.6542,39.84511],[-75.6552,39.84366],[-75.6544,39.84266],[-75.65351,39.84242],[-75.65239,39.84146],[-75.65227,39.84039],[-75.65169,39.83976],[-75.65184,39.83907],[-75.65131,39.83858]]]}},{"type":"Feature","properties":{"n":"Clarks Mill Run","w":"stream","rank":3},"geometry":{"type":"MultiLineString","coordinates":[[[-75.63902,39.85474],[-75.63766,39.85497],[-75.63633,39.85576],[-75.63076,39.85704],[-75.63022,39.85812],[-75.62776,39.85907],[-75.62573,39.85847],[-75.62476,39.85878],[-75.6239,39.85858],[-75.62198,39.85695],[-75.6203,39.85697],[-75.61728,39.85607],[-75.61619,39.85624],[-75.61596,39.85731],[-75.61479,39.85808],[-75.60993,39.85839],[-75.60804,39.85797],[-75.60689,39.8573],[-75.60607,39.85782],[-75.60381,39.85808],[-75.60185,39.85688],[-75.60158,39.85593]]]}},{"type":"Feature","properties":{"n":"Foxtrot Run","w":"stream","rank":3},"geometry":{"type":"MultiLineString","coordinates":[[[-75.66317,39.86436],[-75.66397,39.86211],[-75.66355,39.86149],[-75.66379,39.85876],[-75.66296,39.85604],[-75.66428,39.85338],[-75.66469,39.85114],[-75.66445,39.84906],[-75.66592,39.84723],[-75.66625,39.84572],[-75.66541,39.84474],[-75.66406,39.84414],[-75.66252,39.84424],[-75.66124,39.84313],[-75.66123,39.8423],[-75.65996,39.84175],[-75.65955,39.84095],[-75.65738,39.84185],[-75.65486,39.84194],[-75.65311,39.84071],[-75.6523,39.8406]]]}},{"type":"Feature","properties":{"n":"Sleepy Creek","w":"stream","rank":3},"geometry":{"type":"MultiLineString","coordinates":[[[-74.76318,39.74173],[-74.76024,39.74067],[-74.75858,39.73958],[-74.75612,39.73942],[-74.75387,39.73861],[-74.75252,39.73879],[-74.75157,39.7381],[-74.74928,39.73773],[-74.7478,39.73786],[-74.74508,39.73632],[-74.74355,39.73484],[-74.74121,39.73499],[-74.73855,39.73343],[-74.7355,39.7327],[-74.73505,39.73159],[-74.73374,39.73133],[-74.73326,39.7304],[-74.73185,39.73034],[-74.72967,39.72803],[-74.72854,39.72768],[-74.72835,39.72642],[-74.72747,39.72658],[-74.72493,39.72441],[-74.72317,39.72402],[-74.72124,39.7227],[-74.71993,39.72228],[-74.71958,39.72057],[-74.71653,39.7183],[-74.71647,39.71701],[-74.71266,39.71611],[-74.7107,39.71467],[-74.71016,39.7138],[-74.70884,39.71316],[-74.70862,39.71226],[-74.70671,39.71075],[-74.70435,39.70976],[-74.70433,39.70885],[-74.70319,39.70788],[-74.70264,39.70664],[-74.70105,39.70555],[-74.69957,39.70515],[-74.69778,39.70356],[-74.69764,39.70098],[-74.69599,39.70008],[-74.69567,39.69952],[-74.69485,39.69935],[-74.69466,39.69857],[-74.69366,39.69833],[-74.69246,39.69715],[-74.68934,39.6962],[-74.68929,39.69544],[-74.68827,39.6951],[-74.68836,39.69417],[-74.68589,39.69463],[-74.68498,39.69352],[-74.68383,39.69369],[-74.68208,39.69293],[-74.68199,39.69181],[-74.67997,39.69128]],[[-74.7673,39.74211],[-74.76595,39.74161],[-74.76553,39.74052],[-74.76297,39.73952],[-74.75907,39.73978]]]}},{"type":"Feature","properties":{"n":"Clark Branch","w":"stream","rank":3},"geometry":{"type":"MultiLineString","coordinates":[[[-74.85628,39.70937],[-74.85295,39.70871],[-74.85006,39.70934],[-74.8488,39.70925],[-74.84708,39.7085],[-74.84508,39.70816],[-74.83886,39.70962],[-74.83678,39.7096],[-74.82974,39.70754],[-74.82302,39.70772],[-74.81793,39.70827],[-74.81134,39.70978],[-74.80461,39.70929],[-74.80286,39.71011],[-74.79965,39.71279],[-74.79856,39.71318],[-74.79726,39.7132],[-74.79377,39.71201],[-74.79124,39.71181],[-74.78835,39.71094],[-74.78378,39.71119],[-74.78054,39.71209],[-74.77483,39.71512],[-74.77263,39.715],[-74.77077,39.71567],[-74.76869,39.71536],[-74.76384,39.71576],[-74.75991,39.7153],[-74.75666,39.7158],[-74.75541,39.71682],[-74.75417,39.71659],[-74.7523,39.71787],[-74.75091,39.71761],[-74.75028,39.71646],[-74.74827,39.71622],[-74.74756,39.71486],[-74.74454,39.71323],[-74.74421,39.71187],[-74.74179,39.71175],[-74.74032,39.71114]]]}},{"type":"Feature","properties":{"n":"Price Branch","w":"stream","rank":3},"geometry":{"type":"MultiLineString","coordinates":[[[-74.77713,39.71398],[-74.78335,39.71809],[-74.78694,39.71922],[-74.79038,39.72172],[-74.79408,39.72242],[-74.79912,39.7217],[-74.80859,39.71899],[-74.81108,39.71941],[-74.81406,39.71918],[-74.81717,39.71879],[-74.82112,39.71757],[-74.82897,39.71856],[-74.83111,39.7177]]]}},{"type":"Feature","properties":{"n":"Sleeper Branch","w":"stream","rank":3},"geometry":{"type":"MultiLineString","coordinates":[[[-74.78806,39.7324],[-74.78402,39.73118],[-74.78248,39.73138]],[[-74.80323,39.73781],[-74.80292,39.73729],[-74.80071,39.73678],[-74.79987,39.73579]],[[-74.76816,39.72834],[-74.7656,39.72769],[-74.76467,39.72696],[-74.76278,39.72651],[-74.76152,39.72667],[-74.76105,39.72605],[-74.75949,39.72563],[-74.75956,39.72436],[-74.76095,39.72477],[-74.76194,39.72582],[-74.76334,39.72588],[-74.7656,39.72683],[-74.76647,39.72682],[-74.76816,39.72834],[-74.76986,39.7286],[-74.77034,39.72935],[-74.77121,39.72968],[-74.77331,39.72966],[-74.77473,39.73054],[-74.77659,39.73092],[-74.77808,39.73012],[-74.78151,39.73034],[-74.78319,39.73172],[-74.78442,39.73177],[-74.78573,39.73132],[-74.78767,39.73196],[-74.78909,39.73297],[-74.79237,39.73284],[-74.79447,39.73375],[-74.79567,39.73534],[-74.79742,39.73608],[-74.79874,39.73551],[-74.80153,39.73594],[-74.80231,39.73734],[-74.80323,39.73781],[-74.8044,39.73802],[-74.80616,39.73705],[-74.80791,39.73662],[-74.8106,39.73673],[-74.81402,39.73755],[-74.81757,39.73769],[-74.82306,39.73955],[-74.82451,39.73923],[-74.82649,39.74031],[-74.82727,39.74019]],[[-74.73497,39.70754],[-74.73363,39.70642],[-74.73033,39.70517],[-74.72967,39.70522]]]}},{"type":"Feature","properties":{"n":"Little Shabakunk Creek","w":"stream","rank":3},"geometry":{"type":"MultiLineString","coordinates":[[[-74.72144,40.27796],[-74.71891,40.27895],[-74.71551,40.27891],[-74.71477,40.27859],[-74.71311,40.27636],[-74.71246,40.27506],[-74.71252,40.2741],[-74.71506,40.27087],[-74.71547,40.26902],[-74.71177,40.26563],[-74.71357,40.26426],[-74.71353,40.26381]],[[-74.73876,40.27811],[-74.73558,40.27416],[-74.73253,40.27336],[-74.73017,40.27388],[-74.72902,40.27494],[-74.72654,40.27586],[-74.72531,40.27674],[-74.72044,40.27847]]]}},{"type":"Feature","properties":{"n":"Brock Creek","w":"river","rank":2},"geometry":{"type":"MultiLineString","coordinates":[[[-74.84546,40.23589],[-74.84481,40.23706],[-74.84552,40.24039],[-74.84508,40.24075],[-74.84523,40.2419],[-74.84471,40.24264]]]}},{"type":"Feature","properties":{"n":"Brock Creek","w":"stream","rank":3},"geometry":{"type":"MultiLineString","coordinates":[[[-74.85061,40.22301],[-74.8488,40.22421],[-74.8477,40.22592],[-74.84641,40.22644],[-74.84582,40.2286],[-74.84624,40.23059],[-74.84765,40.23211],[-74.84647,40.23278],[-74.84514,40.23434],[-74.84553,40.2357]]]}},{"type":"Feature","properties":{"n":"Three-Spring Hollow Run","w":"stream","rank":3},"geometry":{"type":"MultiLineString","coordinates":[[[-75.04703,40.08196],[-75.04738,40.08068],[-75.04857,40.07951],[-75.04845,40.07842]]]}},{"type":"Feature","properties":{"n":"Shirt Run Creek","w":"stream","rank":3},"geometry":{"type":"MultiLineString","coordinates":[[[-75.02526,40.42956],[-75.02135,40.4309],[-75.01644,40.4336],[-75.01338,40.43566],[-75.01302,40.43682]]]}},{"type":"Feature","properties":{"n":"Dara Run West","w":"stream","rank":3},"geometry":{"type":"MultiLineString","coordinates":[[[-75.78174,39.98136],[-75.7825,39.98313],[-75.78224,39.98406],[-75.78266,39.98505]]]}},{"type":"Feature","properties":{"n":"Dara Run East","w":"stream","rank":3},"geometry":{"type":"MultiLineString","coordinates":[[[-75.7775,39.98339],[-75.78016,39.98528],[-75.78058,39.9861],[-75.78127,39.98643],[-75.78278,39.98626]]]}},{"type":"Feature","properties":{"n":"Bailey Run","w":"stream","rank":3},"geometry":{"type":"MultiLineString","coordinates":[[[-75.76048,39.98457],[-75.76351,39.98681],[-75.76372,39.98763]]]}},{"type":"Feature","properties":{"n":"Thorndale Run East","w":"stream","rank":3},"geometry":{"type":"MultiLineString","coordinates":[[[-75.75111,39.98208],[-75.75022,39.98581]],[[-75.7502,39.98591],[-75.75099,39.98805],[-75.7521,39.9893]]]}},{"type":"Feature","properties":{"n":"Thorndale Run West","w":"stream","rank":3},"geometry":{"type":"MultiLineString","coordinates":[[[-75.75559,39.98665],[-75.754,39.98751],[-75.75287,39.98968]],[[-75.75651,39.98305],[-75.75609,39.98395],[-75.75641,39.98539],[-75.75569,39.98655]]]}},{"type":"Feature","properties":{"n":"Fox Run","w":"stream","rank":3},"geometry":{"type":"MultiLineString","coordinates":[[[-75.73926,39.98992],[-75.73897,39.99161],[-75.73984,39.99558]]]}},{"type":"Feature","properties":{"n":"Gallagherville Run","w":"stream","rank":3},"geometry":{"type":"MultiLineString","coordinates":[[[-75.73936,39.9859],[-75.73727,39.98676],[-75.73631,39.98899],[-75.73498,39.99005]],[[-75.73133,39.99894],[-75.73029,39.99915],[-75.7295,40.00061],[-75.72872,40.00059],[-75.72801,40.00131]]]}},{"type":"Feature","properties":{"n":"West Branch Red Clay Creek","w":"stream","rank":3},"geometry":{"type":"MultiLineString","coordinates":[[[-75.76174,39.88663],[-75.76143,39.88606],[-75.7594,39.88552],[-75.75723,39.88621],[-75.75622,39.88581],[-75.75504,39.88588],[-75.75456,39.88545],[-75.75362,39.88552],[-75.75209,39.88401]]]}},{"type":"Feature","properties":{"n":"Toad Creek","w":"stream","rank":3},"geometry":{"type":"MultiLineString","coordinates":[[[-75.69915,40.48855],[-75.69746,40.49155],[-75.69783,40.49318],[-75.70062,40.49456],[-75.704,40.49464],[-75.70523,40.49657],[-75.70431,40.49745],[-75.70395,40.49926],[-75.70322,40.49944],[-75.70221,40.50151],[-75.70093,40.50242],[-75.70046,40.50397],[-75.69682,40.50424],[-75.69528,40.50533],[-75.69342,40.5052],[-75.69109,40.50587],[-75.68766,40.50546],[-75.68632,40.50563],[-75.68205,40.50894],[-75.67527,40.51124],[-75.67442,40.51113],[-75.67408,40.51077],[-75.67439,40.51056],[-75.67227,40.50907],[-75.67203,40.50928],[-75.66907,40.50882],[-75.6676,40.50993],[-75.6644,40.511],[-75.66255,40.51247],[-75.65995,40.5127],[-75.65899,40.51496],[-75.65813,40.51549],[-75.65409,40.51513],[-75.65305,40.5145],[-75.65236,40.51314],[-75.64901,40.51503],[-75.64304,40.51562],[-75.64097,40.51709],[-75.63788,40.51695],[-75.63604,40.51565],[-75.63208,40.5164],[-75.63063,40.51741],[-75.63083,40.51788]]]}},{"type":"Feature","properties":{"n":"Shoppon's Run","w":"stream","rank":3},"geometry":{"type":"MultiLineString","coordinates":[[[-74.95695,40.42979],[-74.96254,40.42762],[-74.96375,40.4263],[-74.96523,40.42629],[-74.96653,40.42486],[-74.96772,40.42465],[-74.96782,40.42425],[-74.96844,40.42432],[-74.96931,40.42374],[-74.96934,40.423],[-74.96995,40.42254],[-74.97875,40.41825],[-74.98139,40.41734],[-74.98285,40.41808]]]}},{"type":"Feature","properties":{"n":"Spring Creek","w":"stream","rank":3},"geometry":{"type":"MultiLineString","coordinates":[[[-75.15391,40.39688],[-75.15215,40.39829],[-75.15107,40.39865],[-75.15065,40.39991],[-75.15144,40.40169],[-75.15274,40.40281],[-75.15287,40.40379],[-75.15225,40.40462],[-75.15273,40.40617],[-75.15313,40.40634]],[[-75.16027,40.38917],[-75.1596,40.39035],[-75.15819,40.3913],[-75.15811,40.39184],[-75.15635,40.39305],[-75.15582,40.39373],[-75.15617,40.39444],[-75.15569,40.39537],[-75.15506,40.39563],[-75.15537,40.3959],[-75.15406,40.39681]]]}},{"type":"Feature","properties":{"n":null,"area":228870292,"w":"river"},"geometry":{"type":"Polygon","coordinates":[[[-74.97968,40.04066],[-74.9818,40.04004],[-74.98283,40.03907],[-74.98281,40.03723],[-74.98641,40.03572],[-74.98716,40.03438],[-74.98364,40.03535],[-74.98283,40.03387],[-74.97968,40.03449],[-74.97901,40.03405],[-74.97845,40.03532],[-74.97934,40.03612],[-74.97786,40.03766],[-74.97626,40.03625],[-74.9769,40.03582],[-74.9763,40.03503],[-74.97529,40.03481],[-74.97527,40.03395],[-74.97441,40.03422],[-74.97405,40.03345],[-74.97817,40.0303],[-74.978,40.0298],[-74.97944,40.03098],[-74.97826,40.03201],[-74.97785,40.03295],[-74.97837,40.03316],[-74.98002,40.03277],[-74.97989,40.03154],[-74.98229,40.03076],[-74.98163,40.02976],[-74.98329,40.02864],[-74.98841,40.0319],[-74.99081,40.03236],[-74.99648,40.0267],[-74.9954,40.02556],[-74.99589,40.02512],[-74.99724,40.02576],[-74.99862,40.02545],[-75.00564,40.0309],[-75.0047,40.03208],[-75.00677,40.03236],[-75.00338,40.03257],[-74.99891,40.03439],[-74.99356,40.03856],[-74.9921,40.04099],[-74.99021,40.04189],[-74.99041,40.04252],[-74.98727,40.04366],[-74.98041,40.04891],[-74.978,40.05283],[-74.97728,40.05288],[-74.97438,40.05589],[-74.96885,40.05854],[-74.96757,40.05846],[-74.96182,40.06053],[-74.95207,40.06232],[-74.94756,40.06531],[-74.93898,40.06813],[-74.93018,40.07263],[-74.92137,40.07476],[-74.91663,40.07325],[-74.91075,40.07335],[-74.90958,40.0742],[-74.90907,40.07625],[-74.9083,40.07607],[-74.90864,40.074],[-74.90589,40.07411],[-74.90633,40.07357],[-74.90555,40.07426],[-74.89263,40.07795],[-74.89085,40.08009],[-74.88863,40.07948],[-74.8819,40.08173],[-74.87044,40.08311],[-74.86433,40.08456],[-74.8629,40.08571],[-74.86171,40.08841],[-74.85892,40.09193],[-74.86124,40.095],[-74.86025,40.09533],[-74.85745,40.09294],[-74.85307,40.09595],[-74.84311,40.09989],[-74.84053,40.10159],[-74.83753,40.10488],[-74.83598,40.10819],[-74.83593,40.11091],[-74.82813,40.12545],[-74.82379,40.12914],[-74.82258,40.1289],[-74.8208,40.12988],[-74.82022,40.12926],[-74.82011,40.13005],[-74.81787,40.12961],[-74.81648,40.13265],[-74.818,40.13398],[-74.81757,40.13496],[-74.81599,40.13462],[-74.81497,40.13534],[-74.81342,40.13489],[-74.81042,40.1379],[-74.80851,40.13827],[-74.80832,40.13574],[-74.8095,40.13474],[-74.80936,40.13381],[-74.81111,40.13095],[-74.81457,40.13075],[-74.81549,40.13049],[-74.81551,40.12976],[-74.79747,40.12402],[-74.7924,40.12334],[-74.78802,40.12364],[-74.78419,40.12319],[-74.7802,40.12488],[-74.77638,40.12767],[-74.77738,40.12952],[-74.77613,40.12993],[-74.77616,40.12857],[-74.77522,40.12801],[-74.76543,40.13333],[-74.76765,40.13758],[-74.76654,40.13785],[-74.76465,40.13607],[-74.7643,40.1385],[-74.76662,40.14224],[-74.76542,40.14264],[-74.76336,40.13877],[-74.76302,40.13706],[-74.76448,40.13417],[-74.76207,40.13483],[-74.75976,40.1364],[-74.75632,40.13618],[-74.75579,40.13879],[-74.75673,40.1423],[-74.75583,40.14203],[-74.75461,40.13909],[-74.75195,40.13723],[-74.74674,40.13612],[-74.74429,40.13633],[-74.74014,40.13745],[-74.73871,40.13887],[-74.74011,40.14008],[-74.73867,40.13895],[-74.7265,40.14794],[-74.72497,40.15007],[-74.72372,40.15554],[-74.72414,40.15943],[-74.731,40.16907],[-74.73289,40.16973],[-74.73341,40.17078],[-74.7362,40.1725],[-74.73985,40.16825],[-74.74635,40.16797],[-74.75097,40.16967],[-74.75383,40.17272],[-74.75464,40.17496],[-74.75922,40.18013],[-74.75883,40.1804],[-74.75478,40.1763],[-74.7538,40.17637],[-74.75206,40.17214],[-74.75052,40.17054],[-74.74776,40.16916],[-74.74266,40.16876],[-74.73976,40.1694],[-74.7387,40.17047],[-74.7376,40.17464],[-74.74233,40.17898],[-74.74379,40.1797],[-74.74628,40.17983],[-74.75359,40.18366],[-74.75685,40.18601],[-74.7589,40.18927],[-74.76013,40.18894],[-74.76074,40.18746],[-74.75975,40.18263],[-74.76037,40.18268],[-74.76111,40.18826],[-74.76028,40.18932],[-74.75881,40.18973],[-74.76224,40.19871],[-74.77429,40.21553],[-74.78782,40.22382],[-74.8001,40.2303],[-74.811,40.23489],[-74.81572,40.23581],[-74.82347,40.23992],[-74.83623,40.24518],[-74.8431,40.24937],[-74.84535,40.25325],[-74.85474,40.26409],[-74.85546,40.26592],[-74.85488,40.26722],[-74.85693,40.26945],[-74.85771,40.2755],[-74.85955,40.28073],[-74.86527,40.28983],[-74.97968,40.04066]]]}},{"type":"Feature","properties":{"n":null,"area":205914228,"w":"river"},"geometry":{"type":"Polygon","coordinates":[[[-74.84592,40.25969],[-74.84095,40.25071],[-74.83652,40.24749],[-74.80791,40.23735],[-74.79035,40.22877],[-74.78534,40.22542],[-74.77527,40.22044],[-74.77118,40.21779],[-74.76836,40.21371],[-74.76584,40.20763],[-74.75898,40.19966],[-74.75478,40.18763],[-74.75238,40.18535],[-74.74905,40.18371],[-74.73941,40.18134],[-74.73866,40.18027],[-74.73801,40.18082],[-74.73756,40.18055],[-74.73282,40.17653],[-74.73253,40.17745],[-74.72808,40.17307],[-74.72774,40.1713],[-74.72542,40.16966],[-74.72542,40.16875],[-74.72053,40.16324],[-74.71916,40.16015],[-74.71856,40.15481],[-74.71975,40.15134],[-74.7176,40.15124],[-74.71658,40.15031],[-74.71852,40.14765],[-74.7169,40.14598],[-74.7157,40.14623],[-74.71495,40.14415],[-74.71656,40.14322],[-74.71678,40.14186],[-74.71685,40.14289],[-74.71547,40.14428],[-74.71618,40.14601],[-74.71692,40.14564],[-74.71915,40.14749],[-74.72117,40.14674],[-74.72208,40.14557],[-74.72886,40.14178],[-74.73933,40.13371],[-74.74242,40.13214],[-74.73973,40.12867],[-74.74484,40.12482],[-74.74475,40.1236],[-74.75374,40.1211],[-74.75935,40.12047],[-74.76228,40.12116],[-74.7631,40.12035],[-74.76301,40.1214],[-74.76653,40.12356],[-74.77354,40.12399],[-74.7831,40.11954],[-74.78315,40.11896],[-74.78706,40.11843],[-74.80274,40.12189],[-74.81517,40.12624],[-74.82023,40.12627],[-74.82278,40.12492],[-74.82466,40.12299],[-74.82985,40.11357],[-74.83135,40.1079],[-74.83208,40.10762],[-74.83289,40.10547],[-74.83229,40.10465],[-74.83448,40.10038],[-74.83444,40.09772],[-74.83375,40.09696],[-74.83585,40.09204],[-74.84221,40.08587],[-74.84597,40.08367],[-74.85136,40.0819],[-74.85759,40.08229],[-74.86386,40.0806],[-74.87456,40.07933],[-74.88195,40.07673],[-74.88156,40.07582],[-74.88405,40.07579],[-74.88759,40.07363],[-74.88718,40.07254],[-74.89542,40.07217],[-74.89829,40.0714],[-74.90247,40.06915],[-74.91285,40.06689],[-74.91752,40.06712],[-74.9225,40.06902],[-74.93413,40.06626],[-74.94103,40.06249],[-74.94603,40.05846],[-74.9516,40.05526],[-74.95682,40.05318],[-74.96261,40.04909],[-74.84592,40.25969]]]}},{"type":"Feature","properties":{"n":null,"area":22626576,"w":"river"},"geometry":{"type":"Polygon","coordinates":[[[-75.27862,40.18677],[-75.2757,40.18672],[-75.27166,40.18796],[-75.26675,40.18761],[-75.26315,40.1892],[-75.26164,40.18862],[-75.26087,40.18721],[-75.25817,40.18772],[-75.25432,40.18629],[-75.25497,40.18378],[-75.25441,40.18214],[-75.25669,40.18088],[-75.25634,40.17938],[-75.2579,40.17718],[-75.25715,40.17437],[-75.25571,40.17381],[-75.25509,40.17098],[-75.2532,40.17083],[-75.2496,40.16828],[-75.2456,40.1687],[-75.2441,40.16826],[-75.24578,40.16503],[-75.24469,40.16131],[-75.23983,40.15989],[-75.23644,40.16084],[-75.23314,40.15976],[-75.23053,40.15444],[-75.22802,40.15279],[-75.22843,40.1487],[-75.22707,40.14748],[-75.22476,40.14682],[-75.22212,40.14431],[-75.21989,40.14408],[-75.21864,40.14195],[-75.21631,40.14008],[-75.21729,40.13781],[-75.21977,40.13684],[-75.22205,40.13462],[-75.2227,40.13249],[-75.21961,40.12918],[-75.21851,40.1267],[-75.21866,40.12435],[-75.22116,40.12363],[-75.22126,40.1229],[-75.21837,40.12139],[-75.21778,40.11988],[-75.21633,40.11921],[-75.21759,40.11471],[-75.21955,40.11337],[-75.21637,40.10903],[-75.22051,40.10831],[-75.22167,40.10666],[-75.22461,40.10628],[-75.22715,40.1029],[-75.23221,40.10105],[-75.23062,40.09604],[-75.2313,40.09402],[-75.23081,40.09357],[-75.23278,40.09207],[-75.23163,40.09186],[-75.22748,40.08879],[-75.2231,40.08818],[-75.22374,40.08601],[-75.22622,40.08609],[-75.2267,40.08472],[-75.22973,40.08376],[-75.27862,40.18677]]]}},{"type":"Feature","properties":{"n":null,"area":17221151,"w":"river"},"geometry":{"type":"Polygon","coordinates":[[[-75.65837,40.24211],[-75.65558,40.24142],[-75.65078,40.24237],[-75.63907,40.23729],[-75.63524,40.23673],[-75.63205,40.23516],[-75.62968,40.2352],[-75.62675,40.23287],[-75.61934,40.23036],[-75.6151,40.22445],[-75.61179,40.2233],[-75.60982,40.22345],[-75.60612,40.22486],[-75.60402,40.22646],[-75.60337,40.2278],[-75.60424,40.2295],[-75.60792,40.23247],[-75.60793,40.23529],[-75.6069,40.237],[-75.60535,40.23795],[-75.60268,40.23829],[-75.59678,40.23716],[-75.59583,40.23637],[-75.5958,40.2352],[-75.59528,40.23531],[-75.59438,40.23094],[-75.58759,40.21512],[-75.58087,40.20745],[-75.57939,40.20263],[-75.57572,40.19801],[-75.57023,40.19454],[-75.5667,40.19482],[-75.56371,40.19723],[-75.5629,40.19873],[-75.56296,40.20134],[-75.5655,40.20598],[-75.56502,40.20876],[-75.56262,40.21022],[-75.55841,40.20904],[-75.55595,40.20622],[-75.55213,40.19922],[-75.54907,40.19252],[-75.54884,40.19006],[-75.54688,40.18831],[-75.54528,40.18319],[-75.54087,40.17664],[-75.53904,40.17493],[-75.53007,40.17091],[-75.52727,40.1674],[-75.52583,40.1588],[-75.52714,40.15221],[-75.52582,40.14921],[-75.52267,40.14756],[-75.51978,40.14799],[-75.51828,40.14963],[-75.51653,40.15504],[-75.51434,40.15783],[-75.51128,40.16005],[-75.50785,40.16083],[-75.50301,40.16003],[-75.50026,40.15686],[-75.50094,40.15326],[-75.50584,40.14795],[-75.65837,40.24211]]]}},{"type":"Feature","properties":{"n":null,"area":15911128,"w":"stream"},"geometry":{"type":"Polygon","coordinates":[[[-75.46171,40.11968],[-75.45285,40.1197],[-75.44953,40.12109],[-75.4461,40.12375],[-75.44475,40.12742],[-75.44522,40.13213],[-75.44487,40.13157],[-75.44214,40.13665],[-75.44592,40.14757],[-75.44894,40.14944],[-75.45513,40.15043],[-75.45719,40.15447],[-75.45744,40.15884],[-75.45511,40.1643],[-75.45661,40.16528],[-75.46245,40.16641],[-75.46356,40.16778],[-75.46296,40.16954],[-75.46138,40.17113],[-75.45447,40.17187],[-75.45061,40.17393],[-75.44831,40.17834],[-75.44767,40.18182],[-75.45122,40.19757],[-75.45022,40.19996],[-75.45049,40.20823],[-75.4494,40.21199],[-75.45057,40.21443],[-75.45017,40.21707],[-75.45312,40.22495],[-75.45228,40.23021],[-75.45324,40.23379],[-75.45181,40.23881],[-75.45483,40.24235],[-75.4575,40.24888],[-75.46185,40.25212],[-75.4616,40.25415],[-75.46374,40.25896],[-75.46255,40.26029],[-75.4626,40.26175],[-75.46503,40.26526],[-75.46591,40.26783],[-75.46171,40.11968]]]}},{"type":"Feature","properties":{"n":null,"area":15782067,"w":"river"},"geometry":{"type":"Polygon","coordinates":[[[-75.14129,39.94393],[-75.14092,39.94555],[-75.14005,39.94543],[-75.14003,39.94192],[-75.13901,39.94963],[-75.14048,39.95006],[-75.13858,39.95003],[-75.13839,39.95086],[-75.14017,39.95082],[-75.1401,39.95118],[-75.13832,39.95114],[-75.13814,39.95166],[-75.13983,39.95189],[-75.13971,39.95243],[-75.13788,39.95249],[-75.13976,39.95273],[-75.13768,39.95308],[-75.13959,39.95333],[-75.13936,39.95403],[-75.13744,39.95379],[-75.13922,39.9544],[-75.13868,39.95598],[-75.13674,39.95562],[-75.1366,39.95606],[-75.13854,39.95664],[-75.13634,39.95665],[-75.13796,39.95734],[-75.13698,39.95758],[-75.13746,39.95838],[-75.13643,39.95817],[-75.13493,39.96014],[-75.13657,39.96108],[-75.13457,39.96061],[-75.13614,39.96155],[-75.13367,39.96082],[-75.13304,39.96127],[-75.13394,39.96236],[-75.13263,39.96173],[-75.13361,39.96264],[-75.13204,39.96278],[-75.13285,39.96358],[-75.13189,39.96291],[-75.13014,39.96395],[-75.12922,39.96541],[-75.12785,39.96527],[-75.12729,39.96602],[-75.12355,39.96751],[-75.12376,39.9682],[-75.12278,39.96723],[-75.12331,39.96839],[-75.12215,39.96749],[-75.12291,39.96869],[-75.12197,39.96828],[-75.12118,39.96938],[-75.12007,39.9683],[-75.11813,39.96906],[-75.1148,39.97114],[-75.11568,39.97298],[-75.11474,39.97169],[-75.11473,39.97315],[-75.11315,39.97119],[-75.11418,39.97302],[-75.11335,39.97272],[-75.11298,39.9735],[-75.11171,39.97164],[-75.11128,39.97182],[-75.11252,39.97369],[-75.11164,39.97403],[-75.11116,39.97359],[-75.11104,39.97425],[-75.10964,39.97247],[-75.11071,39.97418],[-75.10917,39.97346],[-75.10618,39.97452],[-75.10677,39.97664],[-75.10478,39.97441],[-75.10422,39.97471],[-75.10553,39.9762],[-75.10506,39.97652],[-75.10361,39.97483],[-75.10438,39.97643],[-75.10384,39.97664],[-75.10208,39.97539],[-75.10333,39.97682],[-75.10272,39.97702],[-75.10134,39.97543],[-75.10069,39.97576],[-75.10214,39.9774],[-75.10154,39.97771],[-75.09967,39.97587],[-75.10111,39.97793],[-75.09896,39.97598],[-75.09852,39.97623],[-75.09974,39.97765],[-75.09923,39.97792],[-75.09772,39.97628],[-75.09849,39.97786],[-75.09774,39.97848],[-75.09564,39.97678],[-75.09312,39.97719],[-75.09401,39.97882],[-75.0924,39.97911],[-75.09091,39.97762],[-75.08002,39.97951],[-75.08083,39.98082],[-75.08181,39.98099],[-75.07791,39.98215],[-75.07668,39.98076],[-75.07758,39.98226],[-75.07486,39.98349],[-75.07382,39.98269],[-75.07465,39.9836],[-75.07289,39.985],[-75.07117,39.98391],[-75.07103,39.98489],[-75.06864,39.98757],[-75.0689,39.98845],[-75.06731,39.99033],[-75.06662,39.99009],[-75.06563,39.99073],[-75.06605,39.99208],[-75.06531,39.99438],[-75.06447,39.99375],[-75.06147,40.00077],[-75.05946,40.00183],[-75.05968,40.00317],[-75.05804,40.0043],[-75.05808,40.00547],[-75.05108,40.01234],[-75.05046,40.01179],[-75.04508,40.0152],[-75.03284,40.01981],[-75.03277,40.02068],[-75.03057,40.02013],[-75.03081,40.02121],[-75.02895,40.02233],[-75.02764,40.02062],[-75.02192,40.0221],[-75.02093,40.02101],[-75.02033,40.02132],[-75.02233,40.02353],[-75.02171,40.02437],[-75.01918,40.02157],[-75.01543,40.02318],[-75.01521,40.02482],[-75.01614,40.02559],[-75.01541,40.02611],[-75.01406,40.02527],[-75.0152,40.02628],[-75.01477,40.02663],[-75.01329,40.02586],[-75.01325,40.02639],[-75.00564,40.0309],[-74.99862,40.02545],[-74.99926,40.02336],[-75.00008,40.02364],[-74.99946,40.02446],[-75.0016,40.02272],[-75.00618,40.02056],[-75.00812,40.01868],[-75.00995,40.01803],[-75.01047,40.01619],[-75.0121,40.0151],[-75.01747,40.01471],[-75.0209,40.01378],[-75.0274,40.01073],[-75.0293,40.01216],[-75.03674,40.01136],[-75.03808,40.01012],[-75.04051,40.00909],[-75.04114,40.00984],[-75.04545,40.0075],[-75.05144,40.00079],[-75.05488,39.99331],[-75.05391,39.99212],[-75.04887,39.99194],[-75.04849,39.99153],[-75.05544,39.98985],[-75.05978,39.98485],[-75.05924,39.98452],[-75.05729,39.98655],[-75.05623,39.98564],[-75.05797,39.98271],[-75.06122,39.98375],[-75.06203,39.98285],[-75.06502,39.98187],[-75.06677,39.9794],[-75.07085,39.97706],[-75.07982,39.9742],[-75.07662,39.97451],[-75.07269,39.97144],[-75.07269,39.97019],[-75.07149,39.9694],[-75.06943,39.96943],[-75.06973,39.96825],[-75.07475,39.96582],[-75.07806,39.96878],[-75.086,39.96746],[-75.08693,39.9682],[-75.0876,39.96803],[-75.09073,39.96646],[-75.09113,39.96499],[-75.09229,39.96622],[-75.09356,39.96563],[-75.09355,39.96449],[-75.09604,39.96459],[-75.09617,39.96326],[-75.09718,39.96314],[-75.09738,39.96254],[-75.09692,39.96166],[-75.09763,39.96126],[-75.09851,39.96196],[-75.09785,39.96075],[-75.09883,39.9617],[-75.10131,39.95986],[-75.10171,39.95848],[-75.10274,39.95838],[-75.1011,39.95746],[-75.10147,39.95701],[-75.10675,39.95586],[-75.10896,39.95465],[-75.1103,39.95287],[-75.11143,39.95327],[-75.1108,39.95417],[-75.1119,39.95697],[-75.11303,39.95536],[-75.11247,39.95762],[-75.11548,39.95768],[-75.11609,39.95816],[-75.11739,39.95703],[-75.11775,39.95823],[-75.11896,39.95884],[-75.12212,39.95911],[-75.12288,39.95832],[-75.12363,39.95844],[-75.12387,39.95745],[-75.12467,39.9575],[-75.12472,39.95848],[-75.12536,39.95833],[-75.12629,39.9571],[-75.12707,39.95764],[-75.12853,39.95684],[-75.12742,39.95575],[-75.12984,39.95609],[-75.12863,39.95561],[-75.12968,39.95548],[-75.12995,39.95457],[-75.12883,39.95358],[-75.12992,39.95283],[-75.12952,39.9525],[-75.13038,39.95243],[-75.12927,39.95221],[-75.12943,39.95174],[-75.13175,39.9522],[-75.13047,39.95181],[-75.13191,39.94906],[-75.13152,39.94867],[-75.13269,39.9489],[-75.13285,39.94827],[-75.1308,39.94773],[-75.13147,39.94726],[-75.13213,39.94404],[-75.14129,39.94393]]]}},{"type":"Feature","properties":{"n":null,"area":11820084,"w":"river"},"geometry":{"type":"Polygon","coordinates":[[[-75.81,40.27592],[-75.607,40.23345],[-75.60623,40.23172],[-75.60334,40.2298],[-75.60251,40.22811],[-75.60281,40.22685],[-75.60381,40.22512],[-75.6072,40.22337],[-75.61048,40.22266],[-75.61369,40.22284],[-75.61697,40.22454],[-75.61925,40.22912],[-75.62033,40.2299],[-75.62516,40.23104],[-75.63162,40.2336],[-75.63427,40.23396],[-75.63579,40.23487],[-75.63886,40.23501],[-75.64558,40.23921],[-75.65084,40.24157],[-75.65726,40.24097],[-75.66492,40.24461],[-75.67063,40.24434],[-75.67705,40.24182],[-75.68555,40.23611],[-75.6908,40.23605],[-75.69577,40.2405],[-75.6995,40.24266],[-75.70767,40.24513],[-75.71204,40.24719],[-75.71359,40.247],[-75.7213,40.24828],[-75.72536,40.24944],[-75.73203,40.2549],[-75.73389,40.25712],[-75.73508,40.26005],[-75.73632,40.26096],[-75.7388,40.26111],[-75.74759,40.25968],[-75.75288,40.26044],[-75.75995,40.25993],[-75.77104,40.25799],[-75.77374,40.25917],[-75.77821,40.26371],[-75.78266,40.26703],[-75.79013,40.26983],[-75.7987,40.27078],[-75.80398,40.27044],[-75.80531,40.27007],[-75.80755,40.2681],[-75.81,40.26757],[-75.81,40.27592]]]}},{"type":"Feature","properties":{"n":null,"area":11116266,"w":"river"},"geometry":{"type":"Polygon","coordinates":[[[-75.21922,40.1128],[-75.21975,40.11355],[-75.2178,40.11488],[-75.21781,40.11662],[-75.21651,40.11908],[-75.21802,40.11988],[-75.21881,40.12143],[-75.22147,40.12284],[-75.22126,40.12377],[-75.21901,40.12419],[-75.21875,40.12657],[-75.21967,40.12887],[-75.22176,40.13064],[-75.22292,40.13293],[-75.22235,40.13459],[-75.21992,40.13698],[-75.21748,40.13788],[-75.21662,40.14015],[-75.21875,40.14175],[-75.22,40.14403],[-75.22112,40.14372],[-75.22231,40.14417],[-75.22497,40.14673],[-75.22714,40.14738],[-75.22874,40.14872],[-75.22818,40.15256],[-75.2307,40.15442],[-75.23314,40.15951],[-75.23657,40.16053],[-75.23952,40.15976],[-75.24326,40.1601],[-75.24513,40.16151],[-75.24593,40.1647],[-75.24417,40.16815],[-75.24548,40.16857],[-75.24996,40.16825],[-75.25308,40.17059],[-75.25532,40.171],[-75.2559,40.17374],[-75.2573,40.17438],[-75.25807,40.17717],[-75.25647,40.17951],[-75.25677,40.18098],[-75.25461,40.18227],[-75.2551,40.18382],[-75.25454,40.18625],[-75.25777,40.18758],[-75.26097,40.18711],[-75.26175,40.18852],[-75.26324,40.18909],[-75.26661,40.1875],[-75.27131,40.18787],[-75.27567,40.18661],[-75.27864,40.18667],[-75.21922,40.1128]]]}},{"type":"Feature","properties":{"n":null,"area":7809062,"w":"river"},"geometry":{"type":"Polygon","coordinates":[[[-75.17536,39.88738],[-75.16468,39.88727],[-75.14309,39.88935],[-75.14208,39.8899],[-75.14,39.89342],[-75.14278,39.89374],[-75.14274,39.89503],[-75.1387,39.89472],[-75.13857,39.89513],[-75.14213,39.8956],[-75.14246,39.89661],[-75.13798,39.89608],[-75.14104,39.89665],[-75.1411,39.89725],[-75.13951,39.89787],[-75.1366,39.89752],[-75.13276,39.9053],[-75.13517,39.90706],[-75.1327,39.90678],[-75.1321,39.90784],[-75.132,39.90908],[-75.13285,39.90918],[-75.13198,39.90949],[-75.13763,39.91055],[-75.13751,39.91112],[-75.13226,39.91045],[-75.13211,39.91122],[-75.13733,39.91191],[-75.13719,39.91257],[-75.13256,39.91196],[-75.13244,39.91275],[-75.13702,39.91335],[-75.1325,39.91342],[-75.13397,39.91386],[-75.13399,39.91434],[-75.13297,39.91444],[-75.13601,39.91498],[-75.13595,39.91566],[-75.13319,39.91531],[-75.13362,39.91632],[-75.1366,39.91671],[-75.13701,39.91753],[-75.12691,39.91697],[-75.12638,39.91553],[-75.12333,39.91539],[-75.12358,39.91459],[-75.12262,39.91422],[-75.12488,39.91425],[-75.12495,39.91276],[-75.1237,39.91236],[-75.12359,39.91097],[-75.12502,39.91084],[-75.12479,39.90929],[-75.12575,39.90888],[-75.12156,39.90869],[-75.12153,39.90829],[-75.12577,39.90822],[-75.12866,39.89986],[-75.12699,39.89904],[-75.12834,39.89932],[-75.12884,39.89873],[-75.12765,39.89814],[-75.12912,39.89691],[-75.13052,39.89282],[-75.12909,39.89093],[-75.13324,39.89069],[-75.12917,39.89026],[-75.12908,39.88972],[-75.13208,39.88961],[-75.13176,39.88928],[-75.1336,39.88757],[-75.13229,39.88636],[-75.13396,39.88723],[-75.13438,39.88677],[-75.13278,39.88577],[-75.14029,39.88013],[-75.14737,39.87741],[-75.15247,39.87689],[-75.15558,39.87691],[-75.15965,39.87786],[-75.16305,39.87768],[-75.16701,39.8785],[-75.17417,39.87711],[-75.17689,39.8783],[-75.18891,39.87345],[-75.1903,39.87241],[-75.19127,39.86902],[-75.19361,39.86597],[-75.19674,39.86514],[-75.20173,39.86642],[-75.20984,39.86194],[-75.17536,39.88738]]]}},{"type":"Feature","properties":{"n":null,"area":6204422,"w":"river"},"geometry":{"type":"Polygon","coordinates":[[[-75.81,40.27602],[-75.81,40.26879],[-75.80834,40.26896],[-75.80506,40.27081],[-75.79521,40.27195],[-75.78774,40.27094],[-75.78428,40.26952],[-75.77639,40.26332],[-75.77489,40.26119],[-75.77088,40.25864],[-75.76696,40.25909],[-75.76144,40.2612],[-75.75869,40.2606],[-75.75374,40.26106],[-75.74721,40.26035],[-75.74022,40.26164],[-75.73606,40.26153],[-75.73317,40.25874],[-75.7314,40.2554],[-75.72407,40.2495],[-75.71166,40.24772],[-75.6986,40.24332],[-75.69206,40.23907],[-75.68978,40.23657],[-75.6874,40.23638],[-75.68566,40.23689],[-75.67746,40.24251],[-75.6704,40.24513],[-75.66356,40.24525],[-75.65939,40.24268],[-75.81,40.27602]]]}},{"type":"Feature","properties":{"n":null,"area":6163371,"w":"stream"},"geometry":{"type":"Polygon","coordinates":[[[-75.14661,40.48087],[-75.14767,40.4781],[-75.14426,40.47616],[-75.1424,40.47267],[-75.13764,40.47169],[-75.13506,40.47003],[-75.13437,40.46862],[-75.13073,40.46756],[-75.1299,40.46529],[-75.12825,40.46352],[-75.12445,40.46577],[-75.12133,40.47005],[-75.12029,40.47],[-75.12015,40.46904],[-75.11797,40.46696],[-75.11594,40.46726],[-75.11371,40.46855],[-75.11018,40.46779],[-75.10929,40.46835],[-75.10992,40.47208],[-75.10833,40.47228],[-75.1063,40.47096],[-75.10478,40.47131],[-75.10263,40.47438],[-75.10195,40.47672],[-75.10037,40.47675],[-75.09874,40.47553],[-75.09739,40.47577],[-75.09663,40.47819],[-75.09256,40.47862],[-75.09201,40.48125],[-75.08787,40.48097],[-75.08517,40.4853],[-75.08177,40.48448],[-75.07882,40.48718],[-75.07446,40.48592],[-75.06827,40.48621],[-75.14661,40.48087]]]}},{"type":"Feature","properties":{"n":"Lake Nockamixon","area":5953964,"w":"reservoir"},"geometry":{"type":"Polygon","coordinates":[[[-75.18496,40.47044],[-75.18828,40.46773],[-75.18916,40.46865],[-75.18881,40.47035],[-75.19333,40.47306],[-75.19367,40.47174],[-75.19493,40.47093],[-75.19945,40.47029],[-75.19966,40.46879],[-75.20065,40.46798],[-75.21075,40.46781],[-75.21391,40.46708],[-75.21496,40.46595],[-75.2173,40.4653],[-75.21843,40.46322],[-75.22048,40.46141],[-75.22584,40.45936],[-75.22636,40.45831],[-75.2285,40.45733],[-75.22889,40.45619],[-75.23255,40.45396],[-75.23198,40.4524],[-75.2333,40.45048],[-75.23585,40.44763],[-75.23906,40.4458],[-75.24056,40.44404],[-75.24,40.44205],[-75.24945,40.43448],[-75.25399,40.42908],[-75.25691,40.42764],[-75.26318,40.42185],[-75.26628,40.41948],[-75.26689,40.41961],[-75.26837,40.41689],[-75.27065,40.41577],[-75.27118,40.41424],[-75.2716,40.41528],[-75.26884,40.41691],[-75.26859,40.41928],[-75.26741,40.4208],[-75.26339,40.42408],[-75.26276,40.42603],[-75.25962,40.4282],[-75.26372,40.43474],[-75.26631,40.43654],[-75.26632,40.43776],[-75.26528,40.43638],[-75.2623,40.43543],[-75.26125,40.4341],[-75.26078,40.43519],[-75.25982,40.43529],[-75.26085,40.43404],[-75.25867,40.43268],[-75.25701,40.43022],[-75.25545,40.43056],[-75.25543,40.43443],[-75.25243,40.43624],[-75.25257,40.43754],[-75.2509,40.43767],[-75.24809,40.44075],[-75.2465,40.44151],[-75.24724,40.44296],[-75.24564,40.44334],[-75.24549,40.44533],[-75.24255,40.44891],[-75.241,40.44987],[-75.24246,40.45298],[-75.24232,40.45522],[-75.24087,40.45489],[-75.23912,40.45227],[-75.23686,40.45635],[-75.23517,40.45617],[-75.23674,40.45664],[-75.23705,40.45865],[-75.23577,40.45872],[-75.23507,40.46068],[-75.2326,40.46182],[-75.2333,40.46327],[-75.23216,40.46449],[-75.23112,40.46495],[-75.22844,40.46429],[-75.2267,40.46464],[-75.22549,40.46582],[-75.22214,40.46686],[-75.22352,40.4669],[-75.22445,40.46882],[-75.22399,40.47111],[-75.2228,40.47269],[-75.22142,40.47086],[-75.21975,40.47057],[-75.21888,40.47104],[-75.21877,40.47343],[-75.218,40.4745],[-75.21669,40.47236],[-75.21438,40.47211],[-75.21302,40.47309],[-75.21287,40.47445],[-75.21156,40.47535],[-75.21107,40.47677],[-75.20988,40.47678],[-75.209,40.47557],[-75.20525,40.47701],[-75.20437,40.47859],[-75.2028,40.47835],[-75.20154,40.47884],[-75.20014,40.4814],[-75.19945,40.48073],[-75.1998,40.4801],[-75.20035,40.48027],[-75.20117,40.47792],[-75.20599,40.47268],[-75.20457,40.47069],[-75.2031,40.47033],[-75.20245,40.47181],[-75.19764,40.47288],[-75.19674,40.47468],[-75.19479,40.47585],[-75.19243,40.47582],[-75.18813,40.47437],[-75.18673,40.47445],[-75.18843,40.4766],[-75.19186,40.48404],[-75.191,40.48483],[-75.19099,40.48614],[-75.19306,40.49015],[-75.19209,40.49122],[-75.19335,40.49069],[-75.19611,40.49202],[-75.19709,40.49161],[-75.19704,40.49257],[-75.20059,40.49408],[-75.20229,40.49826],[-75.20362,40.49935],[-75.20301,40.49993],[-75.19942,40.49599],[-75.19654,40.49416],[-75.19375,40.49371],[-75.19142,40.49135],[-75.18918,40.48672],[-75.18873,40.48186],[-75.18751,40.48006],[-75.18516,40.48048],[-75.18708,40.47893],[-75.18672,40.47813],[-75.18329,40.47538],[-75.1799,40.47613],[-75.18491,40.47189],[-75.18514,40.4706],[-75.18496,40.47044]]]}},{"type":"Feature","properties":{"n":null,"area":5886526,"w":"stream"},"geometry":{"type":"Polygon","coordinates":[[[-75.06797,40.48494],[-75.06937,40.48579],[-75.0731,40.4856],[-75.07843,40.48706],[-75.08178,40.48436],[-75.08521,40.48511],[-75.08769,40.48091],[-75.08929,40.48064],[-75.09161,40.48133],[-75.09233,40.47862],[-75.09573,40.47784],[-75.09763,40.47542],[-75.09914,40.4755],[-75.10167,40.47678],[-75.10343,40.47245],[-75.10496,40.47097],[-75.10619,40.47077],[-75.10879,40.47231],[-75.10993,40.47192],[-75.10908,40.46828],[-75.10973,40.46741],[-75.11359,40.46844],[-75.11595,40.4671],[-75.11828,40.46684],[-75.1205,40.46992],[-75.12155,40.46992],[-75.12458,40.46543],[-75.12836,40.46339],[-75.13014,40.46521],[-75.13013,40.46669],[-75.13094,40.46749],[-75.13459,40.46865],[-75.13517,40.47],[-75.13764,40.47163],[-75.14288,40.47274],[-75.14439,40.47593],[-75.14773,40.47808],[-75.14671,40.4809],[-75.06797,40.48494]]]}},{"type":"Feature","properties":{"n":null,"area":5885855,"w":"river"},"geometry":{"type":"Polygon","coordinates":[[[-75.20984,39.86194],[-75.21361,39.85942],[-75.21157,39.85567],[-75.21207,39.85477],[-75.21381,39.85396],[-75.21682,39.85699],[-75.21809,39.85719],[-75.21935,39.85561],[-75.22485,39.85271],[-75.22575,39.85273],[-75.22623,39.85367],[-75.22935,39.85339],[-75.23277,39.85169],[-75.23452,39.85246],[-75.23704,39.85226],[-75.23966,39.85067],[-75.2423,39.85052],[-75.24282,39.85096],[-75.25338,39.84779],[-75.25473,39.85608],[-75.24927,39.85773],[-75.24864,39.85882],[-75.24646,39.85868],[-75.24258,39.85987],[-75.23972,39.86138],[-75.24027,39.86276],[-75.2394,39.86287],[-75.23842,39.86155],[-75.2367,39.86162],[-75.22694,39.86641],[-75.2197,39.86884],[-75.21634,39.8709],[-75.21353,39.87418],[-75.20899,39.87588],[-75.20146,39.8822],[-75.19647,39.88482],[-75.20984,39.86194]]]}},{"type":"Feature","properties":{"n":"Van Sciver Lake","area":5662321,"w":"reservoir"},"geometry":{"type":"Polygon","coordinates":[[[-74.79483,40.14753],[-74.79265,40.14838],[-74.79149,40.14974],[-74.79064,40.14965],[-74.79085,40.14885],[-74.78939,40.14918],[-74.78095,40.15159],[-74.77759,40.15331],[-74.77577,40.15228],[-74.77174,40.1552],[-74.77172,40.15659],[-74.77258,40.15841],[-74.77322,40.1584],[-74.77636,40.154],[-74.77922,40.15289],[-74.78045,40.15492],[-74.78062,40.15727],[-74.78146,40.15513],[-74.78431,40.15555],[-74.78429,40.15612],[-74.78356,40.15546],[-74.78342,40.15598],[-74.78548,40.15766],[-74.78268,40.1576],[-74.78277,40.16058],[-74.78049,40.16664],[-74.77867,40.16904],[-74.77848,40.17045],[-74.77667,40.17202],[-74.77537,40.17587],[-74.77344,40.17803],[-74.77363,40.17937],[-74.77711,40.18194],[-74.77883,40.18218],[-74.7851,40.18116],[-74.78678,40.17632],[-74.78413,40.17554],[-74.78591,40.17526],[-74.78651,40.17403],[-74.78497,40.17399],[-74.78477,40.17303],[-74.78261,40.17377],[-74.78312,40.17217],[-74.77979,40.17119],[-74.78102,40.17075],[-74.7817,40.16933],[-74.78374,40.16793],[-74.78492,40.16791],[-74.78548,40.16859],[-74.78662,40.16834],[-74.78621,40.1679],[-74.78818,40.16816],[-74.78714,40.16841],[-74.78737,40.16875],[-74.78951,40.16976],[-74.79029,40.16675],[-74.79188,40.16554],[-74.79234,40.16419],[-74.79119,40.16388],[-74.79061,40.16288],[-74.79359,40.16245],[-74.79485,40.16014],[-74.79436,40.15938],[-74.79481,40.15912],[-74.79527,40.15967],[-74.80206,40.15277],[-74.80217,40.15054],[-74.80472,40.15026],[-74.80743,40.14798],[-74.80799,40.14541],[-74.80661,40.14421],[-74.79612,40.14721],[-74.79603,40.14774],[-74.79521,40.14705],[-74.79788,40.14564],[-74.79823,40.14602],[-74.80696,40.14339],[-74.80585,40.14168],[-74.80413,40.14177],[-74.80121,40.14354],[-74.79977,40.14331],[-74.80293,40.14072],[-74.80545,40.13954],[-74.8049,40.13785],[-74.80391,40.13761],[-74.80125,40.13859],[-74.79906,40.14023],[-74.79796,40.13937],[-74.79593,40.13966],[-74.79384,40.13852],[-74.79103,40.13953],[-74.78889,40.14216],[-74.78717,40.14158],[-74.78156,40.14994],[-74.78265,40.15042],[-74.794,40.14692],[-74.79488,40.14736],[-74.79483,40.14753]]]}},{"type":"Feature","properties":{"n":null,"area":5561448,"w":"river"},"geometry":{"type":"Polygon","coordinates":[[[-75.50638,40.149],[-75.50235,40.15301],[-75.50133,40.15601],[-75.50265,40.15852],[-75.50691,40.15955],[-75.5102,40.15904],[-75.51294,40.15758],[-75.51676,40.15183],[-75.51756,40.14899],[-75.51992,40.14696],[-75.52286,40.1466],[-75.52769,40.14929],[-75.52868,40.15313],[-75.52751,40.1576],[-75.52755,40.16081],[-75.52931,40.16716],[-75.53371,40.17124],[-75.54163,40.17597],[-75.54908,40.18678],[-75.55031,40.19143],[-75.55831,40.20787],[-75.56144,40.20952],[-75.56294,40.20945],[-75.56404,40.2087],[-75.5641,40.20549],[-75.56197,40.20203],[-75.56173,40.20014],[-75.56221,40.19732],[-75.56528,40.1947],[-75.56767,40.19357],[-75.57045,40.19338],[-75.57279,40.19408],[-75.5763,40.19632],[-75.58007,40.20011],[-75.58218,40.20691],[-75.58902,40.21527],[-75.5919,40.22098],[-75.59657,40.23509],[-75.50638,40.149]]]}},{"type":"Feature","properties":{"n":null,"area":5352150,"w":"river"},"geometry":{"type":"Polygon","coordinates":[[[-75.33469,40.34395],[-75.34013,40.34159],[-75.34302,40.34141],[-75.3457,40.34239],[-75.3466,40.34195],[-75.34634,40.3412],[-75.35047,40.34113],[-75.35213,40.34058],[-75.36141,40.33491],[-75.36481,40.33541],[-75.36558,40.33621],[-75.37014,40.33547],[-75.37247,40.33416],[-75.37283,40.33278],[-75.3772,40.32996],[-75.37757,40.32915],[-75.37974,40.32842],[-75.38366,40.32365],[-75.39278,40.32448],[-75.39469,40.32389],[-75.39512,40.3205],[-75.40119,40.32059],[-75.40153,40.31992],[-75.39964,40.31688],[-75.40017,40.31499],[-75.40674,40.31693],[-75.4093,40.3171],[-75.40895,40.31572],[-75.40665,40.31431],[-75.4057,40.31271],[-75.41046,40.31089],[-75.415,40.31129],[-75.41742,40.31026],[-75.42133,40.30546],[-75.42148,40.30292],[-75.42029,40.302],[-75.41989,40.29984],[-75.33469,40.34395]]]}},{"type":"Feature","properties":{"n":null,"area":4901815,"w":"stream"},"geometry":{"type":"Polygon","coordinates":[[[-75.46569,40.26828],[-75.46285,40.27016],[-75.45831,40.27189],[-75.45619,40.27362],[-75.4544,40.27634],[-75.45674,40.28058],[-75.45504,40.28679],[-75.45682,40.29196],[-75.45651,40.29339],[-75.45741,40.29639],[-75.45684,40.30144],[-75.45757,40.30313],[-75.45899,40.3037],[-75.46339,40.30311],[-75.4652,40.30213],[-75.46624,40.3024],[-75.46716,40.30538],[-75.46602,40.31248],[-75.46775,40.31397],[-75.4759,40.31507],[-75.47788,40.31898],[-75.47733,40.32083],[-75.48195,40.32401],[-75.48184,40.32479],[-75.47884,40.32542],[-75.47835,40.32599],[-75.47952,40.32713],[-75.48092,40.33243],[-75.4821,40.33315],[-75.48109,40.33392],[-75.48047,40.33066],[-75.47911,40.32769],[-75.47771,40.32637],[-75.47878,40.32497],[-75.48103,40.32424],[-75.48106,40.32377],[-75.47724,40.3211],[-75.46569,40.26828]]]}},{"type":"Feature","properties":{"n":null,"area":4632895,"w":"river"},"geometry":{"type":"Polygon","coordinates":[[[-75.20573,40.01659],[-75.20338,40.01661],[-75.20041,40.02186],[-75.19583,40.02424],[-75.19334,40.02754],[-75.19751,40.02753],[-75.19845,40.02926],[-75.19821,40.031],[-75.20036,40.03266],[-75.20111,40.03619],[-75.20337,40.03461],[-75.20572,40.0349],[-75.2105,40.0404],[-75.21228,40.04382],[-75.21172,40.04709],[-75.2138,40.04871],[-75.21482,40.05091],[-75.21716,40.05266],[-75.2184,40.05666],[-75.22364,40.06389],[-75.22344,40.06468],[-75.22052,40.0662],[-75.22109,40.06774],[-75.22572,40.07166],[-75.22325,40.07389],[-75.22381,40.07587],[-75.22729,40.08134],[-75.23135,40.08293],[-75.23085,40.08361],[-75.22685,40.08483],[-75.22639,40.0862],[-75.22399,40.08607],[-75.22336,40.08806],[-75.22784,40.08869],[-75.23162,40.09145],[-75.23357,40.0915],[-75.23396,40.09312],[-75.23374,40.09633],[-75.23259,40.09703],[-75.23142,40.0956],[-75.23093,40.09582],[-75.23254,40.10125],[-75.22758,40.10285],[-75.2255,40.10591],[-75.22172,40.10682],[-75.22059,40.10851],[-75.21658,40.10895],[-75.21922,40.1128],[-75.20573,40.01659]]]}},{"type":"Feature","properties":{"n":"French Creek","area":4221041,"w":"river"},"geometry":{"type":"Polygon","coordinates":[[[-75.50974,40.13597],[-75.51126,40.13601],[-75.51347,40.13483],[-75.5157,40.13573],[-75.51734,40.13571],[-75.52318,40.13248],[-75.52521,40.13223],[-75.5277,40.13716],[-75.5298,40.13799],[-75.53082,40.13528],[-75.53605,40.13443],[-75.53807,40.1352],[-75.54071,40.13481],[-75.54215,40.13371],[-75.54681,40.13359],[-75.54947,40.13419],[-75.5503,40.13601],[-75.55286,40.13814],[-75.55632,40.13954],[-75.5575,40.13881],[-75.55713,40.1348],[-75.5588,40.13337],[-75.56222,40.13303],[-75.56525,40.13575],[-75.56789,40.14105],[-75.57352,40.14285],[-75.57632,40.1406],[-75.57568,40.13825],[-75.58074,40.13772],[-75.58458,40.13959],[-75.58677,40.14246],[-75.5907,40.14239],[-75.59312,40.14318],[-75.59522,40.14648],[-75.59554,40.14864],[-75.50974,40.13597]]]}},{"type":"Feature","properties":{"n":null,"area":4131700,"w":"river"},"geometry":{"type":"Polygon","coordinates":[[[-74.94399,40.35381],[-74.944,40.34666],[-74.94136,40.34093],[-74.93903,40.33836],[-74.93075,40.33273],[-74.92605,40.33106],[-74.92499,40.32945],[-74.91209,40.31968],[-74.9061,40.31719],[-74.89784,40.3164],[-74.89143,40.3139],[-74.94399,40.35381]]]}},{"type":"Feature","properties":{"n":null,"area":3952407,"w":"stream"},"geometry":{"type":"Polygon","coordinates":[[[-75.47712,40.32075],[-75.47741,40.31843],[-75.47562,40.31515],[-75.46779,40.31433],[-75.46574,40.31253],[-75.46679,40.30563],[-75.46611,40.30245],[-75.4653,40.30223],[-75.46117,40.30404],[-75.4579,40.30405],[-75.456,40.30004],[-75.45702,40.2961],[-75.4545,40.28616],[-75.45606,40.28031],[-75.45375,40.2765],[-75.45449,40.27486],[-75.4577,40.2719],[-75.46378,40.26924],[-75.46532,40.26773],[-75.46194,40.26121],[-75.46195,40.26031],[-75.46327,40.25918],[-75.46108,40.25448],[-75.46147,40.25212],[-75.45834,40.25033],[-75.45659,40.24819],[-75.47712,40.32075]]]}},{"type":"Feature","properties":{"n":null,"area":3934886,"w":"river"},"geometry":{"type":"Polygon","coordinates":[[[-75.50584,40.14795],[-75.50863,40.14578],[-75.51026,40.13981],[-75.50974,40.13793],[-75.50563,40.13301],[-75.50255,40.13208],[-75.49615,40.1283],[-75.49139,40.12652],[-75.48982,40.12713],[-75.48652,40.12668],[-75.4812,40.12711],[-75.47269,40.12966],[-75.46392,40.12689],[-75.50584,40.14795]]]}},{"type":"Feature","properties":{"n":null,"area":3328144,"w":"river"},"geometry":{"type":"Polygon","coordinates":[[[-75.19053,39.94528],[-75.1938,39.94289],[-75.19567,39.94291],[-75.20052,39.94459],[-75.20296,39.94428],[-75.20495,39.9432],[-75.20591,39.94204],[-75.20609,39.93627],[-75.21229,39.92929],[-75.21332,39.92339],[-75.21232,39.92191],[-75.20898,39.92033],[-75.20439,39.9204],[-75.20247,39.91935],[-75.2048,39.91471],[-75.20576,39.9139],[-75.20704,39.9138],[-75.2064,39.91318],[-75.20679,39.91202],[-75.20817,39.91134],[-75.2147,39.91143],[-75.21713,39.90932],[-75.21654,39.9087],[-75.21601,39.90163],[-75.21393,39.89841],[-75.19053,39.94528]]]}},{"type":"Feature","properties":{"n":null,"area":3253112,"w":"river"},"geometry":{"type":"Polygon","coordinates":[[[-75.22998,40.08275],[-75.22638,40.0809],[-75.22335,40.07568],[-75.22296,40.07381],[-75.22553,40.07168],[-75.22104,40.06813],[-75.22018,40.06659],[-75.22115,40.06541],[-75.22325,40.06449],[-75.22333,40.06387],[-75.21786,40.05627],[-75.217,40.05297],[-75.21453,40.05101],[-75.21288,40.04824],[-75.21147,40.0472],[-75.21202,40.04417],[-75.20983,40.03994],[-75.20684,40.03722],[-75.20557,40.0351],[-75.20355,40.0348],[-75.20179,40.03652],[-75.20098,40.03633],[-75.19988,40.03399],[-75.20008,40.03275],[-75.19798,40.03093],[-75.19731,40.02761],[-75.19373,40.02789],[-75.19282,40.02751],[-75.19489,40.02573],[-75.19535,40.02432],[-75.20018,40.02168],[-75.2029,40.01652],[-75.20554,40.0163],[-75.22998,40.08275]]]}},{"type":"Feature","properties":{"n":null,"area":2917837,"w":"stream"},"geometry":{"type":"Polygon","coordinates":[[[-75.44686,40.14921],[-75.44451,40.14661],[-75.44399,40.14279],[-75.44167,40.13737],[-75.44176,40.13573],[-75.444,40.13182],[-75.4438,40.12604],[-75.44465,40.12421],[-75.44738,40.12181],[-75.45165,40.11943],[-75.4563,40.11875],[-75.46236,40.11903],[-75.44686,40.14921]]]}},{"type":"Feature","properties":{"n":null,"area":2697679,"w":"stream"},"geometry":{"type":"Polygon","coordinates":[[[-75.06167,40.4214],[-75.06684,40.42336],[-75.07271,40.42818],[-75.07483,40.43353],[-75.0766,40.43478],[-75.07971,40.43529],[-75.08151,40.4403],[-75.08331,40.44212],[-75.08682,40.44169],[-75.0915,40.43736],[-75.09539,40.44071],[-75.09654,40.44125],[-75.0984,40.44105],[-75.09933,40.43939],[-75.09496,40.43704],[-75.0944,40.43626],[-75.09513,40.43451],[-75.09594,40.43433],[-75.09955,40.4367],[-75.10324,40.43651],[-75.10684,40.43517],[-75.1088,40.43233],[-75.11958,40.43435],[-75.12331,40.43822],[-75.12534,40.43835],[-75.06167,40.4214]]]}},{"type":"Feature","properties":{"n":null,"area":2667576,"w":"stream"},"geometry":{"type":"Polygon","coordinates":[[[-75.12499,40.43793],[-75.12332,40.43799],[-75.11978,40.43421],[-75.10897,40.43204],[-75.10774,40.43275],[-75.10778,40.43379],[-75.10666,40.43503],[-75.1031,40.43622],[-75.09927,40.43632],[-75.09588,40.43414],[-75.09482,40.43452],[-75.09447,40.4369],[-75.0957,40.43803],[-75.09909,40.43938],[-75.09838,40.44083],[-75.09599,40.44082],[-75.09227,40.4374],[-75.09133,40.4372],[-75.08695,40.4414],[-75.08387,40.44197],[-75.08266,40.44139],[-75.08156,40.43968],[-75.07988,40.43516],[-75.07637,40.43451],[-75.07496,40.43348],[-75.0741,40.4302],[-75.07243,40.42772],[-75.06708,40.42324],[-75.06142,40.42104],[-75.12499,40.43793]]]}},{"type":"Feature","properties":{"n":null,"area":2567294,"w":"stream"},"geometry":{"type":"Polygon","coordinates":[[[-75.06004,40.08589],[-75.06109,40.08692],[-75.05996,40.08857],[-75.06085,40.08921],[-75.06236,40.08867],[-75.064,40.08584],[-75.06683,40.08599],[-75.06714,40.08901],[-75.06988,40.09043],[-75.07335,40.09589],[-75.07188,40.09858],[-75.07299,40.09989],[-75.0716,40.10264],[-75.07365,40.10452],[-75.07381,40.10829],[-75.07121,40.11201],[-75.07612,40.11361],[-75.07541,40.11477],[-75.07101,40.11565],[-75.06966,40.11745],[-75.07124,40.11984],[-75.07263,40.12061],[-75.07197,40.12214],[-75.07397,40.12452],[-75.07267,40.12705],[-75.07249,40.12942],[-75.07144,40.13035],[-75.07208,40.13167],[-75.07071,40.13185],[-75.07016,40.13293],[-75.0713,40.13443],[-75.07427,40.1347],[-75.0749,40.13616],[-75.07407,40.13882],[-75.07448,40.14044],[-75.07725,40.14194],[-75.07598,40.14329],[-75.07806,40.14696],[-75.07803,40.14832],[-75.07587,40.1508],[-75.07618,40.15139],[-75.07505,40.15192],[-75.07508,40.15329],[-75.07617,40.15423],[-75.07796,40.15454],[-75.07827,40.15545],[-75.06004,40.08589]]]}},{"type":"Feature","properties":{"n":null,"area":2509298,"w":"river"},"geometry":{"type":"Polygon","coordinates":[[[-75.43035,40.17391],[-75.42844,40.17555],[-75.42609,40.1764],[-75.42214,40.17615],[-75.42206,40.18018],[-75.42016,40.18212],[-75.42133,40.1821],[-75.41796,40.18382],[-75.41825,40.18326],[-75.41503,40.18568],[-75.41273,40.18615],[-75.40904,40.18888],[-75.40631,40.18996],[-75.40392,40.19392],[-75.40453,40.19481],[-75.4041,40.19603],[-75.40164,40.19873],[-75.39757,40.19927],[-75.39415,40.19754],[-75.38759,40.19826],[-75.38856,40.2046],[-75.38724,40.20722],[-75.38914,40.20909],[-75.38977,40.21082],[-75.38962,40.21674],[-75.389,40.21769],[-75.38593,40.21934],[-75.38318,40.22233],[-75.38299,40.22397],[-75.38095,40.22455],[-75.38168,40.22834],[-75.3785,40.23431],[-75.38155,40.22827],[-75.38075,40.22448],[-75.38278,40.22374],[-75.38331,40.22202],[-75.43035,40.17391]]]}},{"type":"Feature","properties":{"n":null,"area":2480434,"w":"river"},"geometry":{"type":"Polygon","coordinates":[[[-75.18465,39.96681],[-75.18371,39.96659],[-75.18334,39.96506],[-75.18014,39.96153],[-75.17878,39.95847],[-75.17937,39.95527],[-75.1818,39.95048],[-75.19281,39.94169],[-75.19519,39.94136],[-75.20062,39.94343],[-75.20203,39.9432],[-75.20435,39.94195],[-75.20449,39.93926],[-75.18465,39.96681]]]}},{"type":"Feature","properties":{"n":null,"area":2467257,"w":"river"},"geometry":{"type":"Polygon","coordinates":[[[-75.13213,39.94404],[-75.1323,39.94214],[-75.13139,39.94263],[-75.13066,39.94214],[-75.1312,39.94155],[-75.13234,39.94183],[-75.13206,39.93962],[-75.13152,39.93954],[-75.13257,39.93219],[-75.13193,39.93213],[-75.13172,39.93006],[-75.13222,39.93001],[-75.13185,39.92876],[-75.13084,39.92896],[-75.13116,39.92674],[-75.12703,39.92444],[-75.1287,39.9239],[-75.12824,39.92281],[-75.12923,39.92254],[-75.12819,39.92272],[-75.12704,39.92108],[-75.12834,39.92034],[-75.12806,39.91976],[-75.12664,39.91975],[-75.12647,39.91935],[-75.1279,39.91937],[-75.12759,39.9187],[-75.12606,39.91869],[-75.12639,39.91631],[-75.12693,39.9177],[-75.12691,39.91697],[-75.13398,39.91713],[-75.13444,39.91804],[-75.13845,39.91863],[-75.13853,39.91931],[-75.1347,39.91884],[-75.13511,39.91972],[-75.13863,39.92022],[-75.13851,39.92092],[-75.13559,39.92059],[-75.13591,39.92129],[-75.13907,39.9217],[-75.13816,39.92262],[-75.13867,39.9245],[-75.13794,39.92469],[-75.13923,39.92522],[-75.13791,39.92521],[-75.13942,39.92542],[-75.14053,39.92688],[-75.1396,39.92692],[-75.14061,39.92707],[-75.14005,39.92733],[-75.14115,39.92809],[-75.14117,39.92976],[-75.13973,39.92968],[-75.14113,39.93007],[-75.1412,39.93096],[-75.1399,39.93108],[-75.14182,39.93134],[-75.14208,39.93239],[-75.14039,39.93234],[-75.14213,39.93303],[-75.14198,39.94116],[-75.14001,39.94128],[-75.14124,39.94155],[-75.14129,39.94393],[-75.13213,39.94404]]]}},{"type":"Feature","properties":{"n":null,"area":2279504,"w":"stream"},"geometry":{"type":"Polygon","coordinates":[[[-75.14671,40.4809],[-75.14685,40.482],[-75.14934,40.48391],[-75.14922,40.48697],[-75.15314,40.4866],[-75.15587,40.48703],[-75.15851,40.48987],[-75.16039,40.48968],[-75.16394,40.49108],[-75.16586,40.49515],[-75.16518,40.49789],[-75.16124,40.50049],[-75.15878,40.504],[-75.1585,40.50664],[-75.15694,40.50894],[-75.15722,40.51106],[-75.15403,40.51215],[-75.15319,40.51312],[-75.15331,40.51444],[-75.15546,40.51651],[-75.14671,40.4809]]]}},{"type":"Feature","properties":{"n":null,"area":2264932,"w":"stream"},"geometry":{"type":"Polygon","coordinates":[[[-75.15542,40.51654],[-75.15343,40.51472],[-75.15311,40.51307],[-75.15397,40.5121],[-75.15732,40.51076],[-75.15689,40.5089],[-75.15843,40.50666],[-75.15873,40.50401],[-75.16119,40.50042],[-75.16521,40.49776],[-75.16571,40.49488],[-75.16392,40.49119],[-75.16037,40.48976],[-75.15847,40.48989],[-75.15592,40.48715],[-75.15319,40.48667],[-75.14899,40.48687],[-75.14927,40.48394],[-75.14682,40.48206],[-75.14663,40.48092],[-75.15542,40.51654]]]}},{"type":"Feature","properties":{"n":null,"area":2256368,"w":"river"},"geometry":{"type":"Polygon","coordinates":[[[-75.06167,40.4214],[-75.06325,40.42438],[-75.06453,40.43353],[-75.06596,40.43703],[-75.06968,40.44235],[-75.07344,40.45464],[-75.07013,40.46451],[-75.06895,40.48155],[-75.06795,40.48278],[-75.06797,40.48494],[-75.06167,40.4214]]]}},{"type":"Feature","properties":{"n":null,"area":2125694,"w":"river"},"geometry":{"type":"Polygon","coordinates":[[[-75.68583,40.28243],[-75.68803,40.28309],[-75.69148,40.28087],[-75.70185,40.27753],[-75.70548,40.27793],[-75.70705,40.28099],[-75.70754,40.2869],[-75.70583,40.28991],[-75.70574,40.29264],[-75.70951,40.29251],[-75.71214,40.2931],[-75.71597,40.29451],[-75.71676,40.29532],[-75.71678,40.29731],[-75.71217,40.30028],[-75.71148,40.30253],[-75.71275,40.30382],[-75.71412,40.30378],[-75.71843,40.30121],[-75.7259,40.2989],[-75.72662,40.29951],[-75.72641,40.30095],[-75.72317,40.30422],[-75.68583,40.28243]]]}},{"type":"Feature","properties":{"n":null,"area":2098806,"w":"river"},"geometry":{"type":"Polygon","coordinates":[[[-75.59689,39.70922],[-75.59925,39.70918],[-75.603,39.71146],[-75.60868,39.71092],[-75.61344,39.70797],[-75.6202,39.69816],[-75.62118,39.6978],[-75.62113,39.697],[-75.61975,39.69746],[-75.61563,39.70245],[-75.61212,39.70792],[-75.60914,39.71007],[-75.60327,39.71085],[-75.59957,39.70857],[-75.59673,39.70848],[-75.59157,39.71159],[-75.58965,39.71532],[-75.58212,39.71818],[-75.57741,39.71776],[-75.5749,39.71648],[-75.56368,39.71774],[-75.56081,39.7188],[-75.5596,39.72019],[-75.55912,39.72329],[-75.56037,39.72671],[-75.55978,39.73088],[-75.55859,39.73393],[-75.55614,39.73615],[-75.55435,39.73614],[-75.54677,39.7329],[-75.54494,39.73296],[-75.53933,39.73543],[-75.53667,39.73585],[-75.53413,39.73495],[-75.53394,39.73444],[-75.53522,39.73391],[-75.53419,39.73414],[-75.53388,39.73342],[-75.53534,39.73006],[-75.53345,39.72419],[-75.53488,39.72346],[-75.5332,39.72401],[-75.53033,39.72122],[-75.53237,39.71801],[-75.53159,39.71812],[-75.52977,39.72113],[-75.51847,39.71743],[-75.51858,39.71686],[-75.51693,39.71663],[-75.51597,39.71572],[-75.5167,39.71466],[-75.51419,39.71329],[-75.51024,39.71908],[-75.51379,39.71901],[-75.5202,39.7215],[-75.52768,39.72257],[-75.52995,39.72388],[-75.53229,39.729],[-75.53179,39.73308],[-75.53446,39.73649],[-75.5384,39.73692],[-75.54425,39.73439],[-75.5469,39.73397],[-75.55365,39.73672],[-75.55686,39.73692],[-75.55879,39.73578],[-75.56056,39.73247],[-75.56162,39.72777],[-75.5616,39.7253],[-75.5604,39.72279],[-75.56126,39.72044],[-75.56242,39.71966],[-75.57146,39.71787],[-75.57877,39.71909],[-75.58221,39.71905],[-75.5898,39.71625],[-75.59181,39.71405],[-75.5921,39.71219],[-75.5968,39.70926],[-75.59689,39.70922]]]}},{"type":"Feature","properties":{"n":null,"area":2081567,"w":"stream"},"geometry":{"type":"Polygon","coordinates":[[[-74.97968,40.04066],[-74.97925,40.03968],[-74.98043,40.03886],[-74.97959,40.03717],[-74.97354,40.04075],[-74.96852,40.04138],[-74.96783,40.04273],[-74.96019,40.0439],[-74.95321,40.04385],[-74.94805,40.0419],[-74.94553,40.04046],[-74.94613,40.03974],[-74.94561,40.03939],[-74.94475,40.0399],[-74.93666,40.03242],[-74.93376,40.0288],[-74.93035,40.0276],[-74.9246,40.02796],[-74.9216,40.02325],[-74.9184,40.02157],[-74.91601,40.02109],[-74.90778,40.01453],[-74.9043,40.01289],[-74.90006,40.01212],[-74.89535,40.00887],[-74.88916,40.00745],[-74.88933,40.0048],[-74.88769,40.00158],[-74.88281,40.0004],[-74.88265,39.99979],[-74.88223,40.00014],[-74.87977,39.99907],[-74.87769,39.99759],[-74.8734,39.99753],[-74.86898,39.99573],[-74.86105,39.99583],[-74.85836,39.99389],[-74.8547,39.99415],[-74.85459,39.99284],[-74.85302,39.99177],[-74.8488,39.99165],[-74.84894,39.99062],[-74.85255,39.98869],[-74.85166,39.98679],[-74.84937,39.98703],[-74.84719,39.98814],[-74.84497,39.9854],[-74.84245,39.98483],[-74.84021,39.98555],[-74.83755,39.98268],[-74.83536,39.98307],[-74.83358,39.98197],[-74.83032,39.98241],[-74.82905,39.9808],[-74.82884,39.979],[-74.82517,39.97928],[-74.82412,39.97888],[-74.8254,39.97698],[-74.82529,39.97469],[-74.82306,39.97444],[-74.81659,39.9706],[-74.81564,39.9693],[-74.81626,39.96886],[-74.81561,39.96917],[-74.81378,39.96761],[-74.811,39.96765],[-74.8108,39.96707],[-74.81332,39.96697],[-74.81216,39.96603],[-74.81181,39.96683],[-74.81082,39.96672],[-74.81065,39.96763],[-74.81212,39.96827],[-74.81373,39.96809],[-74.81523,39.96993],[-74.81562,39.97076],[-74.814,39.97163],[-74.81418,39.97217],[-74.81493,39.97116],[-74.81591,39.97105],[-74.81852,39.9724],[-74.81839,39.97336],[-74.81867,39.97299],[-74.82135,39.97395],[-74.82263,39.97537],[-74.82509,39.97525],[-74.82491,39.97708],[-74.82381,39.97828],[-74.82401,39.97938],[-74.82566,39.97977],[-74.82844,39.97923],[-74.82862,39.9813],[-74.82968,39.98267],[-74.83442,39.98288],[-74.83495,39.98527],[-74.83421,39.98637],[-74.83316,39.98551],[-74.83399,39.98645],[-74.83511,39.98538],[-74.83512,39.9841],[-74.83638,39.98387],[-74.83697,39.98291],[-74.83929,39.9859],[-74.84437,39.9858],[-74.84569,39.98839],[-74.84738,39.98884],[-74.8494,39.98846],[-74.84966,39.98918],[-74.84811,39.99104],[-74.84825,39.99182],[-74.8528,39.99284],[-74.85291,39.99419],[-74.85484,39.99549],[-74.85813,39.99482],[-74.85974,39.99666],[-74.85872,39.99738],[-74.97968,40.04066]]]}},{"type":"Feature","properties":{"n":null,"area":2079912,"w":"reservoir"},"geometry":{"type":"Polygon","coordinates":[[[-75.21936,40.02232],[-75.21674,40.02062],[-75.2118,40.01571],[-75.20479,40.01156],[-75.19355,40.00776],[-75.19144,40.00612],[-75.19044,40.00228],[-75.19139,39.99659],[-75.19235,39.99496],[-75.20349,39.98411],[-75.20117,39.98131],[-75.19296,39.97637],[-75.19079,39.97308],[-75.18991,39.96994],[-75.18526,39.96867],[-75.18465,39.96681],[-75.21936,40.02232]]]}},{"type":"Feature","properties":{"n":null,"area":2079509,"w":"river"},"geometry":{"type":"Polygon","coordinates":[[[-74.90861,40.07615],[-74.90971,40.08348],[-74.91079,40.08486],[-74.91398,40.08642],[-74.91459,40.08797],[-74.91267,40.08833],[-74.91268,40.08878],[-74.91477,40.08878],[-74.91229,40.0974],[-74.90994,40.09846],[-74.90686,40.09882],[-74.90496,40.09995],[-74.90197,40.10441],[-74.90216,40.10695],[-74.90401,40.11121],[-74.90371,40.11369],[-74.90524,40.11616],[-74.90226,40.12023],[-74.90087,40.1273],[-74.89824,40.13082],[-74.89823,40.13222],[-74.9027,40.13536],[-74.90487,40.13863],[-74.90907,40.14124],[-74.91405,40.14208],[-74.92455,40.15097],[-74.92819,40.15288],[-74.9342,40.15358],[-74.94282,40.1484],[-74.95015,40.14605],[-74.95707,40.14569],[-74.95785,40.14622],[-74.95565,40.15223],[-74.95664,40.15733],[-74.95526,40.15946],[-74.95111,40.16202],[-74.94863,40.16463],[-74.9501,40.16794],[-74.95756,40.17326],[-74.95629,40.17804],[-74.95548,40.17803],[-74.9542,40.17921],[-74.95143,40.17783],[-74.94904,40.17789],[-74.9453,40.17931],[-74.93291,40.18223],[-74.92248,40.18615],[-74.92277,40.18731],[-74.92591,40.18932],[-74.93455,40.18904],[-74.93869,40.19172],[-74.90861,40.07615]]]}},{"type":"Feature","properties":{"n":null,"area":2065963,"w":"river"},"geometry":{"type":"Polygon","coordinates":[[[-75.67549,40.26809],[-75.67028,40.26653],[-75.66562,40.26868],[-75.66382,40.26883],[-75.66147,40.26679],[-75.66091,40.26167],[-75.65791,40.25742],[-75.65818,40.25493],[-75.65649,40.25326],[-75.65671,40.25156],[-75.65534,40.25167],[-75.65484,40.25058],[-75.65553,40.24695],[-75.6573,40.24548],[-75.65837,40.24211],[-75.67549,40.26809]]]}},{"type":"Feature","properties":{"n":null,"area":2053098,"w":"river"},"geometry":{"type":"Polygon","coordinates":[[[-75.65939,40.24268],[-75.65882,40.24265],[-75.65714,40.24627],[-75.65609,40.2468],[-75.65507,40.24928],[-75.6568,40.25096],[-75.65666,40.25313],[-75.65854,40.25587],[-75.65815,40.25756],[-75.66112,40.26183],[-75.66154,40.26653],[-75.66379,40.26869],[-75.66559,40.26849],[-75.67023,40.26634],[-75.67565,40.26796],[-75.65939,40.24268]]]}},{"type":"Feature","properties":{"n":null,"area":2014949,"w":"stream"},"geometry":{"type":"Polygon","coordinates":[[[-75.07822,40.15552],[-75.07782,40.15458],[-75.07642,40.15448],[-75.07492,40.15333],[-75.07498,40.1518],[-75.07605,40.15138],[-75.07564,40.15079],[-75.07747,40.14909],[-75.07792,40.14738],[-75.07581,40.1434],[-75.07629,40.14253],[-75.07555,40.14221],[-75.07534,40.14079],[-75.07427,40.14036],[-75.07391,40.1388],[-75.07469,40.13567],[-75.07397,40.13472],[-75.07107,40.1345],[-75.06993,40.13285],[-75.07035,40.13186],[-75.07195,40.13144],[-75.07127,40.1302],[-75.0724,40.12931],[-75.07244,40.12739],[-75.07377,40.12431],[-75.07187,40.12226],[-75.07233,40.12061],[-75.071,40.11984],[-75.06946,40.11737],[-75.0704,40.11578],[-75.07528,40.11469],[-75.07591,40.11344],[-75.07234,40.11286],[-75.07107,40.11211],[-75.07302,40.10954],[-75.07371,40.10739],[-75.07352,40.10461],[-75.07134,40.10261],[-75.07263,40.10006],[-75.07158,40.09878],[-75.0731,40.09569],[-75.06984,40.09069],[-75.06689,40.08909],[-75.06671,40.08618],[-75.06389,40.08612],[-75.06252,40.08886],[-75.06114,40.08939],[-75.05995,40.08915],[-75.05965,40.0885],[-75.06067,40.08744],[-75.05934,40.08479],[-75.05935,40.08322],[-75.05779,40.08301],[-75.05717,40.08222],[-75.06163,40.07938],[-75.06133,40.07754],[-75.06358,40.0759],[-75.06366,40.075],[-75.06324,40.07457],[-75.05915,40.07556],[-75.05741,40.07781],[-75.0557,40.07733],[-75.05438,40.07599],[-75.05352,40.07752],[-75.05024,40.0787],[-75.04532,40.07795],[-75.04331,40.07528],[-75.04372,40.07379],[-75.04113,40.07253],[-75.04359,40.06909],[-75.04345,40.067],[-75.03801,40.06415],[-75.03578,40.0611],[-75.03624,40.05711],[-75.03941,40.05171],[-75.03954,40.04867],[-75.03429,40.04597],[-75.03194,40.05045],[-75.02844,40.0503],[-75.02736,40.04943],[-75.02374,40.05043],[-75.02087,40.05228],[-75.01883,40.05225],[-75.01754,40.05148],[-75.01764,40.04996],[-75.01851,40.04884],[-75.01992,40.04875],[-75.01982,40.0455],[-75.02186,40.0384],[-75.0211,40.03572],[-75.02167,40.03415],[-75.01795,40.03352],[-75.01571,40.03141],[-75.01393,40.03094],[-75.01296,40.03129],[-75.01119,40.03466],[-75.00845,40.03572],[-75.00707,40.0345],[-75.00677,40.03236],[-75.00832,40.03532],[-75.01078,40.03441],[-75.01265,40.03108],[-75.01406,40.03055],[-75.01619,40.03118],[-75.01834,40.03337],[-75.02196,40.03397],[-75.02142,40.03568],[-75.02222,40.03834],[-75.01996,40.04569],[-75.02036,40.04883],[-75.01814,40.04939],[-75.01766,40.05128],[-75.01859,40.0519],[-75.02075,40.05206],[-75.0225,40.05071],[-75.02611,40.04935],[-75.02779,40.04933],[-75.02855,40.05011],[-75.03202,40.05014],[-75.03426,40.0458],[-75.04005,40.04859],[-75.03922,40.05291],[-75.03648,40.05713],[-75.03609,40.06066],[-75.03673,40.06267],[-75.03813,40.06401],[-75.04379,40.06696],[-75.04396,40.06911],[-75.04141,40.07245],[-75.04398,40.07377],[-75.0436,40.07526],[-75.04516,40.07748],[-75.04763,40.07841],[-75.05058,40.07845],[-75.05351,40.07729],[-75.05451,40.07578],[-75.05716,40.07764],[-75.05885,40.07547],[-75.0637,40.0745],[-75.06393,40.07585],[-75.06169,40.07742],[-75.06189,40.07949],[-75.05748,40.08194],[-75.05787,40.08281],[-75.0596,40.08315],[-75.06004,40.08589],[-75.07822,40.15552]]]}},{"type":"Feature","properties":{"n":null,"area":2006864,"w":"river"},"geometry":{"type":"Polygon","coordinates":[[[-75.20472,40.28209],[-75.19606,40.27974],[-75.18957,40.28173],[-75.18804,40.28283],[-75.18821,40.28356],[-75.18932,40.2834],[-75.18639,40.28796],[-75.18743,40.28894],[-75.18649,40.29047],[-75.1833,40.29225],[-75.18172,40.29247],[-75.17845,40.2891],[-75.17799,40.28521],[-75.17309,40.2817],[-75.17135,40.28133],[-75.16978,40.27925],[-75.16918,40.2768],[-75.16549,40.2751],[-75.16516,40.27594],[-75.16284,40.2766],[-75.16188,40.27889],[-75.1607,40.28678],[-75.15765,40.28769],[-75.15642,40.2872],[-75.15635,40.28578],[-75.15326,40.28237],[-75.14909,40.27956],[-75.14483,40.28026],[-75.14071,40.28328],[-75.13657,40.28208],[-75.13574,40.28107],[-75.13833,40.27669],[-75.13792,40.27549],[-75.13259,40.27691],[-75.13285,40.27801],[-75.1319,40.27934],[-75.13258,40.28068],[-75.13103,40.28298],[-75.12842,40.28224],[-75.12704,40.27703],[-75.20472,40.28209]]]}},{"type":"Feature","properties":{"n":null,"area":1979520,"w":"river"},"geometry":{"type":"Polygon","coordinates":[[[-75.34669,40.11174],[-75.34071,40.11009],[-75.33301,40.10705],[-75.32719,40.10589],[-75.32132,40.1001],[-75.32059,40.0982],[-75.32061,40.0887],[-75.31835,40.08025],[-75.31421,40.07405],[-75.31167,40.07225],[-75.30713,40.06994],[-75.30344,40.06928],[-75.29501,40.0708],[-75.28587,40.07379],[-75.28252,40.07371],[-75.27786,40.07042],[-75.27395,40.06494],[-75.26816,40.06],[-75.34669,40.11174]]]}},{"type":"Feature","properties":{"n":null,"area":1878426,"w":"river"},"geometry":{"type":"Polygon","coordinates":[[[-75.35381,39.77908],[-75.35098,39.78102],[-75.35076,39.78228],[-75.35158,39.7829],[-75.35312,39.78277],[-75.35518,39.78399],[-75.3593,39.78165],[-75.36042,39.77987],[-75.35978,39.77495],[-75.36068,39.7799],[-75.35956,39.78175],[-75.3575,39.78317],[-75.35729,39.78442],[-75.3599,39.78574],[-75.36059,39.78472],[-75.36158,39.78676],[-75.36364,39.78834],[-75.36454,39.78805],[-75.36484,39.78844],[-75.36051,39.79098],[-75.35973,39.79303],[-75.36265,39.79148],[-75.36124,39.79306],[-75.3657,39.79243],[-75.35973,39.79372],[-75.35497,39.79731],[-75.35454,39.79853],[-75.35604,39.8011],[-75.35548,39.80308],[-75.36092,39.80377],[-75.36281,39.80614],[-75.36577,39.8076],[-75.37252,39.80693],[-75.37704,39.8077],[-75.38065,39.80747],[-75.38093,39.80981],[-75.37401,39.80869],[-75.36781,39.80929],[-75.36545,39.80902],[-75.36115,39.80616],[-75.35916,39.80407],[-75.35623,39.8044],[-75.3551,39.80375],[-75.3554,39.80087],[-75.3539,39.79883],[-75.35394,39.79787],[-75.35866,39.79372],[-75.35866,39.79276],[-75.35724,39.79227],[-75.35651,39.79369],[-75.35523,39.79402],[-75.35321,39.79319],[-75.35368,39.79151],[-75.35643,39.78956],[-75.35493,39.78825],[-75.35591,39.78541],[-75.35312,39.78346],[-75.35046,39.78353],[-75.34952,39.77865],[-75.35029,39.77693],[-75.34931,39.77499],[-75.35012,39.77261],[-75.34682,39.7704],[-75.34523,39.7673],[-75.34343,39.76806],[-75.34244,39.76925],[-75.3441,39.77083],[-75.34343,39.77247],[-75.34444,39.7738],[-75.34099,39.77618],[-75.34054,39.77596],[-75.3405,39.77528],[-75.34409,39.77377],[-75.34308,39.77182],[-75.34374,39.77061],[-75.34257,39.77011],[-75.3421,39.76898],[-75.34493,39.76687],[-75.34531,39.76443],[-75.34343,39.7642],[-75.34162,39.76117],[-75.33501,39.76084],[-75.3354,39.76041],[-75.33454,39.76047],[-75.33364,39.75952],[-75.33278,39.76004],[-75.33235,39.75932],[-75.33304,39.75935],[-75.33162,39.75889],[-75.32652,39.75737],[-75.32068,39.75678],[-75.31828,39.75556],[-75.31503,39.7558],[-75.31333,39.75484],[-75.31158,39.75542],[-75.30815,39.7545],[-75.307,39.7548],[-75.30684,39.7528],[-75.30571,39.7523],[-75.30327,39.74926],[-75.30171,39.749],[-75.30086,39.74986],[-75.29974,39.7499],[-75.29793,39.74931],[-75.29699,39.75016],[-75.2943,39.74845],[-75.29408,39.7491],[-75.2917,39.74959],[-75.28938,39.74886],[-75.28912,39.74793],[-75.28316,39.74457],[-75.28568,39.74552],[-75.28624,39.74639],[-75.28923,39.74782],[-75.28944,39.74874],[-75.29017,39.74847],[-75.29094,39.74918],[-75.29366,39.74899],[-75.29402,39.74802],[-75.29703,39.74976],[-75.2975,39.74899],[-75.30021,39.74945],[-75.30169,39.74859],[-75.3032,39.74893],[-75.30732,39.753],[-75.30726,39.75435],[-75.3099,39.75437],[-75.3115,39.755],[-75.3133,39.75448],[-75.31476,39.75524],[-75.31841,39.7551],[-75.32205,39.75661],[-75.32606,39.75691],[-75.34222,39.76113],[-75.34261,39.75965],[-75.34343,39.75948],[-75.34248,39.76047],[-75.34338,39.76354],[-75.34656,39.76437],[-75.34664,39.76328],[-75.3436,39.76183],[-75.34686,39.76315],[-75.34673,39.76888],[-75.34746,39.77011],[-75.35012,39.77212],[-75.35295,39.77238],[-75.35485,39.77325],[-75.35506,39.77532],[-75.356,39.7766],[-75.35401,39.77792],[-75.35386,39.77902],[-75.35381,39.77908]]]}},{"type":"Feature","properties":{"n":null,"area":1875646,"w":"river"},"geometry":{"type":"Polygon","coordinates":[[[-75.72281,40.30374],[-75.72517,40.30074],[-75.72495,40.29915],[-75.71812,40.3017],[-75.71408,40.30396],[-75.71276,40.30399],[-75.71152,40.30291],[-75.71154,40.30075],[-75.71655,40.29708],[-75.71645,40.29528],[-75.71094,40.2931],[-75.70552,40.29279],[-75.70535,40.29042],[-75.70714,40.2869],[-75.70673,40.28099],[-75.70565,40.2782],[-75.70165,40.27774],[-75.69691,40.27971],[-75.69189,40.28091],[-75.68816,40.28321],[-75.68522,40.28238],[-75.72281,40.30374]]]}},{"type":"Feature","properties":{"n":null,"area":1850423,"w":"river"},"geometry":{"type":"Polygon","coordinates":[[[-74.96246,40.22667],[-74.96611,40.23004],[-74.97212,40.23099],[-74.97404,40.23218],[-74.97355,40.23401],[-74.97082,40.23641],[-74.96986,40.2393],[-74.97015,40.2408],[-74.973,40.24102],[-74.9755,40.24011],[-74.97791,40.24058],[-74.97971,40.24396],[-74.98486,40.24659],[-74.98577,40.24618],[-74.98837,40.24211],[-74.99125,40.24136],[-74.9921,40.24059],[-74.99356,40.24076],[-74.99511,40.2457],[-74.99434,40.24924],[-74.99604,40.25111],[-75.00126,40.24827],[-75.00264,40.24874],[-75.00609,40.25217],[-75.01032,40.25161],[-75.01936,40.24853],[-75.02112,40.2487],[-75.02449,40.25247],[-75.02952,40.25359],[-75.03308,40.25602],[-75.03503,40.2611],[-75.03978,40.26572],[-75.04171,40.26618],[-75.04257,40.26582],[-75.04593,40.25979],[-75.04793,40.25771],[-75.05354,40.25596],[-75.05477,40.25617],[-75.05684,40.25775],[-75.05279,40.26637],[-74.96246,40.22667]]]}},{"type":"Feature","properties":{"n":null,"area":1831898,"w":"river"},"geometry":{"type":"Polygon","coordinates":[[[-75.46236,40.11903],[-75.46967,40.11572],[-75.47068,40.11405],[-75.47123,40.11245],[-75.47077,40.11075],[-75.46781,40.10641],[-75.4617,40.10323],[-75.45609,40.10494],[-75.45035,40.10767],[-75.46236,40.11903]]]}},{"type":"Feature","properties":{"n":"Manor Lake","area":1800034,"w":"lake"},"geometry":{"type":"Polygon","coordinates":[[[-74.78096,40.15111],[-74.782,40.14746],[-74.78625,40.14235],[-74.7885,40.13716],[-74.79198,40.1345],[-74.80079,40.13299],[-74.79761,40.1329],[-74.79258,40.1341],[-74.79593,40.1311],[-74.79243,40.1292],[-74.79164,40.12943],[-74.79306,40.12975],[-74.79136,40.13051],[-74.79014,40.12995],[-74.78777,40.13159],[-74.78777,40.13315],[-74.78831,40.1333],[-74.78711,40.13517],[-74.78182,40.13701],[-74.7831,40.13568],[-74.78511,40.13581],[-74.78591,40.13533],[-74.78546,40.13404],[-74.78726,40.13391],[-74.78711,40.13174],[-74.78417,40.13349],[-74.78239,40.13368],[-74.7761,40.13161],[-74.77722,40.13066],[-74.77866,40.13066],[-74.77747,40.12994],[-74.77604,40.13025],[-74.77527,40.13166],[-74.77203,40.13292],[-74.77195,40.13663],[-74.77459,40.13665],[-74.77184,40.13713],[-74.77207,40.13821],[-74.77464,40.13816],[-74.77629,40.13931],[-74.77541,40.14019],[-74.77734,40.14024],[-74.77779,40.14085],[-74.77407,40.14328],[-74.77407,40.14384],[-74.77638,40.14372],[-74.77786,40.14273],[-74.77733,40.14579],[-74.77934,40.14286],[-74.78179,40.14236],[-74.78268,40.14153],[-74.78284,40.13991],[-74.7831,40.14093],[-74.7849,40.14026],[-74.77931,40.14897],[-74.7792,40.15122],[-74.7809,40.15118],[-74.78096,40.15111]]]}},{"type":"Feature","properties":{"n":"Green Lane Reservoir","area":1747991,"w":"reservoir"},"geometry":{"type":"Polygon","coordinates":[[[-75.51105,40.37869],[-75.51407,40.37822],[-75.51731,40.38041],[-75.51718,40.38175],[-75.51811,40.38344],[-75.51768,40.38449],[-75.51673,40.3845],[-75.51352,40.38822],[-75.51219,40.38816],[-75.51324,40.3866],[-75.51324,40.38602],[-75.51231,40.38633],[-75.51251,40.38304],[-75.51339,40.38147],[-75.51219,40.38077],[-75.51315,40.37876],[-75.51161,40.3807],[-75.51047,40.38049],[-75.50598,40.38276],[-75.50566,40.38425],[-75.50302,40.38708],[-75.50457,40.38078],[-75.50191,40.38416],[-75.49953,40.38378],[-75.49807,40.38132],[-75.5012,40.37975],[-75.50077,40.3776],[-75.49922,40.37787],[-75.49885,40.37743],[-75.50017,40.37606],[-75.49822,40.37591],[-75.49654,40.3767],[-75.49607,40.37551],[-75.49509,40.37545],[-75.49626,40.37531],[-75.49587,40.3751],[-75.49356,40.37536],[-75.49365,40.37489],[-75.49507,40.3747],[-75.49489,40.37428],[-75.49217,40.37389],[-75.49249,40.37313],[-75.49484,40.37329],[-75.49399,40.37315],[-75.494,40.37265],[-75.496,40.37207],[-75.50075,40.37255],[-75.50191,40.37202],[-75.50729,40.36856],[-75.50736,40.36785],[-75.50478,40.36761],[-75.50573,40.36738],[-75.50521,40.36632],[-75.50628,40.36692],[-75.51105,40.37869]]]}},{"type":"Feature","properties":{"n":null,"area":1744323,"w":"reservoir"},"geometry":{"type":"Polygon","coordinates":[[[-75.18823,39.96759],[-75.19046,39.96853],[-75.19208,39.97009],[-75.19462,39.97615],[-75.19943,39.97781],[-75.20415,39.98119],[-75.20534,39.9852],[-75.20317,39.98836],[-75.19578,39.99475],[-75.19379,39.99746],[-75.19234,40.001],[-75.19233,40.00521],[-75.19382,40.00675],[-75.19756,40.00763],[-75.20598,40.01101],[-75.2128,40.0154],[-75.21946,40.02135],[-75.18823,39.96759]]]}},{"type":"Feature","properties":{"n":null,"area":1741372,"w":"river"},"geometry":{"type":"Polygon","coordinates":[[[-75.47724,40.3211],[-75.47317,40.3227],[-75.46796,40.3214],[-75.46413,40.32442],[-75.46214,40.32505],[-75.4584,40.32299],[-75.45548,40.32637],[-75.44911,40.32625],[-75.45257,40.33051],[-75.4503,40.33367],[-75.44611,40.33621],[-75.44505,40.33797],[-75.44289,40.3379],[-75.43918,40.33977],[-75.43742,40.34186],[-75.4374,40.34476],[-75.47724,40.3211]]]}},{"type":"Feature","properties":{"n":"French Creek","area":1613631,"w":"river"},"geometry":{"type":"Polygon","coordinates":[[[-75.56721,40.14038],[-75.56486,40.13559],[-75.56217,40.13321],[-75.55886,40.13352],[-75.55716,40.135],[-75.55773,40.13892],[-75.55615,40.13973],[-75.55227,40.13795],[-75.54994,40.13595],[-75.54913,40.13432],[-75.54671,40.13379],[-75.54217,40.13387],[-75.54128,40.13476],[-75.53828,40.13533],[-75.53585,40.13456],[-75.53085,40.13551],[-75.52982,40.13819],[-75.52744,40.13709],[-75.52506,40.13236],[-75.5229,40.1328],[-75.51701,40.13609],[-75.5135,40.13494],[-75.51029,40.13639],[-75.56721,40.14038]]]}},{"type":"Feature","properties":{"n":"Marsh Creek Reservoir","area":1608754,"w":"reservoir"},"geometry":{"type":"Polygon","coordinates":[[[-75.72504,40.07263],[-75.72233,40.0726],[-75.72062,40.07442],[-75.7192,40.0722],[-75.718,40.07201],[-75.71732,40.07289],[-75.71162,40.07432],[-75.70941,40.07596],[-75.70881,40.07559],[-75.71018,40.07362],[-75.72004,40.06931],[-75.71968,40.06852],[-75.72142,40.06655],[-75.72074,40.0656],[-75.72158,40.06218],[-75.72089,40.06128],[-75.7161,40.06414],[-75.71263,40.06422],[-75.71013,40.06633],[-75.70871,40.06598],[-75.70847,40.0656],[-75.71141,40.06352],[-75.71553,40.06333],[-75.72004,40.06008],[-75.71962,40.05907],[-75.7136,40.05946],[-75.71253,40.05762],[-75.71398,40.0579],[-75.71495,40.05714],[-75.71641,40.05776],[-75.7159,40.05613],[-75.71838,40.05494],[-75.72369,40.05711],[-75.7254,40.05849],[-75.72872,40.05932],[-75.72424,40.06048],[-75.72479,40.06186],[-75.72808,40.06259],[-75.72957,40.0645],[-75.72859,40.06473],[-75.72937,40.06509],[-75.72894,40.06633],[-75.73026,40.06977],[-75.72504,40.07263]]]}},{"type":"Feature","properties":{"n":null,"area":1559622,"w":"river"},"geometry":{"type":"Polygon","coordinates":[[[-75.2697,40.05899],[-75.27214,40.06057],[-75.2789,40.07002],[-75.28272,40.07251],[-75.28592,40.07276],[-75.29538,40.06977],[-75.30321,40.06854],[-75.306,40.06878],[-75.30961,40.07003],[-75.31664,40.07446],[-75.3209,40.0819],[-75.32234,40.09025],[-75.32161,40.09719],[-75.32301,40.1005],[-75.32773,40.10506],[-75.33521,40.10643],[-75.34152,40.10893],[-75.34706,40.10926],[-75.2697,40.05899]]]}},{"type":"Feature","properties":{"n":"Lake Galena","area":1503622,"w":"reservoir"},"geometry":{"type":"Polygon","coordinates":[[[-75.16765,40.33909],[-75.16769,40.3396],[-75.16866,40.33903],[-75.16849,40.33942],[-75.16963,40.33957],[-75.1695,40.33897],[-75.17053,40.33942],[-75.17188,40.33907],[-75.17554,40.33585],[-75.17833,40.33497],[-75.18154,40.33274],[-75.18887,40.3299],[-75.19284,40.32746],[-75.19564,40.32447],[-75.20004,40.32299],[-75.20288,40.32107],[-75.20496,40.31933],[-75.20211,40.31541],[-75.19724,40.31626],[-75.19673,40.31686],[-75.19716,40.31772],[-75.19477,40.31909],[-75.19404,40.32036],[-75.18989,40.32234],[-75.18605,40.32643],[-75.17761,40.33175],[-75.17619,40.33338],[-75.17485,40.33378],[-75.17351,40.33557],[-75.17133,40.33677],[-75.17145,40.33746],[-75.1691,40.33836],[-75.16923,40.33883],[-75.16785,40.33897],[-75.16765,40.33909]]]}},{"type":"Feature","properties":{"n":null,"area":1491947,"w":"river"},"geometry":{"type":"Polygon","coordinates":[[[-75.46473,40.12598],[-75.4695,40.12583],[-75.47692,40.12747],[-75.48155,40.12616],[-75.48859,40.12512],[-75.49344,40.12543],[-75.50555,40.13173],[-75.50974,40.13597],[-75.46473,40.12598]]]}},{"type":"Feature","properties":{"n":null,"area":1462016,"w":"river"},"geometry":{"type":"Polygon","coordinates":[[[-75.12704,40.27703],[-75.12856,40.28033],[-75.13064,40.28139],[-75.13188,40.28071],[-75.13134,40.279],[-75.13181,40.27701],[-75.1359,40.27548],[-75.1382,40.27536],[-75.13879,40.27652],[-75.136,40.28101],[-75.13666,40.28184],[-75.13952,40.2826],[-75.1423,40.28197],[-75.1459,40.27953],[-75.14935,40.27946],[-75.1516,40.28147],[-75.15254,40.28142],[-75.15371,40.28234],[-75.15734,40.28748],[-75.16056,40.28634],[-75.16128,40.27912],[-75.16231,40.27589],[-75.16234,40.27644],[-75.1632,40.27502],[-75.16569,40.27462],[-75.16934,40.27655],[-75.16982,40.27884],[-75.17171,40.28134],[-75.1732,40.28142],[-75.17847,40.28536],[-75.17909,40.28945],[-75.18275,40.29165],[-75.18469,40.29058],[-75.1852,40.28783],[-75.18654,40.28729],[-75.1883,40.2846],[-75.18802,40.28255],[-75.19065,40.28105],[-75.19618,40.27953],[-75.20472,40.28209],[-75.12704,40.27703]]]}},{"type":"Feature","properties":{"n":"Springton Reservoir","area":1459310,"w":"reservoir"},"geometry":{"type":"Polygon","coordinates":[[[-75.42856,39.96651],[-75.42539,39.96389],[-75.4261,39.96239],[-75.42321,39.96231],[-75.42026,39.96018],[-75.41961,39.96068],[-75.41942,39.96285],[-75.41744,39.96039],[-75.41524,39.95941],[-75.41597,39.95667],[-75.41468,39.95625],[-75.41426,39.9554],[-75.41224,39.95501],[-75.41176,39.95303],[-75.4098,39.95542],[-75.40794,39.95583],[-75.40641,39.95397],[-75.40497,39.95367],[-75.40443,39.9526],[-75.40297,39.95246],[-75.40229,39.95087],[-75.40367,39.94963],[-75.40259,39.94954],[-75.40065,39.95083],[-75.40058,39.95199],[-75.39895,39.9524],[-75.39599,39.95158],[-75.39642,39.94958],[-75.39584,39.94899],[-75.39474,39.95021],[-75.39284,39.95586],[-75.3934,39.95624],[-75.39497,39.95548],[-75.39634,39.95596],[-75.39694,39.958],[-75.39651,39.95898],[-75.39881,39.95902],[-75.39913,39.96152],[-75.40082,39.95817],[-75.40218,39.95815],[-75.40348,39.96081],[-75.40534,39.96104],[-75.40571,39.9618],[-75.40437,39.96495],[-75.40666,39.96458],[-75.4078,39.96535],[-75.40747,39.96307],[-75.40829,39.96036],[-75.40725,39.95993],[-75.40667,39.95755],[-75.40974,39.95739],[-75.41147,39.95658],[-75.41246,39.9585],[-75.41331,39.95885],[-75.41419,39.96141],[-75.41657,39.96181],[-75.41709,39.96309],[-75.41936,39.96425],[-75.41952,39.96313],[-75.42136,39.9623],[-75.42226,39.9641],[-75.42503,39.96403],[-75.42541,39.96554],[-75.42787,39.96675],[-75.42903,39.96821],[-75.4288,39.96694],[-75.42856,39.96651]]]}},{"type":"Feature","properties":{"n":"Green Lane Reservoir","area":1339846,"w":"reservoir"},"geometry":{"type":"Polygon","coordinates":[[[-75.50628,40.36692],[-75.50798,40.36656],[-75.50819,40.36414],[-75.50945,40.36616],[-75.5067,40.36135],[-75.51004,40.36125],[-75.51099,40.35957],[-75.50652,40.35926],[-75.5048,40.3559],[-75.5037,40.35516],[-75.50214,40.35694],[-75.50227,40.35893],[-75.50134,40.35832],[-75.50142,40.35728],[-75.50054,40.35713],[-75.50167,40.35661],[-75.50247,40.3543],[-75.49497,40.35113],[-75.4907,40.35336],[-75.49022,40.35451],[-75.48951,40.35387],[-75.48733,40.3541],[-75.49079,40.35237],[-75.48846,40.35132],[-75.48659,40.34866],[-75.48501,40.34811],[-75.48654,40.34739],[-75.48676,40.3453],[-75.48845,40.3429],[-75.48015,40.34323],[-75.47829,40.34228],[-75.48005,40.34097],[-75.48953,40.34168],[-75.49047,40.34329],[-75.48839,40.34717],[-75.49013,40.34902],[-75.49169,40.34949],[-75.49461,40.34822],[-75.49699,40.34807],[-75.49708,40.34974],[-75.50545,40.35335],[-75.50478,40.35352],[-75.50794,40.35772],[-75.51081,40.35741],[-75.51287,40.35803],[-75.51324,40.36095],[-75.51173,40.36175],[-75.51125,40.36362],[-75.51176,40.36449],[-75.5105,40.36497],[-75.51082,40.36894],[-75.51126,40.3692],[-75.51114,40.3688],[-75.51612,40.36663],[-75.51894,40.36802],[-75.51987,40.37119],[-75.51872,40.37298],[-75.51802,40.37172],[-75.51808,40.37353],[-75.51749,40.37119],[-75.51806,40.36958],[-75.51539,40.3689],[-75.51327,40.36947],[-75.5134,40.37022],[-75.51207,40.37129],[-75.51113,40.36949],[-75.51161,40.37086],[-75.5089,40.37147],[-75.5077,40.37308],[-75.50684,40.37196],[-75.50569,40.37212],[-75.50535,40.3729],[-75.50642,40.37557],[-75.5053,40.37754],[-75.50574,40.37848],[-75.50792,40.379],[-75.51105,40.37869],[-75.50628,40.36692]]]}},{"type":"Feature","properties":{"n":null,"area":1308035,"w":"river"},"geometry":{"type":"Polygon","coordinates":[[[-75.11889,40.56],[-75.07959,40.5508],[-75.08165,40.55349],[-75.0895,40.56],[-75.11889,40.56]]]}},{"type":"Feature","properties":{"n":null,"area":1270103,"w":"river"},"geometry":{"type":"Polygon","coordinates":[[[-75.09768,39.85317],[-75.09822,39.852],[-75.09813,39.85326],[-75.10227,39.85584],[-75.10337,39.85546],[-75.10422,39.85597],[-75.1045,39.85554],[-75.10578,39.85747],[-75.10552,39.85916],[-75.10722,39.85979],[-75.10862,39.85926],[-75.10849,39.85799],[-75.10905,39.85878],[-75.11338,39.85546],[-75.10909,39.85922],[-75.11402,39.8593],[-75.11634,39.86227],[-75.12222,39.86635],[-75.12315,39.87002],[-75.12458,39.87214],[-75.12335,39.87308],[-75.12094,39.87232],[-75.12142,39.87315],[-75.1262,39.87423],[-75.13051,39.87618],[-75.13278,39.8782],[-75.13304,39.87973],[-75.1348,39.87937],[-75.13652,39.87818],[-75.13707,39.88201],[-75.13278,39.88577],[-75.12881,39.88423],[-75.12697,39.88165],[-75.12655,39.88369],[-75.12549,39.88475],[-75.12384,39.88391],[-75.12166,39.88393],[-75.12074,39.88338],[-75.11988,39.88371],[-75.11955,39.88314],[-75.11802,39.88329],[-75.11706,39.88423],[-75.11315,39.88231],[-75.10844,39.87881],[-75.10809,39.87788],[-75.10607,39.87804],[-75.10609,39.87669],[-75.10671,39.87721],[-75.10618,39.87798],[-75.10807,39.8777],[-75.1135,39.88202],[-75.11639,39.88333],[-75.119,39.88285],[-75.11935,39.88227],[-75.11981,39.88303],[-75.12218,39.88366],[-75.12184,39.88267],[-75.12264,39.88228],[-75.12513,39.88411],[-75.12608,39.88326],[-75.1269,39.88021],[-75.1314,39.87795],[-75.1254,39.87447],[-75.12228,39.87422],[-75.12029,39.87293],[-75.11967,39.87114],[-75.11854,39.87118],[-75.11804,39.86606],[-75.11434,39.86007],[-75.11321,39.85962],[-75.10863,39.85991],[-75.10827,39.86065],[-75.10569,39.86067],[-75.10477,39.85932],[-75.10475,39.85698],[-75.1021,39.8569],[-75.10254,39.85653],[-75.10066,39.85541],[-75.09454,39.85254],[-75.09504,39.85222],[-75.09689,39.85286],[-75.09768,39.85317]]]}},{"type":"Feature","properties":{"n":null,"area":1200745,"w":"river"},"geometry":{"type":"Polygon","coordinates":[[[-75.38331,40.22202],[-75.38582,40.2191],[-75.38911,40.2174],[-75.38974,40.21532],[-75.38936,40.21017],[-75.38711,40.20718],[-75.38847,40.20413],[-75.38741,40.19806],[-75.39347,40.1973],[-75.39562,40.19769],[-75.39781,40.1991],[-75.4019,40.19834],[-75.40379,40.19596],[-75.40375,40.19399],[-75.4063,40.18975],[-75.409,40.18874],[-75.41283,40.18586],[-75.41504,40.18531],[-75.42183,40.18028],[-75.42194,40.17602],[-75.42653,40.17615],[-75.43039,40.1736],[-75.43051,40.17042],[-75.43169,40.16948],[-75.43102,40.16602],[-75.43167,40.16498],[-75.43623,40.16317],[-75.44182,40.16212],[-75.44024,40.15671],[-75.44477,40.15236],[-75.44686,40.14921],[-75.38331,40.22202]]]}},{"type":"Feature","properties":{"n":null,"area":1176884,"w":"river"},"geometry":{"type":"Polygon","coordinates":[[[-75.18952,39.94599],[-75.1833,39.95044],[-75.17997,39.95777],[-75.18187,39.96171],[-75.18476,39.96506],[-75.18823,39.96759],[-75.18952,39.94599]]]}},{"type":"Feature","properties":{"n":null,"area":1133230,"w":"river"},"geometry":{"type":"Polygon","coordinates":[[[-74.93912,40.19159],[-74.93463,40.18881],[-74.92585,40.18903],[-74.92271,40.18635],[-74.93283,40.18262],[-74.94491,40.17989],[-74.94982,40.17813],[-74.95153,40.17815],[-74.95433,40.17945],[-74.95683,40.17798],[-74.95702,40.17576],[-74.95821,40.17344],[-74.95004,40.16708],[-74.94923,40.16454],[-74.95725,40.1587],[-74.95641,40.15194],[-74.95729,40.14999],[-74.95675,40.14927],[-74.95793,40.14819],[-74.95826,40.14625],[-74.9575,40.14548],[-74.95551,40.14552],[-74.95601,40.14519],[-74.95048,40.14558],[-74.94299,40.14797],[-74.93435,40.15307],[-74.92884,40.1526],[-74.92462,40.15043],[-74.91454,40.14197],[-74.90936,40.14107],[-74.90611,40.13902],[-74.9029,40.13503],[-74.89869,40.13197],[-74.90147,40.12718],[-74.90314,40.11964],[-74.90586,40.11707],[-74.90478,40.11035],[-74.90288,40.10517],[-74.90313,40.10383],[-74.90711,40.09956],[-74.91073,40.09895],[-74.91262,40.09802],[-74.91542,40.09019],[-74.91541,40.08775],[-74.91461,40.08619],[-74.91138,40.08458],[-74.91049,40.08344],[-74.91025,40.07881],[-74.90861,40.07615],[-74.93912,40.19159]]]}},{"type":"Feature","properties":{"n":null,"area":1119565,"w":"river"},"geometry":{"type":"Polygon","coordinates":[[[-75.0637,40.46711],[-75.06908,40.45776],[-75.06924,40.45619],[-75.06501,40.44625],[-75.06492,40.44239],[-75.06133,40.43145],[-75.06126,40.42708],[-75.06016,40.42252],[-75.0637,40.46711]]]}},{"type":"Feature","properties":{"n":null,"area":1016533,"w":"water"},"geometry":{"type":"Polygon","coordinates":[[[-74.78159,40.18354],[-74.78269,40.18748],[-74.78059,40.18866],[-74.77931,40.18804],[-74.77916,40.1896],[-74.77821,40.18846],[-74.77719,40.18828],[-74.77674,40.18959],[-74.7747,40.19091],[-74.77366,40.19083],[-74.77339,40.18804],[-74.77236,40.18662],[-74.77142,40.1868],[-74.77244,40.19157],[-74.77333,40.19091],[-74.77497,40.19228],[-74.77812,40.19084],[-74.77867,40.19227],[-74.77782,40.19382],[-74.76923,40.19098],[-74.76677,40.18892],[-74.76518,40.18608],[-74.76769,40.18421],[-74.76973,40.18546],[-74.77136,40.18533],[-74.77286,40.18177],[-74.77856,40.18338],[-74.78155,40.18352],[-74.78159,40.18354]]]}},{"type":"Feature","properties":{"n":null,"area":994967,"w":"stream"},"geometry":{"type":"Polygon","coordinates":[[[-75.45249,40.22611],[-75.45162,40.22208],[-75.44685,40.2117],[-75.44832,40.20966],[-75.4506,40.19698],[-75.44954,40.19204],[-75.44836,40.19063],[-75.44874,40.18909],[-75.44703,40.18168],[-75.44773,40.17799],[-75.45031,40.1735],[-75.45337,40.17169],[-75.4584,40.17083],[-75.46161,40.16846],[-75.46221,40.1672],[-75.46135,40.16647],[-75.4555,40.16555],[-75.45446,40.1644],[-75.45595,40.15962],[-75.45514,40.15138],[-75.4538,40.15029],[-75.44735,40.14942],[-75.45249,40.22611]]]}},{"type":"Feature","properties":{"n":null,"area":985857,"w":"river"},"geometry":{"type":"Polygon","coordinates":[[[-75.41989,40.29984],[-75.41718,40.29753],[-75.41289,40.29562],[-75.41258,40.29396],[-75.41363,40.29282],[-75.41622,40.29216],[-75.41794,40.29088],[-75.41869,40.28862],[-75.41464,40.28299],[-75.40813,40.27936],[-75.40827,40.27822],[-75.41089,40.27642],[-75.41154,40.2765],[-75.40873,40.27833],[-75.40853,40.27914],[-75.41544,40.28344],[-75.41899,40.28881],[-75.41852,40.29045],[-75.41712,40.29173],[-75.41363,40.29298],[-75.41274,40.29405],[-75.41289,40.29525],[-75.41362,40.29618],[-75.41745,40.29742],[-75.42004,40.29972],[-75.42058,40.30202],[-75.422,40.303],[-75.42153,40.30543],[-75.4165,40.31107],[-75.41439,40.31156],[-75.41043,40.31112],[-75.406,40.31271],[-75.40684,40.31418],[-75.40949,40.31617],[-75.40949,40.31718],[-75.40684,40.31718],[-75.40061,40.31504],[-75.39991,40.31706],[-75.40175,40.31978],[-75.40152,40.32082],[-75.39869,40.32108],[-75.39548,40.32053],[-75.39481,40.32261],[-75.41989,40.29984]]]}},{"type":"Feature","properties":{"n":null,"area":981814,"w":"river"},"geometry":{"type":"Polygon","coordinates":[[[-75.43696,40.34472],[-75.43706,40.34203],[-75.43892,40.33969],[-75.44279,40.33782],[-75.445,40.3376],[-75.44625,40.33589],[-75.45018,40.33345],[-75.45216,40.33062],[-75.45213,40.32974],[-75.45129,40.32964],[-75.4489,40.32622],[-75.45559,40.32613],[-75.45796,40.32276],[-75.45958,40.32315],[-75.46127,40.32464],[-75.46295,40.32461],[-75.46668,40.32173],[-75.46906,40.3213],[-75.43696,40.34472]]]}},{"type":"Feature","properties":{"n":null,"area":941130,"w":"river"},"geometry":{"type":"Polygon","coordinates":[[[-75.05279,40.26637],[-75.05733,40.25829],[-75.05692,40.25706],[-75.05439,40.25576],[-75.0497,40.25667],[-75.04744,40.25774],[-75.04568,40.25952],[-75.04546,40.26115],[-75.04272,40.26522],[-75.05279,40.26637]]]}},{"type":"Feature","properties":{"n":null,"area":909998,"w":"river"},"geometry":{"type":"Polygon","coordinates":[[[-75.46197,40.1026],[-75.46451,40.10324],[-75.4686,40.10592],[-75.47227,40.11192],[-75.46989,40.11698],[-75.46818,40.11815],[-75.46322,40.11968],[-75.46221,40.12071],[-75.46158,40.12384],[-75.46278,40.12514],[-75.46473,40.12598],[-75.46197,40.1026]]]}},{"type":"Feature","properties":{"n":null,"area":896830,"w":"river"},"geometry":{"type":"Polygon","coordinates":[[[-75.04272,40.26522],[-75.04176,40.26596],[-75.03922,40.26524],[-75.03649,40.26163],[-75.03515,40.26089],[-75.03335,40.25584],[-75.02997,40.25346],[-75.02442,40.252],[-75.02144,40.24842],[-75.01047,40.24931],[-75.00925,40.25048],[-75.01044,40.24943],[-75.01582,40.24918],[-75.01358,40.25038],[-75.0061,40.25178],[-75.00323,40.24867],[-75.001,40.24803],[-74.99585,40.25072],[-74.99493,40.24993],[-74.99474,40.24856],[-74.99622,40.24356],[-74.99376,40.24058],[-74.99231,40.24031],[-74.99111,40.24116],[-74.98829,40.24181],[-74.98565,40.24554],[-74.98424,40.24601],[-74.98,40.24354],[-74.97967,40.24115],[-74.97799,40.23957],[-74.97648,40.23948],[-74.97225,40.24067],[-74.97031,40.24044],[-74.97138,40.23646],[-74.97449,40.23369],[-74.97461,40.23191],[-74.97268,40.23069],[-74.96609,40.2295],[-74.96326,40.22681],[-75.04272,40.26522]]]}},{"type":"Feature","properties":{"n":null,"area":864358,"w":"river"},"geometry":{"type":"Polygon","coordinates":[[[-75.15472,40.22552],[-75.15833,40.22736],[-75.15697,40.22623],[-75.15529,40.22614],[-75.15164,40.22267],[-75.15014,40.22394],[-75.14807,40.22415],[-75.14596,40.22527],[-75.1442,40.22283],[-75.14264,40.22243],[-75.14117,40.22347],[-75.14048,40.22524],[-75.13562,40.22725],[-75.13311,40.22361],[-75.12805,40.22619],[-75.12402,40.23126],[-75.11954,40.22852],[-75.11535,40.22792],[-75.11107,40.22961],[-75.10864,40.23177],[-75.10619,40.23234],[-75.1056,40.23318],[-75.10247,40.23272],[-75.09951,40.23149],[-75.09299,40.23497],[-75.09163,40.23422],[-75.08718,40.23495],[-75.08544,40.23471],[-75.15472,40.22552]]]}},{"type":"Feature","properties":{"n":null,"area":827833,"w":"river"},"geometry":{"type":"Polygon","coordinates":[[[-74.95575,40.38238],[-74.96049,40.38969],[-74.96267,40.39523],[-74.96485,40.398],[-74.96893,40.40071],[-74.9787,40.40388],[-74.95575,40.38238]]]}},{"type":"Feature","properties":{"n":null,"area":813145,"w":"river"},"geometry":{"type":"Polygon","coordinates":[[[-75.61015,39.885],[-75.60287,39.88032],[-75.60159,39.87794],[-75.59875,39.87687],[-75.59855,39.87495],[-75.59632,39.87141],[-75.59572,39.8706],[-75.59374,39.86993],[-75.59263,39.86805],[-75.59313,39.86698],[-75.59544,39.86662],[-75.59688,39.86459],[-75.59674,39.8627],[-75.60169,39.85644],[-75.60157,39.8555],[-75.59883,39.85401],[-75.59424,39.85338],[-75.59204,39.85209],[-75.59215,39.85136],[-75.59412,39.85046],[-75.59505,39.84501],[-75.59796,39.84117],[-75.59773,39.83909],[-75.59508,39.83715],[-75.59299,39.83775],[-75.58926,39.84277],[-75.58677,39.84409],[-75.58381,39.84287],[-75.58208,39.84125],[-75.57815,39.83619],[-75.57743,39.83429],[-75.57327,39.83032],[-75.57362,39.82854],[-75.57539,39.82608],[-75.57582,39.82275],[-75.56971,39.81654],[-75.56642,39.80872],[-75.56723,39.80718],[-75.57119,39.8041],[-75.5742,39.79999],[-75.57549,39.7953],[-75.58051,39.79186],[-75.58052,39.78981],[-75.57767,39.78681],[-75.57756,39.78466],[-75.57111,39.78253],[-75.57058,39.78156],[-75.57397,39.7775],[-75.5776,39.77561],[-75.57943,39.77109],[-75.57878,39.76989],[-75.57691,39.76914],[-75.57683,39.76963],[-75.57864,39.77034],[-75.57821,39.77289],[-75.57641,39.7753],[-75.57335,39.7774],[-75.57042,39.78076],[-75.57025,39.78194],[-75.57116,39.78296],[-75.57705,39.78467],[-75.57718,39.78689],[-75.57955,39.789],[-75.58012,39.79173],[-75.57492,39.79543],[-75.57498,39.79705],[-75.57388,39.7993],[-75.57134,39.80328],[-75.56668,39.80735],[-75.56614,39.80989],[-75.57089,39.81899],[-75.5754,39.82245],[-75.57468,39.82632],[-75.57289,39.82911],[-75.57308,39.83065],[-75.57701,39.83451],[-75.5804,39.84002],[-75.58329,39.84302],[-75.58628,39.84449],[-75.58742,39.84428],[-75.58994,39.84257],[-75.59213,39.83881],[-75.59438,39.83752],[-75.59745,39.83916],[-75.59765,39.84099],[-75.59471,39.84452],[-75.59392,39.84994],[-75.59154,39.85133],[-75.59253,39.85324],[-75.59891,39.85444],[-75.60109,39.85544],[-75.60137,39.8562],[-75.59624,39.86277],[-75.59647,39.86443],[-75.59536,39.86622],[-75.59278,39.86688],[-75.59245,39.86858],[-75.59362,39.87025],[-75.59574,39.8713],[-75.59816,39.87498],[-75.59842,39.87713],[-75.60124,39.87805],[-75.60267,39.88055],[-75.60846,39.88412],[-75.6089,39.88602],[-75.6076,39.88653],[-75.60792,39.88762],[-75.60874,39.88799],[-75.60966,39.88725],[-75.61088,39.88726],[-75.61015,39.885]]]}},{"type":"Feature","properties":{"n":"Cooper River Lake","area":810773,"w":"reservoir"},"geometry":{"type":"Polygon","coordinates":[[[-75.08388,39.92657],[-75.08646,39.92625],[-75.08715,39.92559],[-75.08624,39.92559],[-75.087,39.92548],[-75.08811,39.92646],[-75.08899,39.9262],[-75.08945,39.9269],[-75.0888,39.92821],[-75.08968,39.92972],[-75.08842,39.93194],[-75.08677,39.93168],[-75.08712,39.9308],[-75.08568,39.93188],[-75.08691,39.92966],[-75.08701,39.9274],[-75.08642,39.92699],[-75.08251,39.92712],[-75.07773,39.92577],[-75.07393,39.92665],[-75.06928,39.92663],[-75.06776,39.92614],[-75.0648,39.92764],[-75.0647,39.92685],[-75.06181,39.92693],[-75.06332,39.92766],[-75.0645,39.92755],[-75.06371,39.9284],[-75.06102,39.92678],[-75.05691,39.92626],[-75.05693,39.92536],[-75.05542,39.92403],[-75.05189,39.924],[-75.04656,39.92245],[-75.04606,39.92119],[-75.04425,39.92041],[-75.04242,39.91799],[-75.04334,39.91796],[-75.04539,39.92042],[-75.04832,39.92187],[-75.05467,39.9228],[-75.05517,39.92379],[-75.05616,39.92328],[-75.06109,39.92529],[-75.07085,39.92444],[-75.0722,39.92487],[-75.07888,39.92472],[-75.08163,39.92384],[-75.08297,39.92463],[-75.08383,39.92656],[-75.08388,39.92657]]]}},{"type":"Feature","properties":{"n":null,"area":785542,"w":"river"},"geometry":{"type":"Polygon","coordinates":[[[-75.06676,40.52599],[-75.0674,40.53341],[-75.06906,40.54069],[-75.07082,40.54239],[-75.07693,40.54566],[-75.0815,40.5495],[-75.06676,40.52599]]]}},{"type":"Feature","properties":{"n":"Hoopes Reservoir","area":767762,"w":"reservoir"},"geometry":{"type":"Polygon","coordinates":[[[-75.63302,39.7736],[-75.63525,39.77434],[-75.63448,39.77601],[-75.63302,39.77658],[-75.63215,39.77783],[-75.63124,39.78001],[-75.63198,39.78082],[-75.63026,39.78284],[-75.63073,39.78517],[-75.63212,39.78604],[-75.62885,39.78667],[-75.62941,39.78565],[-75.62784,39.78533],[-75.62511,39.78709],[-75.62665,39.78838],[-75.62627,39.78925],[-75.62436,39.78798],[-75.62329,39.78853],[-75.62324,39.79106],[-75.62128,39.79226],[-75.61883,39.79165],[-75.62124,39.79243],[-75.62165,39.79358],[-75.62069,39.79367],[-75.61927,39.79503],[-75.61924,39.79334],[-75.61772,39.79319],[-75.61813,39.79184],[-75.61906,39.7914],[-75.61855,39.79007],[-75.62014,39.78913],[-75.6196,39.78821],[-75.62163,39.78824],[-75.6215,39.78679],[-75.62217,39.78635],[-75.62288,39.78777],[-75.62383,39.78718],[-75.62444,39.78543],[-75.6258,39.78548],[-75.62483,39.78438],[-75.62742,39.78202],[-75.62649,39.77984],[-75.628,39.77951],[-75.62883,39.77861],[-75.62797,39.77827],[-75.62929,39.77703],[-75.62848,39.77606],[-75.63099,39.7749],[-75.63104,39.77376],[-75.63306,39.77369],[-75.63302,39.7736]]]}},{"type":"Feature","properties":{"n":null,"area":761228,"w":"river"},"geometry":{"type":"Polygon","coordinates":[[[-75.19288,39.88479],[-75.19384,39.88903],[-75.19237,39.89216],[-75.18636,39.89361],[-75.18837,39.89301],[-75.18827,39.89263],[-75.18618,39.89303],[-75.18589,39.89106],[-75.17916,39.89158],[-75.17947,39.89411],[-75.17645,39.89415],[-75.17604,39.89609],[-75.17927,39.89661],[-75.19083,39.89436],[-75.19106,39.89385],[-75.1949,39.89298],[-75.19593,39.89317],[-75.1967,39.89427],[-75.19705,39.8939],[-75.19645,39.89674],[-75.19707,39.89681],[-75.19771,39.89414],[-75.19849,39.89434],[-75.19807,39.89692],[-75.19869,39.89699],[-75.19931,39.89465],[-75.19917,39.89569],[-75.20005,39.89576],[-75.20043,39.89483],[-75.19288,39.88479]]]}},{"type":"Feature","properties":{"n":null,"area":759392,"w":"river"},"geometry":{"type":"Polygon","coordinates":[[[-75.08538,40.23485],[-75.08702,40.23514],[-75.0916,40.23439],[-75.09317,40.23512],[-75.09929,40.23166],[-75.10222,40.23287],[-75.10567,40.23331],[-75.10647,40.2324],[-75.10858,40.23202],[-75.11134,40.22971],[-75.11535,40.22805],[-75.11869,40.22839],[-75.12129,40.22955],[-75.12316,40.23128],[-75.12414,40.23135],[-75.12821,40.22625],[-75.13303,40.22375],[-75.13437,40.22498],[-75.13431,40.22645],[-75.13604,40.22745],[-75.14119,40.22516],[-75.14251,40.22258],[-75.14379,40.22273],[-75.1452,40.2251],[-75.14615,40.22535],[-75.14878,40.22403],[-75.15025,40.22399],[-75.15155,40.22272],[-75.15472,40.22552],[-75.08538,40.23485]]]}},{"type":"Feature","properties":{"n":null,"area":749688,"w":"river"},"geometry":{"type":"Polygon","coordinates":[[[-74.97959,40.4019],[-74.96713,40.39743],[-74.96511,40.39516],[-74.96291,40.38885],[-74.95827,40.38155],[-74.97959,40.4019]]]}},{"type":"Feature","properties":{"n":"French Creek","area":713049,"w":"river"},"geometry":{"type":"Polygon","coordinates":[[[-75.59554,40.14864],[-75.59448,40.15118],[-75.60028,40.15293],[-75.60183,40.15128],[-75.60348,40.15069],[-75.60519,40.14765],[-75.60841,40.14498],[-75.61009,40.1447],[-75.61231,40.14336],[-75.61534,40.14289],[-75.61877,40.1449],[-75.62076,40.14766],[-75.6201,40.15089],[-75.62105,40.15217],[-75.62336,40.15098],[-75.62653,40.15078],[-75.62906,40.15115],[-75.63085,40.15275],[-75.62882,40.15123],[-75.62652,40.15091],[-75.6233,40.15114],[-75.62088,40.15232],[-75.61991,40.1506],[-75.62063,40.14779],[-75.6183,40.1448],[-75.61544,40.14312],[-75.6126,40.14349],[-75.60828,40.14537],[-75.60537,40.14777],[-75.60376,40.15078],[-75.6003,40.15319],[-75.59426,40.15127],[-75.59523,40.14731],[-75.59305,40.14341],[-75.59071,40.14264],[-75.58668,40.14259],[-75.58438,40.13975],[-75.58105,40.13809],[-75.57592,40.1383],[-75.57634,40.14106],[-75.57338,40.14305],[-75.56781,40.14118],[-75.56721,40.14038],[-75.59554,40.14864]]]}},{"type":"Feature","properties":{"n":null,"area":708693,"w":"river"},"geometry":{"type":"Polygon","coordinates":[[[-75.20391,40.28889],[-75.20333,40.29061],[-75.20151,40.29174],[-75.20174,40.2936],[-75.20012,40.29531],[-75.20097,40.29582],[-75.2001,40.29668],[-75.20041,40.29819],[-75.19418,40.3024],[-75.19104,40.3034],[-75.18958,40.30475],[-75.18741,40.30522],[-75.18626,40.30658],[-75.18131,40.30827],[-75.20391,40.28889]]]}},{"type":"Feature","properties":{"n":null,"area":684994,"w":"stream"},"geometry":{"type":"Polygon","coordinates":[[[-75.31379,39.86812],[-75.31357,39.86945],[-75.30873,39.86903],[-75.30384,39.87074],[-75.30414,39.8727],[-75.30957,39.87189],[-75.30875,39.87254],[-75.30705,39.87208],[-75.30423,39.87316],[-75.30465,39.87563],[-75.30737,39.87311],[-75.30439,39.87617],[-75.29995,39.87714],[-75.29827,39.87522],[-75.2961,39.87479],[-75.29074,39.87903],[-75.28647,39.88099],[-75.28197,39.88132],[-75.28047,39.88052],[-75.27759,39.88048],[-75.27583,39.87955],[-75.27519,39.87715],[-75.27501,39.87839],[-75.27413,39.87861],[-75.27537,39.88038],[-75.27332,39.88263],[-75.27362,39.88312],[-75.27537,39.88119],[-75.2799,39.88136],[-75.27675,39.88373],[-75.27405,39.88389],[-75.27618,39.88404],[-75.28017,39.88149],[-75.28122,39.88191],[-75.27941,39.88302],[-75.28151,39.8821],[-75.28827,39.88131],[-75.29337,39.87815],[-75.29442,39.87869],[-75.29808,39.87809],[-75.29885,39.87744],[-75.30032,39.87777],[-75.3028,39.87737],[-75.3052,39.87655],[-75.3064,39.87545],[-75.31379,39.86812]]]}},{"type":"Feature","properties":{"n":null,"area":674491,"w":"river"},"geometry":{"type":"Polygon","coordinates":[[[-75.20391,40.28889],[-75.20325,40.29054],[-75.2014,40.29173],[-75.20162,40.29364],[-75.19999,40.29535],[-75.20003,40.29587],[-75.20087,40.29581],[-75.19995,40.29672],[-75.20037,40.29812],[-75.1944,40.30218],[-75.19101,40.30333],[-75.18944,40.30471],[-75.18738,40.30515],[-75.18584,40.30666],[-75.18131,40.30827],[-75.20391,40.28889]]]}},{"type":"Feature","properties":{"n":"Springfield Lake","area":657279,"w":"reservoir"},"geometry":{"type":"Polygon","coordinates":[[[-74.99883,40.18922],[-74.99713,40.18836],[-74.99549,40.18842],[-74.99438,40.18747],[-74.99895,40.18433],[-74.99663,40.18537],[-74.99599,40.18483],[-74.99515,40.18522],[-74.99498,40.18452],[-74.99599,40.1837],[-74.99552,40.18319],[-74.99603,40.18242],[-74.99492,40.18209],[-74.99532,40.18122],[-74.99217,40.1816],[-74.99483,40.18001],[-74.99359,40.17943],[-74.99492,40.1785],[-74.99369,40.17813],[-74.99518,40.17609],[-74.99856,40.1785],[-74.99803,40.17918],[-74.99854,40.17977],[-75.00034,40.17983],[-74.99959,40.18044],[-75.00015,40.18116],[-74.99959,40.18216],[-75.00056,40.18351],[-74.99917,40.18443],[-75.00369,40.18375],[-75.00504,40.18493],[-75.00457,40.18542],[-75.00232,40.18539],[-75.00221,40.18601],[-75.00288,40.18619],[-75.00133,40.18775],[-75.00156,40.18879],[-75.00242,40.18854],[-75.00347,40.18933],[-75.00311,40.19006],[-75.0015,40.18888],[-75.00206,40.19034],[-74.99976,40.19076],[-74.99924,40.18949],[-75.00124,40.18889],[-75.00113,40.1885],[-74.99883,40.18922]]]}},{"type":"Feature","properties":{"n":null,"area":641620,"w":"river"},"geometry":{"type":"Polygon","coordinates":[[[-75.37499,40.33175],[-75.37321,40.33273],[-75.37285,40.33404],[-75.37083,40.33551],[-75.36659,40.33665],[-75.36418,40.33543],[-75.3613,40.33521],[-75.35851,40.33734],[-75.35047,40.34147],[-75.34702,40.34144],[-75.34564,40.34254],[-75.34303,40.34156],[-75.33983,40.34196],[-75.34028,40.34168],[-75.33721,40.34273],[-75.3351,40.34474],[-75.33293,40.34383],[-75.32851,40.34385],[-75.32576,40.34572],[-75.32485,40.34783],[-75.32526,40.35128],[-75.32322,40.35435],[-75.31966,40.35568],[-75.31465,40.35397],[-75.31314,40.35413],[-75.30687,40.35818],[-75.37499,40.33175]]]}},{"type":"Feature","properties":{"n":"Lake Luxembourg","area":612449,"w":"lake"},"geometry":{"type":"Polygon","coordinates":[[[-74.91966,40.19699],[-74.91823,40.19613],[-74.91755,40.19814],[-74.91615,40.19886],[-74.91474,40.19837],[-74.91493,40.19971],[-74.91106,40.2017],[-74.9132,40.20155],[-74.91361,40.20287],[-74.91276,40.20438],[-74.91119,40.20519],[-74.91135,40.20673],[-74.90944,40.20769],[-74.91039,40.20933],[-74.90783,40.21133],[-74.90803,40.2131],[-74.9121,40.21214],[-74.911,40.21175],[-74.91107,40.21111],[-74.91324,40.20882],[-74.91544,40.20774],[-74.91864,40.2087],[-74.91686,40.20724],[-74.91709,40.20602],[-74.91599,40.20527],[-74.91625,40.20425],[-74.91518,40.20325],[-74.91621,40.20162],[-74.92161,40.19871],[-74.92119,40.19765],[-74.91972,40.19713],[-74.91966,40.19699]]]}},{"type":"Feature","properties":{"n":"Spring Lake","area":595383,"w":"lake"},"geometry":{"type":"Polygon","coordinates":[[[-74.73373,40.19231],[-74.73215,40.19072],[-74.73236,40.19003],[-74.73372,40.18947],[-74.73529,40.18947],[-74.73593,40.18861],[-74.73482,40.18847],[-74.73498,40.18769],[-74.73853,40.18783],[-74.73774,40.18841],[-74.73872,40.18869],[-74.73904,40.18769],[-74.74011,40.18748],[-74.74121,40.18961],[-74.73996,40.1896],[-74.74054,40.19018],[-74.73956,40.19028],[-74.74239,40.19156],[-74.74137,40.19279],[-74.73967,40.19352],[-74.73907,40.19521],[-74.73672,40.19606],[-74.73575,40.19478],[-74.73457,40.19447],[-74.73383,40.19563],[-74.73255,40.19563],[-74.73406,40.1923],[-74.73207,40.19493],[-74.73093,40.19452],[-74.72953,40.19263],[-74.73135,40.1913],[-74.73347,40.19213],[-74.73373,40.19231]]]}},{"type":"Feature","properties":{"n":null,"area":586518,"w":"river"},"geometry":{"type":"Polygon","coordinates":[[[-75.3877,40.1189],[-75.3805,40.1191],[-75.3724,40.11732],[-75.36144,40.11691],[-75.35374,40.11514],[-75.34669,40.11174],[-75.3877,40.1189]]]}},{"type":"Feature","properties":{"n":null,"area":584212,"w":"stream"},"geometry":{"type":"Polygon","coordinates":[[[-75.49402,40.27355],[-75.50106,40.27238],[-75.507,40.27269],[-75.50937,40.27176],[-75.51396,40.27246],[-75.50952,40.27195],[-75.50747,40.27278],[-75.51207,40.27265],[-75.50928,40.27327],[-75.507,40.27283],[-75.49757,40.27302],[-75.49216,40.27417],[-75.48928,40.27581],[-75.48722,40.27588],[-75.48162,40.27242],[-75.47777,40.272],[-75.47402,40.27266],[-75.47146,40.27237],[-75.46762,40.26912],[-75.46569,40.26828],[-75.49402,40.27355]]]}},{"type":"Feature","properties":{"n":null,"area":576644,"w":"river"},"geometry":{"type":"Polygon","coordinates":[[[-74.70727,40.16992],[-74.70473,40.16955],[-74.70376,40.16858],[-74.7062,40.16107],[-74.70877,40.15903],[-74.71023,40.15678],[-74.71253,40.15564],[-74.71306,40.1528],[-74.71658,40.15031],[-74.7176,40.15124],[-74.7142,40.15293],[-74.71383,40.15574],[-74.71066,40.15767],[-74.7093,40.15986],[-74.70684,40.1616],[-74.70439,40.16821],[-74.70551,40.16851],[-74.70827,40.16634],[-74.70986,40.16624],[-74.7109,40.16696],[-74.71095,40.16903],[-74.70921,40.17047],[-74.70885,40.17158],[-74.71178,40.17296],[-74.71336,40.17542],[-74.71002,40.17824],[-74.7114,40.17942],[-74.71107,40.18074],[-74.70875,40.18219],[-74.70394,40.18233],[-74.70037,40.18386],[-74.69881,40.18247],[-74.69489,40.18268],[-74.69453,40.18134],[-74.69643,40.17924],[-74.69235,40.17938],[-74.69078,40.17704],[-74.69233,40.17916],[-74.69668,40.17907],[-74.69492,40.18156],[-74.69541,40.1826],[-74.69871,40.18204],[-74.70057,40.18357],[-74.70323,40.18208],[-74.70902,40.18166],[-74.71023,40.18096],[-74.71092,40.17954],[-74.70949,40.17825],[-74.71256,40.1747],[-74.71111,40.17328],[-74.70766,40.17195],[-74.70812,40.17029],[-74.70727,40.16992]]]}},{"type":"Feature","properties":{"n":"John Heinz National Wildlife Refuge Impoundment","area":564945,"w":"pond"},"geometry":{"type":"Polygon","coordinates":[[[-75.26177,39.88037],[-75.2648,39.88084],[-75.26396,39.88205],[-75.26128,39.88296],[-75.26363,39.88461],[-75.2622,39.88576],[-75.26255,39.88655],[-75.26358,39.88652],[-75.26318,39.88689],[-75.2642,39.88683],[-75.26417,39.8875],[-75.26361,39.88819],[-75.26189,39.88819],[-75.2606,39.89159],[-75.25897,39.89183],[-75.25982,39.89006],[-75.25905,39.88897],[-75.25964,39.88881],[-75.2585,39.88835],[-75.25706,39.88925],[-75.25855,39.88784],[-75.2578,39.88701],[-75.25843,39.88652],[-75.25674,39.88618],[-75.25735,39.88546],[-75.25682,39.88472],[-75.2557,39.88548],[-75.25538,39.88483],[-75.25618,39.88443],[-75.25449,39.88274],[-75.25711,39.88013],[-75.26141,39.88045],[-75.26177,39.88037]]]}},{"type":"Feature","properties":{"n":null,"area":541058,"w":"stream"},"geometry":{"type":"Polygon","coordinates":[[[-74.9626,40.04507],[-74.95436,40.04536],[-74.94696,40.04363],[-74.936,40.03511],[-74.93145,40.02903],[-74.93073,40.02889],[-74.92801,40.03048],[-74.92355,40.03041],[-74.9214,40.02865],[-74.92072,40.02564],[-74.91952,40.02476],[-74.91827,40.02532],[-74.91626,40.02489],[-74.91544,40.0239],[-74.91346,40.02462],[-74.91415,40.02543],[-74.91381,40.0272],[-74.91201,40.02982],[-74.90917,40.03203],[-74.9136,40.02696],[-74.91201,40.02627],[-74.91198,40.02449],[-74.91581,40.02366],[-74.91666,40.02477],[-74.91801,40.02505],[-74.91907,40.0242],[-74.91307,40.02197],[-74.91004,40.0188],[-74.9045,40.0147],[-74.89927,40.01368],[-74.89569,40.01101],[-74.88919,40.0089],[-74.88628,40.00617],[-74.88562,40.00446],[-74.88638,40.00437],[-74.88659,40.0033],[-74.88277,40.00216],[-74.88193,40.00332],[-74.88231,40.00198],[-74.8778,39.99927],[-74.87252,39.99867],[-74.86717,39.99648],[-74.86336,39.99642],[-74.85689,39.99831],[-74.85472,39.99771],[-74.8538,39.99658],[-74.85142,39.99667],[-74.85027,39.99885],[-74.84849,39.99936],[-74.84283,39.99974],[-74.84236,39.99911],[-74.84286,39.99793],[-74.84183,39.99767],[-74.83771,39.99931],[-74.83686,39.99887],[-74.83721,39.99756],[-74.83528,39.99794],[-74.83242,39.99743],[-74.83135,39.99503],[-74.82891,39.99706],[-74.82694,39.99734],[-74.82455,39.99472],[-74.82265,39.99491],[-74.82078,39.99754],[-74.81734,39.99855],[-74.8155,39.99709],[-74.80956,39.99826],[-74.81043,39.99803],[-74.80842,39.99627],[-74.80559,39.9975],[-74.80426,39.99728],[-74.80464,39.9969],[-74.80534,39.99743],[-74.80838,39.99606],[-74.81062,39.99771],[-74.81513,39.99691],[-74.81706,39.99813],[-74.8141,39.99472],[-74.81786,39.99828],[-74.82094,39.99725],[-74.8224,39.99459],[-74.82373,39.99453],[-74.82423,39.99396],[-74.8273,39.99704],[-74.82846,39.99691],[-74.82996,39.99502],[-74.83124,39.99474],[-74.83368,39.99749],[-74.83765,39.99733],[-74.83769,39.99898],[-74.84175,39.99719],[-74.84344,39.99795],[-74.84343,39.99931],[-74.84908,39.99882],[-74.84997,39.99833],[-74.85034,39.9968],[-74.85268,39.99601],[-74.85437,39.99623],[-74.85629,39.99785],[-74.85872,39.99738],[-74.9626,40.04507]]]}},{"type":"Feature","properties":{"n":null,"area":539328,"w":"water"},"geometry":{"type":"Polygon","coordinates":[[[-75.40641,39.78497],[-75.40185,39.78283],[-75.40136,39.78049],[-75.39972,39.7787],[-75.39952,39.77757],[-75.40077,39.7757],[-75.40017,39.77413],[-75.39725,39.77587],[-75.39749,39.77694],[-75.39432,39.7774],[-75.39376,39.77857],[-75.39424,39.7773],[-75.39366,39.77699],[-75.39284,39.77849],[-75.39367,39.77676],[-75.39249,39.77636],[-75.39391,39.77646],[-75.3947,39.77738],[-75.39683,39.77721],[-75.39744,39.77678],[-75.39684,39.77542],[-75.40025,39.77396],[-75.39985,39.77295],[-75.39911,39.7728],[-75.39957,39.77227],[-75.4,39.77248],[-75.40249,39.76962],[-75.40327,39.76985],[-75.40463,39.76879],[-75.4045,39.76616],[-75.40553,39.76349],[-75.40352,39.76154],[-75.40221,39.76139],[-75.40254,39.76097],[-75.40438,39.76136],[-75.40638,39.76361],[-75.4073,39.76317],[-75.40689,39.76375],[-75.40784,39.76449],[-75.40654,39.76378],[-75.40536,39.76623],[-75.4058,39.76723],[-75.40495,39.7694],[-75.40579,39.76957],[-75.40716,39.76867],[-75.40482,39.77064],[-75.40628,39.77052],[-75.40488,39.77079],[-75.4041,39.77031],[-75.40442,39.76983],[-75.40321,39.77076],[-75.40396,39.77119],[-75.40247,39.77179],[-75.40297,39.77224],[-75.4024,39.77178],[-75.40375,39.77126],[-75.40331,39.77094],[-75.40101,39.77226],[-75.40116,39.77484],[-75.40878,39.77014],[-75.40873,39.77051],[-75.40966,39.77033],[-75.40175,39.77468],[-75.40057,39.77829],[-75.40217,39.7802],[-75.40271,39.78213],[-75.40649,39.78399],[-75.40764,39.78548],[-75.40774,39.78717],[-75.41336,39.78442],[-75.41693,39.78493],[-75.4243,39.78303],[-75.42895,39.78301],[-75.42765,39.78415],[-75.42095,39.78471],[-75.418,39.78593],[-75.41262,39.78546],[-75.40898,39.78796],[-75.40689,39.78734],[-75.40662,39.78519],[-75.40641,39.78497]]]}},{"type":"Feature","properties":{"n":null,"area":537711,"w":"water"},"geometry":{"type":"Polygon","coordinates":[[[-75.22737,39.82144],[-75.22777,39.82222],[-75.22895,39.82192],[-75.22702,39.82292],[-75.22747,39.82535],[-75.23047,39.82373],[-75.22755,39.82559],[-75.22781,39.82622],[-75.2291,39.82598],[-75.22829,39.82645],[-75.22929,39.82713],[-75.23106,39.82642],[-75.23046,39.82585],[-75.23087,39.82483],[-75.2332,39.82361],[-75.23283,39.82583],[-75.23423,39.82626],[-75.23419,39.82714],[-75.23546,39.82747],[-75.23665,39.82904],[-75.23633,39.8314],[-75.23738,39.83293],[-75.23715,39.83447],[-75.2358,39.83377],[-75.23415,39.83383],[-75.23662,39.83353],[-75.23673,39.83307],[-75.23583,39.83145],[-75.23624,39.82968],[-75.23496,39.82793],[-75.23438,39.82792],[-75.2348,39.82957],[-75.23375,39.82982],[-75.23377,39.8306],[-75.23145,39.83063],[-75.23085,39.83005],[-75.22961,39.83035],[-75.22725,39.8295],[-75.22674,39.82801],[-75.22723,39.82653],[-75.2248,39.82267],[-75.22098,39.81999],[-75.21948,39.81666],[-75.22008,39.81499],[-75.22141,39.81534],[-75.21997,39.81659],[-75.22061,39.81745],[-75.22166,39.81696],[-75.22076,39.81762],[-75.22188,39.82001],[-75.22492,39.82147],[-75.2264,39.82078],[-75.22717,39.82103],[-75.22802,39.81967],[-75.22763,39.8212],[-75.22737,39.82144]]]}},{"type":"Feature","properties":{"n":null,"area":536471,"w":"water"},"geometry":{"type":"Polygon","coordinates":[[[-75.45114,39.75015],[-75.45386,39.74759],[-75.4548,39.74909],[-75.45551,39.74753],[-75.45901,39.74721],[-75.45781,39.74562],[-75.45698,39.74669],[-75.45782,39.74549],[-75.45546,39.7461],[-75.45867,39.74342],[-75.46069,39.7448],[-75.46016,39.7456],[-75.46183,39.74537],[-75.46271,39.74615],[-75.4621,39.7453],[-75.46094,39.74506],[-75.46154,39.74469],[-75.46072,39.74465],[-75.46304,39.74355],[-75.46679,39.74591],[-75.46574,39.74778],[-75.46628,39.74612],[-75.46428,39.74477],[-75.4628,39.74611],[-75.46342,39.74656],[-75.46071,39.74748],[-75.45989,39.74684],[-75.45937,39.7474],[-75.46095,39.74919],[-75.4602,39.75077],[-75.46061,39.75187],[-75.45948,39.75227],[-75.45905,39.75065],[-75.4561,39.75329],[-75.45384,39.75228],[-75.45114,39.75015]]]}},{"type":"Feature","properties":{"n":null,"area":525083,"w":"stream"},"geometry":{"type":"Polygon","coordinates":[[[-75.46591,40.26783],[-75.47093,40.27185],[-75.4741,40.2725],[-75.4766,40.27184],[-75.48209,40.27223],[-75.48715,40.27566],[-75.48934,40.27557],[-75.49402,40.27355],[-75.46591,40.26783]]]}},{"type":"Feature","properties":{"n":null,"area":518023,"w":"water"},"geometry":{"type":"Polygon","coordinates":[[[-75.3499,39.71224],[-75.34882,39.71013],[-75.34687,39.70878],[-75.34725,39.70795],[-75.34766,39.7083],[-75.34743,39.7077],[-75.34812,39.70774],[-75.34795,39.70661],[-75.34627,39.70581],[-75.34683,39.70556],[-75.34825,39.70655],[-75.34901,39.71006],[-75.35387,39.7118],[-75.35604,39.71123],[-75.35668,39.71189],[-75.35728,39.71168],[-75.35729,39.71288],[-75.3585,39.71157],[-75.35939,39.7116],[-75.35886,39.71177],[-75.35902,39.71348],[-75.36032,39.71262],[-75.36132,39.71656],[-75.36276,39.71577],[-75.36407,39.71668],[-75.36578,39.71648],[-75.36606,39.71757],[-75.36749,39.71758],[-75.36742,39.71953],[-75.36652,39.72003],[-75.36736,39.72074],[-75.36724,39.72203],[-75.36944,39.72185],[-75.3692,39.72317],[-75.37049,39.7231],[-75.37221,39.72467],[-75.37266,39.72389],[-75.37472,39.72456],[-75.37554,39.7254],[-75.37519,39.72631],[-75.37658,39.72624],[-75.37704,39.72788],[-75.37604,39.72985],[-75.37811,39.73032],[-75.37831,39.73096],[-75.37766,39.73151],[-75.37784,39.73048],[-75.37603,39.72998],[-75.37608,39.73181],[-75.3751,39.73283],[-75.37565,39.73378],[-75.37419,39.73517],[-75.37443,39.73646],[-75.37524,39.7372],[-75.37614,39.73636],[-75.37547,39.73732],[-75.37746,39.73834],[-75.37799,39.74119],[-75.377,39.74223],[-75.38079,39.74046],[-75.38029,39.73929],[-75.38099,39.7403],[-75.3778,39.74248],[-75.37801,39.74374],[-75.37709,39.74469],[-75.37848,39.74509],[-75.37862,39.74674],[-75.38014,39.74819],[-75.3862,39.74692],[-75.3874,39.74855],[-75.38734,39.75032],[-75.38648,39.75057],[-75.38601,39.74998],[-75.38719,39.74976],[-75.38582,39.74717],[-75.38261,39.74837],[-75.38008,39.74852],[-75.37861,39.74749],[-75.378,39.7453],[-75.37639,39.74492],[-75.37643,39.74217],[-75.37751,39.74098],[-75.37692,39.73838],[-75.37348,39.73663],[-75.37418,39.73609],[-75.37423,39.73418],[-75.37513,39.73383],[-75.37463,39.73263],[-75.37564,39.73132],[-75.3755,39.72907],[-75.37438,39.72829],[-75.37282,39.72868],[-75.36978,39.72774],[-75.36651,39.72837],[-75.36651,39.7277],[-75.37093,39.72635],[-75.37229,39.72834],[-75.37347,39.72789],[-75.3759,39.72813],[-75.37603,39.7285],[-75.37491,39.72852],[-75.37586,39.72891],[-75.37666,39.72786],[-75.37649,39.72652],[-75.37481,39.72653],[-75.37506,39.72528],[-75.37313,39.72415],[-75.37163,39.72505],[-75.37076,39.72359],[-75.369,39.72345],[-75.3691,39.72204],[-75.36701,39.72231],[-75.36623,39.71987],[-75.36711,39.71933],[-75.36714,39.71779],[-75.36593,39.71784],[-75.36549,39.71665],[-75.36407,39.71706],[-75.36281,39.71606],[-75.36212,39.71686],[-75.36123,39.71677],[-75.35998,39.71541],[-75.36034,39.71357],[-75.3586,39.71393],[-75.35835,39.71306],[-75.35702,39.71316],[-75.35616,39.71231],[-75.35302,39.71225],[-75.35256,39.7116],[-75.35061,39.71227],[-75.3499,39.71224]]]}},{"type":"Feature","properties":{"n":null,"area":512144,"w":"river"},"geometry":{"type":"Polygon","coordinates":[[[-74.93869,40.19172],[-74.94263,40.19476],[-74.94151,40.19827],[-74.94167,40.20096],[-74.94066,40.20241],[-74.94021,40.20893],[-74.94266,40.2111],[-74.94421,40.2116],[-74.94769,40.21198],[-74.95283,40.21158],[-74.95468,40.21235],[-74.95702,40.21822],[-74.95958,40.2197],[-74.96522,40.22137],[-74.96246,40.22667],[-74.93869,40.19172]]]}},{"type":"Feature","properties":{"n":null,"area":510731,"w":"river"},"geometry":{"type":"Polygon","coordinates":[[[-74.96326,40.22681],[-74.96305,40.22558],[-74.96552,40.22255],[-74.96547,40.2213],[-74.95909,40.21916],[-74.95719,40.21792],[-74.95487,40.2121],[-74.95299,40.21132],[-74.94406,40.21119],[-74.94045,40.20887],[-74.94199,40.19813],[-74.94311,40.19593],[-74.94266,40.19427],[-74.93912,40.19159],[-74.96326,40.22681]]]}},{"type":"Feature","properties":{"n":null,"area":491181,"w":"river"},"geometry":{"type":"Polygon","coordinates":[[[-75.06378,40.51439],[-75.06337,40.50422],[-75.06044,40.48442],[-75.06071,40.47884],[-75.0625,40.47024],[-75.06378,40.51439]]]}},{"type":"Feature","properties":{"n":null,"area":481204,"w":"canal"},"geometry":{"type":"Polygon","coordinates":[[[-75.03387,40.41007],[-75.02978,40.40575],[-75.02529,40.40478],[-75.01424,40.40754],[-75.03387,40.41007]]]}},{"type":"Feature","properties":{"n":null,"area":459006,"w":"water"},"geometry":{"type":"Polygon","coordinates":[[[-74.80817,40.17158],[-74.80339,40.16704],[-74.8005,40.16529],[-74.79807,40.16673],[-74.79762,40.17085],[-74.79844,40.1728],[-74.80751,40.1718],[-74.80817,40.17158]]]}},{"type":"Feature","properties":{"n":"Marsh Creek Reservoir","area":450213,"w":"reservoir"},"geometry":{"type":"Polygon","coordinates":[[[-75.73026,40.06977],[-75.73229,40.07116],[-75.73324,40.0711],[-75.7338,40.07456],[-75.73449,40.07517],[-75.73418,40.07622],[-75.73345,40.0759],[-75.73071,40.07669],[-75.73015,40.08083],[-75.72899,40.08185],[-75.72697,40.0824],[-75.72708,40.08441],[-75.72616,40.08453],[-75.72729,40.08496],[-75.72965,40.08889],[-75.72895,40.08845],[-75.728,40.0889],[-75.72683,40.08796],[-75.72705,40.08599],[-75.72596,40.08492],[-75.72614,40.08418],[-75.72526,40.08339],[-75.72437,40.08345],[-75.72442,40.08292],[-75.72744,40.08007],[-75.72875,40.07629],[-75.7314,40.07481],[-75.73189,40.07341],[-75.72916,40.07173],[-75.72504,40.07263],[-75.73026,40.06977]]]}},{"type":"Feature","properties":{"n":null,"area":431725,"w":"water"},"geometry":{"type":"Polygon","coordinates":[[[-75.04887,39.99194],[-75.04807,39.9917],[-75.04771,39.99278],[-75.04766,39.99182],[-75.04696,39.99175],[-75.04715,39.99236],[-75.04436,39.99297],[-75.045,39.99401],[-75.04612,39.99426],[-75.0474,39.99395],[-75.04773,39.99292],[-75.04724,39.99418],[-75.045,39.9944],[-75.04348,39.99313],[-75.04135,39.99466],[-75.03889,39.99458],[-75.03599,39.99602],[-75.03189,39.99354],[-75.03228,39.99224],[-75.03129,39.99322],[-75.0305,39.99282],[-75.02861,39.99382],[-75.02679,39.993],[-75.02468,39.99051],[-75.02192,39.98978],[-75.02005,39.98995],[-75.0187,39.98896],[-75.01891,39.98629],[-75.0185,39.98671],[-75.01484,39.98491],[-75.01414,39.98041],[-75.01067,39.97988],[-75.01271,39.978],[-75.00989,39.97989],[-75.00896,39.97932],[-75.00468,39.9745],[-75.00567,39.97342],[-75.00172,39.96931],[-75.00237,39.96847],[-75.00161,39.96756],[-74.99952,39.96813],[-74.99619,39.96711],[-74.99456,39.96588],[-74.99447,39.96365],[-74.99104,39.96207],[-74.99415,39.96365],[-74.99432,39.9662],[-74.9954,39.96709],[-74.99885,39.96834],[-75.00159,39.96802],[-75.00121,39.96942],[-75.00513,39.97326],[-75.00401,39.97476],[-75.00958,39.97998],[-75.01335,39.98033],[-75.01447,39.98485],[-75.01552,39.98593],[-75.01785,39.98687],[-75.01848,39.98933],[-75.02002,39.9905],[-75.02162,39.99032],[-75.02489,39.99107],[-75.026,39.993],[-75.02782,39.99405],[-75.03057,39.99356],[-75.03606,39.99645],[-75.03754,39.99623],[-75.03887,39.99522],[-75.04162,39.99514],[-75.04279,39.99374],[-75.0449,39.99497],[-75.0479,39.99454],[-75.04869,39.99407],[-75.04867,39.99226],[-75.04887,39.99194]]]}},{"type":"Feature","properties":{"n":"Pickering Creek Reservoir","area":404081,"w":"reservoir"},"geometry":{"type":"Polygon","coordinates":[[[-75.49209,40.11926],[-75.49236,40.11991],[-75.49388,40.12019],[-75.49426,40.11793],[-75.49574,40.11628],[-75.50011,40.1159],[-75.4965,40.11578],[-75.49488,40.11503],[-75.49502,40.11264],[-75.49677,40.11202],[-75.49748,40.11063],[-75.49934,40.11127],[-75.50031,40.11264],[-75.50176,40.11319],[-75.50324,40.11275],[-75.50513,40.11053],[-75.51194,40.10923],[-75.50622,40.10923],[-75.50152,40.11178],[-75.50006,40.10985],[-75.49835,40.10932],[-75.49625,40.10978],[-75.49199,40.11389],[-75.49279,40.11583],[-75.49052,40.11574],[-75.49259,40.11757],[-75.49214,40.11917],[-75.49209,40.11926]]]}},{"type":"Feature","properties":{"n":null,"area":403797,"w":"river"},"geometry":{"type":"Polygon","coordinates":[[[-74.90209,40.31466],[-74.90724,40.31544],[-74.91639,40.31973],[-74.92565,40.32746],[-74.92971,40.32987],[-74.90209,40.31466]]]}},{"type":"Feature","properties":{"n":null,"area":399633,"w":"river"},"geometry":{"type":"Polygon","coordinates":[[[-75.05308,40.26646],[-75.05305,40.26772],[-75.05481,40.26914],[-75.05772,40.26926],[-75.05881,40.26831],[-75.06158,40.2628],[-75.06335,40.26184],[-75.06451,40.26202],[-75.0718,40.26859],[-75.07596,40.27028],[-75.07758,40.27378],[-75.0805,40.27573],[-75.08824,40.27559],[-75.08876,40.27465],[-75.09052,40.27401],[-75.0926,40.27419],[-75.09305,40.27367],[-75.09561,40.27654],[-75.10085,40.27724],[-75.10169,40.27695],[-75.10209,40.27582],[-75.10729,40.27256],[-75.1122,40.27203],[-75.12002,40.26933],[-75.12134,40.26797],[-75.123,40.26868],[-75.12445,40.27059],[-75.12599,40.2742],[-75.12579,40.27602],[-75.12689,40.27742],[-75.05308,40.26646]]]}},{"type":"Feature","properties":{"n":null,"area":396260,"w":"stream"},"geometry":{"type":"Polygon","coordinates":[[[-75.12723,40.53516],[-75.12813,40.53266],[-75.12755,40.532],[-75.12891,40.5312],[-75.1303,40.52855],[-75.13012,40.52763],[-75.13087,40.52766],[-75.13257,40.5252],[-75.13352,40.52504],[-75.13376,40.52102],[-75.13451,40.51951],[-75.13618,40.51879],[-75.13765,40.51888],[-75.1388,40.51781],[-75.13794,40.51348],[-75.13732,40.51337],[-75.13798,40.51034],[-75.13733,40.50917],[-75.14012,40.50606],[-75.13804,40.502],[-75.1398,40.49826],[-75.13904,40.4951],[-75.13986,40.49408],[-75.14305,40.49286],[-75.1431,40.49104],[-75.14408,40.48943],[-75.14367,40.48764],[-75.1447,40.48662],[-75.14404,40.48354],[-75.14663,40.48092],[-75.12723,40.53516]]]}},{"type":"Feature","properties":{"n":null,"area":391557,"w":"river"},"geometry":{"type":"Polygon","coordinates":[[[-74.70554,40.5263],[-74.70294,40.52417],[-74.70394,40.5209],[-74.70651,40.51922],[-74.70995,40.51869],[-74.7123,40.51724],[-74.7163,40.51719],[-74.7221,40.51809],[-74.72676,40.52063],[-74.72894,40.51787],[-74.72917,40.51559],[-74.72993,40.51578],[-74.72926,40.51827],[-74.72726,40.52095],[-74.72461,40.52034],[-74.72085,40.5182],[-74.71368,40.51757],[-74.70605,40.51989],[-74.7044,40.5211],[-74.70351,40.52438],[-74.70725,40.52686],[-74.70825,40.5294],[-74.70765,40.5313],[-74.70584,40.53179],[-74.70562,40.53266],[-74.7066,40.53406],[-74.70982,40.5358],[-74.7095,40.53738],[-74.69876,40.54227],[-74.69898,40.546],[-74.69536,40.54761],[-74.69279,40.55107],[-74.69,40.55302],[-74.69626,40.54646],[-74.6983,40.54183],[-74.70339,40.53932],[-74.7091,40.53751],[-74.70919,40.53549],[-74.70619,40.5342],[-74.70517,40.53261],[-74.7053,40.53156],[-74.70771,40.53013],[-74.70761,40.52839],[-74.70591,40.52648],[-74.70554,40.5263]]]}},{"type":"Feature","properties":{"n":null,"area":382698,"w":"water"},"geometry":{"type":"Polygon","coordinates":[[[-74.8455,40.08882],[-74.85116,40.08593],[-74.85265,40.08579],[-74.85398,40.08703],[-74.85286,40.09145],[-74.85048,40.09309],[-74.84912,40.09266],[-74.84525,40.08907],[-74.8455,40.08882]]]}},{"type":"Feature","properties":{"n":null,"area":382457,"w":"stream"},"geometry":{"type":"Polygon","coordinates":[[[-75.41658,40.2631],[-75.41587,40.26134],[-75.41825,40.26002],[-75.42037,40.26002],[-75.42408,40.26145],[-75.42759,40.2609],[-75.43026,40.25832],[-75.42978,40.2561],[-75.43078,40.25535],[-75.43925,40.25674],[-75.44182,40.25816],[-75.44584,40.25565],[-75.44665,40.25439],[-75.45099,40.25414],[-75.44987,40.2515],[-75.4504,40.25065],[-75.45295,40.25017],[-75.4551,40.25177],[-75.45596,40.25179],[-75.45659,40.24819],[-75.41658,40.2631]]]}},{"type":"Feature","properties":{"n":null,"area":381273,"w":"river"},"geometry":{"type":"Polygon","coordinates":[[[-75.45035,40.10767],[-75.44337,40.10981],[-75.434,40.11123],[-75.42948,40.11108],[-75.42552,40.10932],[-75.45035,40.10767]]]}},{"type":"Feature","properties":{"n":null,"area":380228,"w":"stream"},"geometry":{"type":"Polygon","coordinates":[[[-75.09769,39.93902],[-75.10227,39.93999],[-75.10387,39.93886],[-75.1062,39.93839],[-75.10627,39.94047],[-75.10445,39.94532],[-75.10722,39.94531],[-75.10787,39.94586],[-75.11002,39.94876],[-75.11143,39.95327],[-75.1103,39.95287],[-75.10834,39.9471],[-75.10714,39.94599],[-75.10476,39.94594],[-75.10396,39.94531],[-75.10564,39.93898],[-75.10434,39.93915],[-75.10215,39.94067],[-75.09757,39.94027],[-75.09429,39.93729],[-75.09042,39.93675],[-75.0897,39.93554],[-75.08633,39.93496],[-75.08575,39.93198],[-75.08653,39.93252],[-75.08658,39.93464],[-75.08885,39.93411],[-75.09027,39.93453],[-75.08886,39.93398],[-75.08713,39.9343],[-75.0868,39.93392],[-75.08756,39.9334],[-75.09228,39.9333],[-75.09454,39.93556],[-75.09458,39.93669],[-75.09067,39.93621],[-75.09037,39.93484],[-75.09048,39.93627],[-75.09432,39.93696],[-75.09744,39.93893],[-75.09769,39.93902]]]}},{"type":"Feature","properties":{"n":null,"area":366633,"w":"river"},"geometry":{"type":"Polygon","coordinates":[[[-75.21393,39.89841],[-75.20839,39.89446],[-75.19853,39.89158],[-75.19624,39.88842],[-75.19647,39.88482],[-75.21393,39.89841]]]}},{"type":"Feature","properties":{"n":null,"area":359911,"w":"river"},"geometry":{"type":"Polygon","coordinates":[[[-75.6979,39.99505],[-75.69485,39.99459],[-75.69148,39.99139],[-75.68931,39.98769],[-75.68737,39.98197],[-75.68412,39.97852],[-75.68233,39.97543],[-75.67957,39.97382],[-75.67745,39.97142],[-75.67405,39.96968],[-75.67243,39.96788],[-75.66878,39.96849],[-75.66466,39.96743],[-75.66107,39.96368],[-75.66456,39.96718],[-75.66908,39.96834],[-75.6727,39.96776],[-75.67452,39.96972],[-75.6776,39.9713],[-75.67991,39.97373],[-75.68256,39.97534],[-75.68462,39.97869],[-75.6979,39.99505]]]}},{"type":"Feature","properties":{"n":null,"area":353309,"w":"stream"},"geometry":{"type":"Polygon","coordinates":[[[-75.14661,40.48087],[-75.14395,40.48351],[-75.14461,40.48674],[-75.14361,40.48752],[-75.14403,40.48923],[-75.14295,40.49278],[-75.14035,40.49369],[-75.13893,40.49512],[-75.13966,40.49828],[-75.13846,40.49978],[-75.13796,40.50208],[-75.14006,40.50597],[-75.13727,40.50918],[-75.13788,40.51147],[-75.13728,40.51335],[-75.13789,40.5135],[-75.13875,40.5178],[-75.1376,40.51884],[-75.13611,40.51875],[-75.13443,40.51954],[-75.13347,40.52503],[-75.13246,40.52523],[-75.13084,40.52764],[-75.13008,40.52756],[-75.12885,40.53122],[-75.12751,40.53191],[-75.12804,40.53262],[-75.12723,40.53516],[-75.14661,40.48087]]]}},{"type":"Feature","properties":{"n":null,"area":351506,"w":"stream"},"geometry":{"type":"Polygon","coordinates":[[[-75.10666,39.89198],[-75.10831,39.89285],[-75.11194,39.89318],[-75.11235,39.89687],[-75.11057,39.8988],[-75.10793,39.90018],[-75.10474,39.90046],[-75.10093,39.89884],[-75.09628,39.90082],[-75.10111,39.89891],[-75.10349,39.90028],[-75.10531,39.90056],[-75.10497,39.90104],[-75.11188,39.89875],[-75.11327,39.8997],[-75.11307,39.90069],[-75.1164,39.9027],[-75.1163,39.90347],[-75.11393,39.90345],[-75.11421,39.9066],[-75.10996,39.9073],[-75.1079,39.90977],[-75.10498,39.91007],[-75.10157,39.90922],[-75.10097,39.90996],[-75.10162,39.91083],[-75.10109,39.90993],[-75.10161,39.90931],[-75.10475,39.9102],[-75.10788,39.91002],[-75.10993,39.9076],[-75.11103,39.90744],[-75.10925,39.90976],[-75.11045,39.90796],[-75.11106,39.9086],[-75.11217,39.90841],[-75.11155,39.90727],[-75.11433,39.90672],[-75.11759,39.90908],[-75.12054,39.90868],[-75.12221,39.90772],[-75.12576,39.90815],[-75.12599,39.90702],[-75.12174,39.90701],[-75.12018,39.90837],[-75.11815,39.90798],[-75.11786,39.90838],[-75.11778,39.90746],[-75.11571,39.90626],[-75.11723,39.90239],[-75.11398,39.90091],[-75.11369,39.89953],[-75.11182,39.89839],[-75.11409,39.89598],[-75.11299,39.89552],[-75.11207,39.89296],[-75.10481,39.89135],[-75.10409,39.89251],[-75.09976,39.89198],[-75.09813,39.8924],[-75.09736,39.8921],[-75.09798,39.89115],[-75.09571,39.88977],[-75.09696,39.89109],[-75.09787,39.89118],[-75.09722,39.89211],[-75.09765,39.8924],[-75.09978,39.8921],[-75.10424,39.89263],[-75.1047,39.89158],[-75.10658,39.8918],[-75.10666,39.89198]]]}},{"type":"Feature","properties":{"n":null,"area":349885,"w":"water"},"geometry":{"type":"Polygon","coordinates":[[[-75.45011,39.70135],[-75.44973,39.70093],[-75.44719,39.7011],[-75.44643,39.6987],[-75.44506,39.69841],[-75.44512,39.69735],[-75.44354,39.69705],[-75.44523,39.69735],[-75.44506,39.69834],[-75.44626,39.69787],[-75.44614,39.69837],[-75.44685,39.69728],[-75.44818,39.69724],[-75.44998,39.69517],[-75.45207,39.69474],[-75.45245,39.69579],[-75.45065,39.69525],[-75.44895,39.69618],[-75.44852,39.69837],[-75.44715,39.69906],[-75.44738,39.69962],[-75.45021,39.70069],[-75.4502,39.69917],[-75.45118,39.69933],[-75.45161,39.69787],[-75.4524,39.69824],[-75.45309,39.69777],[-75.45254,39.69647],[-75.45484,39.69521],[-75.45809,39.69843],[-75.45283,39.70123],[-75.45028,39.70155],[-75.45011,39.70135]]]}},{"type":"Feature","properties":{"n":null,"area":346989,"w":"stream"},"geometry":{"type":"Polygon","coordinates":[[[-75.45616,40.24791],[-75.45599,40.25154],[-75.45525,40.25161],[-75.45349,40.2501],[-75.45041,40.25035],[-75.44961,40.25154],[-75.4508,40.25406],[-75.44656,40.25422],[-75.44192,40.25789],[-75.43946,40.25656],[-75.4326,40.25512],[-75.43045,40.25522],[-75.42949,40.2562],[-75.4299,40.25824],[-75.42741,40.26081],[-75.42419,40.26131],[-75.42002,40.25985],[-75.41779,40.25987],[-75.41569,40.26125],[-75.41628,40.26318],[-75.45616,40.24791]]]}},{"type":"Feature","properties":{"n":null,"area":337167,"w":"stream"},"geometry":{"type":"Polygon","coordinates":[[[-75.12534,40.43835],[-75.13359,40.43554],[-75.13781,40.43516],[-75.13914,40.43556],[-75.14062,40.43716],[-75.14105,40.44054],[-75.14281,40.44382],[-75.14552,40.44556],[-75.15436,40.44168],[-75.15889,40.44206],[-75.16178,40.44302],[-75.16362,40.44506],[-75.16288,40.44734],[-75.15985,40.45003],[-75.15611,40.45205],[-75.15706,40.45351],[-75.15683,40.45539],[-75.16104,40.45946],[-75.16103,40.46134],[-75.17337,40.46304],[-75.17555,40.46409],[-75.1753,40.46558],[-75.17677,40.46682],[-75.18483,40.46965],[-75.18289,40.46901],[-75.18391,40.46811],[-75.18207,40.46884],[-75.17865,40.46724],[-75.17775,40.46611],[-75.17579,40.46596],[-75.17579,40.46418],[-75.17309,40.46275],[-75.16394,40.46118],[-75.16118,40.46126],[-75.16137,40.45952],[-75.15698,40.45491],[-75.15831,40.45406],[-75.16035,40.45007],[-75.16387,40.44687],[-75.16382,40.44496],[-75.16199,40.44292],[-75.15808,40.44117],[-75.15662,40.44171],[-75.15452,40.44136],[-75.14555,40.44541],[-75.14339,40.44416],[-75.14201,40.4422],[-75.14128,40.44017],[-75.14134,40.43668],[-75.13896,40.43518],[-75.1368,40.43469],[-75.12499,40.43793],[-75.12534,40.43835]]]}},{"type":"Feature","properties":{"n":null,"area":333931,"w":"water"},"geometry":{"type":"Polygon","coordinates":[[[-74.72985,40.5154],[-74.72965,40.5159],[-74.72917,40.51559],[-74.72871,40.513],[-74.72564,40.50782],[-74.72555,40.50607],[-74.72734,40.50426],[-74.72983,40.50315],[-74.73717,40.50178],[-74.7419,40.50177],[-74.74575,40.50233],[-74.74738,40.50299],[-74.74807,40.50472],[-74.75193,40.50543],[-74.75343,40.50674],[-74.75515,40.50693],[-74.76184,40.50484],[-74.76515,40.50465],[-74.76734,40.50321],[-74.77382,40.50393],[-74.77613,40.50308],[-74.78133,40.50462],[-74.78493,40.50795],[-74.78549,40.50971],[-74.78776,40.51216],[-74.79787,40.51551],[-74.7962,40.51552],[-74.78699,40.51202],[-74.78463,40.50804],[-74.78124,40.50517],[-74.77699,40.50357],[-74.7754,40.50351],[-74.77442,40.50423],[-74.76738,40.50361],[-74.76502,40.50494],[-74.75485,40.50723],[-74.75219,40.50671],[-74.7512,40.50553],[-74.74807,40.50514],[-74.75124,40.50671],[-74.74858,40.50579],[-74.74682,40.50305],[-74.74159,40.50215],[-74.73725,40.5022],[-74.73094,40.50341],[-74.72871,40.50403],[-74.72652,40.50576],[-74.72599,40.50752],[-74.72716,40.50862],[-74.72961,40.5147],[-74.72985,40.5154]]]}},{"type":"Feature","properties":{"n":null,"area":331647,"w":"water"},"geometry":{"type":"Polygon","coordinates":[[[-75.40693,39.74891],[-75.40674,39.74852],[-75.40541,39.74919],[-75.40265,39.74937],[-75.40015,39.75162],[-75.39786,39.75156],[-75.39687,39.75043],[-75.40011,39.74931],[-75.40154,39.74779],[-75.40401,39.74786],[-75.4026,39.74472],[-75.40332,39.74331],[-75.40499,39.74739],[-75.40675,39.74842],[-75.40964,39.7477],[-75.4114,39.74557],[-75.41154,39.74437],[-75.40983,39.74339],[-75.41161,39.7441],[-75.41133,39.7431],[-75.41378,39.74316],[-75.4173,39.74168],[-75.41888,39.74227],[-75.41915,39.7399],[-75.41894,39.74087],[-75.41976,39.74172],[-75.41891,39.74267],[-75.41831,39.74307],[-75.41601,39.74262],[-75.41288,39.74395],[-75.41211,39.74692],[-75.41021,39.74872],[-75.40811,39.74979],[-75.40789,39.74941],[-75.40693,39.74891]]]}},{"type":"Feature","properties":{"n":null,"area":322204,"w":"river"},"geometry":{"type":"Polygon","coordinates":[[[-75.54417,39.75062],[-75.54581,39.75074],[-75.54765,39.75186],[-75.54908,39.75405],[-75.55662,39.76042],[-75.55638,39.76171],[-75.55678,39.76081],[-75.55748,39.76133],[-75.55543,39.75856],[-75.54949,39.7539],[-75.54785,39.75128],[-75.54059,39.74898],[-75.53999,39.74613],[-75.53769,39.74306],[-75.53769,39.74045],[-75.53668,39.73896],[-75.53512,39.73847],[-75.53179,39.73975],[-75.52969,39.73839],[-75.52759,39.73797],[-75.52675,39.73659],[-75.52712,39.73473],[-75.52881,39.73288],[-75.53028,39.73244],[-75.53196,39.73277],[-75.53208,39.73192],[-75.53192,39.73154],[-75.5287,39.73216],[-75.52716,39.73331],[-75.52596,39.73548],[-75.52643,39.73812],[-75.53193,39.74026],[-75.53468,39.73907],[-75.53617,39.73951],[-75.53709,39.74057],[-75.53682,39.74349],[-75.53942,39.74654],[-75.5399,39.74945],[-75.54395,39.75059],[-75.54417,39.75062]]]}},{"type":"Feature","properties":{"n":null,"area":313799,"w":"water"},"geometry":{"type":"Polygon","coordinates":[[[-74.83947,39.80195],[-74.83873,39.80242],[-74.83617,39.80078],[-74.83719,39.79947],[-74.83378,39.79875],[-74.83463,39.79783],[-74.83438,39.79673],[-74.8377,39.7954],[-74.83447,39.79427],[-74.835,39.79316],[-74.83755,39.79297],[-74.83783,39.79364],[-74.83707,39.79307],[-74.84113,39.79703],[-74.8408,39.79771],[-74.83881,39.79772],[-74.83821,39.7986],[-74.84044,39.80003],[-74.83883,39.80032],[-74.83926,39.80183],[-74.83947,39.80195]]]}},{"type":"Feature","properties":{"n":null,"area":306039,"w":"river"},"geometry":{"type":"Polygon","coordinates":[[[-75.64949,39.92297],[-75.65371,39.92438],[-75.66167,39.92521],[-75.66442,39.92701],[-75.66676,39.92677],[-75.66772,39.92786],[-75.66744,39.92989],[-75.6682,39.93074],[-75.66767,39.93143],[-75.66897,39.93394],[-75.67303,39.93438],[-75.67486,39.93348],[-75.67697,39.93487],[-75.68006,39.93418],[-75.67946,39.92947],[-75.68195,39.92668],[-75.68436,39.92584],[-75.68469,39.92453],[-75.68681,39.92328],[-75.69049,39.92366],[-75.69064,39.92296],[-75.68857,39.92127],[-75.69199,39.92011],[-75.69687,39.91995],[-75.6992,39.92226],[-75.70162,39.92362],[-75.70561,39.92355],[-75.70874,39.92522],[-75.71277,39.92824],[-75.71506,39.93255],[-75.71664,39.93335],[-75.71835,39.93536],[-75.72393,39.93327],[-75.72809,39.93674],[-75.72942,39.93708],[-75.73606,39.93446],[-75.73593,39.93323],[-75.73444,39.93258],[-75.72967,39.92813],[-75.72973,39.92714],[-75.73232,39.92476],[-75.73323,39.92481],[-75.73462,39.92635],[-75.73382,39.92484],[-75.73285,39.92451],[-75.73026,39.92618],[-75.72935,39.92785],[-75.73427,39.93274],[-75.7358,39.9335],[-75.73579,39.93438],[-75.72906,39.93683],[-75.72421,39.93311],[-75.71832,39.93513],[-75.71445,39.93125],[-75.71308,39.9282],[-75.71075,39.92634],[-75.70574,39.92334],[-75.70182,39.92346],[-75.69961,39.92224],[-75.6971,39.91976],[-75.69157,39.91998],[-75.68846,39.92104],[-75.68827,39.92181],[-75.68982,39.92245],[-75.69026,39.92367],[-75.68713,39.92299],[-75.68441,39.92433],[-75.68403,39.92581],[-75.68189,39.92645],[-75.6793,39.9292],[-75.67987,39.93406],[-75.67683,39.93466],[-75.67476,39.93328],[-75.6731,39.93419],[-75.66902,39.93369],[-75.66788,39.93133],[-75.66845,39.93077],[-75.66759,39.92932],[-75.668,39.92785],[-75.66691,39.92659],[-75.66433,39.92676],[-75.66166,39.92502],[-75.6538,39.92415],[-75.64967,39.92277],[-75.64949,39.92297]]]}},{"type":"Feature","properties":{"n":null,"area":303583,"w":"river"},"geometry":{"type":"Polygon","coordinates":[[[-75.21946,40.02135],[-75.23181,40.02729],[-75.23965,40.03263],[-75.24315,40.03607],[-75.24527,40.03687],[-75.24794,40.03953],[-75.21946,40.02135]]]}},{"type":"Feature","properties":{"n":null,"area":303478,"w":"river"},"geometry":{"type":"Polygon","coordinates":[[[-75.72317,40.30422],[-75.72267,40.30675],[-75.73051,40.30782],[-75.72942,40.31119],[-75.73184,40.31291],[-75.73381,40.31352],[-75.73876,40.31375],[-75.73925,40.31442],[-75.73625,40.31568],[-75.73486,40.31826],[-75.73138,40.31941],[-75.73122,40.32044],[-75.7331,40.32408],[-75.73248,40.32634],[-75.73244,40.32538],[-75.73121,40.32644],[-75.73237,40.32747],[-75.73516,40.32812],[-75.73736,40.33019],[-75.73697,40.33196],[-75.73821,40.33325],[-75.73878,40.33734],[-75.73958,40.3379],[-75.74252,40.33797],[-75.74283,40.34007],[-75.74686,40.34393],[-75.74662,40.34574],[-75.74395,40.34679],[-75.74433,40.35082],[-75.74605,40.35282],[-75.74241,40.35483],[-75.74134,40.35648],[-75.7424,40.35879],[-75.74204,40.36033],[-75.73846,40.36304],[-75.73394,40.36336],[-75.73195,40.36616],[-75.73381,40.36743],[-75.73327,40.3698],[-75.73461,40.37084],[-75.73565,40.37085],[-75.73614,40.37172],[-75.73437,40.37351],[-75.73487,40.37538],[-75.73718,40.37657],[-75.73786,40.37891],[-75.74132,40.37891],[-75.74352,40.38081],[-75.74101,40.37901],[-75.73792,40.37909],[-75.73681,40.37668],[-75.73469,40.37555],[-75.7342,40.37335],[-75.73597,40.37163],[-75.73326,40.37009],[-75.73374,40.36827],[-75.73178,40.36602],[-75.73366,40.36334],[-75.73834,40.36283],[-75.74189,40.36015],[-75.74213,40.35854],[-75.74089,40.35655],[-75.74321,40.35393],[-75.74552,40.35248],[-75.74424,40.35109],[-75.74377,40.34661],[-75.74658,40.34539],[-75.74681,40.3446],[-75.74237,40.33998],[-75.74277,40.33841],[-75.74189,40.33788],[-75.73961,40.33808],[-75.73839,40.33705],[-75.73828,40.33443],[-75.73679,40.33193],[-75.73711,40.33013],[-75.73505,40.3283],[-75.73291,40.32798],[-75.73104,40.32663],[-75.73265,40.32353],[-75.73108,40.32079],[-75.73116,40.31932],[-75.73502,40.31793],[-75.73608,40.31554],[-75.7391,40.31432],[-75.73283,40.31363],[-75.72937,40.31154],[-75.73008,40.30793],[-75.72714,40.30799],[-75.72251,40.30688],[-75.72281,40.30374],[-75.72317,40.30422]]]}},{"type":"Feature","properties":{"n":null,"area":300010,"w":"stream"},"geometry":{"type":"Polygon","coordinates":[[[-75.45616,40.24791],[-75.45472,40.24412],[-75.45147,40.23894],[-75.45242,40.23371],[-75.45169,40.23056],[-75.45249,40.22611],[-75.45616,40.24791]]]}},{"type":"Feature","properties":{"n":null,"area":297589,"w":"water"},"geometry":{"type":"Polygon","coordinates":[[[-74.81052,40.17124],[-74.81108,40.16903],[-74.8102,40.16719],[-74.8074,40.16502],[-74.80685,40.1635],[-74.80471,40.16319],[-74.80478,40.16263],[-74.80599,40.16264],[-74.80562,40.1622],[-74.80464,40.16232],[-74.80334,40.16363],[-74.80372,40.16527],[-74.80561,40.16678],[-74.80539,40.16796],[-74.8075,40.16983],[-74.80861,40.16957],[-74.808,40.17039],[-74.81009,40.17141],[-74.81052,40.17124]]]}},{"type":"Feature","properties":{"n":null,"area":294446,"w":"water"},"geometry":{"type":"Polygon","coordinates":[[[-74.84066,39.8001],[-74.84168,39.7985],[-74.84179,39.79916],[-74.84383,39.79944],[-74.84581,39.79863],[-74.84585,39.80005],[-74.84714,39.79967],[-74.84394,39.80072],[-74.84352,39.80153],[-74.84739,39.80139],[-74.84576,39.80169],[-74.84486,39.80255],[-74.84577,39.80227],[-74.84536,39.80271],[-74.84622,39.80268],[-74.84572,39.80344],[-74.84641,39.8037],[-74.84938,39.80396],[-74.84641,39.80435],[-74.84846,39.80512],[-74.84759,39.80518],[-74.84807,39.80637],[-74.8495,39.80665],[-74.84709,39.8069],[-74.84524,39.80461],[-74.84415,39.80442],[-74.84283,39.80488],[-74.84433,39.80524],[-74.84329,39.80544],[-74.84351,39.80639],[-74.84118,39.80661],[-74.84176,39.80728],[-74.83986,39.8063],[-74.83991,39.80729],[-74.83898,39.80789],[-74.83862,39.80662],[-74.8413,39.8058],[-74.84177,39.80487],[-74.84103,39.80405],[-74.84412,39.80347],[-74.84473,39.80261],[-74.84433,39.80172],[-74.83968,39.80173],[-74.84054,39.80027],[-74.84066,39.8001]]]}},{"type":"Feature","properties":{"n":null,"area":291586,"w":"river"},"geometry":{"type":"Polygon","coordinates":[[[-74.97959,40.4019],[-74.98673,40.40533],[-74.99679,40.40488],[-75.00332,40.40706],[-75.01065,40.4061],[-75.02125,40.40353],[-75.02716,40.40302],[-75.03291,40.40444],[-75.04005,40.40822],[-75.04014,40.40903],[-74.97959,40.4019]]]}},{"type":"Feature","properties":{"n":null,"area":283691,"w":"river"},"geometry":{"type":"Polygon","coordinates":[[[-75.59657,40.23509],[-75.597,40.23613],[-75.59874,40.23709],[-75.60385,40.23762],[-75.6065,40.23623],[-75.607,40.23345],[-75.59657,40.23509]]]}},{"type":"Feature","properties":{"n":"Hopewell Lake","area":281463,"w":"lake"},"geometry":{"type":"Polygon","coordinates":[[[-75.78888,40.20127],[-75.78958,40.20061],[-75.78895,40.20008],[-75.78941,40.19822],[-75.77864,40.20278],[-75.77809,40.20561],[-75.78037,40.20539],[-75.78152,40.20375],[-75.78323,40.20369],[-75.78579,40.20184],[-75.78857,40.20265],[-75.78886,40.2013],[-75.78888,40.20127]]]}},{"type":"Feature","properties":{"n":null,"area":281172,"w":"river"},"geometry":{"type":"Polygon","coordinates":[[[-75.42647,40.1083],[-75.43105,40.10948],[-75.43796,40.10945],[-75.44511,40.10828],[-75.4498,40.10674],[-75.42647,40.1083]]]}},{"type":"Feature","properties":{"n":"Fernhill Lake","area":277689,"w":"reservoir"},"geometry":{"type":"Polygon","coordinates":[[[-75.57989,39.98129],[-75.57871,39.98284],[-75.57681,39.98365],[-75.57545,39.98361],[-75.57326,39.98208],[-75.5735,39.98391],[-75.57166,39.98452],[-75.57181,39.98604],[-75.57325,39.98702],[-75.57489,39.98557],[-75.5773,39.98563],[-75.57975,39.98462],[-75.58305,39.9852],[-75.58635,39.98479],[-75.58677,39.98528],[-75.58771,39.98481],[-75.58682,39.98405],[-75.58297,39.9841],[-75.58027,39.98274],[-75.58011,39.9815],[-75.57989,39.98129]]]}},{"type":"Feature","properties":{"n":null,"area":268141,"w":"river"},"geometry":{"type":"Polygon","coordinates":[[[-75.68462,39.97869],[-75.68767,39.98195],[-75.68946,39.98738],[-75.69166,39.99116],[-75.69477,39.99431],[-75.69811,39.99477],[-75.68462,39.97869]]]}},{"type":"Feature","properties":{"n":null,"area":265499,"w":"river"},"geometry":{"type":"Polygon","coordinates":[[[-75.23646,39.8345],[-75.2371,39.83482],[-75.23725,39.83734],[-75.23786,39.83757],[-75.23697,39.83804],[-75.23727,39.83839],[-75.23634,39.83832],[-75.23769,39.83913],[-75.23571,39.83848],[-75.23084,39.84348],[-75.23046,39.84323],[-75.23076,39.84373],[-75.22817,39.84628],[-75.22881,39.85101],[-75.23071,39.85262],[-75.22956,39.85326],[-75.22797,39.85211],[-75.22728,39.85005],[-75.22698,39.8468],[-75.2283,39.8444],[-75.22796,39.84334],[-75.22953,39.84298],[-75.2361,39.83646],[-75.23651,39.83456],[-75.23646,39.8345]]]}},{"type":"Feature","properties":{"n":null,"area":264656,"w":"river"},"geometry":{"type":"Polygon","coordinates":[[[-75.34763,39.82604],[-75.34002,39.81856],[-75.3416,39.81604],[-75.34123,39.81457],[-75.33594,39.80845],[-75.33593,39.80622],[-75.33138,39.80338],[-75.32814,39.80333],[-75.32622,39.80398],[-75.3261,39.80433],[-75.32847,39.80378],[-75.33161,39.80395],[-75.33384,39.8051],[-75.334,39.806],[-75.33534,39.80634],[-75.33468,39.80694],[-75.33486,39.80902],[-75.33616,39.81035],[-75.33506,39.80895],[-75.3351,39.8067],[-75.33534,39.80911],[-75.33749,39.81092],[-75.33677,39.81117],[-75.33696,39.81184],[-75.33806,39.81151],[-75.33827,39.81297],[-75.33958,39.81379],[-75.33964,39.81508],[-75.34046,39.81508],[-75.34064,39.81566],[-75.33872,39.81848],[-75.34445,39.82426],[-75.34773,39.82699],[-75.3488,39.82694],[-75.34775,39.82611],[-75.34763,39.82604]]]}},{"type":"Feature","properties":{"n":null,"area":263557,"w":"water"},"geometry":{"type":"Polygon","coordinates":[[[-75.00961,39.75264],[-75.00647,39.75183],[-75.00559,39.74988],[-75.00526,39.74718],[-75.00779,39.745],[-75.00924,39.74573],[-75.00964,39.7477],[-75.00744,39.74894],[-75.00963,39.75028],[-75.01245,39.75047],[-75.01203,39.75142],[-75.0098,39.75276],[-75.00961,39.75264]]]}},{"type":"Feature","properties":{"n":null,"area":263172,"w":"river"},"geometry":{"type":"Polygon","coordinates":[[[-75.70368,40.00449],[-75.70366,40.00515],[-75.70787,40.00785],[-75.70616,40.01307],[-75.70412,40.01549],[-75.70721,40.01829],[-75.70615,40.02292],[-75.70627,40.02456],[-75.70783,40.02661],[-75.70758,40.03162],[-75.70863,40.03494],[-75.70814,40.03933],[-75.70742,40.03983],[-75.7077,40.04296],[-75.70904,40.04332],[-75.71012,40.04272],[-75.71152,40.04317],[-75.71268,40.04418],[-75.71354,40.04648],[-75.71801,40.04798],[-75.72061,40.05073],[-75.72278,40.05097],[-75.72483,40.05277],[-75.72659,40.0528],[-75.72906,40.05052],[-75.73168,40.04937],[-75.73566,40.05076],[-75.74117,40.05113],[-75.74238,40.05188],[-75.74384,40.05164],[-75.74438,40.05253],[-75.74365,40.05847],[-75.74445,40.06022],[-75.74181,40.06199],[-75.74137,40.06345],[-75.74298,40.06534],[-75.74316,40.06682],[-75.74581,40.06983],[-75.7472,40.07316],[-75.75044,40.07624],[-75.75339,40.07718],[-75.75757,40.07686],[-75.75762,40.07832],[-75.75925,40.07829],[-75.76264,40.07608],[-75.76548,40.07524],[-75.76921,40.07652],[-75.76915,40.07789],[-75.7679,40.07895],[-75.7691,40.08057],[-75.76903,40.08373],[-75.76782,40.08512],[-75.76917,40.08624],[-75.76891,40.0875],[-75.77171,40.09008],[-75.77438,40.09088],[-75.77525,40.09351],[-75.7771,40.09444],[-75.77608,40.09467],[-75.77631,40.0952],[-75.77836,40.09654],[-75.78166,40.09721],[-75.78205,40.09777],[-75.77836,40.09664],[-75.77628,40.09531],[-75.77592,40.09463],[-75.77691,40.09442],[-75.77486,40.09346],[-75.77405,40.09066],[-75.77169,40.09019],[-75.76902,40.08788],[-75.76906,40.08628],[-75.76771,40.08522],[-75.76913,40.08266],[-75.76898,40.08061],[-75.76775,40.07897],[-75.76902,40.07777],[-75.76912,40.07656],[-75.76539,40.07537],[-75.76254,40.07626],[-75.75948,40.07843],[-75.75808,40.07863],[-75.75712,40.07821],[-75.75756,40.07699],[-75.75341,40.0773],[-75.75039,40.07629],[-75.74709,40.07321],[-75.74563,40.06978],[-75.74305,40.0669],[-75.74285,40.0654],[-75.74128,40.06348],[-75.74174,40.06196],[-75.74434,40.06019],[-75.74356,40.05847],[-75.74399,40.05194],[-75.73529,40.05076],[-75.73131,40.04952],[-75.72672,40.05288],[-75.725,40.05293],[-75.72267,40.05103],[-75.72028,40.0506],[-75.71795,40.04812],[-75.71347,40.04666],[-75.71138,40.04324],[-75.7097,40.04291],[-75.70868,40.04353],[-75.70742,40.04293],[-75.70716,40.03991],[-75.70793,40.0392],[-75.70836,40.03421],[-75.70742,40.03193],[-75.70764,40.02704],[-75.70603,40.02456],[-75.70581,40.02216],[-75.70692,40.01786],[-75.70395,40.01554],[-75.70593,40.013],[-75.70768,40.00795],[-75.70365,40.00533],[-75.70356,40.0045],[-75.70368,40.00449]]]}},{"type":"Feature","properties":{"n":null,"area":259986,"w":"stream"},"geometry":{"type":"Polygon","coordinates":[[[-75.07827,40.15545],[-75.08263,40.15791],[-75.08675,40.15664],[-75.08772,40.15713],[-75.09028,40.15595],[-75.09195,40.1558],[-75.09377,40.15644],[-75.09526,40.15572],[-75.09872,40.15781],[-75.10061,40.15773],[-75.10173,40.15707],[-75.10418,40.15829],[-75.10644,40.15972],[-75.10637,40.16077],[-75.10469,40.16267],[-75.10469,40.16434],[-75.10531,40.16554],[-75.10823,40.16731],[-75.10827,40.17044],[-75.11161,40.17332],[-75.11477,40.17311],[-75.11641,40.17551],[-75.11458,40.17313],[-75.11153,40.17334],[-75.10817,40.17067],[-75.10807,40.16737],[-75.10511,40.16571],[-75.10453,40.16436],[-75.10459,40.16261],[-75.10629,40.16039],[-75.07827,40.15545]]]}},{"type":"Feature","properties":{"n":null,"area":259275,"w":"river"},"geometry":{"type":"Polygon","coordinates":[[[-75.07143,40.54551],[-75.06866,40.54389],[-75.06691,40.54201],[-75.06366,40.5281],[-75.07143,40.54551]]]}},{"type":"Feature","properties":{"n":null,"area":251610,"w":"water"},"geometry":{"type":"Polygon","coordinates":[[[-74.73963,40.17307],[-74.73832,40.17435],[-74.74328,40.17897],[-74.74567,40.17913],[-74.74798,40.17804],[-74.74272,40.1743],[-74.73969,40.17301],[-74.73963,40.17307]]]}},{"type":"Feature","properties":{"n":null,"area":236539,"w":"stream"},"geometry":{"type":"Polygon","coordinates":[[[-75.66725,39.69894],[-75.66952,39.69995],[-75.67294,39.69902],[-75.6761,39.6989],[-75.67275,39.6989],[-75.66938,39.69975],[-75.66569,39.69775],[-75.66436,39.69914],[-75.66516,39.6999],[-75.66279,39.70135],[-75.65949,39.70017],[-75.65812,39.70063],[-75.65541,39.70301],[-75.6546,39.70636],[-75.65091,39.70773],[-75.64825,39.70688],[-75.64636,39.70757],[-75.6455,39.7072],[-75.64581,39.70618],[-75.64707,39.7054],[-75.64737,39.70399],[-75.6503,39.7015],[-75.64954,39.69926],[-75.6459,39.69674],[-75.64187,39.69795],[-75.64165,39.70004],[-75.63839,39.699],[-75.63482,39.69945],[-75.62974,39.7012],[-75.6231,39.69992],[-75.62229,39.69923],[-75.62231,39.69755],[-75.62118,39.6978],[-75.62259,39.70037],[-75.62976,39.70178],[-75.63779,39.6994],[-75.64165,39.70031],[-75.6423,39.69984],[-75.64217,39.69816],[-75.64549,39.69701],[-75.64923,39.69939],[-75.64996,39.70131],[-75.64705,39.70387],[-75.64534,39.70646],[-75.64601,39.70779],[-75.6481,39.70702],[-75.65101,39.70788],[-75.65448,39.7067],[-75.65535,39.70555],[-75.65557,39.70305],[-75.65821,39.70069],[-75.65958,39.70032],[-75.66291,39.70146],[-75.66528,39.69994],[-75.66447,39.69914],[-75.66565,39.69793],[-75.66712,39.6988],[-75.66725,39.69894]]]}},{"type":"Feature","properties":{"n":null,"area":229026,"w":"river"},"geometry":{"type":"Polygon","coordinates":[[[-75.28925,40.19874],[-75.28863,40.19797],[-75.28926,40.19604],[-75.28622,40.19379],[-75.28674,40.19252],[-75.28582,40.19104],[-75.28267,40.18909],[-75.2807,40.18692],[-75.27864,40.18667],[-75.28925,40.19874]]]}},{"type":"Feature","properties":{"n":null,"area":228823,"w":"water"},"geometry":{"type":"Polygon","coordinates":[[[-75.17855,39.85882],[-75.17566,39.85877],[-75.17836,39.85851],[-75.17333,39.85797],[-75.17236,39.8596],[-75.17308,39.8578],[-75.16764,39.85619],[-75.17837,39.85755],[-75.17849,39.85542],[-75.17768,39.85557],[-75.17839,39.85502],[-75.1772,39.85566],[-75.1782,39.8549],[-75.17719,39.85481],[-75.1755,39.85293],[-75.17839,39.85456],[-75.17828,39.85196],[-75.1788,39.85167],[-75.17899,39.85419],[-75.18028,39.85534],[-75.17971,39.85557],[-75.18277,39.85708],[-75.18168,39.85733],[-75.1814,39.85866],[-75.17975,39.85963],[-75.17916,39.85871],[-75.17855,39.85882]]]}},{"type":"Feature","properties":{"n":null,"area":226047,"w":"river"},"geometry":{"type":"Polygon","coordinates":[[[-75.27862,40.18677],[-75.28063,40.18701],[-75.28264,40.1892],[-75.28575,40.19111],[-75.28668,40.19258],[-75.28614,40.19383],[-75.28918,40.19612],[-75.28854,40.19803],[-75.28915,40.19882],[-75.27862,40.18677]]]}},{"type":"Feature","properties":{"n":null,"area":224721,"w":"river"},"geometry":{"type":"Polygon","coordinates":[[[-75.39481,40.32261],[-75.39479,40.32408],[-75.39242,40.32473],[-75.38915,40.32387],[-75.38384,40.32371],[-75.37986,40.32862],[-75.37499,40.33175],[-75.39481,40.32261]]]}},{"type":"Feature","properties":{"n":"Giving Pond","area":223255,"w":"pond"},"geometry":{"type":"Polygon","coordinates":[[[-75.07382,40.53749],[-75.07161,40.53228],[-75.07136,40.52992],[-75.07042,40.52983],[-75.07027,40.5305],[-75.07019,40.52991],[-75.06898,40.5298],[-75.06835,40.531],[-75.06868,40.53253],[-75.0694,40.53257],[-75.06925,40.53406],[-75.07009,40.53559],[-75.06954,40.5354],[-75.06958,40.53614],[-75.07017,40.53662],[-75.07131,40.53624],[-75.07238,40.53784],[-75.07385,40.53755],[-75.07382,40.53749]]]}},{"type":"Feature","properties":{"n":null,"area":216595,"w":"river"},"geometry":{"type":"Polygon","coordinates":[[[-75.44735,40.14942],[-75.44458,40.15303],[-75.44213,40.15468],[-75.44036,40.1569],[-75.44232,40.16149],[-75.44197,40.16225],[-75.43643,40.16321],[-75.43182,40.165],[-75.43194,40.1697],[-75.43078,40.17058],[-75.43035,40.17391],[-75.44735,40.14942]]]}},{"type":"Feature","properties":{"n":null,"area":209665,"w":"river"},"geometry":{"type":"Polygon","coordinates":[[[-75.24503,40.03798],[-75.23171,40.02831],[-75.22203,40.02297],[-75.21936,40.02232],[-75.24503,40.03798]]]}},{"type":"Feature","properties":{"n":null,"area":208525,"w":"water"},"geometry":{"type":"Polygon","coordinates":[[[-74.85086,40.08202],[-74.84938,40.08247],[-74.84917,40.08193],[-74.85026,40.07874],[-74.84966,40.07543],[-74.84619,40.07282],[-74.84562,40.07314],[-74.84611,40.07275],[-74.84508,40.07182],[-74.84404,40.07204],[-74.8443,40.07247],[-74.84398,40.07211],[-74.84167,40.07438],[-74.84156,40.07397],[-74.83796,40.0742],[-74.83446,40.07331],[-74.83231,40.07395],[-74.83158,40.07266],[-74.82999,40.07266],[-74.82973,40.07187],[-74.82747,40.07123],[-74.82362,40.07187],[-74.8228,40.07294],[-74.81912,40.07123],[-74.81619,40.07154],[-74.81415,40.07325],[-74.81597,40.07137],[-74.81864,40.07097],[-74.81851,40.07007],[-74.81879,40.07092],[-74.82136,40.07165],[-74.82223,40.07268],[-74.82309,40.07256],[-74.82339,40.07157],[-74.82718,40.07083],[-74.83293,40.07293],[-74.83876,40.07379],[-74.84184,40.07333],[-74.84346,40.07173],[-74.84547,40.07117],[-74.85046,40.07559],[-74.85068,40.07867],[-74.84983,40.08091],[-74.85044,40.08201],[-74.85086,40.08202]]]}},{"type":"Feature","properties":{"n":null,"area":205141,"w":"water"},"geometry":{"type":"Polygon","coordinates":[[[-74.93062,39.75739],[-74.92881,39.75987],[-74.93135,39.7594],[-74.93266,39.76034],[-74.93356,39.75977],[-74.93355,39.75886],[-74.93591,39.75848],[-74.9333,39.75456],[-74.93066,39.75579],[-74.9307,39.75729],[-74.93062,39.75739]]]}},{"type":"Feature","properties":{"n":"Lake Towhee","area":205016,"w":"reservoir"},"geometry":{"type":"Polygon","coordinates":[[[-75.26354,40.48312],[-75.26719,40.48276],[-75.26818,40.48089],[-75.26733,40.47905],[-75.26514,40.47772],[-75.26578,40.47549],[-75.26452,40.47479],[-75.26354,40.47785],[-75.26471,40.48092],[-75.26306,40.48292],[-75.26354,40.48312]]]}},{"type":"Feature","properties":{"n":null,"area":204595,"w":"river"},"geometry":{"type":"Polygon","coordinates":[[[-75.51029,40.13639],[-75.5114,40.14029],[-75.511,40.14315],[-75.50974,40.1459],[-75.5068,40.14862],[-75.51029,40.13639]]]}},{"type":"Feature","properties":{"n":null,"area":202582,"w":"river"},"geometry":{"type":"Polygon","coordinates":[[[-75.34706,40.10926],[-75.35387,40.1099],[-75.36218,40.11322],[-75.36759,40.11406],[-75.37809,40.11735],[-75.38766,40.11761],[-75.34706,40.10926]]]}},{"type":"Feature","properties":{"n":null,"area":200229,"w":"stream"},"geometry":{"type":"Polygon","coordinates":[[[-75.10629,40.16039],[-75.10633,40.15968],[-75.10313,40.15838],[-75.10189,40.15722],[-75.09915,40.15804],[-75.0972,40.15741],[-75.0954,40.15583],[-75.0937,40.15658],[-75.09074,40.15605],[-75.08783,40.15722],[-75.08666,40.15678],[-75.08255,40.15803],[-75.07822,40.15552],[-75.10629,40.16039]]]}},{"type":"Feature","properties":{"n":null,"area":196139,"w":"water"},"geometry":{"type":"Polygon","coordinates":[[[-75.31173,39.83782],[-75.31153,39.83621],[-75.30631,39.83068],[-75.30498,39.82976],[-75.3039,39.83017],[-75.30459,39.83031],[-75.30451,39.83113],[-75.30372,39.83069],[-75.3038,39.83001],[-75.30543,39.82937],[-75.3025,39.82993],[-75.30443,39.82907],[-75.30318,39.82713],[-75.30038,39.82769],[-75.30306,39.827],[-75.30563,39.82925],[-75.30745,39.82948],[-75.30895,39.83095],[-75.30908,39.83148],[-75.30821,39.83144],[-75.30948,39.83299],[-75.31163,39.83488],[-75.31352,39.83557],[-75.31436,39.83715],[-75.31218,39.83834],[-75.31173,39.83782]]]}},{"type":"Feature","properties":{"n":"Centennial Lake","area":194813,"w":"reservoir"},"geometry":{"type":"Polygon","coordinates":[[[-74.84584,39.83345],[-74.84568,39.8318],[-74.84641,39.83096],[-74.84808,39.83067],[-74.84856,39.82979],[-74.84743,39.8278],[-74.84788,39.82749],[-74.84864,39.82774],[-74.8491,39.82994],[-74.85002,39.83083],[-74.84984,39.83227],[-74.84884,39.83255],[-74.85005,39.83573],[-74.84912,39.83727],[-74.84584,39.83345]]]}},{"type":"Feature","properties":{"n":null,"area":192419,"w":"river"},"geometry":{"type":"Polygon","coordinates":[[[-75.08544,40.23471],[-75.08223,40.23447],[-75.07764,40.23654],[-75.07721,40.23735],[-75.07894,40.23919],[-75.07812,40.24018],[-75.07657,40.23871],[-75.07515,40.23851],[-75.07248,40.23671],[-75.07186,40.23519],[-75.07061,40.23466],[-75.06621,40.23561],[-75.06467,40.23735],[-75.06214,40.23799],[-75.0589,40.24107],[-75.05734,40.2417],[-75.05401,40.24115],[-75.05378,40.23945],[-75.05135,40.23846],[-75.05061,40.23927],[-75.05109,40.24125],[-75.05038,40.24386],[-75.04965,40.24414],[-75.05038,40.24315],[-75.0498,40.24391],[-75.04733,40.2448],[-75.04579,40.24308],[-75.04395,40.2432],[-75.04294,40.24387],[-75.04227,40.24579],[-75.03899,40.2472],[-75.03887,40.24777],[-75.03714,40.24861],[-75.03471,40.24824],[-75.03436,40.24963],[-75.03591,40.25118],[-75.03631,40.25298],[-75.03529,40.25492],[-75.03335,40.25584],[-75.03546,40.25501],[-75.03651,40.25293],[-75.03604,40.25087],[-75.0345,40.24937],[-75.03478,40.2484],[-75.03727,40.24874],[-75.03826,40.248],[-75.03965,40.24797],[-75.0428,40.24574],[-75.04408,40.24342],[-75.0459,40.24335],[-75.04663,40.24484],[-75.04746,40.24504],[-75.05074,40.24383],[-75.05125,40.23872],[-75.05208,40.23857],[-75.05346,40.23942],[-75.05397,40.24129],[-75.05739,40.24181],[-75.05936,40.24104],[-75.06239,40.23821],[-75.06496,40.23735],[-75.0665,40.23568],[-75.07053,40.2348],[-75.07168,40.23526],[-75.07267,40.23725],[-75.07824,40.24029],[-75.07916,40.23913],[-75.07756,40.23682],[-75.0821,40.23465],[-75.08538,40.23485],[-75.08544,40.23471]]]}},{"type":"Feature","properties":{"n":null,"area":190605,"w":"water"},"geometry":{"type":"Polygon","coordinates":[[[-74.86522,40.08812],[-74.87196,40.08916],[-74.87285,40.08998],[-74.87294,40.09136],[-74.87145,40.09221],[-74.87051,40.09113],[-74.86895,40.09142],[-74.86761,40.08998],[-74.86277,40.08943],[-74.86268,40.0888],[-74.864,40.08796],[-74.86522,40.08812]]]}},{"type":"Feature","properties":{"n":null,"area":190160,"w":"water"},"geometry":{"type":"Polygon","coordinates":[[[-75.20042,39.80388],[-75.20186,39.80615],[-75.20094,39.8061],[-75.20009,39.80689],[-75.19996,39.80923],[-75.20073,39.80982],[-75.20276,39.80997],[-75.20282,39.81182],[-75.20408,39.81425],[-75.20592,39.81546],[-75.20947,39.81507],[-75.2088,39.81374],[-75.21147,39.81253],[-75.21342,39.81395],[-75.21557,39.81399],[-75.21749,39.81318],[-75.22008,39.81499],[-75.22104,39.81493],[-75.21712,39.81234],[-75.21624,39.81334],[-75.21414,39.81362],[-75.21134,39.81205],[-75.20833,39.81355],[-75.209,39.81504],[-75.20628,39.81525],[-75.20452,39.81415],[-75.20338,39.81223],[-75.20361,39.8102],[-75.20053,39.80907],[-75.20129,39.80825],[-75.2012,39.80704],[-75.20237,39.80631],[-75.20079,39.80376],[-75.1996,39.80359],[-75.19928,39.80453],[-75.19806,39.80351],[-75.19634,39.80347],[-75.19791,39.80387],[-75.1991,39.80495],[-75.20023,39.804],[-75.20042,39.80388]]]}},{"type":"Feature","properties":{"n":"Echo Lake","area":190044,"w":"lake"},"geometry":{"type":"Polygon","coordinates":[[[-75.53404,40.07053],[-75.5304,40.07069],[-75.52891,40.06964],[-75.52658,40.07077],[-75.5249,40.07079],[-75.52403,40.07059],[-75.52397,40.06999],[-75.52581,40.06896],[-75.53475,40.06818],[-75.53509,40.06969],[-75.53414,40.07063],[-75.53404,40.07053]]]}},{"type":"Feature","properties":{"n":"Pine Run Reservoir","area":183821,"w":"reservoir"},"geometry":{"type":"Polygon","coordinates":[[[-75.17102,40.31614],[-75.17027,40.31618],[-75.172,40.31503],[-75.1718,40.31451],[-75.17401,40.31409],[-75.17365,40.31365],[-75.17826,40.30898],[-75.18051,40.30848],[-75.1819,40.30929],[-75.18193,40.31025],[-75.1772,40.31202],[-75.17558,40.31405],[-75.17161,40.31548],[-75.17029,40.31698],[-75.17065,40.31661],[-75.16997,40.31669],[-75.17087,40.31628],[-75.17102,40.31614]]]}},{"type":"Feature","properties":{"n":null,"area":180637,"w":"water"},"geometry":{"type":"Polygon","coordinates":[[[-74.75655,40.18172],[-74.75665,40.18232],[-74.75287,40.18261],[-74.74808,40.17999],[-74.74816,40.17857],[-74.74918,40.17826],[-74.7565,40.18169],[-74.75655,40.18172]]]}},{"type":"Feature","properties":{"n":null,"area":180610,"w":"river"},"geometry":{"type":"Polygon","coordinates":[[[-74.94195,40.33836],[-74.94611,40.34557],[-74.94678,40.35035],[-74.94807,40.35214],[-74.94796,40.3581],[-74.95054,40.36444],[-74.94195,40.33836]]]}},{"type":"Feature","properties":{"n":null,"area":173087,"w":"water"},"geometry":{"type":"Polygon","coordinates":[[[-74.72742,39.77675],[-74.72837,39.77484],[-74.7289,39.77514],[-74.72977,39.77432],[-74.72941,39.7737],[-74.73176,39.77236],[-74.73398,39.77627],[-74.7333,39.77624],[-74.73281,39.77736],[-74.73403,39.77813],[-74.73309,39.77834],[-74.73052,39.77603],[-74.73016,39.77658],[-74.72956,39.77628],[-74.73148,39.77779],[-74.72877,39.77641],[-74.72829,39.77726],[-74.72779,39.77711],[-74.72742,39.77675]]]}},{"type":"Feature","properties":{"n":null,"area":170370,"w":"river"},"geometry":{"type":"Polygon","coordinates":[[[-75.06827,40.48621],[-75.06908,40.49229],[-75.0682,40.49427],[-75.06675,40.50426],[-75.06905,40.51091],[-75.06932,40.51428],[-75.06811,40.51737],[-75.06676,40.52599],[-75.06827,40.48621]]]}},{"type":"Feature","properties":{"n":null,"area":166231,"w":"water"},"geometry":{"type":"Polygon","coordinates":[[[-74.76233,40.11894],[-74.76274,40.11791],[-74.76328,40.11874],[-74.7638,40.11711],[-74.765,40.11641],[-74.76421,40.1153],[-74.76814,40.11451],[-74.76873,40.11353],[-74.76971,40.11377],[-74.76874,40.11324],[-74.76973,40.11268],[-74.76966,40.11483],[-74.76701,40.1162],[-74.76733,40.11743],[-74.76676,40.11824],[-74.76347,40.11938],[-74.76237,40.11921],[-74.76233,40.11894]]]}},{"type":"Feature","properties":{"n":null,"area":166221,"w":"river"},"geometry":{"type":"Polygon","coordinates":[[[-75.26565,39.88484],[-75.27094,39.88065],[-75.273,39.88028],[-75.27499,39.88089],[-75.27533,39.8802],[-75.27334,39.8797],[-75.27084,39.88008],[-75.26724,39.88248],[-75.26438,39.88607],[-75.26467,39.88792],[-75.26198,39.88861],[-75.26163,39.89147],[-75.25889,39.89235],[-75.2566,39.89483],[-75.25723,39.89579],[-75.25498,39.89882],[-75.25737,39.90219],[-75.25538,39.90443],[-75.25502,39.90586],[-75.25565,39.9068],[-75.25467,39.90817],[-75.25584,39.91017],[-75.26005,39.90957],[-75.26002,39.91111],[-75.26022,39.90951],[-75.25594,39.91005],[-75.25487,39.90815],[-75.25582,39.90682],[-75.25529,39.90582],[-75.2558,39.9043],[-75.25757,39.90235],[-75.25543,39.89896],[-75.25753,39.89592],[-75.25691,39.89481],[-75.25908,39.89271],[-75.2618,39.8919],[-75.26242,39.88859],[-75.26403,39.88866],[-75.26505,39.88806],[-75.26479,39.88615],[-75.2655,39.88501],[-75.26565,39.88484]]]}},{"type":"Feature","properties":{"n":null,"area":165776,"w":"river"},"geometry":{"type":"Polygon","coordinates":[[[-75.41156,40.10942],[-75.40613,40.11126],[-75.40263,40.11354],[-75.39768,40.11556],[-75.3902,40.1175],[-75.38766,40.11761],[-75.41156,40.10942]]]}},{"type":"Feature","properties":{"n":"Hobb Lake","area":162997,"w":"reservoir"},"geometry":{"type":"Polygon","coordinates":[[[-74.87459,39.70826],[-74.87334,39.70781],[-74.87164,39.70834],[-74.87069,39.70785],[-74.86793,39.70785],[-74.86584,39.70692],[-74.86728,39.70532],[-74.86834,39.70616],[-74.86895,39.70578],[-74.87058,39.70637],[-74.8743,39.7062],[-74.87657,39.70822],[-74.87637,39.70877],[-74.87505,39.70855],[-74.87459,39.70826]]]}},{"type":"Feature","properties":{"n":null,"area":159978,"w":"water"},"geometry":{"type":"Polygon","coordinates":[[[-75.16034,39.79044],[-75.15868,39.78826],[-75.15785,39.78849],[-75.15734,39.78777],[-75.16049,39.78897],[-75.16043,39.79178],[-75.16155,39.79185],[-75.1638,39.794],[-75.16782,39.79345],[-75.16996,39.79553],[-75.17239,39.79499],[-75.17557,39.7963],[-75.17556,39.79548],[-75.17764,39.79747],[-75.17938,39.79782],[-75.18064,39.79731],[-75.18118,39.79821],[-75.18269,39.79719],[-75.18583,39.79717],[-75.18577,39.79856],[-75.19012,39.80009],[-75.19106,39.80134],[-75.19313,39.80098],[-75.19226,39.80175],[-75.19497,39.80321],[-75.19561,39.80282],[-75.1954,39.80337],[-75.19662,39.8039],[-75.19457,39.80347],[-75.18973,39.80038],[-75.18556,39.79883],[-75.18564,39.79762],[-75.18452,39.79828],[-75.18452,39.79768],[-75.18307,39.79754],[-75.18089,39.79839],[-75.18042,39.79757],[-75.17916,39.79807],[-75.1775,39.7976],[-75.17668,39.79644],[-75.17479,39.79637],[-75.17229,39.79514],[-75.1712,39.79571],[-75.16956,39.79554],[-75.16789,39.79367],[-75.16323,39.79427],[-75.16146,39.79199],[-75.1601,39.7918],[-75.1603,39.79069],[-75.16034,39.79044]]]}},{"type":"Feature","properties":{"n":null,"area":159561,"w":"reservoir"},"geometry":{"type":"Polygon","coordinates":[[[-75.24794,40.03953],[-75.25041,40.04211],[-75.2599,40.04827],[-75.2697,40.05899],[-75.24794,40.03953]]]}},{"type":"Feature","properties":{"n":null,"area":159560,"w":"stream"},"geometry":{"type":"Polygon","coordinates":[[[-75.45353,40.08393],[-75.45371,40.08491],[-75.45623,40.08592],[-75.45681,40.09486],[-75.46161,40.09625],[-75.46294,40.0974],[-75.46266,40.10074],[-75.46168,40.1026],[-75.45353,40.08393]]]}},{"type":"Feature","properties":{"n":null,"area":159456,"w":"stream"},"geometry":{"type":"Polygon","coordinates":[[[-75.35056,39.8732],[-75.34992,39.87405],[-75.35027,39.87643],[-75.3489,39.87866],[-75.35078,39.88214],[-75.35076,39.8837],[-75.35268,39.88396],[-75.35056,39.8732]]]}},{"type":"Feature","properties":{"n":"Atsion Lake","area":157270,"w":"lake"},"geometry":{"type":"Polygon","coordinates":[[[-74.73384,39.74074],[-74.7396,39.7404],[-74.73995,39.74204],[-74.74254,39.74149],[-74.74353,39.74312],[-74.7446,39.7429],[-74.74514,39.74195],[-74.74766,39.74215],[-74.74809,39.74273],[-74.75004,39.7417],[-74.75096,39.74207],[-74.74878,39.74261],[-74.74841,39.74388],[-74.74747,39.74324],[-74.74648,39.74378],[-74.74492,39.74361],[-74.73384,39.74074]]]}},{"type":"Feature","properties":{"n":null,"area":155824,"w":"stream"},"geometry":{"type":"Polygon","coordinates":[[[-75.46197,40.1026],[-75.46191,40.10165],[-75.46277,40.10106],[-75.46296,40.09722],[-75.46207,40.09631],[-75.45686,40.09452],[-75.45635,40.08584],[-75.45387,40.08493],[-75.45364,40.08392],[-75.46197,40.1026]]]}},{"type":"Feature","properties":{"n":"Newton Lake","area":152352,"w":"reservoir"},"geometry":{"type":"Polygon","coordinates":[[[-75.09441,39.90141],[-75.09052,39.90392],[-75.08788,39.90381],[-75.08634,39.90312],[-75.08796,39.90442],[-75.0898,39.90443],[-75.08772,39.90604],[-75.0859,39.90581],[-75.08347,39.90739],[-75.08147,39.90781],[-75.08002,39.90749],[-75.07689,39.90844],[-75.07589,39.90783],[-75.0764,39.9088],[-75.07473,39.90951],[-75.07252,39.90937],[-75.07169,39.9087],[-75.07049,39.90433],[-75.06882,39.90426],[-75.06812,39.90558],[-75.06632,39.90589],[-75.06159,39.90487],[-75.06637,39.90637],[-75.07019,39.90495],[-75.07148,39.90979],[-75.07235,39.90941],[-75.07382,39.91075],[-75.0795,39.90854],[-75.08066,39.90874],[-75.0818,39.90783],[-75.09441,39.90141]]]}},{"type":"Feature","properties":{"n":"East Park Reservoir","area":151484,"w":"reservoir"},"geometry":{"type":"Polygon","coordinates":[[[-75.19292,39.98285],[-75.19209,39.98268],[-75.19206,39.98403],[-75.19291,39.98812],[-75.1957,39.98775],[-75.19613,39.98659],[-75.19536,39.9843],[-75.19359,39.98301],[-75.19292,39.98285]]]}},{"type":"Feature","properties":{"n":"Bell Lake","area":149728,"w":"water"},"geometry":{"type":"Polygon","coordinates":[[[-75.17162,39.83567],[-75.1732,39.83651],[-75.17469,39.83979],[-75.17534,39.83985],[-75.17605,39.84142],[-75.17542,39.84199],[-75.17795,39.84135],[-75.18029,39.84191],[-75.17989,39.84262],[-75.1768,39.84246],[-75.17473,39.84345],[-75.17427,39.84265],[-75.17536,39.84201],[-75.17476,39.8422],[-75.17395,39.8408],[-75.17267,39.84013],[-75.17271,39.83847],[-75.17113,39.836],[-75.17159,39.83566],[-75.17162,39.83567]]]}},{"type":"Feature","properties":{"n":null,"area":148899,"w":"water"},"geometry":{"type":"Polygon","coordinates":[[[-75.40186,39.76142],[-75.39918,39.76164],[-75.39849,39.76061],[-75.39932,39.75857],[-75.38732,39.75247],[-75.38558,39.75109],[-75.38498,39.74904],[-75.38371,39.74874],[-75.38497,39.74888],[-75.38853,39.75236],[-75.39973,39.75823],[-75.39966,39.7611],[-75.40221,39.76139],[-75.40186,39.76142]]]}},{"type":"Feature","properties":{"n":"Marlton Lakes","area":147019,"w":"reservoir"},"geometry":{"type":"Polygon","coordinates":[[[-74.89854,39.80641],[-74.89848,39.80297],[-74.90075,39.80246],[-74.90145,39.80475],[-74.90369,39.8062],[-74.90261,39.80644],[-74.90354,39.80809],[-74.89855,39.80643],[-74.89854,39.80641]]]}},{"type":"Feature","properties":{"n":null,"area":146329,"w":"river"},"geometry":{"type":"Polygon","coordinates":[[[-75.42647,40.1083],[-75.42313,40.10731],[-75.4192,40.1071],[-75.41156,40.10942],[-75.42647,40.1083]]]}},{"type":"Feature","properties":{"n":null,"area":146014,"w":"water"},"geometry":{"type":"Polygon","coordinates":[[[-75.31097,39.84065],[-75.31149,39.83928],[-75.31544,39.83678],[-75.32554,39.83441],[-75.31097,39.84065]]]}},{"type":"Feature","properties":{"n":null,"area":145573,"w":"river"},"geometry":{"type":"Polygon","coordinates":[[[-75.73403,39.92653],[-75.73462,39.92635],[-75.73937,39.93044],[-75.74118,39.93126],[-75.74907,39.93222],[-75.75071,39.93578],[-75.75315,39.93739],[-75.75855,39.9341],[-75.75965,39.93491],[-75.76777,39.93493],[-75.77457,39.93646],[-75.77483,39.93786],[-75.77791,39.93855],[-75.77452,39.94102],[-75.77526,39.94489],[-75.77871,39.94574],[-75.77946,39.94671],[-75.77896,39.94683],[-75.77841,39.94577],[-75.77529,39.94519],[-75.7748,39.94452],[-75.77438,39.94098],[-75.77764,39.93851],[-75.77444,39.93785],[-75.77446,39.93664],[-75.76815,39.93522],[-75.75938,39.935],[-75.75851,39.93433],[-75.75631,39.93529],[-75.75416,39.93756],[-75.75312,39.93755],[-75.75055,39.93609],[-75.74888,39.93243],[-75.741,39.93139],[-75.73416,39.92658],[-75.73403,39.92653]]]}},{"type":"Feature","properties":{"n":null,"area":143576,"w":"water"},"geometry":{"type":"Polygon","coordinates":[[[-74.94,39.76751],[-74.93689,39.76649],[-74.93622,39.76567],[-74.9392,39.76366],[-74.93887,39.76461],[-74.94234,39.76468],[-74.94311,39.76553],[-74.94245,39.76659],[-74.94101,39.76663],[-74.94187,39.76709],[-74.94021,39.76751],[-74.94,39.76751]]]}},{"type":"Feature","properties":{"n":"Knight Lake","area":143003,"w":"reservoir"},"geometry":{"type":"Polygon","coordinates":[[[-75.47876,40.33699],[-75.47798,40.33664],[-75.48175,40.33492],[-75.48109,40.33392],[-75.4821,40.33315],[-75.48352,40.33332],[-75.48402,40.33383],[-75.48232,40.33668],[-75.47665,40.33733],[-75.47345,40.33843],[-75.47456,40.33943],[-75.47971,40.34122],[-75.47866,40.34201],[-75.47805,40.34078],[-75.47441,40.33974],[-75.47319,40.33868],[-75.47382,40.33769],[-75.47624,40.33718],[-75.47621,40.33652],[-75.47863,40.33703],[-75.47876,40.33699]]]}},{"type":"Feature","properties":{"n":null,"area":141950,"w":"stream"},"geometry":{"type":"Polygon","coordinates":[[[-75.35262,39.88387],[-75.35086,39.88356],[-75.35089,39.88207],[-75.349,39.87846],[-75.35048,39.8763],[-75.35008,39.87395],[-75.35063,39.8733],[-75.35262,39.88387]]]}},{"type":"Feature","properties":{"n":null,"area":141419,"w":"water"},"geometry":{"type":"Polygon","coordinates":[[[-75.48159,39.70615],[-75.4822,39.70498],[-75.48162,39.70527],[-75.48085,39.7043],[-75.483,39.7056],[-75.48305,39.70629],[-75.4825,39.70562],[-75.48207,39.7063],[-75.48363,39.70702],[-75.48371,39.70764],[-75.48466,39.70722],[-75.48341,39.70888],[-75.48442,39.70967],[-75.48392,39.71263],[-75.48456,39.71353],[-75.48226,39.71345],[-75.48041,39.7122],[-75.4817,39.7122],[-75.48127,39.71252],[-75.48247,39.71327],[-75.48236,39.71224],[-75.48351,39.7124],[-75.48361,39.71194],[-75.48212,39.71089],[-75.48216,39.71045],[-75.48321,39.71047],[-75.48295,39.70956],[-75.48291,39.71049],[-75.4826,39.70971],[-75.48172,39.71039],[-75.48101,39.70913],[-75.48209,39.70896],[-75.48198,39.70946],[-75.48266,39.70948],[-75.48323,39.70811],[-75.48045,39.70628],[-75.48006,39.70691],[-75.48239,39.70786],[-75.48266,39.70837],[-75.48176,39.70879],[-75.4798,39.70684],[-75.47864,39.7067],[-75.48045,39.70586],[-75.48121,39.70617],[-75.48159,39.70615]]]}},{"type":"Feature","properties":{"n":"Stewart Lake","area":141250,"w":"lake"},"geometry":{"type":"Polygon","coordinates":[[[-75.14428,39.84118],[-75.14404,39.8421],[-75.14177,39.84175],[-75.14042,39.83866],[-75.13896,39.8379],[-75.13738,39.83829],[-75.13893,39.83748],[-75.13911,39.83666],[-75.13616,39.83281],[-75.13819,39.83465],[-75.14428,39.84118]]]}},{"type":"Feature","properties":{"n":null,"area":139643,"w":"water"},"geometry":{"type":"Polygon","coordinates":[[[-74.72442,39.70303],[-74.72401,39.70148],[-74.72513,39.69989],[-74.7262,39.69963],[-74.72811,39.70084],[-74.72674,39.70061],[-74.72656,39.70115],[-74.72794,39.70158],[-74.728,39.70209],[-74.72718,39.70208],[-74.728,39.70235],[-74.72724,39.70365],[-74.7284,39.70419],[-74.72725,39.70447],[-74.72818,39.70527],[-74.72451,39.70394],[-74.72442,39.70303]]]}},{"type":"Feature","properties":{"n":null,"area":139613,"w":"stream"},"geometry":{"type":"Polygon","coordinates":[[[-75.0951,40.05877],[-75.09729,40.05647],[-75.09939,40.05535],[-75.10406,40.05423],[-75.10624,40.05089],[-75.10747,40.05053],[-75.10834,40.04867],[-75.11114,40.04664],[-75.11101,40.04444],[-75.11443,40.03955],[-75.11373,40.0373],[-75.11061,40.0334],[-75.11081,40.02918],[-75.11245,40.02767],[-75.11267,40.02629],[-75.11124,40.0256],[-75.11085,40.02264],[-75.10872,40.02232],[-75.107,40.02336],[-75.10554,40.02306],[-75.10482,40.02365],[-75.10309,40.02136],[-75.10356,40.0195],[-75.10717,40.0181],[-75.10729,40.01693],[-75.1027,40.01608],[-75.09863,40.01642],[-75.09565,40.0157],[-75.09343,40.01315],[-75.09491,40.0105],[-75.09352,40.01319],[-75.096,40.0158],[-75.0988,40.01627],[-75.10512,40.01607],[-75.10694,40.01628],[-75.10751,40.01687],[-75.10728,40.01824],[-75.1053,40.01941],[-75.10374,40.01957],[-75.10323,40.02117],[-75.10471,40.02352],[-75.10571,40.02288],[-75.10688,40.02328],[-75.10915,40.02211],[-75.11099,40.02254],[-75.11138,40.02549],[-75.11261,40.02593],[-75.11298,40.02754],[-75.11258,40.0284],[-75.1119,40.02806],[-75.111,40.02909],[-75.11081,40.03318],[-75.11397,40.03733],[-75.11461,40.0397],[-75.11122,40.04444],[-75.1112,40.0468],[-75.10849,40.04875],[-75.10749,40.05065],[-75.1064,40.05089],[-75.10408,40.05432],[-75.09971,40.05538],[-75.09516,40.05873],[-75.0951,40.05877]]]}},{"type":"Feature","properties":{"n":null,"area":138783,"w":"water"},"geometry":{"type":"Polygon","coordinates":[[[-75.07812,40.54295],[-75.07607,40.54023],[-75.07407,40.53905],[-75.07229,40.54069],[-75.0729,40.54264],[-75.07657,40.5438],[-75.07605,40.54382],[-75.07724,40.54337],[-75.0759,40.54219],[-75.07608,40.54126],[-75.0778,40.54288],[-75.07812,40.54295]]]}},{"type":"Feature","properties":{"n":null,"area":136809,"w":"river"},"geometry":{"type":"Polygon","coordinates":[[[-74.96261,40.04909],[-74.97709,40.04487],[-74.97864,40.04382],[-74.97843,40.04273],[-74.96261,40.04909]]]}},{"type":"Feature","properties":{"n":null,"area":136483,"w":"water"},"geometry":{"type":"Polygon","coordinates":[[[-75.08493,39.84492],[-75.08305,39.8424],[-75.08415,39.84055],[-75.08364,39.84228],[-75.08422,39.84295],[-75.08582,39.8442],[-75.08907,39.84375],[-75.08995,39.84492],[-75.08896,39.84431],[-75.08811,39.84474],[-75.08976,39.84703],[-75.09216,39.84795],[-75.09316,39.84942],[-75.09378,39.84856],[-75.09325,39.84952],[-75.09504,39.85222],[-75.09454,39.85254],[-75.09164,39.84869],[-75.08917,39.84754],[-75.08703,39.84488],[-75.08493,39.84492]]]}},{"type":"Feature","properties":{"n":"Trout Run Reservoir","area":136462,"w":"reservoir"},"geometry":{"type":"Polygon","coordinates":[[[-75.70879,40.33339],[-75.70903,40.33462],[-75.70818,40.33542],[-75.70538,40.33517],[-75.70229,40.3379],[-75.70258,40.33671],[-75.70076,40.33631],[-75.70794,40.33249],[-75.70869,40.33316],[-75.70879,40.33339]]]}},{"type":"Feature","properties":{"n":null,"area":132755,"w":"water"},"geometry":{"type":"Polygon","coordinates":[[[-74.75024,40.17266],[-74.74947,40.17528],[-74.7469,40.17626],[-74.74902,40.17761],[-74.75276,40.17585],[-74.75113,40.17279],[-74.75027,40.17263],[-74.75024,40.17266]]]}},{"type":"Feature","properties":{"n":"Bells Lake","area":132402,"w":"reservoir"},"geometry":{"type":"Polygon","coordinates":[[[-75.05993,39.7544],[-75.05836,39.75414],[-75.0584,39.75172],[-75.06109,39.74765],[-75.06156,39.74802],[-75.06159,39.74729],[-75.06197,39.74792],[-75.06209,39.74699],[-75.06226,39.74816],[-75.06128,39.74884],[-75.06011,39.75203],[-75.06242,39.75292],[-75.06284,39.75388],[-75.06208,39.75372],[-75.06201,39.75479],[-75.06009,39.75444],[-75.05993,39.7544]]]}},{"type":"Feature","properties":{"n":null,"area":131783,"w":"water"},"geometry":{"type":"Polygon","coordinates":[[[-74.81556,40.17547],[-74.8179,40.17427],[-74.81893,40.17247],[-74.8185,40.17108],[-74.81393,40.17163],[-74.8138,40.17283],[-74.81507,40.17322],[-74.8152,40.17529],[-74.81556,40.17547]]]}},{"type":"Feature","properties":{"n":"Silver Lake","area":130791,"w":"reservoir"},"geometry":{"type":"Polygon","coordinates":[[[-74.85949,40.11914],[-74.86026,40.11679],[-74.86008,40.11406],[-74.86078,40.11469],[-74.85978,40.11276],[-74.86384,40.10383],[-74.86301,40.10291],[-74.86172,40.10387],[-74.86081,40.10866],[-74.8591,40.11072],[-74.85931,40.11148],[-74.85974,40.11097],[-74.86003,40.11694],[-74.85934,40.1183],[-74.85949,40.11914]]]}},{"type":"Feature","properties":{"n":null,"area":130624,"w":"water"},"geometry":{"type":"Polygon","coordinates":[[[-74.80187,40.16249],[-74.80509,40.16031],[-74.8061,40.15861],[-74.80466,40.15881],[-74.80331,40.15781],[-74.80208,40.15837],[-74.80039,40.16115],[-74.80179,40.16249],[-74.80187,40.16249]]]}},{"type":"Feature","properties":{"n":null,"area":129035,"w":"stream"},"geometry":{"type":"Polygon","coordinates":[[[-75.09441,40.00925],[-75.09225,40.00742],[-75.09269,40.00544],[-75.08827,40.00287],[-75.0865,39.99872],[-75.07865,39.991],[-75.07103,39.98489],[-75.0705,39.98543],[-75.07794,39.99092],[-75.08663,39.99951],[-75.0882,40.00329],[-75.09267,40.00571],[-75.09207,40.00752],[-75.09416,40.0091],[-75.09441,40.00925]]]}},{"type":"Feature","properties":{"n":null,"area":128649,"w":"water"},"geometry":{"type":"Polygon","coordinates":[[[-75.19512,39.86524],[-75.1948,39.86384],[-75.19267,39.86148],[-75.18913,39.85886],[-75.18837,39.8585],[-75.18576,39.85936],[-75.18209,39.85744],[-75.18327,39.85719],[-75.18622,39.85903],[-75.18822,39.85793],[-75.1925,39.8597],[-75.19674,39.86514],[-75.19596,39.86516],[-75.19512,39.86524]]]}},{"type":"Feature","properties":{"n":null,"area":127887,"w":"water"},"geometry":{"type":"Polygon","coordinates":[[[-74.75967,40.18441],[-74.76007,40.18674],[-74.75918,40.18707],[-74.76031,40.18696],[-74.76062,40.18785],[-74.75965,40.18865],[-74.75891,40.18792],[-74.75948,40.18741],[-74.75472,40.18364],[-74.75835,40.1833],[-74.75964,40.18436],[-74.75967,40.18441]]]}},{"type":"Feature","properties":{"n":null,"area":127416,"w":"water"},"geometry":{"type":"Polygon","coordinates":[[[-75.00189,39.75091],[-75.00179,39.74941],[-75.00086,39.74897],[-75.0012,39.7454],[-75.00211,39.74486],[-75.00516,39.74486],[-75.00313,39.747],[-75.00359,39.74919],[-75.00204,39.75094],[-75.00189,39.75091]]]}},{"type":"Feature","properties":{"n":null,"area":127379,"w":"water"},"geometry":{"type":"Polygon","coordinates":[[[-74.8787,40.08536],[-74.87951,40.08556],[-74.88072,40.08743],[-74.87623,40.08993],[-74.87525,40.08874],[-74.87577,40.08686],[-74.8787,40.08536]]]}},{"type":"Feature","properties":{"n":null,"area":127069,"w":"stream"},"geometry":{"type":"Polygon","coordinates":[[[-75.30218,39.81428],[-75.30293,39.81422],[-75.30386,39.81543],[-75.30865,39.81652],[-75.30913,39.81765],[-75.31103,39.81882],[-75.31095,39.81955],[-75.3122,39.8193],[-75.3147,39.82008],[-75.31421,39.82203],[-75.31602,39.8211],[-75.31822,39.82159],[-75.31945,39.82419],[-75.32045,39.82284],[-75.32136,39.82262],[-75.32298,39.82339],[-75.32277,39.82519],[-75.32494,39.82534],[-75.32687,39.82712],[-75.32799,39.82482],[-75.3304,39.82556],[-75.33099,39.82612],[-75.33036,39.82796],[-75.33125,39.82877],[-75.33049,39.82965],[-75.33254,39.83107],[-75.33018,39.82976],[-75.33074,39.82861],[-75.32993,39.82797],[-75.3304,39.8259],[-75.3281,39.82503],[-75.3276,39.82716],[-75.32681,39.82734],[-75.3249,39.82567],[-75.3224,39.82543],[-75.32277,39.82354],[-75.32113,39.82283],[-75.31989,39.82446],[-75.31916,39.82438],[-75.31791,39.82172],[-75.31613,39.82141],[-75.31413,39.82223],[-75.31375,39.82164],[-75.31455,39.82048],[-75.31218,39.81954],[-75.31068,39.81966],[-75.31073,39.81899],[-75.30888,39.81774],[-75.30872,39.81666],[-75.30392,39.81561],[-75.30211,39.81432],[-75.30218,39.81428]]]}},{"type":"Feature","properties":{"n":null,"area":126138,"w":"river"},"geometry":{"type":"Polygon","coordinates":[[[-75.68508,40.28226],[-75.68381,40.27815],[-75.68041,40.27523],[-75.67976,40.27134],[-75.67549,40.26809],[-75.68508,40.28226]]]}},{"type":"Feature","properties":{"n":null,"area":125431,"w":"water"},"geometry":{"type":"Polygon","coordinates":[[[-74.87327,39.85909],[-74.87376,39.85827],[-74.8755,39.85769],[-74.87476,39.85634],[-74.8756,39.85484],[-74.87778,39.8548],[-74.87655,39.85504],[-74.87802,39.85534],[-74.87671,39.85636],[-74.87658,39.85773],[-74.87705,39.85861],[-74.87843,39.85824],[-74.87883,39.85886],[-74.876,39.86012],[-74.87327,39.85911],[-74.87327,39.85909]]]}},{"type":"Feature","properties":{"n":null,"area":123647,"w":"water"},"geometry":{"type":"Polygon","coordinates":[[[-75.32701,39.83471],[-75.31613,39.83758],[-75.31262,39.83889],[-75.31097,39.84065],[-75.32701,39.83471]]]}},{"type":"Feature","properties":{"n":"Lake Stockwell","area":122164,"w":"reservoir"},"geometry":{"type":"Polygon","coordinates":[[[-74.7837,39.84811],[-74.78786,39.84908],[-74.79055,39.85076],[-74.79174,39.8503],[-74.79318,39.84795],[-74.79358,39.84909],[-74.79261,39.84975],[-74.79294,39.85028],[-74.79201,39.85117],[-74.79086,39.85105],[-74.79042,39.85209],[-74.79012,39.85146],[-74.79027,39.85224],[-74.78954,39.85256],[-74.7837,39.84811]]]}},{"type":"Feature","properties":{"n":null,"area":122103,"w":"water"},"geometry":{"type":"Polygon","coordinates":[[[-74.83567,39.87853],[-74.83642,39.8778],[-74.83538,39.87885],[-74.83536,39.88086],[-74.83325,39.88253],[-74.83214,39.88469],[-74.83011,39.88132],[-74.83223,39.88309],[-74.83484,39.88083],[-74.83511,39.87904],[-74.83425,39.87858],[-74.835,39.87839],[-74.83501,39.87533],[-74.83312,39.8737],[-74.83333,39.87282],[-74.83123,39.87147],[-74.83056,39.87172],[-74.83036,39.87097],[-74.83326,39.872],[-74.83428,39.87356],[-74.83531,39.87077],[-74.83746,39.8704],[-74.83743,39.87113],[-74.83567,39.87133],[-74.83466,39.87381],[-74.83593,39.87548],[-74.83521,39.87701],[-74.83562,39.87852],[-74.83567,39.87853]]]}},{"type":"Feature","properties":{"n":null,"area":120473,"w":"water"},"geometry":{"type":"Polygon","coordinates":[[[-75.32234,39.79938],[-75.32134,39.79796],[-75.32237,39.79674],[-75.32321,39.79796],[-75.32281,39.79675],[-75.32171,39.79682],[-75.32134,39.79782],[-75.31872,39.79747],[-75.32345,39.7954],[-75.32514,39.79919],[-75.32287,39.80009],[-75.32235,39.79941],[-75.32234,39.79938]]]}},{"type":"Feature","properties":{"n":null,"area":119279,"w":"water"},"geometry":{"type":"Polygon","coordinates":[[[-75.76034,40.35939],[-75.75571,40.35783],[-75.75598,40.35664],[-75.76055,40.35853],[-75.76915,40.35983],[-75.7695,40.36058],[-75.76417,40.35999],[-75.76332,40.35929],[-75.76095,40.35946],[-75.76034,40.35939]]]}},{"type":"Feature","properties":{"n":"Rosedale Lake","area":118907,"w":"reservoir"},"geometry":{"type":"Polygon","coordinates":[[[-74.7543,40.33179],[-74.75605,40.33043],[-74.75551,40.32921],[-74.75423,40.32876],[-74.75587,40.32595],[-74.75694,40.32536],[-74.75586,40.3279],[-74.75703,40.32924],[-74.75868,40.32892],[-74.75859,40.32966],[-74.75588,40.33253],[-74.7538,40.33257],[-74.75352,40.33196],[-74.7541,40.33193],[-74.7543,40.33179]]]}},{"type":"Feature","properties":{"n":"Indian Mills Lake","area":116972,"w":"reservoir"},"geometry":{"type":"Polygon","coordinates":[[[-74.74001,39.79593],[-74.74144,39.79555],[-74.74169,39.79495],[-74.74215,39.79574],[-74.74158,39.80218],[-74.73999,39.80122],[-74.74001,39.79618],[-74.74001,39.79593]]]}},{"type":"Feature","properties":{"n":null,"area":115060,"w":"water"},"geometry":{"type":"Polygon","coordinates":[[[-74.79733,40.16442],[-74.79824,40.16255],[-74.79612,40.16071],[-74.79333,40.16554],[-74.79684,40.16474],[-74.79733,40.16442]]]}},{"type":"Feature","properties":{"n":null,"area":114914,"w":"water"},"geometry":{"type":"Polygon","coordinates":[[[-75.67496,40.00911],[-75.67122,40.01006],[-75.67275,40.0126],[-75.67569,40.01258],[-75.67503,40.00914],[-75.67496,40.00911]]]}},{"type":"Feature","properties":{"n":null,"area":114912,"w":"water"},"geometry":{"type":"Polygon","coordinates":[[[-74.80486,40.17659],[-74.80598,40.17665],[-74.80706,40.17519],[-74.80507,40.17477],[-74.8067,40.17459],[-74.80694,40.17295],[-74.80843,40.17257],[-74.80406,40.1731],[-74.80401,40.17359],[-74.8035,40.17309],[-74.8008,40.17351],[-74.8014,40.17475],[-74.80496,40.17473],[-74.8048,40.17619],[-74.80486,40.17659]]]}},{"type":"Feature","properties":{"n":"Chester Creek","area":114800,"w":"stream"},"geometry":{"type":"Polygon","coordinates":[[[-75.35867,39.84317],[-75.35926,39.84272],[-75.35987,39.84454],[-75.36296,39.8463],[-75.3623,39.84839],[-75.36306,39.84941],[-75.36599,39.84962],[-75.36533,39.85133],[-75.36329,39.85249],[-75.36518,39.85438],[-75.3671,39.85368],[-75.36742,39.85185],[-75.37066,39.85213],[-75.37275,39.85421],[-75.37624,39.85581],[-75.37851,39.8543],[-75.38129,39.85016],[-75.38378,39.85061],[-75.38637,39.85017],[-75.3836,39.8508],[-75.38141,39.85028],[-75.37882,39.85425],[-75.3763,39.85601],[-75.37282,39.85461],[-75.37025,39.85232],[-75.36767,39.85206],[-75.36725,39.85394],[-75.36511,39.85463],[-75.36366,39.8539],[-75.36291,39.85247],[-75.36498,39.85128],[-75.3657,39.84972],[-75.36297,39.84967],[-75.36209,39.84836],[-75.36278,39.84644],[-75.36003,39.84522],[-75.35902,39.84387],[-75.35867,39.84317]]]}},{"type":"Feature","properties":{"n":null,"area":113854,"w":"water"},"geometry":{"type":"Polygon","coordinates":[[[-75.20348,39.86227],[-75.20541,39.86396],[-75.2074,39.86316],[-75.20659,39.86272],[-75.20784,39.86276],[-75.20476,39.85974],[-75.20213,39.86093],[-75.20329,39.8621],[-75.20348,39.86227]]]}},{"type":"Feature","properties":{"n":"Old Forge Lake","area":113619,"w":"reservoir"},"geometry":{"type":"Polygon","coordinates":[[[-74.70813,39.89188],[-74.70731,39.89231],[-74.70693,39.89187],[-74.70699,39.88767],[-74.70596,39.88662],[-74.70689,39.88596],[-74.70944,39.88893],[-74.70799,39.88993],[-74.70999,39.89123],[-74.71028,39.89251],[-74.7093,39.89271],[-74.70932,39.89167],[-74.70831,39.89183],[-74.70813,39.89188]]]}},{"type":"Feature","properties":{"n":"Olympia Lakes","area":112713,"w":"water"},"geometry":{"type":"Polygon","coordinates":[[[-74.91937,40.03208],[-74.92101,40.03006],[-74.92342,40.03124],[-74.92048,40.03395],[-74.91833,40.03486],[-74.91756,40.0341],[-74.91886,40.03255],[-74.91937,40.03208]]]}},{"type":"Feature","properties":{"n":null,"area":112463,"w":"water"},"geometry":{"type":"Polygon","coordinates":[[[-74.97549,40.02459],[-74.97571,40.02734],[-74.97677,40.02789],[-74.97611,40.02929],[-74.97222,40.02543],[-74.97442,40.02365],[-74.97549,40.02459]]]}},{"type":"Feature","properties":{"n":null,"area":111564,"w":"river"},"geometry":{"type":"Polygon","coordinates":[[[-75.67565,40.26796],[-75.67997,40.27137],[-75.68063,40.27477],[-75.68422,40.27829],[-75.68506,40.28184],[-75.68583,40.28243],[-75.67565,40.26796]]]}},{"type":"Feature","properties":{"n":null,"area":109545,"w":"water"},"geometry":{"type":"Polygon","coordinates":[[[-74.78726,39.85013],[-74.78695,39.84949],[-74.78201,39.84841],[-74.78104,39.84696],[-74.78209,39.8481],[-74.78786,39.84908],[-74.79055,39.85076],[-74.79174,39.8503],[-74.79308,39.84789],[-74.79344,39.84839],[-74.79294,39.85028],[-74.79201,39.85117],[-74.79073,39.85115],[-74.79042,39.85209],[-74.79014,39.85145],[-74.78966,39.85271],[-74.78853,39.85117],[-74.7892,39.85057],[-74.78746,39.85036],[-74.78726,39.85013]]]}},{"type":"Feature","properties":{"n":null,"area":109234,"w":"river"},"geometry":{"type":"Polygon","coordinates":[[[-75.43818,39.89197],[-75.43755,39.89126],[-75.43461,39.8908],[-75.43279,39.89391],[-75.43138,39.89302],[-75.43159,39.89211],[-75.42973,39.88862],[-75.42968,39.8861],[-75.43049,39.88487],[-75.42737,39.88138],[-75.42765,39.8802],[-75.42741,39.88275],[-75.42949,39.88372],[-75.43028,39.88496],[-75.42939,39.88619],[-75.42954,39.88885],[-75.43131,39.89206],[-75.43115,39.89318],[-75.43238,39.89422],[-75.43482,39.89092],[-75.43744,39.89137],[-75.4385,39.89306],[-75.43986,39.89364],[-75.44232,39.89233],[-75.44742,39.89309],[-75.44979,39.89239],[-75.45153,39.89563],[-75.4534,39.89635],[-75.45615,39.89927],[-75.45741,39.89937],[-75.45792,39.90187],[-75.45873,39.90186],[-75.46026,39.90034],[-75.46122,39.90107],[-75.46001,39.90026],[-75.45801,39.9017],[-75.45766,39.89943],[-75.45635,39.89919],[-75.45344,39.89619],[-75.45176,39.89562],[-75.45026,39.89397],[-75.45014,39.89237],[-75.4477,39.89294],[-75.44219,39.89218],[-75.44014,39.89354],[-75.4384,39.89226],[-75.43818,39.89197]]]}},{"type":"Feature","properties":{"n":null,"area":109001,"w":"water"},"geometry":{"type":"Polygon","coordinates":[[[-74.80389,40.17917],[-74.80458,40.17499],[-74.80245,40.17522],[-74.80243,40.17598],[-74.80099,40.1756],[-74.80058,40.17707],[-74.80278,40.17911],[-74.80389,40.17917]]]}},{"type":"Feature","properties":{"n":null,"area":108891,"w":"water"},"geometry":{"type":"Polygon","coordinates":[[[-74.7508,39.93409],[-74.75112,39.9331],[-74.74972,39.93231],[-74.74896,39.9325],[-74.74944,39.93182],[-74.74803,39.9322],[-74.74581,39.93037],[-74.74665,39.92999],[-74.74842,39.9307],[-74.74939,39.92854],[-74.74933,39.93065],[-74.75257,39.93461],[-74.75169,39.9353],[-74.75225,39.93694],[-74.75105,39.93442],[-74.7508,39.93409]]]}},{"type":"Feature","properties":{"n":null,"area":107515,"w":"river"},"geometry":{"type":"Polygon","coordinates":[[[-75.12689,40.27742],[-75.12564,40.27613],[-75.12576,40.27435],[-75.12412,40.27073],[-75.12269,40.26879],[-75.1213,40.26815],[-75.12016,40.26948],[-75.11271,40.27214],[-75.10701,40.27289],[-75.10102,40.27738],[-75.09553,40.27692],[-75.09325,40.27429],[-75.09036,40.27423],[-75.08837,40.27566],[-75.08437,40.27623],[-75.08051,40.276],[-75.07759,40.27426],[-75.0758,40.27224],[-75.07635,40.27124],[-75.07569,40.27032],[-75.07183,40.26894],[-75.06682,40.26437],[-75.06386,40.26294],[-75.0618,40.2629],[-75.05955,40.26766],[-75.05747,40.26954],[-75.05346,40.26902],[-75.05308,40.26646],[-75.12689,40.27742]]]}},{"type":"Feature","properties":{"n":null,"area":107501,"w":"canal"},"geometry":{"type":"Polygon","coordinates":[[[-75.00262,40.41142],[-74.99603,40.41152],[-74.99046,40.41056],[-74.98663,40.4092],[-75.00262,40.41142]]]}},{"type":"Feature","properties":{"n":"Somerset Lake","area":106903,"w":"reservoir"},"geometry":{"type":"Polygon","coordinates":[[[-75.74207,39.78393],[-75.74019,39.78711],[-75.73611,39.78907],[-75.73714,39.7877],[-75.73815,39.7875],[-75.73782,39.78668],[-75.7392,39.78368],[-75.74207,39.78392],[-75.74207,39.78393]]]}},{"type":"Feature","properties":{"n":null,"area":105947,"w":"water"},"geometry":{"type":"Polygon","coordinates":[[[-74.7719,40.1832],[-74.77119,40.18488],[-74.77017,40.18493],[-74.7693,40.18239],[-74.76789,40.18099],[-74.77005,40.18059],[-74.7717,40.18097],[-74.77191,40.18314],[-74.7719,40.1832]]]}},{"type":"Feature","properties":{"n":"Vincentown Millpond","area":105605,"w":"reservoir"},"geometry":{"type":"Polygon","coordinates":[[[-74.74571,39.9299],[-74.74847,39.93068],[-74.74939,39.92854],[-74.74933,39.93065],[-74.75184,39.93309],[-74.75256,39.93458],[-74.7522,39.93526],[-74.75178,39.93465],[-74.7516,39.93529],[-74.75088,39.93507],[-74.75112,39.9331],[-74.74972,39.93231],[-74.74896,39.9325],[-74.74944,39.93182],[-74.74719,39.93188],[-74.74676,39.93094],[-74.74508,39.93041],[-74.74554,39.92981],[-74.74571,39.9299]]]}},{"type":"Feature","properties":{"n":"Lake Pine","area":104909,"w":"reservoir"},"geometry":{"type":"Polygon","coordinates":[[[-74.85263,39.85963],[-74.85305,39.8579],[-74.8522,39.85697],[-74.85285,39.85553],[-74.85352,39.85607],[-74.85416,39.85559],[-74.85346,39.8568],[-74.85352,39.86013],[-74.85248,39.86231],[-74.84935,39.86472],[-74.84881,39.86615],[-74.84801,39.8662],[-74.85263,39.85963]]]}},{"type":"Feature","properties":{"n":null,"area":104486,"w":"river"},"geometry":{"type":"Polygon","coordinates":[[[-75.55719,39.76518],[-75.55748,39.76133],[-75.55654,39.76581],[-75.5592,39.76883],[-75.56496,39.7692],[-75.5698,39.77125],[-75.5749,39.76914],[-75.57668,39.76951],[-75.57691,39.76914],[-75.5752,39.76866],[-75.56998,39.77073],[-75.56539,39.7691],[-75.55932,39.76836],[-75.55761,39.7663],[-75.55719,39.76518]]]}},{"type":"Feature","properties":{"n":null,"area":104453,"w":"water"},"geometry":{"type":"Polygon","coordinates":[[[-74.91831,40.36314],[-74.91793,40.36278],[-74.92004,40.36262],[-74.92192,40.36049],[-74.92226,40.36092],[-74.92334,40.3604],[-74.92432,40.3622],[-74.92286,40.36231],[-74.91991,40.36379],[-74.91693,40.36662],[-74.91834,40.36338],[-74.91831,40.36314]]]}},{"type":"Feature","properties":{"n":null,"area":103662,"w":"water"},"geometry":{"type":"Polygon","coordinates":[[[-74.75734,40.18071],[-74.75371,40.17981],[-74.74993,40.17775],[-74.75274,40.17684],[-74.75736,40.18061],[-74.75734,40.18071]]]}},{"type":"Feature","properties":{"n":null,"area":102427,"w":"river"},"geometry":{"type":"Polygon","coordinates":[[[-75.46392,40.12689],[-75.46133,40.12524],[-75.46067,40.12411],[-75.46171,40.11968],[-75.46392,40.12689]]]}},{"type":"Feature","properties":{"n":null,"area":102271,"w":"water"},"geometry":{"type":"Polygon","coordinates":[[[-75.08446,39.83622],[-75.08424,39.83461],[-75.08255,39.83331],[-75.08266,39.83207],[-75.08375,39.83182],[-75.08444,39.8302],[-75.08234,39.82689],[-75.0828,39.82597],[-75.0833,39.82696],[-75.08447,39.82697],[-75.08403,39.82779],[-75.08294,39.82739],[-75.08409,39.82916],[-75.08535,39.8297],[-75.08483,39.83157],[-75.0842,39.83226],[-75.08321,39.83216],[-75.08311,39.83348],[-75.08391,39.83381],[-75.08445,39.83259],[-75.08579,39.83253],[-75.08459,39.83285],[-75.0852,39.83347],[-75.08484,39.83656],[-75.08711,39.83776],[-75.08684,39.83844],[-75.08553,39.83713],[-75.08475,39.83821],[-75.08515,39.83739],[-75.08438,39.83649],[-75.08446,39.83622]]]}},{"type":"Feature","properties":{"n":null,"area":99697,"w":"river"},"geometry":{"type":"Polygon","coordinates":[[[-75.62396,39.90075],[-75.62401,39.89879],[-75.62264,39.89658],[-75.61605,39.89338],[-75.61737,39.89071],[-75.60996,39.8863],[-75.61015,39.885],[-75.62396,39.90075]]]}},{"type":"Feature","properties":{"n":"Kirkwood Lake","area":99455,"w":"lake"},"geometry":{"type":"Polygon","coordinates":[[[-74.99728,39.83593],[-74.99168,39.8355],[-74.98952,39.83444],[-74.98584,39.83421],[-74.98886,39.83397],[-74.98883,39.83442],[-74.98961,39.83392],[-74.99237,39.83462],[-74.99274,39.834],[-75.00134,39.83599],[-75.00078,39.83644],[-74.99729,39.83591],[-74.99728,39.83593]]]}},{"type":"Feature","properties":{"n":"Magnolia Lake","area":99002,"w":"water"},"geometry":{"type":"Polygon","coordinates":[[[-74.85976,40.11912],[-74.86064,40.12256],[-74.8634,40.12241],[-74.86345,40.11918],[-74.85977,40.11914],[-74.85976,40.11912]]]}},{"type":"Feature","properties":{"n":null,"area":98667,"w":"water"},"geometry":{"type":"Polygon","coordinates":[[[-74.82301,39.97094],[-74.82271,39.97223],[-74.82227,39.97032],[-74.8243,39.96888],[-74.82296,39.97083],[-74.8243,39.97083],[-74.82578,39.9693],[-74.82737,39.96996],[-74.82776,39.9709],[-74.82449,39.97288],[-74.82303,39.97095],[-74.82301,39.97094]]]}},{"type":"Feature","properties":{"n":"Levittown Lake","area":98269,"w":"reservoir"},"geometry":{"type":"Polygon","coordinates":[[[-74.82094,40.14969],[-74.81818,40.15053],[-74.81614,40.14825],[-74.81867,40.14706],[-74.82055,40.149],[-74.82094,40.14969]]]}},{"type":"Feature","properties":{"n":null,"area":98181,"w":"water"},"geometry":{"type":"Polygon","coordinates":[[[-75.18215,40.26159],[-75.18644,40.26056],[-75.18734,40.25947],[-75.18511,40.25789],[-75.18378,40.25804],[-75.18211,40.26157],[-75.18215,40.26159]]]}},{"type":"Feature","properties":{"n":null,"area":98143,"w":"river"},"geometry":{"type":"Polygon","coordinates":[[[-75.01348,40.40711],[-75.01041,40.40778],[-75.00259,40.41118],[-74.99633,40.41125],[-75.01348,40.40711]]]}},{"type":"Feature","properties":{"n":"Warrington Millpond","area":98016,"w":"reservoir"},"geometry":{"type":"Polygon","coordinates":[[[-75.28239,39.7829],[-75.28178,39.78294],[-75.28167,39.78231],[-75.28231,39.77908],[-75.27766,39.77653],[-75.28027,39.77679],[-75.2825,39.77837],[-75.2839,39.77833],[-75.28311,39.78176],[-75.28427,39.78241],[-75.28246,39.78292],[-75.28239,39.7829]]]}},{"type":"Feature","properties":{"n":null,"area":96956,"w":"reservoir"},"geometry":{"type":"Polygon","coordinates":[[[-74.99957,40.03592],[-74.99846,40.03511],[-74.99392,40.03851],[-74.9938,40.03954],[-74.99478,40.0397],[-74.99954,40.03625],[-74.99957,40.03592]]]}},{"type":"Feature","properties":{"n":null,"area":96144,"w":"water"},"geometry":{"type":"Polygon","coordinates":[[[-75.21451,39.84723],[-75.21696,39.84926],[-75.21699,39.85141],[-75.21785,39.85128],[-75.21716,39.84873],[-75.21485,39.84731],[-75.21766,39.84419],[-75.21725,39.84342],[-75.21829,39.84382],[-75.21821,39.84285],[-75.2175,39.84297],[-75.21671,39.84204],[-75.21685,39.83925],[-75.21626,39.84037],[-75.21497,39.8398],[-75.21321,39.84053],[-75.21406,39.84035],[-75.2158,39.84284],[-75.21702,39.84351],[-75.21689,39.84454],[-75.21467,39.84695],[-75.21451,39.84723]]]}},{"type":"Feature","properties":{"n":"Upper Aetna Lake","area":95328,"w":"reservoir"},"geometry":{"type":"Polygon","coordinates":[[[-74.79231,39.85426],[-74.79279,39.85233],[-74.79368,39.85194],[-74.79602,39.85401],[-74.79604,39.8548],[-74.79709,39.85522],[-74.79661,39.85579],[-74.79805,39.8556],[-74.79884,39.85681],[-74.79723,39.85757],[-74.79616,39.85687],[-74.79436,39.8536],[-74.79251,39.85433],[-74.79231,39.85426]]]}},{"type":"Feature","properties":{"n":"Deep Creek Lake","area":95182,"w":"water"},"geometry":{"type":"Polygon","coordinates":[[[-75.48334,40.33312],[-75.48653,40.33187],[-75.49115,40.33645],[-75.491,40.33707],[-75.49321,40.33752],[-75.49087,40.33714],[-75.48873,40.33502],[-75.48596,40.33343],[-75.48459,40.33371],[-75.48357,40.33327],[-75.48334,40.33312]]]}},{"type":"Feature","properties":{"n":null,"area":95022,"w":"stream"},"geometry":{"type":"Polygon","coordinates":[[[-75.09155,39.90087],[-75.08345,39.8976],[-75.08221,39.89645],[-75.09282,39.90011],[-75.09369,39.90117],[-75.09157,39.90087],[-75.09155,39.90087]]]}},{"type":"Feature","properties":{"n":null,"area":94996,"w":"water"},"geometry":{"type":"Polygon","coordinates":[[[-74.95446,39.81987],[-74.95389,39.82068],[-74.95367,39.81962],[-74.95279,39.8193],[-74.95309,39.81616],[-74.95545,39.81647],[-74.95682,39.81756],[-74.95447,39.81881],[-74.9546,39.81957],[-74.95446,39.81987]]]}},{"type":"Feature","properties":{"n":"Bradford Reservoir","area":94458,"w":"reservoir"},"geometry":{"type":"Polygon","coordinates":[[[-75.16332,40.23376],[-75.15936,40.22945],[-75.15795,40.22881],[-75.15909,40.22757],[-75.16078,40.22825],[-75.16286,40.23137],[-75.16238,40.23218],[-75.16422,40.23403],[-75.16347,40.23374],[-75.16332,40.23376]]]}},{"type":"Feature","properties":{"n":"Crystal Lake","area":94349,"w":"reservoir"},"geometry":{"type":"Polygon","coordinates":[[[-74.73792,40.12502],[-74.73774,40.12325],[-74.73747,40.12395],[-74.73608,40.12357],[-74.73598,40.12291],[-74.73317,40.1221],[-74.73392,40.12186],[-74.73338,40.12125],[-74.73489,40.12193],[-74.73597,40.12158],[-74.73767,40.12302],[-74.73881,40.12249],[-74.74002,40.12488],[-74.73893,40.1257],[-74.73814,40.12532],[-74.73792,40.12502]]]}},{"type":"Feature","properties":{"n":"Strawbridge Lake","area":94337,"w":"water"},"geometry":{"type":"Polygon","coordinates":[[[-74.96044,39.94771],[-74.96205,39.94892],[-74.96547,39.94931],[-74.96902,39.95197],[-74.96756,39.95222],[-74.96486,39.94997],[-74.95934,39.94888],[-74.95357,39.95134],[-74.95234,39.95408],[-74.95136,39.95434],[-74.95048,39.95368],[-74.94459,39.95647],[-74.94165,39.95639],[-74.94449,39.95626],[-74.95028,39.95333],[-74.95195,39.95352],[-74.96044,39.94771]]]}},{"type":"Feature","properties":{"n":null,"area":93508,"w":"water"},"geometry":{"type":"Polygon","coordinates":[[[-75.48697,39.69896],[-75.48617,39.69869],[-75.48994,39.69928],[-75.49261,39.69856],[-75.49183,39.69867],[-75.49236,39.69935],[-75.49322,39.69878],[-75.49275,39.698],[-75.49472,39.70055],[-75.49598,39.70064],[-75.49502,39.69861],[-75.49371,39.6978],[-75.49538,39.69815],[-75.49559,39.6994],[-75.49743,39.69965],[-75.49511,39.70206],[-75.49482,39.70126],[-75.49403,39.70193],[-75.49371,39.70138],[-75.49309,39.70165],[-75.49401,39.70089],[-75.49349,39.6993],[-75.49242,39.69988],[-75.49344,39.70046],[-75.49319,39.70129],[-75.49286,39.70038],[-75.49129,39.70125],[-75.49236,39.70021],[-75.49163,39.69935],[-75.49113,39.69993],[-75.4895,39.69946],[-75.48906,39.70003],[-75.48857,39.69999],[-75.48899,39.69915],[-75.48573,39.69947],[-75.48696,39.69902],[-75.48697,39.69896]]]}},{"type":"Feature","properties":{"n":null,"area":92850,"w":"river"},"geometry":{"type":"Polygon","coordinates":[[[-75.20043,39.89483],[-75.20579,39.89545],[-75.20897,39.89697],[-75.21172,39.89916],[-75.20043,39.89483]]]}},{"type":"Feature","properties":{"n":"Smithville Lake","area":92359,"w":"water"},"geometry":{"type":"Polygon","coordinates":[[[-74.75,39.98398],[-74.74963,39.98235],[-74.75076,39.98175],[-74.75415,39.98302],[-74.75319,39.98451],[-74.75179,39.98438],[-74.75036,39.98535],[-74.75017,39.98425],[-74.75,39.98398]]]}},{"type":"Feature","properties":{"n":null,"area":91444,"w":"river"},"geometry":{"type":"Polygon","coordinates":[[[-75.39114,39.85121],[-75.39184,39.8506],[-75.39448,39.85028],[-75.39696,39.85129],[-75.39756,39.85369],[-75.39526,39.85701],[-75.3943,39.86137],[-75.39786,39.86539],[-75.40695,39.86595],[-75.40811,39.869],[-75.41271,39.87073],[-75.41337,39.87255],[-75.41241,39.87086],[-75.40797,39.86909],[-75.4067,39.86606],[-75.40376,39.86623],[-75.3976,39.86547],[-75.39407,39.86133],[-75.39497,39.85934],[-75.3949,39.85729],[-75.39725,39.85363],[-75.39684,39.85171],[-75.39624,39.85091],[-75.39468,39.85046],[-75.39118,39.85121],[-75.39114,39.85121]]]}},{"type":"Feature","properties":{"n":"Lake Three","area":89758,"w":"reservoir"},"geometry":{"type":"Polygon","coordinates":[[[-74.70993,39.89579],[-74.7111,39.89679],[-74.71095,39.90242],[-74.7102,39.90314],[-74.70914,39.90282],[-74.70983,39.89978],[-74.70903,39.89935],[-74.70771,39.89978],[-74.70595,39.8991],[-74.70926,39.89881],[-74.71005,39.89787],[-74.70934,39.89632],[-74.71,39.89589],[-74.70993,39.89579]]]}},{"type":"Feature","properties":{"n":"Stony Brook Fourteen Basin","area":88418,"w":"reservoir"},"geometry":{"type":"Polygon","coordinates":[[[-74.74831,40.35087],[-74.7458,40.34662],[-74.74488,40.34654],[-74.74282,40.3477],[-74.74557,40.34482],[-74.74773,40.34562],[-74.74731,40.34779],[-74.74847,40.34922],[-74.74858,40.35104],[-74.74831,40.35087]]]}},{"type":"Feature","properties":{"n":null,"area":88327,"w":"canal"},"geometry":{"type":"Polygon","coordinates":[[[-74.99631,40.41132],[-74.99916,40.41162],[-75.00331,40.41112],[-75.0092,40.40838],[-75.01364,40.40735],[-74.99631,40.41132]]]}},{"type":"Feature","properties":{"n":null,"area":88122,"w":"quarry_lake"},"geometry":{"type":"Polygon","coordinates":[[[-75.35349,40.09298],[-75.35315,40.09623],[-75.35409,40.09678],[-75.35713,40.09554],[-75.35722,40.09496],[-75.35675,40.09422],[-75.35572,40.0947],[-75.35494,40.09314],[-75.35354,40.09299],[-75.35349,40.09298]]]}},{"type":"Feature","properties":{"n":null,"area":88117,"w":"river"},"geometry":{"type":"Polygon","coordinates":[[[-75.35623,39.87326],[-75.35603,39.87405],[-75.35731,39.87399],[-75.35927,39.87275],[-75.36169,39.87235],[-75.36632,39.87339],[-75.36626,39.87047],[-75.3684,39.87036],[-75.36612,39.87047],[-75.36567,39.87172],[-75.36628,39.87328],[-75.36073,39.87228],[-75.35898,39.87276],[-75.35831,39.8736],[-75.35605,39.87393],[-75.35719,39.87013],[-75.35584,39.86896],[-75.35153,39.86824],[-75.35156,39.86661],[-75.34889,39.86467],[-75.34878,39.86301],[-75.34661,39.86086],[-75.34749,39.85499],[-75.34474,39.85112],[-75.34706,39.85503],[-75.34655,39.86101],[-75.34864,39.86314],[-75.34879,39.8647],[-75.35149,39.86674],[-75.35124,39.86831],[-75.35557,39.86902],[-75.35677,39.86976],[-75.35629,39.8732],[-75.35623,39.87326]]]}},{"type":"Feature","properties":{"n":null,"area":87613,"w":"river"},"geometry":{"type":"Polygon","coordinates":[[[-75.80404,39.96303],[-75.80403,39.96585],[-75.80479,39.96669],[-75.80667,39.96705],[-75.81,39.96654],[-75.80654,39.96687],[-75.80465,39.96641],[-75.80427,39.96303],[-75.80111,39.96137],[-75.79228,39.96158],[-75.78815,39.9603],[-75.78497,39.95568],[-75.78137,39.95571],[-75.77865,39.95475],[-75.77827,39.95292],[-75.77981,39.95256],[-75.78021,39.95133],[-75.77946,39.94671],[-75.77896,39.94683],[-75.77988,39.95149],[-75.77952,39.95242],[-75.77812,39.95258],[-75.77845,39.95486],[-75.78154,39.95586],[-75.78471,39.95572],[-75.78813,39.96049],[-75.79216,39.96175],[-75.80042,39.96142],[-75.80399,39.96299],[-75.80404,39.96303]]]}},{"type":"Feature","properties":{"n":"Lenape Lake","area":87455,"w":"reservoir"},"geometry":{"type":"Polygon","coordinates":[[[-75.30506,40.36097],[-75.30279,40.36242],[-75.30391,40.36355],[-75.30357,40.36436],[-75.30078,40.36645],[-75.29823,40.36718],[-75.29436,40.36729],[-75.291,40.36959],[-75.28621,40.37079],[-75.2814,40.37349],[-75.28095,40.37489],[-75.27963,40.375],[-75.2809,40.37477],[-75.28131,40.37331],[-75.28611,40.37066],[-75.291,40.36937],[-75.29539,40.36677],[-75.29311,40.36622],[-75.29719,40.36701],[-75.30075,40.3662],[-75.30355,40.36384],[-75.30236,40.36249],[-75.30664,40.35806],[-75.30506,40.36097]]]}},{"type":"Feature","properties":{"n":null,"area":87215,"w":"canal"},"geometry":{"type":"Polygon","coordinates":[[[-75.04698,40.41534],[-75.04561,40.41571],[-75.04332,40.41519],[-75.03472,40.41054],[-75.04698,40.41534]]]}},{"type":"Feature","properties":{"n":null,"area":86969,"w":"river"},"geometry":{"type":"Polygon","coordinates":[[[-75.64967,39.92277],[-75.64481,39.91925],[-75.63771,39.91675],[-75.63675,39.91481],[-75.63469,39.9146],[-75.63638,39.91527],[-75.63645,39.91691],[-75.63383,39.91674],[-75.6333,39.91577],[-75.63317,39.9166],[-75.63407,39.91709],[-75.63799,39.91723],[-75.64465,39.91962],[-75.64913,39.92291],[-75.64967,39.92277]]]}},{"type":"Feature","properties":{"n":"Alcyon Lake","area":86789,"w":"water"},"geometry":{"type":"Polygon","coordinates":[[[-75.14242,39.7321],[-75.14124,39.73149],[-75.14146,39.72762],[-75.14009,39.72619],[-75.14059,39.72485],[-75.14306,39.72766],[-75.14254,39.73214],[-75.14242,39.7321]]]}},{"type":"Feature","properties":{"n":"Taunton Lake","area":86573,"w":"reservoir"},"geometry":{"type":"Polygon","coordinates":[[[-74.85374,39.85261],[-74.85268,39.85202],[-74.85228,39.85055],[-74.85149,39.85158],[-74.85065,39.85082],[-74.85194,39.85032],[-74.85079,39.84988],[-74.85185,39.84932],[-74.85155,39.84838],[-74.84791,39.84636],[-74.84952,39.84463],[-74.84888,39.84327],[-74.84941,39.84237],[-74.8505,39.84395],[-74.84973,39.84605],[-74.85131,39.84764],[-74.85374,39.85261]]]}},{"type":"Feature","properties":{"n":null,"area":86542,"w":"river"},"geometry":{"type":"Polygon","coordinates":[[[-75.38583,39.88485],[-75.38696,39.8859],[-75.38642,39.88854],[-75.39,39.88978],[-75.39027,39.89045],[-75.38766,39.8935],[-75.38583,39.8931],[-75.38467,39.89409],[-75.38654,39.89435],[-75.39017,39.89355],[-75.39275,39.89525],[-75.39209,39.9026],[-75.39257,39.89535],[-75.39018,39.89379],[-75.38647,39.89453],[-75.38453,39.89407],[-75.38574,39.89293],[-75.38755,39.89341],[-75.39011,39.8907],[-75.38985,39.88986],[-75.38622,39.88855],[-75.38674,39.88579],[-75.38366,39.88155],[-75.38494,39.87628],[-75.38225,39.87406],[-75.37832,39.87506],[-75.3778,39.87455],[-75.37844,39.87486],[-75.38228,39.87391],[-75.3848,39.87567],[-75.38505,39.87732],[-75.38426,39.8782],[-75.38492,39.87897],[-75.38378,39.88143],[-75.38581,39.8848],[-75.38583,39.88485]]]}},{"type":"Feature","properties":{"n":"Lake Warren","area":85664,"w":"reservoir"},"geometry":{"type":"Polygon","coordinates":[[[-75.15535,40.54032],[-75.15236,40.54062],[-75.15296,40.54299],[-75.15486,40.54327],[-75.1565,40.54251],[-75.15687,40.5418],[-75.15564,40.54064],[-75.15535,40.54032]]]}},{"type":"Feature","properties":{"n":"Braddocks Millpond","area":85314,"w":"reservoir"},"geometry":{"type":"Polygon","coordinates":[[[-74.85673,39.82127],[-74.85904,39.8202],[-74.85988,39.82042],[-74.86063,39.81895],[-74.8599,39.81765],[-74.86103,39.81807],[-74.86,39.8208],[-74.85768,39.82259],[-74.85582,39.82277],[-74.8554,39.82217],[-74.85371,39.82269],[-74.85237,39.82234],[-74.849,39.82275],[-74.85673,39.82127]]]}},{"type":"Feature","properties":{"n":null,"area":84962,"w":"canal"},"geometry":{"type":"Polygon","coordinates":[[[-75.21922,40.02225],[-75.2234,40.02507],[-75.22877,40.02763],[-75.24075,40.03692],[-75.24455,40.03787],[-75.21922,40.02225]]]}},{"type":"Feature","properties":{"n":"Atco Lake","area":84243,"w":"lake"},"geometry":{"type":"Polygon","coordinates":[[[-74.88379,39.75666],[-74.88882,39.75623],[-74.88843,39.75703],[-74.88471,39.75827],[-74.88392,39.75926],[-74.88345,39.75681],[-74.88379,39.75666]]]}},{"type":"Feature","properties":{"n":"Queen Lane Reservoir","area":83561,"w":"reservoir"},"geometry":{"type":"Polygon","coordinates":[[[-75.18418,40.01397],[-75.18122,40.01631],[-75.17985,40.01527],[-75.18226,40.01244],[-75.1842,40.01395],[-75.18418,40.01397]]]}},{"type":"Feature","properties":{"n":null,"area":83376,"w":"river"},"geometry":{"type":"Polygon","coordinates":[[[-75.04035,40.4091],[-75.04179,40.40885],[-75.04281,40.4093],[-75.04709,40.41343],[-75.05705,40.41581],[-75.06021,40.41914],[-75.04035,40.4091]]]}},{"type":"Feature","properties":{"n":"Scotts Run Lake","area":83326,"w":"reservoir"},"geometry":{"type":"Polygon","coordinates":[[[-75.80215,40.21277],[-75.79983,40.21245],[-75.79647,40.20935],[-75.79798,40.20879],[-75.80166,40.21141],[-75.80241,40.21263],[-75.80215,40.21277]]]}},{"type":"Feature","properties":{"n":null,"area":82926,"w":"water"},"geometry":{"type":"Polygon","coordinates":[[[-75.25964,39.87962],[-75.25858,39.87933],[-75.25897,39.87854],[-75.26092,39.87752],[-75.26197,39.87813],[-75.26254,39.87714],[-75.26335,39.87847],[-75.26296,39.88024],[-75.26141,39.88045],[-75.26147,39.87949],[-75.25996,39.87966],[-75.25964,39.87962]]]}},{"type":"Feature","properties":{"n":null,"area":81989,"w":"river"},"geometry":{"type":"Polygon","coordinates":[[[-75.52141,40.40935],[-75.52149,40.40683],[-75.52399,40.40225],[-75.52281,40.39715],[-75.5202,40.39533],[-75.51103,40.39231],[-75.51066,40.38931],[-75.51172,40.38711],[-75.51123,40.39223],[-75.52074,40.39546],[-75.52315,40.39736],[-75.52403,40.40298],[-75.52242,40.40561],[-75.52286,40.40788],[-75.52151,40.40935],[-75.52141,40.40935]]]}},{"type":"Feature","properties":{"n":"Greenwich Lake","area":81458,"w":"water"},"geometry":{"type":"Polygon","coordinates":[[[-75.2876,39.8124],[-75.28361,39.80948],[-75.28692,39.80896],[-75.28928,39.81219],[-75.2877,39.81241],[-75.2876,39.8124]]]}},{"type":"Feature","properties":{"n":null,"area":81418,"w":"water"},"geometry":{"type":"Polygon","coordinates":[[[-75.28584,39.83426],[-75.28461,39.83369],[-75.2863,39.83247],[-75.28652,39.83105],[-75.28551,39.8299],[-75.28731,39.83063],[-75.2884,39.82951],[-75.2896,39.82942],[-75.28822,39.8306],[-75.28722,39.83423],[-75.28585,39.83426],[-75.28584,39.83426]]]}},{"type":"Feature","properties":{"n":"Quarry Ridge Lake","area":81327,"w":"lake"},"geometry":{"type":"Polygon","coordinates":[[[-75.53488,40.05638],[-75.53286,40.05663],[-75.53276,40.05511],[-75.53015,40.0549],[-75.53031,40.05364],[-75.53283,40.05313],[-75.53487,40.05632],[-75.53488,40.05638]]]}},{"type":"Feature","properties":{"n":null,"area":80333,"w":"water"},"geometry":{"type":"Polygon","coordinates":[[[-74.79712,40.18967],[-74.80009,40.18938],[-74.79696,40.19256],[-74.79528,40.19164],[-74.79618,40.18975],[-74.79712,40.18967]]]}},{"type":"Feature","properties":{"n":"Crum Creek Reservoir","area":79394,"w":"reservoir"},"geometry":{"type":"Polygon","coordinates":[[[-75.36625,39.92648],[-75.36691,39.9259],[-75.36762,39.92644],[-75.36507,39.92999],[-75.36572,39.93072],[-75.36497,39.93006],[-75.36527,39.92843],[-75.3648,39.93036],[-75.3663,39.93152],[-75.3693,39.93206],[-75.36966,39.93284],[-75.36878,39.93377],[-75.36954,39.93292],[-75.36865,39.93309],[-75.36913,39.93215],[-75.36544,39.93158],[-75.36465,39.9304],[-75.36499,39.93155],[-75.36867,39.93254],[-75.36623,39.93241],[-75.36431,39.93081],[-75.36444,39.929],[-75.36594,39.92675],[-75.36625,39.92648]]]}},{"type":"Feature","properties":{"n":null,"area":78871,"w":"river"},"geometry":{"type":"Polygon","coordinates":[[[-75.5448,40.10132],[-75.54304,40.10086],[-75.54162,40.10166],[-75.53731,40.10214],[-75.53553,40.1014],[-75.53407,40.10178],[-75.53282,40.10321],[-75.53049,40.10421],[-75.52674,40.11121],[-75.52383,40.11012],[-75.52221,40.10806],[-75.51948,40.10813],[-75.51791,40.10914],[-75.51469,40.10888],[-75.51192,40.10957],[-75.51474,40.1087],[-75.51814,40.1089],[-75.52101,40.1076],[-75.5226,40.10807],[-75.52536,40.11083],[-75.52674,40.11115],[-75.53022,40.10414],[-75.5323,40.10328],[-75.53421,40.1015],[-75.53527,40.10113],[-75.537,40.10205],[-75.54163,40.10151],[-75.54282,40.10061],[-75.54428,40.10113],[-75.5448,40.10132]]]}},{"type":"Feature","properties":{"n":null,"area":78798,"w":"water"},"geometry":{"type":"Polygon","coordinates":[[[-75.29794,40.40653],[-75.29893,40.40656],[-75.30013,40.40558],[-75.3,40.40394],[-75.29893,40.40287],[-75.29687,40.4047],[-75.29743,40.40564],[-75.29794,40.40653]]]}},{"type":"Feature","properties":{"n":null,"area":78124,"w":"stream"},"geometry":{"type":"Polygon","coordinates":[[[-75.50394,39.73536],[-75.50492,39.73372],[-75.50959,39.73784],[-75.50894,39.73832],[-75.5044,39.7355],[-75.50394,39.73536]]]}},{"type":"Feature","properties":{"n":null,"area":77573,"w":"water"},"geometry":{"type":"Polygon","coordinates":[[[-74.85308,39.69876],[-74.85351,39.69682],[-74.85582,39.69793],[-74.85568,39.69961],[-74.8576,39.70068],[-74.85673,39.70163],[-74.85344,39.69889],[-74.85308,39.69876]]]}},{"type":"Feature","properties":{"n":"Lake Delmont","area":77565,"w":"reservoir"},"geometry":{"type":"Polygon","coordinates":[[[-75.4374,40.34476],[-75.4384,40.34575],[-75.43692,40.34922],[-75.43381,40.35105],[-75.4374,40.34476]]]}},{"type":"Feature","properties":{"n":null,"area":77508,"w":"water"},"geometry":{"type":"Polygon","coordinates":[[[-75.16498,39.84572],[-75.16594,39.84673],[-75.16804,39.84659],[-75.16948,39.84726],[-75.17117,39.84673],[-75.17116,39.84712],[-75.16924,39.84764],[-75.16782,39.847],[-75.16624,39.84723],[-75.16302,39.8452],[-75.16164,39.84614],[-75.16133,39.84569],[-75.16216,39.846],[-75.1626,39.84506],[-75.16091,39.84499],[-75.15802,39.84334],[-75.1568,39.84164],[-75.15461,39.8416],[-75.15526,39.84116],[-75.1571,39.84134],[-75.15835,39.84313],[-75.16103,39.84455],[-75.16422,39.8453],[-75.16498,39.84572]]]}},{"type":"Feature","properties":{"n":"Almonesson Lake","area":77266,"w":"reservoir"},"geometry":{"type":"Polygon","coordinates":[[[-75.09577,39.81768],[-75.09715,39.81283],[-75.09864,39.81083],[-75.09959,39.81061],[-75.09788,39.81305],[-75.09737,39.81564],[-75.09785,39.81622],[-75.09681,39.81793],[-75.09593,39.81775],[-75.09577,39.81768]]]}},{"type":"Feature","properties":{"n":"Sunshine Park Lake","area":77002,"w":"water"},"geometry":{"type":"Polygon","coordinates":[[[-74.93558,39.83429],[-74.93473,39.83271],[-74.93567,39.8323],[-74.93426,39.83198],[-74.93497,39.83189],[-74.93608,39.8303],[-74.939,39.83191],[-74.93871,39.83289],[-74.93589,39.8323],[-74.93612,39.83416],[-74.9356,39.83429],[-74.93558,39.83429]]]}},{"type":"Feature","properties":{"n":null,"area":76955,"w":"water"},"geometry":{"type":"Polygon","coordinates":[[[-75.4462,39.71601],[-75.44765,39.71682],[-75.44842,39.71823],[-75.44794,39.71876],[-75.44858,39.7191],[-75.44765,39.72014],[-75.44514,39.71852],[-75.44604,39.71743],[-75.44527,39.71684],[-75.4462,39.71601]]]}},{"type":"Feature","properties":{"n":"Grenloch Lake","area":76938,"w":"reservoir"},"geometry":{"type":"Polygon","coordinates":[[[-75.05759,39.78306],[-75.05498,39.78257],[-75.05374,39.78018],[-75.05354,39.78106],[-75.05255,39.78139],[-75.05181,39.78029],[-75.0507,39.78049],[-75.05064,39.77965],[-75.05124,39.78024],[-75.0537,39.78009],[-75.05403,39.77952],[-75.05508,39.77984],[-75.05535,39.78187],[-75.05745,39.78197],[-75.05831,39.78291],[-75.05763,39.78307],[-75.05759,39.78306]]]}},{"type":"Feature","properties":{"n":null,"area":76721,"w":"canal"},"geometry":{"type":"Polygon","coordinates":[[[-74.91409,40.32135],[-74.92562,40.33092],[-74.91148,40.31992],[-74.90471,40.31722],[-74.89841,40.31694],[-74.89217,40.31498],[-74.87616,40.30582],[-74.89193,40.31474],[-74.89873,40.31688],[-74.90519,40.31723],[-74.91347,40.32088],[-74.91409,40.32135]]]}},{"type":"Feature","properties":{"n":null,"area":76665,"w":"water"},"geometry":{"type":"Polygon","coordinates":[[[-75.78588,40.23503],[-75.78875,40.23623],[-75.78718,40.23812],[-75.78646,40.23743],[-75.78542,40.23743],[-75.78525,40.23601],[-75.78453,40.23593],[-75.78559,40.23505],[-75.78588,40.23503]]]}},{"type":"Feature","properties":{"n":"Taunton Lake","area":76377,"w":"reservoir"},"geometry":{"type":"Polygon","coordinates":[[[-74.85131,39.84764],[-74.85201,39.8476],[-74.85203,39.84588],[-74.85341,39.85066],[-74.85546,39.84884],[-74.85559,39.84757],[-74.8567,39.84701],[-74.85609,39.84893],[-74.85401,39.85049],[-74.85453,39.85148],[-74.85527,39.8512],[-74.85508,39.85239],[-74.85374,39.85261],[-74.85131,39.84764]]]}},{"type":"Feature","properties":{"n":null,"area":75309,"w":"stream"},"geometry":{"type":"Polygon","coordinates":[[[-75.14448,40.22333],[-75.14582,40.22356],[-75.14699,40.22298],[-75.15537,40.21733],[-75.15915,40.21715],[-75.16256,40.21412],[-75.1739,40.20934],[-75.17313,40.20837],[-75.17407,40.20726],[-75.17782,40.20589],[-75.18142,40.2054],[-75.18168,40.20404],[-75.18279,40.20366],[-75.18349,40.2021],[-75.18628,40.2018],[-75.18351,40.20195],[-75.18278,40.20351],[-75.18156,40.20407],[-75.18129,40.20536],[-75.17757,40.20584],[-75.17399,40.20718],[-75.17302,40.2083],[-75.17378,40.20931],[-75.16739,40.21154],[-75.16248,40.21403],[-75.15902,40.21713],[-75.15539,40.2172],[-75.15042,40.22007],[-75.14939,40.22137],[-75.14903,40.22089],[-75.14811,40.22171],[-75.14748,40.22151],[-75.14592,40.2234],[-75.14445,40.22314],[-75.14448,40.22333]]]}},{"type":"Feature","properties":{"n":"Lake Narraticon","area":74795,"w":"reservoir"},"geometry":{"type":"Polygon","coordinates":[[[-75.30574,39.74261],[-75.30412,39.74066],[-75.30519,39.74003],[-75.30637,39.74217],[-75.30864,39.74375],[-75.30854,39.74672],[-75.30758,39.74651],[-75.30749,39.74394],[-75.30603,39.74326],[-75.30574,39.74261]]]}},{"type":"Feature","properties":{"n":null,"area":74739,"w":"water"},"geometry":{"type":"Polygon","coordinates":[[[-74.71506,40.23583],[-74.71573,40.23617],[-74.71607,40.23939],[-74.71578,40.24243],[-74.71466,40.24292],[-74.71406,40.24227],[-74.71511,40.23988],[-74.71448,40.23656],[-74.71495,40.23585],[-74.71506,40.23583]]]}},{"type":"Feature","properties":{"n":null,"area":74165,"w":"stream"},"geometry":{"type":"Polygon","coordinates":[[[-75.43381,40.35105],[-75.43193,40.35152],[-75.42958,40.35452],[-75.42683,40.35558],[-75.42698,40.35948],[-75.42612,40.36148],[-75.42403,40.36319],[-75.42232,40.36375],[-75.4228,40.36782],[-75.42256,40.36644],[-75.42159,40.36564],[-75.42187,40.36393],[-75.42401,40.36275],[-75.4233,40.36243],[-75.42399,40.36183],[-75.42573,40.3612],[-75.42669,40.35917],[-75.42666,40.35562],[-75.42935,40.35434],[-75.43125,40.35191],[-75.43312,40.35108],[-75.43381,40.35105]]]}},{"type":"Feature","properties":{"n":null,"area":74010,"w":"water"},"geometry":{"type":"Polygon","coordinates":[[[-75.28162,39.8809],[-75.28126,39.87992],[-75.27869,39.87997],[-75.27611,39.87893],[-75.27569,39.87802],[-75.27983,39.87736],[-75.27873,39.87981],[-75.28199,39.87994],[-75.28221,39.8794],[-75.28162,39.8809]]]}},{"type":"Feature","properties":{"n":null,"area":73241,"w":"water"},"geometry":{"type":"Polygon","coordinates":[[[-75.39674,39.72064],[-75.39445,39.71928],[-75.39488,39.71885],[-75.39912,39.7204],[-75.39879,39.72122],[-75.40064,39.72192],[-75.40031,39.72302],[-75.39801,39.72227],[-75.39696,39.72075],[-75.39674,39.72064]]]}},{"type":"Feature","properties":{"n":null,"area":72816,"w":"water"},"geometry":{"type":"Polygon","coordinates":[[[-74.88004,39.78262],[-74.87903,39.78215],[-74.8791,39.78138],[-74.88806,39.78154],[-74.88604,39.78238],[-74.8819,39.78217],[-74.88179,39.7827],[-74.88006,39.78275],[-74.88004,39.78262]]]}},{"type":"Feature","properties":{"n":null,"area":72743,"w":"water"},"geometry":{"type":"Polygon","coordinates":[[[-74.915,40.02819],[-74.91667,40.02616],[-74.91872,40.02718],[-74.91706,40.02943],[-74.91501,40.02829],[-74.915,40.02819]]]}},{"type":"Feature","properties":{"n":"Lower Aetna Lake","area":72736,"w":"reservoir"},"geometry":{"type":"Polygon","coordinates":[[[-74.80247,39.86324],[-74.80172,39.86276],[-74.80274,39.86277],[-74.80221,39.86125],[-74.80028,39.85936],[-74.79901,39.85895],[-74.79896,39.85697],[-74.80028,39.85664],[-74.79969,39.85734],[-74.80011,39.85843],[-74.80231,39.85988],[-74.80345,39.86187],[-74.80356,39.86316],[-74.80318,39.86355],[-74.8025,39.86324],[-74.80247,39.86324]]]}},{"type":"Feature","properties":{"n":"Lake Luxembourg","area":72667,"w":"lake"},"geometry":{"type":"Polygon","coordinates":[[[-74.90747,40.21306],[-74.90727,40.2116],[-74.90583,40.21163],[-74.90316,40.21325],[-74.90104,40.21364],[-74.90212,40.21356],[-74.90131,40.2139],[-74.90204,40.21411],[-74.90227,40.21632],[-74.90295,40.21436],[-74.90549,40.21316],[-74.90749,40.21311],[-74.90747,40.21306]]]}},{"type":"Feature","properties":{"n":null,"area":72636,"w":"river"},"geometry":{"type":"Polygon","coordinates":[[[-75.20472,40.28209],[-75.20478,40.28399],[-75.20568,40.28511],[-75.20391,40.28889],[-75.20579,40.29017],[-75.20503,40.29288],[-75.20858,40.29674],[-75.20869,40.29757],[-75.20751,40.29869],[-75.20852,40.30039],[-75.20774,40.30068],[-75.20784,40.30149],[-75.20899,40.30314],[-75.21132,40.30445],[-75.2112,40.30584],[-75.21244,40.3083],[-75.21176,40.30999],[-75.2067,40.31286],[-75.20418,40.31639],[-75.20528,40.3157],[-75.20559,40.31637],[-75.20667,40.31311],[-75.21183,40.31009],[-75.21259,40.30837],[-75.21165,40.30688],[-75.21143,40.30445],[-75.20908,40.30304],[-75.20799,40.3014],[-75.20864,40.30044],[-75.20763,40.29858],[-75.20885,40.29753],[-75.20876,40.29645],[-75.20772,40.29619],[-75.20742,40.29454],[-75.20526,40.29304],[-75.20597,40.29019],[-75.20424,40.28872],[-75.20588,40.28532],[-75.20477,40.28215],[-75.20472,40.28209]]]}},{"type":"Feature","properties":{"n":null,"area":71858,"w":"water"},"geometry":{"type":"Polygon","coordinates":[[[-75.26849,39.83548],[-75.26633,39.83601],[-75.26475,39.83263],[-75.26645,39.83254],[-75.26841,39.83537],[-75.26849,39.83548]]]}},{"type":"Feature","properties":{"n":null,"area":71836,"w":"water"},"geometry":{"type":"Polygon","coordinates":[[[-75.08377,39.83626],[-75.08287,39.83717],[-75.08573,39.83922],[-75.08733,39.83796],[-75.08605,39.83944],[-75.08373,39.84043],[-75.08483,39.83862],[-75.08264,39.83723],[-75.0834,39.8362],[-75.08096,39.83539],[-75.07962,39.8357],[-75.07849,39.83423],[-75.07642,39.83497],[-75.07434,39.83393],[-75.072,39.83397],[-75.07057,39.83334],[-75.0722,39.8338],[-75.07458,39.83339],[-75.07522,39.83444],[-75.07647,39.83476],[-75.07807,39.83421],[-75.07766,39.83373],[-75.07895,39.83422],[-75.0797,39.8355],[-75.08102,39.83521],[-75.08368,39.83619],[-75.08377,39.83626]]]}},{"type":"Feature","properties":{"n":"Evans Pond","area":70598,"w":"reservoir"},"geometry":{"type":"Polygon","coordinates":[[[-75.02103,39.90082],[-75.02042,39.9001],[-75.02156,39.9001],[-75.02283,39.89915],[-75.02119,39.89598],[-75.02346,39.89546],[-75.02172,39.89665],[-75.02253,39.8984],[-75.02231,39.89665],[-75.02389,39.89884],[-75.02384,39.9005],[-75.02248,39.90103],[-75.02104,39.90081],[-75.02103,39.90082]]]}},{"type":"Feature","properties":{"n":"Olympia Lakes","area":70006,"w":"water"},"geometry":{"type":"Polygon","coordinates":[[[-74.92382,40.03132],[-74.9252,40.03167],[-74.92539,40.03235],[-74.92641,40.03219],[-74.92159,40.03483],[-74.92118,40.03397],[-74.92215,40.03273],[-74.92354,40.03169],[-74.92466,40.03183],[-74.92381,40.03133],[-74.92382,40.03132]]]}},{"type":"Feature","properties":{"n":"Colonial Lake","area":69998,"w":"water"},"geometry":{"type":"Polygon","coordinates":[[[-74.72272,40.25682],[-74.72156,40.25551],[-74.72264,40.25487],[-74.72409,40.25546],[-74.72664,40.2551],[-74.72821,40.25663],[-74.72674,40.25581],[-74.7232,40.25698],[-74.72272,40.25682]]]}},{"type":"Feature","properties":{"n":null,"area":69952,"w":"stream"},"geometry":{"type":"Polygon","coordinates":[[[-75.21656,39.89692],[-75.21601,39.89631],[-75.22259,39.8934],[-75.2259,39.89385],[-75.22375,39.8938],[-75.21734,39.89664],[-75.21656,39.89692]]]}},{"type":"Feature","properties":{"n":"Curlis Lake","area":69688,"w":"reservoir"},"geometry":{"type":"Polygon","coordinates":[[[-74.7709,40.32721],[-74.77834,40.3201],[-74.77502,40.32465],[-74.77168,40.32758],[-74.77095,40.32734],[-74.7709,40.32721]]]}},{"type":"Feature","properties":{"n":null,"area":69165,"w":"stream"},"geometry":{"type":"Polygon","coordinates":[[[-74.978,40.05283],[-74.98308,40.05424],[-74.98513,40.05704],[-74.98032,40.06017],[-74.98095,40.06155],[-74.98094,40.06593],[-74.97722,40.0681],[-74.97494,40.07072],[-74.97251,40.0721],[-74.97226,40.07304],[-74.97101,40.07376],[-74.97149,40.07447],[-74.97071,40.0762],[-74.96698,40.07634],[-74.96601,40.0772],[-74.96317,40.07718],[-74.96206,40.07942],[-74.96004,40.08111],[-74.95993,40.08216],[-74.95896,40.08239],[-74.95899,40.08331],[-74.9591,40.08238],[-74.96,40.08215],[-74.96015,40.08111],[-74.96216,40.07948],[-74.96336,40.07718],[-74.9661,40.07732],[-74.96697,40.07644],[-74.97079,40.07628],[-74.97164,40.07443],[-74.97107,40.07385],[-74.97227,40.07322],[-74.97257,40.07217],[-74.97686,40.06919],[-74.97733,40.06812],[-74.98103,40.066],[-74.98052,40.06015],[-74.98527,40.05709],[-74.98283,40.05387],[-74.98004,40.05353],[-74.97893,40.05236],[-74.97826,40.0525],[-74.978,40.05283]]]}},{"type":"Feature","properties":{"n":"Newton Lake","area":68305,"w":"reservoir"},"geometry":{"type":"Polygon","coordinates":[[[-75.0818,39.90783],[-75.08272,39.90857],[-75.0846,39.90806],[-75.09138,39.90461],[-75.0818,39.90783]]]}},{"type":"Feature","properties":{"n":null,"area":67823,"w":"river"},"geometry":{"type":"Polygon","coordinates":[[[-75.63504,39.72554],[-75.63696,39.72676],[-75.63676,39.7294],[-75.63433,39.73285],[-75.634,39.73493],[-75.63438,39.73295],[-75.63667,39.73014],[-75.63724,39.72673],[-75.63322,39.72343],[-75.6328,39.72145],[-75.63484,39.71867],[-75.63981,39.71752],[-75.64026,39.71451],[-75.64448,39.71073],[-75.64351,39.70802],[-75.64568,39.70845],[-75.64632,39.70772],[-75.64572,39.7083],[-75.64332,39.70805],[-75.64429,39.7108],[-75.63998,39.71469],[-75.63971,39.7175],[-75.63467,39.71857],[-75.6327,39.72127],[-75.63302,39.72351],[-75.63492,39.72549],[-75.63504,39.72554]]]}},{"type":"Feature","properties":{"n":"Clementon Lake","area":67640,"w":"reservoir"},"geometry":{"type":"Polygon","coordinates":[[[-74.98408,39.80051],[-74.98464,39.80014],[-74.98589,39.8008],[-74.98792,39.80348],[-74.98847,39.80322],[-74.98838,39.80413],[-74.98742,39.80453],[-74.98666,39.80346],[-74.98489,39.80301],[-74.98511,39.80195],[-74.9832,39.80172],[-74.9844,39.80144],[-74.98408,39.80052],[-74.98408,39.80051]]]}},{"type":"Feature","properties":{"n":null,"area":67518,"w":"pond"},"geometry":{"type":"Polygon","coordinates":[[[-75.11044,40.51551],[-75.1115,40.51602],[-75.11276,40.51524],[-75.11198,40.51362],[-75.1102,40.51374],[-75.10839,40.51479],[-75.11028,40.51549],[-75.11044,40.51551]]]}},{"type":"Feature","properties":{"n":"Audubon Lake","area":67059,"w":"water"},"geometry":{"type":"Polygon","coordinates":[[[-75.08524,39.8868],[-75.08903,39.88879],[-75.09355,39.88769],[-75.09572,39.88926],[-75.088,39.88894],[-75.08515,39.88735],[-75.08528,39.88684],[-75.08524,39.8868]]]}},{"type":"Feature","properties":{"n":"Beaverdam Lake","area":66937,"w":"reservoir"},"geometry":{"type":"Polygon","coordinates":[[[-74.83808,39.73831],[-74.8388,39.73881],[-74.84002,39.73817],[-74.84114,39.73849],[-74.83459,39.74078],[-74.83438,39.73934],[-74.83777,39.73831],[-74.83808,39.73831]]]}},{"type":"Feature","properties":{"n":null,"area":66743,"w":"water"},"geometry":{"type":"Polygon","coordinates":[[[-75.27085,39.87527],[-75.26778,39.875],[-75.274,39.87275],[-75.27331,39.8745],[-75.27169,39.87509],[-75.27085,39.87527]]]}},{"type":"Feature","properties":{"n":null,"area":66260,"w":"water"},"geometry":{"type":"Polygon","coordinates":[[[-75.66913,40.01359],[-75.66748,40.01277],[-75.66465,40.01358],[-75.66552,40.01477],[-75.66858,40.01485],[-75.669,40.01382],[-75.66913,40.01359]]]}},{"type":"Feature","properties":{"n":"Blackwood Lake","area":65745,"w":"reservoir"},"geometry":{"type":"Polygon","coordinates":[[[-75.0735,39.8019],[-75.07531,39.79844],[-75.07471,39.79759],[-75.07436,39.79793],[-75.07373,39.79749],[-75.07388,39.79547],[-75.07188,39.79499],[-75.0704,39.79528],[-75.06999,39.79435],[-75.07402,39.79509],[-75.07443,39.79726],[-75.07619,39.79883],[-75.07488,39.80144],[-75.07361,39.80197],[-75.0735,39.8019]]]}},{"type":"Feature","properties":{"n":"Cooper Lake","area":64920,"w":"water"},"geometry":{"type":"Polygon","coordinates":[[[-75.33237,39.80256],[-75.33014,39.80245],[-75.32916,39.80131],[-75.33279,39.80059],[-75.33407,39.80124],[-75.33357,39.80157],[-75.33421,39.80217],[-75.33256,39.80257],[-75.33237,39.80256]]]}},{"type":"Feature","properties":{"n":null,"area":64819,"w":"water"},"geometry":{"type":"Polygon","coordinates":[[[-75.21444,39.83978],[-75.20858,39.83377],[-75.20801,39.83024],[-75.2058,39.82877],[-75.20683,39.82572],[-75.20749,39.82671],[-75.20585,39.82803],[-75.2084,39.83027],[-75.20947,39.83281],[-75.20853,39.83229],[-75.20889,39.8337],[-75.21183,39.8363],[-75.21255,39.83621],[-75.21303,39.83696],[-75.21197,39.8365],[-75.21266,39.83787],[-75.21377,39.8384],[-75.21495,39.83762],[-75.21379,39.83853],[-75.21489,39.83937],[-75.21456,39.83975],[-75.21444,39.83978]]]}},{"type":"Feature","properties":{"n":null,"area":64157,"w":"canal"},"geometry":{"type":"Polygon","coordinates":[[[-75.5,40.13093],[-75.4958,40.12862],[-75.49244,40.12777],[-75.48255,40.12854],[-75.48991,40.12768],[-75.49482,40.12817],[-75.5063,40.13464],[-75.50869,40.13705],[-75.50991,40.14028],[-75.50804,40.1451],[-75.50967,40.14059],[-75.50841,40.13696],[-75.50632,40.13491],[-75.5001,40.131],[-75.5,40.13093]]]}},{"type":"Feature","properties":{"n":"Bell Lake","area":63800,"w":"water"},"geometry":{"type":"Polygon","coordinates":[[[-75.17168,39.83552],[-75.1709,39.83512],[-75.17049,39.83356],[-75.16865,39.83289],[-75.1694,39.83153],[-75.16889,39.82885],[-75.17012,39.83008],[-75.17097,39.83359],[-75.17198,39.8343],[-75.17173,39.83554],[-75.17168,39.83552]]]}},{"type":"Feature","properties":{"n":null,"area":63228,"w":"stream"},"geometry":{"type":"Polygon","coordinates":[[[-75.35728,39.88877],[-75.3579,39.88708],[-75.35518,39.886],[-75.35499,39.88387],[-75.35262,39.88387],[-75.35728,39.88877]]]}},{"type":"Feature","properties":{"n":null,"area":62792,"w":"stream"},"geometry":{"type":"Polygon","coordinates":[[[-75.13181,40.08075],[-75.1298,40.07826],[-75.12602,40.0778],[-75.12596,40.07639],[-75.12462,40.07504],[-75.12538,40.0741],[-75.12515,40.07211],[-75.12219,40.07151],[-75.12136,40.07022],[-75.12119,40.06783],[-75.11929,40.06728],[-75.11772,40.06758],[-75.11625,40.06926],[-75.11368,40.06659],[-75.10964,40.06704],[-75.10784,40.06486],[-75.1053,40.0654],[-75.10359,40.06507],[-75.1017,40.06604],[-75.10058,40.06593],[-75.09937,40.06521],[-75.09703,40.06034],[-75.09489,40.05884],[-75.09716,40.06032],[-75.09945,40.06508],[-75.10082,40.06587],[-75.10351,40.06495],[-75.10791,40.06481],[-75.10976,40.06686],[-75.11373,40.06642],[-75.11611,40.06918],[-75.1178,40.06746],[-75.11932,40.06717],[-75.12126,40.06777],[-75.12222,40.07146],[-75.12528,40.07211],[-75.12548,40.07418],[-75.12474,40.07504],[-75.12604,40.07635],[-75.12614,40.07761],[-75.13016,40.07836],[-75.13171,40.08068],[-75.13181,40.08075]]]}},{"type":"Feature","properties":{"n":"Kenilworth Lake","area":62686,"w":"reservoir"},"geometry":{"type":"Polygon","coordinates":[[[-74.91371,39.84599],[-74.914,39.84469],[-74.91305,39.84409],[-74.91304,39.84298],[-74.91373,39.8424],[-74.91357,39.84352],[-74.91428,39.844],[-74.91511,39.84228],[-74.91649,39.84137],[-74.91674,39.84192],[-74.91541,39.84326],[-74.91561,39.84499],[-74.91466,39.84619],[-74.91373,39.84601],[-74.91371,39.84599]]]}},{"type":"Feature","properties":{"n":null,"area":62638,"w":"water"},"geometry":{"type":"Polygon","coordinates":[[[-74.86143,39.81818],[-74.85979,39.81723],[-74.85998,39.81549],[-74.86067,39.81606],[-74.86069,39.81555],[-74.86186,39.81558],[-74.86227,39.81665],[-74.86128,39.81713],[-74.86301,39.81702],[-74.86511,39.81616],[-74.86564,39.81352],[-74.86563,39.81666],[-74.86376,39.81664],[-74.86149,39.81823],[-74.86143,39.81818]]]}},{"type":"Feature","properties":{"n":"Maple Run Reservoir","area":62058,"w":"reservoir"},"geometry":{"type":"Polygon","coordinates":[[[-75.40566,40.37171],[-75.40565,40.37019],[-75.40473,40.36978],[-75.40526,40.3686],[-75.40671,40.36805],[-75.40792,40.36871],[-75.40568,40.37171],[-75.40566,40.37171]]]}},{"type":"Feature","properties":{"n":"Indian Mills Sawmill Pond","area":61818,"w":"reservoir"},"geometry":{"type":"Polygon","coordinates":[[[-74.74752,39.79628],[-74.74615,39.79395],[-74.74776,39.79307],[-74.74856,39.79491],[-74.75097,39.79604],[-74.74939,39.79612],[-74.74927,39.7966],[-74.74817,39.79577],[-74.74776,39.79628],[-74.74752,39.79628]]]}},{"type":"Feature","properties":{"n":null,"area":61137,"w":"water"},"geometry":{"type":"Polygon","coordinates":[[[-74.7153,39.92373],[-74.71537,39.92311],[-74.71415,39.92246],[-74.71221,39.92253],[-74.71283,39.9216],[-74.71458,39.92137],[-74.71424,39.92063],[-74.71519,39.92128],[-74.71452,39.92153],[-74.71455,39.92262],[-74.71593,39.92316],[-74.71621,39.92178],[-74.71608,39.92295],[-74.72267,39.92512],[-74.72266,39.926],[-74.72426,39.92607],[-74.72444,39.92732],[-74.7255,39.92665],[-74.72935,39.92819],[-74.72554,39.92686],[-74.72433,39.92766],[-74.72394,39.92603],[-74.72267,39.92611],[-74.72207,39.92554],[-74.72251,39.92514],[-74.71793,39.92405],[-74.7175,39.92322],[-74.71604,39.92366],[-74.7153,39.92373]]]}},{"type":"Feature","properties":{"n":null,"area":61104,"w":"water"},"geometry":{"type":"Polygon","coordinates":[[[-74.86022,39.70192],[-74.8618,39.70289],[-74.86157,39.70386],[-74.86382,39.70474],[-74.86342,39.70517],[-74.86061,39.70443],[-74.8587,39.70321],[-74.86002,39.70191],[-74.86022,39.70192]]]}},{"type":"Feature","properties":{"n":null,"area":61067,"w":"pond"},"geometry":{"type":"Polygon","coordinates":[[[-75.34299,40.45554],[-75.34271,40.45479],[-75.33884,40.45511],[-75.33837,40.45617],[-75.33879,40.45667],[-75.34036,40.45658],[-75.3425,40.45616],[-75.34295,40.45557],[-75.34299,40.45554]]]}},{"type":"Feature","properties":{"n":"Edgewood Lake","area":60952,"w":"lake"},"geometry":{"type":"Polygon","coordinates":[[[-75.1805,39.90383],[-75.18268,39.90389],[-75.18345,39.9015],[-75.18029,39.90205],[-75.17874,39.90299],[-75.18045,39.90373],[-75.1805,39.90383]]]}},{"type":"Feature","properties":{"n":null,"area":60917,"w":"water"},"geometry":{"type":"Polygon","coordinates":[[[-74.90138,40.4124],[-74.90783,40.40875],[-74.90868,40.40878],[-74.90725,40.41027],[-74.90702,40.41204],[-74.90603,40.41072],[-74.90511,40.41119],[-74.90519,40.41276],[-74.904,40.41189],[-74.90318,40.41213],[-74.90138,40.4124]]]}},{"type":"Feature","properties":{"n":null,"area":60245,"w":"canal"},"geometry":{"type":"Polygon","coordinates":[[[-75.03493,40.41036],[-75.04305,40.41475],[-75.04522,40.41542],[-75.04623,40.41513],[-75.03493,40.41036]]]}},{"type":"Feature","properties":{"n":"Sylvan Lake","area":60135,"w":"water"},"geometry":{"type":"Polygon","coordinates":[[[-74.85695,40.05664],[-74.85763,40.05574],[-74.85886,40.05644],[-74.85888,40.05556],[-74.86175,40.05403],[-74.86267,40.05182],[-74.85924,40.05472],[-74.85819,40.05475],[-74.85742,40.05366],[-74.85529,40.05388],[-74.8572,40.05446],[-74.85683,40.05635],[-74.85695,40.05664]]]}}],"note":"waterway=river/canal plus named streams; open-water polygons >2.5 ha"}
